,a influenza,bronchitis,contagious flu,flu a,flu cold,flu contagious,flu how long,flu symptoms,how long flu,influenza a,influenza a symptoms,influenza b,influenza symptoms,pneumonia,rsv,sinus,stomach flu,symptoms of flu,the flu,the flu symptoms
2010-08 to 2013-08,1.0,1.0,1.0,1.0,1.0,1.0,1.0,1.0,1.0,1.0,1.0,0.7505371299765888,1.0,1.0,0.4399158859171803,1.0,1.0,1.0,1.0,0.9999426431213176
2011-08 to 2014-08,0.2200035343338805,0.5680417314694332,1.0,1.0,1.0,1.0,0.18896121030836838,1.0,0.18896121030120785,1.0,1.0,0.6226971358656928,1.0,1.0,1.0,1.0,1.0,1.0,1.0,0.1416030048303203
2012-08 to 2015-08,1.0,0.6249842199410744,1.0,0.9667680214264462,1.0,1.0,1.0,0.922107203394552,1.0,1.0,0.27752982600649656,1.0,1.0,0.12618156542555808,1.0,1.0,1.0,0.23848138286087928,1.0,0.274587858624379
2013-08 to 2016-08,1.0,1.0,1.0,0.0009568144594372462,1.0,1.0,1.0,1.0,1.0,1.0,1.0,1.0,1.0,0.8354187305559225,1.0,1.0,1.0,0.297499212662227,1.0,0.1971501499373699
2014-08 to 2017-08,0.12844588089039385,0.0794634452645685,1.0,1.0,0.03292279870409164,1.0,1.0,1.0,1.0,1.0,0.16650821805666866,1.0,0.8247786193632677,0.774845633706286,0.08723014624571415,0.38123534261586034,0.06837662241410576,1.0,1.0,0.6361302855701338
2015-08 to 2018-08,0.5703623937342607,1.0,1.0,1.0,1.0,1.0,1.0,1.0,1.0,0.921599723617263,0.5366028846634361,1.0,1.0,1.0,1.0,1.0,1.0,0.13673088821705373,1.0,0.4907920107919108
2016-08 to 2019-08,1.0,1.0,0.6983452547825268,1.0,1.0,0.6983452547996428,0.5198306735168696,0.9782226037593611,0.5198306738604659,0.14650489715665882,0.01170841445035626,1.0,1.0,1.0,1.0,1.0,1.0,1.0,1.0,1.0
2017-08 to 2020-08,1.0,1.0,0.08070884596938249,1.0,1.0,0.08070884599200459,0.8349934178190404,0.48059604036056836,0.8349934176880812,0.47800910976963584,0.6576174371436825,1.0,1.0,1.0,1.0,0.41415333784310526,1.0,0.11357211740938221,1.0,1.0
Proportion_Significant,0.01875,,,,,,,,,,,,,,,,,,,
