,a influenza,bronchitis,contagious flu,fever flu,flu a symptoms,flu cold,flu contagious,flu how long,flu symptoms,how long contagious,how long does flu last,how long flu,influenza a,is flu contagious,pneumonia,rsv,symptoms of flu,symptoms of the flu,the flu,the flu symptoms
2010-08 to 2013-08,0.06806982855871524,0.2244999845699988,0.19935506875681064,0.04848084795795171,0.12580223792704814,0.05193865265098719,0.07712661407582772,0.029417921057461837,0.025493605826689816,0.053681561771103545,0.09470609657606256,0.0022239126402458648,0.06806982855917086,0.09971213086397901,0.15136444379943895,0.0641967530457559,0.04152770693464252,0.018111431216855687,0.21378437152402271,0.05536680661843924
2011-08 to 2014-08,0.10757467396643755,0.040406396037591066,0.010615415153996192,0.008169284562394647,0.006051469602498847,0.057724356834759155,0.406738845911505,0.0018447101854593923,0.01081438334455648,0.052460344978455094,0.12534209950522324,0.00867489062580051,0.10757467392292391,0.00039834363110064636,0.06818785944604286,0.047909366809790195,0.04060913184796732,9.599319782391204e-06,0.08326879490366239,0.01525588653251869
2012-08 to 2015-08,0.000690691201619998,0.02712451083258513,0.05854087277801049,0.1727807958361139,0.16420289984056904,0.25385984976556025,0.01472846414520307,0.054160805719493825,0.1515665710143012,0.10956861208870088,0.05558359770770797,0.011449644082396473,0.0006906912014641831,0.019099030627222843,0.06252538886489252,0.036167744357430205,0.013786882923463778,0.0008166779620638149,0.14272141090608098,0.11000118073232212
2013-08 to 2016-08,0.00010209447928246822,0.030050154163713545,0.05305487838402403,0.34699849854541964,0.26950783602257844,0.14665179215331536,0.15975960846106346,0.12141856945557099,0.013203961973848788,0.16785312352479648,0.057942798874445936,0.014814808142058234,0.00010209447927836438,0.034663270114903534,0.05746979246644811,0.19192963871013854,0.08482606691220444,0.0019007752941193213,0.057405043895806585,0.27599076279083085
2014-08 to 2017-08,0.08661045483343142,0.12715447800621102,0.0018992608722526833,0.013686522278195602,0.18523029828364512,0.11616004867371023,0.1348947279963087,0.08576770381184062,0.04368980872999311,0.10202966320239718,0.05821019398436376,0.13105175289859305,0.08661045483556684,0.23028597577385992,0.09705222479984851,0.26410921520728986,0.20238923169793896,0.003313251092401533,0.3268597767207705,0.20273470310361044
2015-08 to 2018-08,0.004487069030002696,0.008763615375660314,0.002249365350529602,0.1238779860080591,0.7710365017582497,0.03426178670693623,0.23531889094134617,0.13080443530479247,0.008627516218921875,0.17751138947505027,0.03750218794641551,0.055284318831209135,0.004487069029744963,0.5005961055800687,0.11397704433480847,0.09898067741335528,0.19933363142265642,0.011299369752184868,0.10836724472334196,0.021567630753322325
2016-08 to 2019-08,0.19856563284486906,0.1500494598060461,0.01999788600922786,0.5186235761779372,0.032403133905815826,0.17880414042746304,0.33384014625655634,0.3192011065332701,0.13411395411025256,0.31622721570269696,0.05411324718745517,0.0525461289777628,0.19856563356768256,0.14530693510447332,0.1816799630636595,0.3002469072759436,0.265014337438558,0.0064189617128999335,0.05352180488891356,0.2278251319784993
2017-08 to 2020-08,0.009026779112661852,0.05286461095074508,0.40378021075225146,0.16156512376645452,0.15974950789448553,0.018876658645463947,0.013378302223798379,0.0892065573457631,0.18244549825821899,0.2509234599227193,0.005963758593923181,0.29333375784976384,0.009026779112307554,0.20522811411061392,0.008869649715723923,0.19178048811309392,0.11913794910682357,0.11950604662451468,0.04227577357072779,0.12707491135340632
Proportion_Significant,0.950 (19/20),,,,,,,,,,,,,,,,,,,
