,bronchitis,contagious flu,fever flu,flu a,flu cold,flu contagious,flu how long,flu incubation,flu symptoms,how long does flu last,how long flu,is flu contagious,pneumonia,rsv,sinus,stomach flu,symptoms of flu,symptoms of the flu,the flu,the flu symptoms
2010-08 to 2013-08,0.09630822160318721,0.013258818426312253,0.34875573645276486,1.0,1.0,0.013258818427720656,1.0,1.0,1.0,0.3100939949735205,1.0,0.3423771707811828,0.5082924719040169,1.0,1.0,1.0,1.0,0.015412425523741264,0.15585353479738676,0.13597707709016016
2011-08 to 2014-08,1.0,1.0,0.8957075420650453,1.0,0.05589179326753099,1.0,0.7449900804993409,0.6630327170531563,1.0,0.028402734182620976,0.7449900811744504,1.0,0.2076140791752555,1.0,1.0,1.0,1.0,0.14357668540619614,0.475084238944278,0.1779648531944458
2012-08 to 2015-08,1.0,0.8789847087644198,1.0,1.0,1.0,0.8789847087892156,1.0,1.0,1.0,0.6048170941382492,1.0,1.0,1.0,1.0,1.0,1.0,1.0,1.0,1.0,1.0
2013-08 to 2016-08,1.0,0.05406336120070339,1.0,0.7127733992880996,1.0,0.05377129569480387,0.04362374420109075,0.008433516686239106,0.13895977102285287,0.00035399350931654113,0.04362374421339379,0.004250285094902589,0.22156332853897914,0.40328664862810604,0.0361730110176422,0.49536071912742036,1.0,0.8677735644852562,0.5951150227589599,1.0
2014-08 to 2017-08,1.0,1.0,1.0,1.0,1.0,1.0,1.0,1.0,1.0,1.0,1.0,0.061089684241415206,1.0,0.8158239127926837,1.0,0.630172071496538,1.0,1.0,1.0,1.0
2015-08 to 2018-08,0.8052346133354773,0.4625409010115867,1.0,0.19516527335078585,1.0,0.45705832467988816,1.0,0.7707247919974592,0.4511381752696167,1.0,1.0,0.6363892451365015,1.0,0.5989960435860914,1.0,1.0,1.0,1.0,0.792068404075026,0.3994889824685946
2016-08 to 2019-08,1.0,0.4072548404084878,1.0,1.0,1.0,0.4072548401328848,0.6639780733381538,1.0,1.0,0.02373128189407829,0.6639780791124533,1.0,0.06485900758777635,1.0,1.0,1.0,1.0,1.0,0.4283855698873957,1.0
2017-08 to 2020-08,0.34429382698181016,0.8657306289092704,0.31825871161268166,1.0,1.0,0.8657306294624602,1.0,0.1119331170479575,1.0,1.0,1.0,0.2640816085342333,0.27932090540781407,0.044092060016992465,1.0,0.6410303982978864,0.20775447771100994,1.0,0.3125719912877805,1.0
Proportion_Significant,0.075,,,,,,,,,,,,,,,,,,,
