,a influenza,bronchitis,contagious flu,fever flu,flu a symptoms,flu contagious,flu cough,flu fever,flu how long,flu medicine,flu symptoms,how long does flu last,how long does the flu last,how long flu,influenza a,stomach flu,symptoms of flu,symptoms of the flu,the flu,the flu symptoms
2010-08 to 2013-08,0.21609535967140103,0.12056906322045564,0.13303515212245562,0.12056906322045564,0.42658536802474367,0.2763430399975504,0.41620231232027216,0.12056906322045564,0.24791945904289017,0.2763430399975504,0.12535216699085172,0.19123419536397032,0.12056906322045564,0.021703093370259503,0.21609535967140103,0.5015089003435819,0.12535216699085172,0.12535216699085172,0.2763430399975504,0.4542946167509322
2011-08 to 2014-08,0.11833547820090229,0.49076205156663466,0.07898828837276571,0.21947039174984437,0.10707817537244506,0.11833547820090229,0.34217781050360846,0.21947039174984437,0.2607114425156361,0.11833547820090229,0.07898828837276571,0.21947039174984437,0.15203489464403083,0.10707817537244506,0.11833547820090229,0.07898828837276571,0.1335990955115046,0.10707817537244506,0.07898828837276571,0.49076205156663466
2012-08 to 2015-08,0.249261615116753,0.43996725628874767,0.21127982594182146,0.21127982594182146,0.3370033479891452,0.21127982594182146,0.43996725628874767,0.21127982594182146,0.3168258697865542,0.249261615116753,0.21127982594182146,0.21127982594182146,0.3168258697865542,0.21127982594182146,0.249261615116753,0.21127982594182146,0.249261615116753,0.364979373101211,0.249261615116753,0.3897177060507612
2013-08 to 2016-08,0.053060894511757536,0.053060894511757536,0.1288166022738511,0.17109464163394653,0.13545891920291267,0.053060894511757536,0.2853764754387099,0.17109464163394653,0.2853764754387099,0.09486918884760923,0.053060894511757536,0.13034088516106593,0.12113526617287092,0.17109464163394653,0.053060894511757536,0.2853764754387099,0.14880858148824794,0.15615950972794188,0.09486918884760923,0.17109464163394653
2014-08 to 2017-08,0.2893290182713108,0.3999797098671394,0.2440437586452508,0.2440437586452508,0.2440437586452508,0.2440437586452508,0.2511986671346266,0.2440437586452508,0.2893290182713108,0.3999797098671394,0.2440437586452508,0.24451179282245522,0.2440437586452508,0.2893290182713108,0.2893290182713108,0.2694792961215966,0.2440437586452508,0.2440437586452508,0.2822347935183356,0.2822347935183356
2015-08 to 2018-08,0.35856850116021494,0.5067546798430183,0.1853672802828566,0.13863121810613374,0.40578826751504443,0.36928457224284006,0.31837275250198743,0.13863121810613374,0.6351302603253884,0.35856850116021494,0.14544323625168976,0.13863121810613374,0.35856850116021494,0.35856850116021494,0.35856850116021494,0.31837275250198743,0.13863121810613374,0.13863121810613374,0.13863121810613374,0.35856850116021494
2016-08 to 2019-08,0.27597865842540337,0.32424274346894805,0.27597865842540337,0.15975128049171314,0.1812442813513545,0.32424274346894805,0.3542106484411947,0.15975128049171314,0.3669500491855226,0.3669500491855226,0.31299147207624606,0.27597865842540337,0.27597865842540337,0.530447928656858,0.27597865842540337,0.3067655852426715,0.32424274346894805,0.27597865842540337,0.15975128049171314,0.27597865842540337
2017-08 to 2020-08,0.09369605891149509,0.015116179979862763,0.003604905162276819,0.01385786227936082,0.09369605891149509,0.09369605891149509,0.003604905162276819,0.01385786227936082,0.17976899090507673,0.09369605891149509,0.037095170840745414,0.17976899090507673,0.05084922678609669,0.05084922678609669,0.09369605891149509,0.08477507061547672,0.053340626424966155,0.09369605891149509,0.171278465142397,0.003604905162276819
Proportion_Significant,0.400 (8/20),,,,,,,,,,,,,,,,,,,
