,a influenza,bronchitis,cold,contagious flu,fever flu,flu a,flu cold,flu contagious,flu fever,flu how long,flu symptoms,how long does flu last,how long flu,influenza a,pneumonia,rsv,stomach flu,symptoms of flu,the flu,the flu symptoms
2010-08 to 2013-08,0.008001166607612919,1.0,0.21641444143475702,1.0,1.0,0.4477364715916344,0.13818261227485434,1.0,0.30232370943131603,1.0,0.2664057131521436,0.19066205410669054,1.0,0.008001166923620535,0.18128100139783376,0.1449760433370169,1.0,0.27292361772096363,0.0144722916041485,1.0
2011-08 to 2014-08,1.0,1.0,0.8441638667038773,1.0,1.0,0.3112229390917278,0.9761387013462313,1.0,1.0,1.0,1.0,1.0,1.0,1.0,1.0,1.0,1.0,0.07137960191390125,1.0,1.0
2012-08 to 2015-08,1.0,0.9409587046424593,1.0,1.0,0.017379965588258717,1.0,0.8261667023546743,1.0,1.0,1.0,0.09242351330611484,1.0,0.5218165558739691,1.0,1.0,0.2570973534130654,1.0,0.042655801826490355,1.0,1.0
2013-08 to 2016-08,0.4789507208867249,0.21158967831289427,1.0,1.0,1.0,1.0,1.0,1.0,1.0,1.0,1.0,1.0,1.0,0.47895072089160656,0.4533211573170545,1.0,1.0,1.0,1.0,1.0
2014-08 to 2017-08,0.4745349471856588,0.6567305691257487,1.0,1.0,1.0,1.0,1.0,1.0,1.0,1.0,1.0,1.0,1.0,0.4745349474455455,1.0,1.0,1.0,0.1834767099406082,0.7407256871122239,1.0
2015-08 to 2018-08,0.006374954685569854,0.922996179436256,1.0,1.0,1.0,0.8403870976316935,1.0,1.0,1.0,1.0,1.0,1.0,1.0,0.006374954690656961,1.0,1.0,1.0,0.19876957144666835,1.0,0.8823094242025011
2016-08 to 2019-08,0.4432450964093937,0.8552403699445925,0.11044249319243694,1.0,1.0,0.3536840870294127,1.0,1.0,0.08627052097159611,1.0,0.3938632077375443,1.0,1.0,0.4432450963089462,1.0,1.0,1.0,1.0,1.0,0.9130953228990004
2017-08 to 2020-08,0.0741081257400911,1.0,1.0,1.0,1.0,1.0,1.0,1.0,0.24924385114205413,1.0,0.015385585816374624,1.0,1.0,0.07410812575673273,1.0,0.9574561833165053,1.0,1.0,1.0,0.016790333577735062
Proportion_Significant,0.05625,,,,,,,,,,,,,,,,,,,
