,a influenza,contagious flu,fever flu,flu a,flu cold,flu fever,flu how long,flu symptoms,flu type,how long flu,influenza a,influenza symptoms,pneumonia,rsv,sinus,stomach flu,strep,symptoms of flu,the flu,the flu symptoms
2010-08 to 2013-08,1.0,0.37751590374565186,1.0,1.0,0.24619009156494234,1.0,0.04341644461420129,0.43793764297743554,1.0,0.043416444616597306,0.8968693572652928,1.0,1.0,0.39783969376127204,0.11218221230824599,0.05993582280200736,0.1086638118234467,1.0,1.0,1.0
2011-08 to 2014-08,1.0,0.04546081461417686,0.1727731359693385,1.0,1.0,0.17277313589576487,0.32080603522170714,0.18227747780725811,1.0,0.320806035301976,0.573794808859247,1.0,1.0,0.2538977944360579,1.0,1.0,1.0,0.06641136982146291,1.0,0.7134322041902647
2012-08 to 2015-08,1.0,0.29020392005374007,1.0,1.0,1.0,1.0,1.0,1.0,0.1742027795619411,1.0,0.5877657642116406,1.0,1.0,1.0,1.0,1.0,1.0,1.0,1.0,1.0
2013-08 to 2016-08,0.356688855101866,1.0,0.04144209164886391,1.0,1.0,0.04144209165103953,1.0,0.09298736602748334,0.007946067060403907,1.0,0.041080101904239705,1.0,1.0,0.37456938212538154,1.0,1.0,0.3595329850396501,1.0,1.0,1.0
2014-08 to 2017-08,1.0,0.5449069926957764,1.0,1.0,1.0,1.0,1.0,1.0,0.38505446134122157,1.0,0.2744802826097114,1.0,1.0,0.10540207234368779,0.23510160533718963,1.0,1.0,1.0,0.4490650509600713,1.0
2015-08 to 2018-08,0.38555283862935363,1.0,1.0,1.0,0.47482561896512343,1.0,1.0,1.0,1.0,1.0,0.01674474837770385,1.0,0.2965588758556459,0.45683770020072134,1.0,1.0,1.0,0.8059241083553664,1.0,1.0
2016-08 to 2019-08,1.0,0.16887741278866147,0.8100215377124319,0.5041778288950143,0.35643721455525346,0.8100215377663894,1.0,1.0,1.0,1.0,1.0,1.0,1.0,0.20517492646571575,0.042999205188856804,0.09669093219326147,1.0,1.0,0.16377372727569592,1.0
2017-08 to 2020-08,0.920554441216259,0.2797602144489373,1.0,1.0,1.0,1.0,0.6191387432574501,1.0,1.0,0.6191387432555167,1.0,1.0,1.0,1.0,1.0,1.0,1.0,1.0,1.0,1.0
Proportion_Significant,0.05625,,,,,,,,,,,,,,,,,,,
