,a influenza,contagious flu,fever flu,flu a,flu cold,flu contagious,flu fever,flu how long,flu symptoms,flu test,flu virus,how long does the flu last,how long flu,influenza a,pneumonia,stomach flu,symptoms of flu,symptoms of the flu,the flu,the flu symptoms
2010-08 to 2013-08,0.40400614802498447,0.06343901410500435,0.04589317019468562,0.3652456574286155,0.07159029330135425,0.2407945329325102,0.07120837657824407,0.04425304191387902,0.12941331296336392,0.00760991912025742,0.2258843118498021,0.033365730355901804,0.29348715802466785,0.4040061480289049,0.14502767069888717,0.565743677171666,0.14457112996778598,0.0497800899405533,0.1692636460264853,0.18054648377200633
2011-08 to 2014-08,0.29637047856555215,0.03051464957385996,0.2655368123838847,0.12880437271364018,0.2366101779150542,0.0003963870299152138,0.07604190584176244,0.12462207494365067,0.12228878180747567,0.003514513598093609,0.22178986546127497,0.043753549921161684,0.5535382938489078,0.29637047856626053,0.30329332350074556,0.0754536577738107,0.08709544298966045,0.12814409614529956,0.2209123411251776,0.14158786340121848
2012-08 to 2015-08,0.1588433314517583,0.0072050219247578925,0.05747786300080622,0.27960346803042807,0.19898892397193377,0.01870777702982081,0.030606266500906296,0.009223625109279576,0.005997623839215247,0.11396900340393758,0.3193862351531696,0.0035392736199225286,0.00443518189463593,0.1588433314502718,0.13869009153587508,0.024375727308352725,0.04771330962072748,0.006951416119134298,0.010833910188605002,0.20469470029773407
2013-08 to 2016-08,0.22008978069210713,0.16702711463725375,0.3711779957501068,0.3571445252379931,0.19985754567609962,0.03309708065573569,0.4208367040078961,0.2382225311008719,0.015277097591472444,0.014123779816992376,0.045179384014340365,0.5612089740447426,0.2777452682029768,0.22008978069780802,0.1222873974812011,0.3663019116845265,0.01951818319447813,0.43146589653558765,0.4199364520324964,0.620891838296113
2014-08 to 2017-08,0.016130014305313366,0.024961754597152958,0.5376720585275174,0.3175991291408644,0.14310151143990618,0.21180501133963797,0.10045223578220559,0.344890427438559,0.1155079660821199,0.33605279215047157,0.059508771273716225,0.229057571078096,0.0820761848670521,0.01613001430509523,0.47455079885195717,0.10013940980567508,0.01031693384516494,0.05142515677138833,0.17574927680458663,0.40170538692706725
2015-08 to 2018-08,0.04444790978822292,0.023650310848179746,0.02554136567856525,0.043932720346725095,0.23528542050020587,0.2235398553204831,0.0068077345824157105,0.041811330179698354,0.1849588577157632,0.26673549257258633,0.03936644335116399,0.2566158077676893,0.05102652635680262,0.04444790978775874,0.28645541747889536,0.08773392084775693,0.030314974412784156,0.039571509605461755,0.34876804360275226,0.08437317002190368
2016-08 to 2019-08,0.18923266481003043,0.23939712316529363,0.09515286589952411,0.24069864706110639,0.04938293747953077,0.0006655622402435649,0.23059714757210478,0.153817757587709,0.030530630433699125,0.17502764087663994,0.09008522585332385,0.06331527090755462,0.1558407185090162,0.18923266481308876,0.31918767897978517,0.21151557405430307,0.05666126071383257,0.10557713188028045,0.05828311753539407,0.05084862602460845
2017-08 to 2020-08,0.09173254558165403,0.057130657423722454,0.03793472294921038,0.07493013567311531,0.3193614275615352,0.10567427109545258,0.02801338975062013,0.05485276035891868,0.11676070709844369,0.3530482397724575,0.059057407951738215,0.011870798410501343,0.0581056148365427,0.091732545580187,0.06704960007176114,0.2140603074409465,0.19165784127775207,0.021470180306740916,0.031565594264664744,0.05591879482517728
Proportion_Significant,0.900 (18/20),,,,,,,,,,,,,,,,,,,
