,a influenza,bronchitis,contagious flu,fever flu,flu a,flu cold,flu contagious,flu fever,flu how long,flu symptoms,how long does flu last,how long flu,influenza a,pneumonia,rsv,sinus,stomach flu,symptoms of flu,the flu,the flu symptoms
2010-08 to 2013-08,0.22813789595917586,0.272145485527867,0.22813789595917586,0.22813789595917586,0.3935323827979885,0.22813789595917586,0.22813789595917586,0.22813789595917586,0.33436021977021163,0.22813789595917586,0.272145485527867,0.33436021977021163,0.22813789595917586,0.22813789595917586,0.22813789595917586,0.272145485527867,0.272145485527867,0.30857263292740666,0.22813789595917586,0.272145485527867
2011-08 to 2014-08,0.14156908572012913,0.14156908572012913,0.2775398167051372,0.21136101275582603,0.47263546971407494,0.13889548233055243,0.2775398167051372,0.21136101275582603,0.19890450001276105,0.2775398167051372,0.5032409557256687,0.19890450001276105,0.14156908572012913,0.3701907635002476,0.13889548233055243,0.3456099257662594,0.13889548233055243,0.5013572002504354,0.14156908572012913,0.21136101275582603
2012-08 to 2015-08,0.044136268979092924,0.09502492058793514,0.24298828209331594,0.024686456189206996,0.05985274525767033,0.05069952353003435,0.24298828209331594,0.024686456189206996,0.024686456189206996,0.19277987630566437,0.5297856642092243,0.024686456189206996,0.044136268979092924,0.21325355752339412,0.024686456189206996,0.29666225877208563,0.10347485801021973,0.09690110275879356,0.02995860740237285,0.2861578239086595
2013-08 to 2016-08,0.26309583608313886,0.26309583608313886,0.26309583608313886,0.26309583608313886,0.26309583608313886,0.26309583608313886,0.26309583608313886,0.26309583608313886,0.26309583608313886,0.26309583608313886,0.26309583608313886,0.26309583608313886,0.26309583608313886,0.26309583608313886,0.12342088679086795,0.26309583608313886,0.26309583608313886,0.26309583608313886,0.26309583608313886,0.26309583608313886
2014-08 to 2017-08,0.46255942193292743,0.23730075460326777,0.46255942193292743,0.2155617179638566,0.07536946578665744,0.2714725422814597,0.46255942193292743,0.2155617179638566,0.2714725422814597,0.06182663486218225,0.2044260260830515,0.2714725422814597,0.46255942193292743,0.2044260260830515,0.04761822951253087,0.2714725422814597,0.3492518978080287,0.2155617179638566,0.2044260260830515,0.04761822951253087
2015-08 to 2018-08,0.1612505615168481,0.19894159704242131,0.10168416715609027,0.03402721697809522,0.1612505615168481,0.1612505615168481,0.10168416715609027,0.03402721697809522,0.11262394152830627,0.09038820753652636,0.09038820753652636,0.11262394152830627,0.1612505615168481,0.420591453153054,0.10168416715609027,0.1612505615168481,0.24292288492584152,0.1612505615168481,0.1612505615168481,0.03402721697809522
2016-08 to 2019-08,0.19037683352025628,0.3390195904172033,0.033967177577447674,0.033967177577447674,0.27337245510025765,0.2881358240962186,0.033967177577447674,0.033967177577447674,0.1582495814683882,0.033967177577447674,0.1767221167078842,0.1582495814683882,0.19037683352025628,0.12360868663240601,0.19037683352025628,0.19037683352025628,0.2741416109085316,0.2881358240962186,0.15976056051483956,0.12360868663240601
2017-08 to 2020-08,0.05695162305586097,0.18204262573760674,0.23531035724732471,0.20889513338923027,0.23531035724732471,0.40513106117327147,0.23531035724732471,0.20889513338923027,0.18204262573760674,0.18204262573760674,0.18204262573760674,0.18204262573760674,0.05695162305586097,0.20889513338923027,0.07401722358586456,0.20889513338923027,0.23531035724732471,0.26671990655163835,0.18204262573760674,0.20889513338923027
Proportion_Significant,0.1125,,,,,,,,,,,,,,,,,,,
