,a influenza,bronchitis,contagious flu,flu a,flu cold,flu contagious,flu how long,flu symptoms,how long flu,influenza a,influenza a symptoms,influenza b,influenza symptoms,pneumonia,rsv,sinus,stomach flu,strep,symptoms of flu,the flu
2010-08 to 2013-08,0.13014727508384752,0.1487088507702766,0.6006070368189855,0.19570747433304347,0.007707363650784476,0.10815276188155783,0.018817389726326197,0.027039477929358548,0.06764930454819938,0.1301472751798902,0.0666088219663769,0.10150062644439926,0.45266138753607454,0.21541444577024046,0.007695170364717846,0.34038297095160197,0.006343283499541399,0.2939068115054571,0.07863823655723681,0.009604590143092569
2011-08 to 2014-08,0.215151327826746,0.13566450279626996,0.07862182526820648,0.39444193002194916,0.5231745737880711,0.0031765576573689848,0.0037186540382641046,0.09363314750811078,0.021948662860866216,0.21515132771498938,0.07292636045277803,0.07636403546061696,0.019013931786318487,0.11540152905043656,0.004730025958323475,0.2548911060098253,0.007446464244213117,0.10207961136635983,0.02807456046608964,0.010500846394306913
2012-08 to 2015-08,0.0033251518373886083,0.10780297211985441,0.12259691049427884,0.013217892336440374,0.10249097495499417,0.026216728833970842,0.015222857262009714,0.13194914515111347,0.026353077307085044,0.003325151841914692,0.010639085810414822,0.13162011657579026,0.11706417802858386,0.3877887814128781,0.2773325324301076,0.2126138780288123,0.025481784056365673,0.08149520762844835,0.14386178219118406,0.04004249790886692
2013-08 to 2016-08,0.1353954771085731,0.5033822330921298,0.0008839661884455992,0.015416845357394,0.18676234379364495,0.03715974193208467,0.35283028211568035,0.06543862652076682,0.21203903363933754,0.13539547704371035,0.09480780825445156,0.37334433503251596,0.5407241220688639,0.23507058775764694,0.0014460896173317263,0.02154084331303525,0.009972108628151162,0.21628185761481353,0.04890130441301939,0.04451037573254406
2014-08 to 2017-08,0.039354901218284166,0.6598601198696936,0.08817652549175,0.1463055482252402,0.22771124054821837,0.05319107906372585,0.05392733623130651,0.14115107825709103,0.28575428851759926,0.03935490124623258,0.0057364356809121485,0.008267983975203631,0.34311044719616623,0.09948045007514628,0.033122470949047925,0.16860107013031372,0.0038435607223932743,0.4332764091703809,0.0034044612715377776,0.15116959641557876
2015-08 to 2018-08,0.1627793648107528,0.33707364659039196,0.000650259262688886,0.06698517601808615,0.0324632644288301,0.04760663746975231,0.042219665176075706,0.11534270430787101,0.2952327797667185,0.16277936463269146,0.022938078110771944,0.010431982292318238,0.0009463134347309464,0.00010153055589912905,0.1165862748847665,0.0760427079443183,0.028878060087983774,0.023258146973347757,0.14720334214255026,0.04008898625088359
2016-08 to 2019-08,0.06554226925647816,0.04644922226261635,0.005666415360609586,0.04906407395569556,0.22336751381513467,0.19869127067234765,0.005499768217233329,0.45740963703956705,0.013164016951410578,0.06554226929367751,0.0003097689293720103,0.03882772871402308,0.0031004431836787055,0.0006635196737204961,0.00478307299515732,0.05201611737417249,0.039725529885962764,0.057635612481901535,0.1149463104043321,0.03761681171371747
2017-08 to 2020-08,0.06704860310565526,0.0026970694531577443,0.036005328271039784,0.016879352125641987,0.004572166856385206,0.06336167583867063,0.013713317691780375,0.09200706037507618,0.2630288348190991,0.06704860312516242,0.037134006155069836,0.022635009095813684,0.014980781998037786,0.019851086250346366,0.015174638455036442,0.0058059549390398375,0.06391622221537782,0.2076699199540149,0.013623269330314209,0.11677497490544886
Proportion_Significant,1.000 (20/20),,,,,,,,,,,,,,,,,,,
