,a influenza,bronchitis,contagious flu,fever flu,flu a,flu cold,flu contagious,flu fever,flu how long,flu symptoms,how long flu,influenza a,pneumonia,rsv,sinus,stomach flu,strep,symptoms of flu,the flu,the flu symptoms
2010-08 to 2013-08,0.1405313925022174,0.2886306983467963,0.1405313925022174,0.1405313925022174,0.2154190067365132,0.1405313925022174,0.1405313925022174,0.1405313925022174,0.03609845573266636,0.1405313925022174,0.03609845573266636,0.2154190067365132,0.2886306983467963,0.1405313925022174,0.1405313925022174,0.1405313925022174,0.1405313925022174,0.21736784889937893,0.1405313925022174,0.03609845573266636
2011-08 to 2014-08,0.13237710359644356,0.20413867434559846,0.13237710359644356,0.15326658737407461,0.18901039646815737,0.13237710359644356,0.13237710359644356,0.15326658737407461,0.13237710359644356,0.13237710359644356,0.13237710359644356,0.15326658737407461,0.27240989022814266,0.15326658737407461,0.36015126745498993,0.1392417856961714,0.15326658737407461,0.15326658737407461,0.1392417856961714,0.13237710359644356
2012-08 to 2015-08,0.16673157212757084,0.09341231979894042,0.26051541968010467,0.1666049562915909,0.24724482933963027,0.1741629280914995,0.26051541968010467,0.1666049562915909,0.029043381069579852,0.24724482933963027,0.029043381069579852,0.1666049562915909,0.09341231979894042,0.19640640632400874,0.24724482933963027,0.07004897095216019,0.2677696941318685,0.24724482933963027,0.24724482933963027,0.06316791298264005
2013-08 to 2016-08,0.06433602037280478,0.17400327994941303,0.17400327994941303,0.06433602037280478,0.3707514892982329,0.2862729136951828,0.17400327994941303,0.06433602037280478,0.09926860404703552,0.1740370361604221,0.09926860404703552,0.09926860404703552,0.09926860404703552,0.09926860404703552,0.17400327994941303,0.002586459457926976,0.060655139420703885,0.17400327994941303,0.03159201982146279,0.002586459457926976
2014-08 to 2017-08,0.34222030073551113,0.41182177832002753,0.36781848165162034,0.34222030073551113,0.3548426198000292,0.34222030073551113,0.36781848165162034,0.34222030073551113,0.34222030073551113,0.34222030073551113,0.34222030073551113,0.36781848165162034,0.3548426198000292,0.18274715368029804,0.34222030073551113,0.36781848165162034,0.36781848165162034,0.36553066322441025,0.36781848165162034,0.34222030073551113
2015-08 to 2018-08,0.2668051516695085,0.361746475264533,0.02911896609313253,0.13869539618422896,0.3552489863333686,0.361746475264533,0.02911896609313253,0.13869539618422896,0.18474615078667184,0.4521619292689063,0.18474615078667184,0.1579143380861123,0.4225063970909354,0.2668051516695085,0.13869539618422896,0.1177817222982334,0.20695382321862638,0.38869812972848355,0.02911896609313253,0.1579143380861123
2016-08 to 2019-08,0.2626864640025884,0.4154008936475324,0.4399346791751866,0.4154008936475324,0.4399346791751866,0.4154008936475324,0.4399346791751866,0.4154008936475324,0.2626864640025884,0.3981042629610448,0.2626864640025884,0.2626864640025884,0.5460324323702815,0.2626864640025884,0.3981042629610448,0.2626864640025884,0.4154008936475324,0.3981042629610448,0.3981042629610448,0.4399346791751866
2017-08 to 2020-08,0.4552236536800157,0.5353504931727954,0.4165118140943275,0.4165118140943275,0.6268311454764601,0.4165118140943275,0.4165118140943275,0.4165118140943275,0.4165118140943275,0.4345299151739372,0.4165118140943275,0.4165118140943275,0.4165118140943275,0.07231236876641225,0.4165118140943275,0.3369007511079189,0.4165118140943275,0.4552236536800157,0.4165118140943275,0.4165118140943275
Proportion_Significant,0.06875,,,,,,,,,,,,,,,,,,,
