date,Alabama,flu symptoms,the flu,rsv,flu how long,how long flu,pneumonia,flu a,bronchitis,the flu symptoms,flu contagious,contagious flu,symptoms of flu,fever flu,flu fever,flu type,flu test,is flu contagious,how long does flu last,flu cold,flu virus
2010-10-09,2.13477,0.0,0.0,0.0,0.0,0.0,1425.1178994424806,0.0,848.3155145599974,0.0,0.0,0.0,0.0,0.0,0.0,0.0,0.0,0.0,0.0,0.0,0.0
2010-10-16,2.05999,0.0,0.0,0.0,0.0,0.0,1613.326491436556,0.0,0.0,0.0,0.0,0.0,0.0,0.0,0.0,0.0,0.0,0.0,0.0,0.0,0.0
2010-10-23,1.94224,984.0960379967636,853.2817165627976,0.0,0.0,0.0,1037.0787728313016,0.0,0.0,0.0,0.0,0.0,0.0,0.0,0.0,0.0,0.0,0.0,0.0,0.0,0.0
2010-10-30,2.2765,0.0,0.0,0.0,0.0,0.0,0.0,0.0,0.0,0.0,0.0,0.0,1995.566351350308,0.0,0.0,0.0,0.0,0.0,0.0,0.0,0.0
2010-11-06,2.83371,0.0,0.0,0.0,0.0,0.0,942.670824200216,0.0,0.0,0.0,0.0,0.0,0.0,0.0,0.0,0.0,0.0,0.0,0.0,0.0,0.0
2010-11-13,3.46224,0.0,0.0,0.0,0.0,0.0,1155.3975019451373,0.0,894.4557650959792,0.0,0.0,0.0,0.0,0.0,0.0,0.0,0.0,0.0,0.0,0.0,0.0
2010-11-20,3.53248,0.0,0.0,0.0,0.0,0.0,877.797314844008,0.0,0.0,0.0,0.0,0.0,0.0,0.0,0.0,0.0,0.0,0.0,0.0,0.0,0.0
2010-11-27,4.27655,1067.5807546055512,0.0,0.0,0.0,0.0,1773.1669061521336,0.0,0.0,0.0,0.0,0.0,0.0,0.0,0.0,0.0,0.0,0.0,0.0,0.0,0.0
2010-12-04,4.44043,0.0,0.0,0.0,0.0,0.0,1206.8221881911252,0.0,0.0,0.0,0.0,0.0,0.0,0.0,0.0,0.0,0.0,0.0,0.0,0.0,0.0
2010-12-11,5.81097,790.0010153074659,0.0,0.0,0.0,0.0,808.205249038288,0.0,0.0,0.0,0.0,0.0,0.0,0.0,0.0,0.0,0.0,0.0,0.0,0.0,0.0
2010-12-18,10.4359,1725.464123619344,0.0,0.0,0.0,0.0,1621.226958993149,0.0,835.2166025914712,0.0,0.0,0.0,964.9308762001756,0.0,0.0,1118.765826107779,0.0,0.0,0.0,0.0,0.0
2010-12-25,13.0878,1315.6656955724093,0.0,0.0,0.0,0.0,1694.2672410835291,0.0,0.0,0.0,0.0,0.0,0.0,0.0,0.0,0.0,0.0,0.0,0.0,0.0,0.0
2011-01-01,11.6592,1434.0613931854832,0.0,0.0,0.0,0.0,1695.8138311814464,0.0,0.0,0.0,0.0,0.0,0.0,0.0,0.0,0.0,0.0,0.0,0.0,0.0,0.0
2011-01-08,9.73755,1156.6435347537013,0.0,560.2593950644374,0.0,0.0,1829.308685692712,0.0,669.6968353805662,0.0,0.0,0.0,0.0,0.0,0.0,0.0,0.0,0.0,0.0,0.0,0.0
2011-01-15,11.944,1083.8248918265897,878.8674949649832,1007.4484267529978,0.0,0.0,1099.8613812535511,0.0,1179.778373834528,0.0,0.0,0.0,0.0,0.0,0.0,0.0,0.0,0.0,0.0,0.0,0.0
2011-01-22,13.1063,753.6007914355915,832.524516928797,807.4622684490533,0.0,0.0,1104.0371032057442,0.0,761.1095180748282,753.8890156063682,0.0,0.0,0.0,0.0,0.0,0.0,0.0,0.0,0.0,0.0,0.0
2011-01-29,14.7376,734.6680181039757,882.5581742606156,927.1621475261918,0.0,0.0,1788.4628036616912,504.84529998735655,851.7386448957242,732.9900662216191,0.0,0.0,0.0,0.0,0.0,0.0,0.0,0.0,0.0,0.0,0.0
2011-02-05,12.5984,1114.4740452438305,941.1499250445964,804.1171422070486,0.0,0.0,1724.160290008061,0.0,678.8456840684535,0.0,0.0,0.0,0.0,0.0,0.0,0.0,0.0,0.0,0.0,0.0,0.0
2011-02-12,11.5078,873.688373649087,1400.663296180693,1467.4548128545955,521.117595501094,521.117595501094,1485.425154565193,441.1913000374976,474.2079510326008,542.16007296482,0.0,0.0,449.5435619843688,0.0,0.0,468.7562065186336,0.0,0.0,0.0,0.0,0.0
2011-02-19,11.9696,993.1699950275208,853.1898914139474,1250.9202228768174,0.0,0.0,1511.9845104910714,0.0,728.7837947852116,0.0,0.0,0.0,620.4752030107888,0.0,0.0,0.0,0.0,0.0,449.00208047084686,0.0,0.0
2011-02-26,9.67196,741.0955145843138,752.8489693635961,775.0674687610986,0.0,0.0,2130.0255606933106,637.8918886821805,967.854537555591,0.0,0.0,0.0,0.0,0.0,0.0,0.0,0.0,0.0,0.0,0.0,0.0
2011-03-05,6.80203,958.1093079573048,477.3565751117996,896.5578621099761,488.8105266220613,488.8105266220613,1190.9338325323492,0.0,989.0411073178324,0.0,0.0,0.0,0.0,0.0,0.0,0.0,0.0,0.0,0.0,0.0,0.0
2011-03-12,5.82572,667.4387277325661,821.9909635825902,631.5221417244918,0.0,0.0,1006.4984035684826,0.0,692.688236728647,0.0,0.0,0.0,556.6439283111891,0.0,0.0,0.0,0.0,0.0,0.0,0.0,0.0
2011-03-19,4.04606,0.0,846.7617639888105,0.0,0.0,0.0,1035.1351069861057,0.0,0.0,0.0,0.0,0.0,0.0,0.0,0.0,0.0,0.0,0.0,0.0,0.0,0.0
2011-03-26,3.43834,0.0,0.0,578.4004153144755,0.0,0.0,1294.1846385852668,0.0,869.2828343059714,0.0,0.0,0.0,0.0,0.0,0.0,0.0,709.3702303403423,0.0,0.0,0.0,0.0
2011-04-02,3.17374,0.0,650.889782858129,836.380323209925,0.0,0.0,1292.0602383067323,0.0,810.7970398751834,0.0,0.0,0.0,0.0,0.0,0.0,0.0,0.0,0.0,428.6395972287453,0.0,0.0
2011-04-09,2.74659,0.0,465.7918946501184,442.2577542333396,0.0,0.0,1285.3553633805327,0.0,0.0,0.0,0.0,0.0,0.0,0.0,0.0,0.0,0.0,0.0,0.0,0.0,444.66979045106433
2011-04-16,2.67592,496.8768740884695,0.0,0.0,0.0,0.0,1099.242084528523,0.0,830.9790491083648,0.0,0.0,0.0,0.0,0.0,0.0,0.0,0.0,0.0,0.0,0.0,0.0
2011-04-23,2.76866,0.0,0.0,0.0,0.0,0.0,1177.3459298449768,0.0,557.3787179634087,0.0,0.0,0.0,0.0,0.0,0.0,0.0,0.0,0.0,0.0,0.0,0.0
2011-04-30,3.28311,0.0,547.4587553294247,0.0,0.0,0.0,976.2759133803688,0.0,485.07245945275736,0.0,0.0,0.0,666.944046338715,0.0,0.0,0.0,0.0,0.0,0.0,0.0,0.0
2011-05-07,3.00455,0.0,0.0,0.0,0.0,0.0,1150.382279558641,0.0,0.0,0.0,0.0,0.0,549.9220003475244,0.0,0.0,0.0,0.0,0.0,0.0,0.0,0.0
2011-05-14,2.64628,0.0,0.0,0.0,0.0,0.0,0.0,0.0,0.0,0.0,0.0,0.0,0.0,0.0,0.0,0.0,0.0,0.0,0.0,0.0,0.0
2011-05-21,2.46441,0.0,0.0,0.0,0.0,0.0,858.3734891690243,0.0,0.0,0.0,0.0,0.0,0.0,0.0,0.0,0.0,0.0,0.0,0.0,0.0,0.0
2011-05-28,2.72831,0.0,0.0,0.0,0.0,0.0,1029.3033265492647,0.0,605.1741392756288,0.0,0.0,0.0,0.0,0.0,0.0,0.0,0.0,0.0,0.0,0.0,0.0
2011-06-04,2.54511,0.0,0.0,0.0,0.0,0.0,916.2380891235714,0.0,0.0,0.0,0.0,0.0,0.0,0.0,0.0,0.0,0.0,0.0,0.0,0.0,0.0
2011-06-11,2.38925,0.0,0.0,0.0,0.0,0.0,1412.9382094434673,0.0,0.0,0.0,0.0,0.0,0.0,0.0,0.0,0.0,0.0,0.0,0.0,0.0,0.0
2011-06-18,2.51859,555.0560898075662,0.0,0.0,0.0,0.0,665.5693984002024,0.0,0.0,0.0,0.0,0.0,0.0,0.0,0.0,0.0,0.0,0.0,0.0,0.0,0.0
2011-06-25,1.79372,0.0,0.0,0.0,0.0,0.0,1120.3264077844478,0.0,0.0,0.0,0.0,0.0,0.0,0.0,0.0,0.0,0.0,0.0,0.0,0.0,0.0
2011-07-02,2.36038,0.0,0.0,0.0,0.0,0.0,0.0,0.0,0.0,0.0,0.0,0.0,0.0,0.0,0.0,0.0,0.0,0.0,0.0,0.0,0.0
2011-07-09,1.84216,0.0,0.0,0.0,0.0,0.0,857.3247577465852,0.0,0.0,0.0,0.0,0.0,0.0,0.0,0.0,0.0,0.0,0.0,0.0,0.0,0.0
2011-07-16,1.88256,0.0,0.0,0.0,0.0,0.0,727.5430544922758,0.0,0.0,0.0,0.0,0.0,0.0,0.0,0.0,0.0,0.0,0.0,0.0,0.0,0.0
2011-07-23,1.3618,0.0,0.0,0.0,0.0,0.0,495.6057910078705,0.0,0.0,0.0,0.0,0.0,0.0,0.0,0.0,0.0,0.0,0.0,0.0,0.0,0.0
2011-07-30,1.3122,0.0,0.0,0.0,0.0,0.0,682.3171310649342,0.0,0.0,0.0,0.0,0.0,0.0,0.0,0.0,0.0,0.0,0.0,0.0,0.0,0.0
2011-08-06,0.340219,0.0,0.0,0.0,0.0,0.0,543.0667720269025,0.0,0.0,0.0,0.0,0.0,0.0,0.0,0.0,0.0,0.0,0.0,0.0,0.0,0.0
2011-08-13,1.79206,0.0,0.0,0.0,0.0,0.0,430.64115415802286,0.0,0.0,0.0,0.0,0.0,0.0,0.0,0.0,0.0,0.0,0.0,0.0,0.0,0.0
2011-08-20,2.1645,0.0,0.0,0.0,0.0,0.0,650.7169874665757,0.0,0.0,0.0,0.0,0.0,0.0,0.0,0.0,0.0,0.0,0.0,0.0,0.0,0.0
2011-08-27,2.3037,0.0,0.0,0.0,0.0,0.0,824.7656711942461,0.0,0.0,0.0,0.0,0.0,0.0,0.0,0.0,0.0,0.0,0.0,0.0,0.0,0.0
2011-09-03,2.34438,0.0,0.0,0.0,0.0,0.0,595.5383339827112,0.0,0.0,0.0,0.0,0.0,0.0,0.0,0.0,0.0,0.0,0.0,0.0,0.0,0.0
2011-09-10,3.44828,776.9499920033683,0.0,0.0,0.0,0.0,643.0546752069083,0.0,521.9854409637531,0.0,0.0,0.0,0.0,0.0,0.0,0.0,0.0,0.0,0.0,0.0,0.0
2011-09-17,3.55951,0.0,0.0,0.0,0.0,0.0,956.019650583486,0.0,494.47043381579823,0.0,0.0,0.0,0.0,0.0,0.0,0.0,0.0,0.0,0.0,0.0,0.0
2011-09-24,3.38738,591.7371061207581,0.0,0.0,0.0,0.0,584.7642963152391,0.0,0.0,0.0,0.0,0.0,0.0,0.0,0.0,0.0,0.0,0.0,0.0,0.0,0.0
2011-10-01,3.46445,0.0,511.9793412489111,0.0,0.0,0.0,810.1608097788018,0.0,495.23968755918094,0.0,0.0,0.0,0.0,0.0,0.0,0.0,0.0,0.0,0.0,0.0,0.0
2011-10-08,2.49486,449.6387699448034,0.0,0.0,0.0,0.0,903.868367631442,0.0,0.0,0.0,0.0,0.0,0.0,0.0,0.0,0.0,0.0,0.0,0.0,0.0,0.0
2011-10-15,2.82808,0.0,0.0,0.0,0.0,0.0,1107.5553246601316,0.0,815.5122027774983,0.0,0.0,0.0,462.11022552478767,0.0,0.0,0.0,0.0,0.0,0.0,0.0,0.0
2011-10-22,3.4254,764.6102371837695,0.0,0.0,0.0,0.0,1115.805603112435,588.6043338040635,498.0917264755178,0.0,0.0,0.0,471.854017889309,0.0,0.0,0.0,0.0,0.0,0.0,0.0,0.0
2011-10-29,3.83396,0.0,0.0,0.0,0.0,0.0,937.261139875022,0.0,682.9385036813434,0.0,0.0,0.0,0.0,0.0,0.0,0.0,0.0,0.0,0.0,0.0,0.0
2011-11-05,3.79415,0.0,0.0,0.0,0.0,0.0,1042.3414899219106,0.0,452.79731586341495,0.0,0.0,0.0,0.0,0.0,0.0,0.0,0.0,0.0,0.0,0.0,0.0
2011-11-12,4.19269,634.5862585909427,0.0,0.0,920.7839991087708,920.7839991087708,1414.2415261902036,0.0,701.5987159236092,0.0,0.0,0.0,415.8747590268186,0.0,0.0,0.0,0.0,0.0,0.0,0.0,0.0
2011-11-19,3.28321,0.0,670.6248329596785,0.0,0.0,0.0,1361.3844023499134,0.0,723.4703939097043,0.0,0.0,0.0,0.0,0.0,0.0,0.0,0.0,0.0,0.0,0.0,0.0
2011-11-26,4.25935,0.0,0.0,561.1080539149777,0.0,0.0,1515.816818380514,0.0,0.0,0.0,0.0,0.0,0.0,0.0,0.0,0.0,0.0,0.0,0.0,0.0,0.0
2011-12-03,3.32254,388.0070888210402,0.0,0.0,0.0,0.0,1695.5859426328475,0.0,1132.971847226412,0.0,0.0,0.0,0.0,0.0,0.0,0.0,0.0,0.0,0.0,0.0,0.0
2011-12-10,4.55241,465.6291405306208,0.0,0.0,0.0,0.0,1076.5292705554348,0.0,437.5111589244984,0.0,0.0,0.0,0.0,0.0,0.0,0.0,0.0,0.0,0.0,0.0,0.0
2011-12-17,4.85437,0.0,416.0934937596194,0.0,0.0,0.0,1020.9221273510065,0.0,698.5097474076721,0.0,0.0,0.0,0.0,0.0,0.0,0.0,0.0,0.0,0.0,0.0,0.0
2011-12-24,5.43074,0.0,0.0,548.2283476931786,0.0,0.0,1842.3809881035731,0.0,777.1932666075089,0.0,0.0,0.0,0.0,0.0,0.0,0.0,0.0,0.0,0.0,0.0,0.0
2011-12-31,5.80195,831.3523342516793,0.0,690.1678734371154,0.0,0.0,967.7053143912374,0.0,0.0,0.0,0.0,0.0,0.0,0.0,0.0,0.0,0.0,0.0,0.0,0.0,0.0
2012-01-07,4.61064,755.6861725915471,0.0,431.1646584784628,481.939336675333,481.939336675333,1110.9125065700664,0.0,809.1499562194557,0.0,0.0,0.0,0.0,0.0,0.0,0.0,0.0,510.8540610309056,0.0,0.0,0.0
2012-01-14,4.90335,384.33931097076817,0.0,463.1402838945671,0.0,0.0,1190.7727823013151,0.0,680.9471417226254,0.0,0.0,0.0,0.0,0.0,0.0,0.0,0.0,0.0,0.0,0.0,0.0
2012-01-21,5.7911,0.0,0.0,670.004329753223,0.0,0.0,836.716065006026,0.0,719.724880355136,0.0,0.0,0.0,0.0,400.4143360748578,400.4143360748578,0.0,0.0,0.0,0.0,0.0,0.0
2012-01-28,6.26227,0.0,0.0,749.5848325313452,0.0,0.0,1145.2988696074026,0.0,625.3281846813833,0.0,0.0,0.0,0.0,0.0,0.0,0.0,0.0,0.0,0.0,0.0,0.0
2012-02-04,6.59096,641.1224727000448,0.0,871.0573857231379,0.0,0.0,1368.5265213079108,0.0,661.8044174421015,0.0,380.2930602071886,380.2930602071887,0.0,0.0,0.0,0.0,0.0,0.0,0.0,0.0,0.0
2012-02-11,6.43108,485.5604682625553,389.712988443877,798.7399666586713,0.0,0.0,1223.492419414479,0.0,763.1766696943272,0.0,0.0,0.0,0.0,0.0,0.0,0.0,0.0,0.0,0.0,415.9553288941766,0.0
2012-02-18,6.75035,519.9613658193492,0.0,732.5161089468775,0.0,0.0,1739.213350115944,477.4903632838832,0.0,0.0,0.0,0.0,0.0,0.0,0.0,0.0,0.0,0.0,0.0,0.0,0.0
2012-02-25,6.07355,717.4523121888625,576.074743893871,772.9499843658666,0.0,0.0,1281.5428434486475,0.0,1014.923658176946,0.0,0.0,0.0,0.0,0.0,0.0,0.0,0.0,0.0,0.0,0.0,0.0
2012-03-03,6.24526,446.9726499628336,365.4528405207254,813.3193760515771,0.0,0.0,1182.6704989862412,0.0,663.0786739573218,0.0,0.0,0.0,0.0,0.0,0.0,0.0,0.0,0.0,0.0,0.0,0.0
2012-03-10,6.25613,0.0,0.0,613.3245803149209,0.0,0.0,1715.264217769923,0.0,851.4473085341252,0.0,0.0,0.0,0.0,0.0,0.0,0.0,0.0,0.0,0.0,0.0,0.0
2012-03-17,5.94763,760.2260655858249,0.0,704.0581969097516,0.0,0.0,1048.2081651146054,0.0,837.6631077930637,0.0,0.0,0.0,0.0,0.0,0.0,0.0,0.0,0.0,0.0,0.0,0.0
2012-03-24,4.58877,0.0,0.0,613.0548016449948,0.0,0.0,1966.9135044305904,0.0,634.9437420716681,0.0,0.0,0.0,0.0,0.0,0.0,0.0,0.0,0.0,0.0,0.0,0.0
2012-03-31,4.43559,469.2407809375343,0.0,619.3500137242385,0.0,0.0,1081.2474730546544,0.0,0.0,0.0,0.0,0.0,0.0,0.0,0.0,0.0,0.0,0.0,0.0,0.0,0.0
2012-04-07,3.89306,0.0,401.4272530671248,0.0,0.0,0.0,1027.814504583318,0.0,487.96249993930064,0.0,0.0,0.0,0.0,437.24651461380256,437.24651461380256,0.0,0.0,0.0,0.0,0.0,0.0
2012-04-14,3.75332,0.0,516.75319287658,434.1725100877231,0.0,0.0,1037.0776880937874,0.0,0.0,0.0,0.0,0.0,0.0,0.0,0.0,0.0,0.0,0.0,0.0,0.0,0.0
2012-04-21,4.34298,0.0,0.0,0.0,518.2281309590534,518.2281309590533,1012.0520795584008,0.0,0.0,0.0,0.0,0.0,0.0,0.0,0.0,0.0,0.0,0.0,0.0,0.0,0.0
2012-04-28,4.44388,0.0,0.0,0.0,0.0,0.0,1048.1333432717895,0.0,696.6268910096713,0.0,0.0,0.0,0.0,0.0,0.0,0.0,0.0,0.0,0.0,0.0,0.0
2012-05-05,4.74534,0.0,388.4365020285309,0.0,0.0,0.0,1033.2086940927943,0.0,431.4720893514761,0.0,0.0,0.0,0.0,0.0,0.0,0.0,0.0,0.0,0.0,0.0,0.0
2012-05-12,4.27042,495.8411100020855,0.0,0.0,0.0,0.0,850.5797718993375,0.0,0.0,0.0,0.0,0.0,0.0,0.0,0.0,0.0,0.0,0.0,0.0,0.0,0.0
2012-05-19,5.21549,0.0,468.05008051587936,0.0,0.0,0.0,740.66177448509,0.0,435.2767305663916,0.0,0.0,0.0,0.0,0.0,0.0,0.0,0.0,0.0,0.0,0.0,0.0
2012-05-26,3.83966,0.0,0.0,0.0,0.0,0.0,1129.8089667106235,0.0,0.0,0.0,0.0,0.0,0.0,0.0,0.0,0.0,0.0,0.0,0.0,0.0,0.0
2012-06-02,4.1884,970.2165007905448,0.0,0.0,0.0,0.0,1488.6856773843274,0.0,0.0,0.0,0.0,0.0,0.0,0.0,0.0,0.0,407.4127450740553,0.0,0.0,0.0,0.0
2012-06-09,4.56501,0.0,0.0,0.0,0.0,0.0,871.590252818473,0.0,656.4364216276014,0.0,0.0,0.0,0.0,0.0,0.0,0.0,0.0,0.0,0.0,0.0,0.0
2012-06-16,3.64437,0.0,0.0,0.0,506.4085015523661,506.408501552366,934.8045812075418,0.0,0.0,0.0,0.0,0.0,0.0,0.0,0.0,0.0,0.0,0.0,0.0,0.0,0.0
2012-06-23,1.05795,0.0,0.0,0.0,0.0,0.0,897.7567429782903,441.8122356669455,432.6746570928372,0.0,0.0,0.0,0.0,0.0,0.0,0.0,0.0,0.0,0.0,0.0,0.0
2012-06-30,3.61162,0.0,0.0,0.0,0.0,0.0,1065.1490872236188,0.0,0.0,0.0,0.0,0.0,0.0,581.3873521261191,581.3873521261191,0.0,0.0,0.0,0.0,0.0,0.0
2012-07-07,3.61815,0.0,0.0,0.0,0.0,0.0,1172.8094178783456,0.0,0.0,0.0,0.0,0.0,0.0,0.0,0.0,0.0,0.0,0.0,0.0,0.0,0.0
2012-07-14,3.42731,0.0,0.0,0.0,0.0,0.0,1155.42909905677,0.0,0.0,0.0,0.0,0.0,0.0,0.0,0.0,0.0,0.0,0.0,0.0,0.0,0.0
2012-07-21,3.02515,0.0,0.0,0.0,0.0,0.0,1417.691085669186,0.0,0.0,0.0,0.0,0.0,0.0,0.0,0.0,0.0,0.0,0.0,0.0,0.0,0.0
2012-07-28,3.19846,0.0,0.0,0.0,0.0,0.0,1104.7133665832805,0.0,429.4431537959114,0.0,0.0,0.0,0.0,0.0,0.0,0.0,0.0,0.0,0.0,0.0,0.0
2012-08-04,3.32887,0.0,0.0,0.0,0.0,0.0,472.9315194877216,0.0,0.0,0.0,534.0913462077817,534.0913462077817,488.5258049437357,0.0,0.0,0.0,0.0,0.0,0.0,0.0,0.0
2012-08-11,2.69509,0.0,0.0,0.0,0.0,0.0,1486.4597699636404,0.0,0.0,0.0,0.0,0.0,0.0,0.0,0.0,0.0,0.0,0.0,0.0,0.0,0.0
2012-08-18,3.37965,0.0,0.0,0.0,0.0,0.0,694.9968695180911,413.9466747596456,0.0,0.0,0.0,0.0,0.0,0.0,0.0,0.0,0.0,0.0,0.0,0.0,442.0706206335944
2012-08-25,4.09013,0.0,0.0,0.0,458.0016505302247,458.0016505302248,575.8987139905879,0.0,410.2661248154658,0.0,0.0,0.0,0.0,0.0,0.0,0.0,0.0,0.0,0.0,0.0,0.0
2012-09-01,4.86064,0.0,0.0,0.0,0.0,0.0,730.9805512739135,0.0,537.1627947294286,0.0,0.0,0.0,458.46393357832017,0.0,0.0,0.0,0.0,0.0,0.0,0.0,0.0
2012-09-08,4.88327,0.0,0.0,0.0,0.0,0.0,1556.025943910256,0.0,457.99020836326895,0.0,0.0,0.0,0.0,0.0,0.0,0.0,0.0,0.0,0.0,0.0,0.0
2012-09-15,5.23432,0.0,0.0,0.0,0.0,0.0,1301.975427842372,0.0,0.0,0.0,0.0,0.0,0.0,0.0,0.0,0.0,0.0,0.0,0.0,0.0,0.0
2012-09-22,4.4622,611.966813351972,0.0,0.0,0.0,0.0,1447.0349334080686,0.0,533.2248867686252,439.3234889673894,0.0,0.0,0.0,0.0,0.0,0.0,0.0,0.0,0.0,0.0,0.0
2012-09-29,4.94924,427.1354125979189,352.72993952938344,0.0,0.0,0.0,1349.4105699967376,0.0,504.31154596142784,0.0,0.0,0.0,0.0,0.0,0.0,0.0,0.0,0.0,0.0,0.0,0.0
2012-10-06,1.49404,355.3354015544072,418.46186279148566,0.0,0.0,0.0,1509.7116325007537,448.08779483324594,530.6739693931017,0.0,0.0,0.0,0.0,0.0,0.0,0.0,0.0,0.0,0.0,0.0,0.0
2012-10-13,1.98826,415.4299686164319,0.0,0.0,0.0,0.0,1090.887217824558,0.0,0.0,0.0,0.0,0.0,0.0,0.0,0.0,0.0,0.0,0.0,0.0,0.0,0.0
2012-10-20,1.70858,391.75519377096174,502.2504003071533,0.0,0.0,0.0,1391.0402152408851,0.0,821.0933296173571,0.0,0.0,0.0,0.0,0.0,0.0,0.0,0.0,0.0,0.0,0.0,0.0
2012-10-27,1.564,0.0,635.5941667281204,0.0,0.0,0.0,1271.0410218022685,336.27023865529475,525.2412670166842,0.0,0.0,0.0,0.0,0.0,0.0,0.0,0.0,0.0,0.0,0.0,0.0
2012-11-03,1.71254,612.8045067261928,471.3376298157445,382.5578512684953,0.0,0.0,1503.4608692586078,372.9250061820522,0.0,0.0,0.0,0.0,0.0,0.0,0.0,0.0,0.0,0.0,0.0,0.0,0.0
2012-11-10,2.11597,366.89926931242775,0.0,0.0,0.0,0.0,1499.022338332969,0.0,611.4432322516385,0.0,0.0,0.0,0.0,0.0,0.0,0.0,0.0,0.0,0.0,348.1584821618867,0.0
2012-11-17,3.00274,652.6704395568435,640.3487073475976,449.84327455272114,0.0,0.0,1889.8641633986567,0.0,749.4332155413164,0.0,0.0,0.0,0.0,0.0,0.0,0.0,302.24742112915794,0.0,0.0,494.8382629578957,0.0
2012-11-24,5.24099,1213.6650963539614,1028.3036864956307,319.24728269508495,0.0,0.0,1645.8038055649884,559.54864535848,1072.154637830041,472.1868659019276,285.78311958620765,285.78311958620765,0.0,0.0,0.0,0.0,0.0,0.0,0.0,0.0,0.0
2012-12-01,5.29602,1578.4713285443006,1003.1024949229648,469.3670201630327,362.09616096255553,362.09616096255553,1796.4603803745229,547.0716226671823,1071.6172882436483,0.0,0.0,0.0,0.0,0.0,0.0,0.0,0.0,0.0,0.0,0.0,362.3564176855508
2012-12-08,8.76414,2636.3799571303707,2287.818697204547,649.3003406861093,614.0780908157805,614.0780908157805,2148.619010668951,1061.0321849286368,1039.121241595976,471.7698421472419,301.41425659640504,301.414256596405,538.6474900334973,0.0,0.0,0.0,0.0,0.0,0.0,0.0,0.0
2012-12-15,9.77209,2315.6448019614745,2772.4718097809314,1069.3682916096166,548.2722704165487,548.2722704165487,1690.5607436967048,1049.6826763819352,1190.316473264898,499.6801180979324,545.032759583064,545.032759583064,489.0717053194437,0.0,0.0,281.7212632634729,363.5108527796222,0.0,368.3180421659469,0.0,0.0
2012-12-22,10.3316,2807.97195682105,2450.703332859546,900.6436809378112,918.4257481932544,918.4257481932544,1863.626135717036,858.5011095636086,1392.245703183504,536.0229615779406,466.5634832929673,466.5634832929673,688.6285040320078,0.0,0.0,0.0,353.56108011586343,0.0,390.3086491553926,354.9497665842664,0.0
2012-12-29,12.1174,2299.6148967598133,1846.8823773915824,783.2407663883982,444.8808503590221,444.8808503590221,2625.156561076858,329.6262423422439,1414.0008208741704,424.1827796660912,527.2929954381013,527.2929954381013,544.9545227930207,0.0,0.0,0.0,0.0,446.087809124438,0.0,0.0,0.0
2013-01-05,7.66104,1463.4589166168362,2077.537645336771,920.6722689642656,695.6507331059458,695.6507331059458,2035.900271422969,851.3117709786087,1481.4598543419258,476.6902793866144,0.0,0.0,478.7220626876989,0.0,0.0,0.0,0.0,0.0,319.2212726468035,440.1754380241512,323.0773757356692
2013-01-12,7.4161,2908.7643168297755,3515.0771110401056,788.739530872804,901.8419362027604,901.8419362027604,1759.7279613398443,1236.6079058135183,1114.3432957604662,835.0365522048774,507.21584381685534,507.21584381685545,973.2749020253322,0.0,0.0,478.638041127921,0.0,0.0,404.4205340995236,525.7275458478541,369.7792180653205
2013-01-19,5.90845,2319.843653939268,2538.9959410369124,1120.101885807006,434.9292463036445,434.9292463036445,1590.2277279793116,1013.4492779306393,677.8752255249111,564.7362825424389,0.0,0.0,598.7220440146031,0.0,0.0,0.0,0.0,0.0,0.0,0.0,0.0
2013-01-26,4.76343,1739.9665073169604,1202.1111427705132,789.1701005320057,366.9993780843544,366.9993780843544,1317.7012366148376,487.5143732759932,978.4010632343916,327.99507281067787,291.50488850949887,291.50488850949887,0.0,0.0,0.0,0.0,0.0,0.0,0.0,0.0,507.0886434987495
2013-02-02,4.46756,1334.1306579533878,999.095389268286,908.673278240712,0.0,0.0,1758.6695255649663,0.0,541.7771998050611,479.416686580751,294.9765979273132,294.97659792731315,316.523437490217,0.0,0.0,0.0,0.0,0.0,0.0,0.0,0.0
2013-02-09,3.86127,462.3882980848153,1057.717589603228,721.5099897954403,0.0,0.0,1457.8619253325994,416.4036931775965,528.7269029416825,449.8335370255637,325.08434556875096,325.08434556875096,0.0,0.0,0.0,0.0,0.0,0.0,0.0,405.0729942428514,0.0
2013-02-16,4.12844,845.2382304678856,599.1269516045629,706.5821134927174,0.0,0.0,1164.729509385468,0.0,1042.008061706967,0.0,0.0,0.0,0.0,0.0,0.0,0.0,0.0,0.0,0.0,0.0,0.0
2013-02-23,3.0586,780.0000055304737,1207.1266167842489,576.0322025200119,0.0,0.0,1477.4510673474963,0.0,426.3017931744672,319.47572941425204,0.0,0.0,0.0,0.0,0.0,0.0,0.0,373.133462554113,0.0,0.0,0.0
2013-03-02,3.39632,784.2264185278525,849.1432110834025,397.8562138087016,309.8608751320622,309.8608751320623,1173.78154789793,365.23558028294445,968.717720337358,0.0,0.0,0.0,0.0,0.0,0.0,0.0,0.0,0.0,0.0,0.0,0.0
2013-03-09,3.19473,1151.2733725673645,992.482671756124,458.8237891212716,0.0,0.0,1973.3486564585016,359.90643603024745,1008.5271890875396,375.5992081044208,0.0,0.0,0.0,0.0,0.0,0.0,0.0,0.0,0.0,0.0,0.0
2013-03-16,3.33361,828.1214261791031,1122.7659362257432,0.0,531.1412646503331,531.1412646503331,942.0908070297048,297.56020004619603,735.1321884637083,0.0,0.0,0.0,285.36301625038766,0.0,0.0,0.0,0.0,0.0,0.0,0.0,0.0
2013-03-23,3.89456,859.4504334375232,613.0650739809967,0.0,0.0,0.0,1396.6917339632414,0.0,741.9608903794082,0.0,0.0,0.0,0.0,0.0,0.0,0.0,0.0,0.0,0.0,0.0,0.0
2013-03-30,2.08523,576.904032058766,488.40861052079634,0.0,0.0,0.0,1274.1915692191149,0.0,730.1071850222513,359.0748178879968,0.0,0.0,299.3626867246899,0.0,0.0,0.0,0.0,0.0,0.0,0.0,0.0
2013-04-06,1.90824,420.0364430911189,597.5508355853007,0.0,0.0,0.0,1129.8424982062818,0.0,565.5370699353175,0.0,0.0,0.0,363.0588582117224,0.0,0.0,0.0,0.0,0.0,0.0,0.0,0.0
2013-04-13,1.19202,713.1020207217127,515.0105924938836,0.0,0.0,0.0,921.8234403562632,0.0,544.0779002570342,0.0,0.0,0.0,316.3073786619687,0.0,0.0,0.0,0.0,0.0,0.0,0.0,0.0
2013-04-20,1.10686,411.1361842117847,702.8534455161596,330.50973097780013,0.0,0.0,1424.680800826922,0.0,740.3239787323386,0.0,0.0,0.0,0.0,0.0,0.0,340.85512044781564,0.0,0.0,0.0,0.0,0.0
2013-04-27,0.660815,0.0,397.194531519694,0.0,0.0,0.0,851.1337832213994,0.0,830.6445831274009,0.0,0.0,0.0,0.0,0.0,0.0,0.0,0.0,0.0,0.0,0.0,0.0
2013-05-04,0.739447,0.0,304.9866152378894,0.0,0.0,0.0,1074.686654476645,0.0,693.9855160457676,0.0,0.0,0.0,0.0,0.0,0.0,0.0,0.0,0.0,0.0,0.0,0.0
2013-05-11,0.677577,0.0,0.0,0.0,0.0,0.0,866.7542145865327,0.0,656.2482711469331,0.0,0.0,0.0,0.0,0.0,0.0,0.0,0.0,0.0,0.0,0.0,0.0
2013-05-18,0.597222,0.0,0.0,0.0,0.0,0.0,1176.1404832182573,0.0,528.1127549075536,0.0,0.0,0.0,0.0,0.0,0.0,0.0,0.0,0.0,0.0,0.0,0.0
2013-05-25,0.803646,0.0,0.0,0.0,0.0,0.0,1242.4457164347236,0.0,545.4398965278732,0.0,0.0,0.0,0.0,0.0,0.0,0.0,0.0,0.0,0.0,0.0,0.0
2013-06-01,0.522759,0.0,0.0,0.0,0.0,0.0,753.1331374327872,0.0,542.9962479195536,0.0,0.0,0.0,0.0,0.0,0.0,0.0,0.0,0.0,0.0,0.0,0.0
2013-06-08,0.382433,0.0,0.0,0.0,0.0,0.0,734.4661145578859,0.0,419.2224372609212,0.0,0.0,0.0,0.0,0.0,0.0,0.0,0.0,0.0,0.0,0.0,0.0
2013-06-15,0.42735,0.0,0.0,0.0,0.0,0.0,1028.8737344703493,0.0,352.2458648584912,0.0,0.0,0.0,0.0,0.0,0.0,0.0,0.0,0.0,0.0,0.0,0.0
2013-06-22,0.598395,0.0,0.0,0.0,0.0,0.0,777.2952207507707,0.0,369.2509889179261,0.0,0.0,0.0,0.0,0.0,0.0,0.0,0.0,0.0,0.0,0.0,0.0
2013-06-29,0.396983,0.0,0.0,0.0,0.0,0.0,665.5956799049275,0.0,0.0,0.0,0.0,0.0,0.0,0.0,0.0,0.0,0.0,0.0,0.0,0.0,0.0
2013-07-06,0.228945,0.0,0.0,0.0,0.0,0.0,468.61196457376354,0.0,0.0,0.0,0.0,0.0,0.0,0.0,0.0,0.0,0.0,0.0,0.0,0.0,0.0
2013-07-13,0.246689,0.0,0.0,0.0,344.41152280575176,344.4115228057519,548.0235633924535,0.0,0.0,0.0,0.0,0.0,0.0,0.0,0.0,0.0,0.0,0.0,314.1268309759918,0.0,0.0
2013-07-20,0.285963,0.0,0.0,0.0,0.0,0.0,433.9788239707406,0.0,688.7455430905372,0.0,0.0,0.0,0.0,0.0,0.0,0.0,0.0,0.0,0.0,0.0,0.0
2013-07-27,0.401091,0.0,0.0,306.1997231450308,0.0,0.0,749.6554788239531,0.0,442.4237840476288,0.0,0.0,0.0,0.0,0.0,0.0,0.0,0.0,0.0,0.0,0.0,0.0
2013-08-03,0.416287,0.0,0.0,0.0,0.0,0.0,537.8864417155775,0.0,513.2885826788704,0.0,0.0,0.0,0.0,0.0,0.0,0.0,0.0,0.0,0.0,0.0,0.0
2013-08-10,0.318121,0.0,0.0,0.0,0.0,0.0,904.7705850505464,0.0,484.0646127160713,0.0,0.0,0.0,0.0,0.0,0.0,0.0,0.0,0.0,0.0,0.0,0.0
2013-08-17,0.307495,0.0,0.0,0.0,0.0,0.0,0.0,0.0,0.0,0.0,0.0,0.0,0.0,0.0,0.0,0.0,0.0,0.0,0.0,0.0,0.0
2013-08-24,0.420382,0.0,0.0,0.0,0.0,0.0,737.5063289251651,0.0,317.7442191342652,0.0,0.0,0.0,0.0,0.0,0.0,0.0,0.0,0.0,0.0,0.0,0.0
2013-08-31,0.449848,398.26614682599376,411.0041880799452,0.0,0.0,0.0,896.1786537692244,0.0,381.51931966134345,0.0,0.0,0.0,0.0,0.0,0.0,0.0,0.0,0.0,0.0,0.0,0.0
2013-09-07,0.794538,617.8494798809019,0.0,0.0,0.0,0.0,1155.732266323418,0.0,507.1839002045703,0.0,0.0,0.0,0.0,0.0,0.0,0.0,0.0,0.0,0.0,0.0,0.0
2013-09-14,0.73914,413.8239433243901,399.34290529464647,378.03369466728543,0.0,0.0,1320.9800699193986,0.0,764.7645192230956,0.0,0.0,0.0,0.0,0.0,0.0,0.0,0.0,0.0,0.0,0.0,0.0
2013-09-21,0.665083,396.1290594688189,305.8322563863432,0.0,0.0,0.0,865.8793266828612,304.5474702081546,286.1764286493508,0.0,0.0,0.0,0.0,0.0,0.0,0.0,0.0,0.0,0.0,0.0,0.0
2013-09-28,1.55075,356.8417806056524,0.0,0.0,0.0,0.0,1543.544203634728,436.4394173096426,511.4237985524584,0.0,0.0,0.0,0.0,0.0,0.0,0.0,0.0,0.0,0.0,0.0,297.4691992977182
2013-10-05,1.59044,422.59336465046334,560.9595442527113,0.0,0.0,0.0,1173.43384017291,0.0,762.8885429106168,0.0,0.0,0.0,0.0,0.0,0.0,0.0,0.0,0.0,0.0,0.0,0.0
2013-10-12,1.71352,471.468598216848,732.810316789348,452.06282877277306,0.0,0.0,981.3941073254564,367.2779020318242,378.20648158446346,0.0,0.0,0.0,0.0,0.0,0.0,0.0,0.0,0.0,0.0,0.0,0.0
2013-10-19,1.58193,460.54373398804216,655.8245808060243,0.0,0.0,0.0,1657.8407413148295,0.0,626.3684253130236,0.0,0.0,0.0,0.0,0.0,0.0,0.0,0.0,0.0,460.1795878694291,0.0,0.0
2013-10-26,3.05901,394.0995305689952,714.2464747944247,389.36976217260553,361.7465805255476,361.7465805255476,1242.0305144109282,391.6385735413671,456.9554649158068,0.0,0.0,0.0,0.0,0.0,0.0,0.0,0.0,0.0,0.0,0.0,0.0
2013-11-02,2.89768,638.7305867490427,554.0659662084199,0.0,0.0,0.0,1406.9320983396792,353.94761614205106,740.4226038770975,0.0,0.0,0.0,0.0,0.0,0.0,0.0,0.0,0.0,0.0,363.245184153586,0.0
2013-11-09,3.31035,431.2859047319647,552.7117344686739,600.7979771625356,0.0,0.0,1446.551950946143,0.0,648.938282791886,0.0,0.0,0.0,0.0,0.0,0.0,0.0,0.0,0.0,0.0,0.0,0.0
2013-11-16,3.30741,407.9269378032588,939.039573094478,448.5351857594896,316.58806666782243,316.58806666782243,906.2872492013388,467.71630077092425,453.15773261758136,0.0,0.0,0.0,340.53551780191697,0.0,0.0,0.0,0.0,0.0,0.0,0.0,0.0
2013-11-23,3.76957,369.2076879218131,680.2978829615762,289.9002441219475,0.0,0.0,1786.2363843084063,0.0,685.8280035359516,0.0,0.0,0.0,0.0,0.0,0.0,0.0,0.0,0.0,0.0,305.61554681972774,0.0
2013-11-30,3.86408,778.9357083101481,892.6533631596902,742.5452846216369,304.57436272579787,304.57436272579787,1123.9515832274908,313.3636670301169,545.1105705197141,313.75946149822704,0.0,0.0,0.0,0.0,0.0,0.0,0.0,0.0,0.0,0.0,0.0
2013-12-07,5.90269,1064.298628596384,911.1968645664872,644.2313483331186,485.4523193260814,485.45231932608135,1358.05370646009,372.2698267195088,628.2050037467393,0.0,0.0,0.0,391.70112620727696,0.0,0.0,0.0,0.0,313.5855269051861,0.0,0.0,0.0
2013-12-14,6.3419,1184.653313274693,1273.3051891559012,1236.6643101247275,286.08479476275727,286.0847947627572,1600.0569639025914,539.0959731612265,885.30171879213,0.0,0.0,0.0,0.0,0.0,0.0,0.0,0.0,0.0,0.0,0.0,0.0
2013-12-21,7.01148,1816.3683365993968,1566.721711063902,1562.0519108628628,501.7464254527277,501.7464254527277,2089.172685814947,833.6274784148161,837.836029814164,318.2289925986768,511.7723218138293,511.7723218138293,311.2440108799419,0.0,0.0,379.1270041063916,0.0,0.0,0.0,669.5325767913747,448.2622260354908
2013-12-28,7.46047,2320.1649444966542,2080.3645895019363,987.0783662361014,736.69904732251,736.69904732251,2120.445864408249,816.9076215734696,1308.2583888996162,0.0,0.0,0.0,691.8934902284918,511.7832907817168,511.7832907817168,0.0,0.0,0.0,0.0,388.4883887026938,0.0
2014-01-04,6.91366,2435.578442088536,2397.445915009055,1417.816880512656,598.2101690641741,598.2101690641741,2239.60199384161,996.4734470841864,1385.8341081604217,557.24759040266,0.0,0.0,438.6024353307247,0.0,0.0,0.0,0.0,0.0,0.0,0.0,0.0
2014-01-11,5.12425,1630.6163206269262,1677.0866919740938,992.1092514292023,415.0028568271377,415.00285682713786,1680.7379214823554,827.1990387596771,547.7184644761178,375.83781407512816,0.0,0.0,402.5557190854146,0.0,0.0,0.0,0.0,0.0,0.0,284.71247934041287,0.0
2014-01-18,4.12286,1266.039682408836,1671.886155495377,444.8608580555924,587.2701590017671,587.270159001767,1775.6776098551895,760.2321389201347,945.5872940420091,264.9502823441713,0.0,0.0,0.0,0.0,0.0,324.2239495079882,0.0,299.04799453091965,0.0,0.0,0.0
2014-01-25,4.90589,878.9107771285952,1068.420573332431,433.2263117244352,307.1132218815045,307.11322188150456,1598.3999966052834,398.2790568504091,1129.0538318749173,0.0,0.0,0.0,446.501035161238,0.0,0.0,0.0,0.0,0.0,0.0,0.0,0.0
2014-02-01,4.19172,1049.021240828751,1216.565305655581,681.0352712382252,346.7185256713227,346.7185256713227,2041.0631793894063,0.0,818.0533158744131,0.0,0.0,0.0,0.0,0.0,0.0,0.0,0.0,0.0,0.0,0.0,0.0
2014-02-08,3.62115,674.6440239044059,627.8715860964435,401.51093445647126,0.0,0.0,1542.3743992221036,396.7612562073518,617.5411149749378,0.0,0.0,0.0,0.0,0.0,0.0,0.0,0.0,0.0,0.0,0.0,0.0
2014-02-15,3.06381,395.49194162942,608.6766136787057,0.0,0.0,0.0,1654.3512027328534,402.7091601787381,418.72004164788206,0.0,0.0,0.0,280.95151752825603,270.7284508305528,270.7284508305528,0.0,0.0,0.0,0.0,0.0,0.0
2014-02-22,1.96498,558.5656118942047,539.4559575306281,416.6520639422696,0.0,0.0,1440.7338132634775,0.0,655.4551055668773,0.0,0.0,0.0,349.84476229917857,0.0,0.0,0.0,0.0,0.0,0.0,0.0,284.3820743302689
2014-03-01,2.17243,485.74022249935547,495.1644473593592,0.0,0.0,0.0,1156.7362501681628,0.0,672.5571781111521,263.6657575849893,0.0,0.0,0.0,0.0,0.0,0.0,0.0,0.0,0.0,0.0,0.0
2014-03-08,1.99863,460.5117856629088,541.0954890393932,316.4936401108423,0.0,0.0,1119.949620395381,0.0,554.9195247300598,0.0,0.0,0.0,0.0,0.0,0.0,0.0,0.0,0.0,0.0,0.0,0.0
2014-03-15,1.75817,541.8658105177573,623.2492134321286,522.5845760743805,0.0,0.0,1233.0312678054415,0.0,668.2559604976345,0.0,0.0,0.0,0.0,0.0,0.0,0.0,0.0,0.0,0.0,305.3970269083789,0.0
2014-03-22,1.44337,355.0646425255247,538.4690226424301,0.0,0.0,0.0,1179.064084119239,0.0,602.1568884465968,0.0,0.0,0.0,0.0,0.0,0.0,0.0,0.0,0.0,0.0,0.0,0.0
2014-03-29,1.40019,375.4710512401936,0.0,0.0,0.0,0.0,1122.8797219276755,352.7071261726546,445.6353834529981,0.0,0.0,0.0,0.0,0.0,0.0,0.0,0.0,0.0,0.0,0.0,0.0
2014-04-05,0.983607,0.0,308.21157452604206,0.0,0.0,0.0,1253.451439107766,0.0,662.9560959533301,0.0,0.0,0.0,0.0,0.0,0.0,0.0,0.0,0.0,0.0,0.0,0.0
2014-04-12,0.993455,363.4536932600788,345.4392630177928,0.0,0.0,0.0,767.1759047821118,0.0,591.1762651474343,0.0,0.0,0.0,603.134706724061,382.830184383285,382.830184383285,0.0,0.0,0.0,0.0,0.0,0.0
2014-04-19,1.3658,0.0,521.20608643376,0.0,0.0,0.0,879.8530301717534,0.0,451.0075632129651,0.0,0.0,0.0,0.0,0.0,0.0,0.0,0.0,0.0,0.0,0.0,0.0
2014-04-26,1.56836,278.7121889175256,0.0,0.0,0.0,0.0,1014.9519086493514,0.0,721.0270254396268,0.0,0.0,0.0,0.0,0.0,0.0,290.167632462778,0.0,0.0,0.0,0.0,0.0
2014-05-03,1.35659,0.0,273.3426176937628,0.0,0.0,0.0,1223.4199402443812,0.0,744.2897960089196,0.0,0.0,0.0,0.0,0.0,0.0,0.0,0.0,0.0,0.0,0.0,282.89920933391915
2014-05-10,1.45459,313.4045691337644,0.0,0.0,391.0654577296192,391.06545772961937,1122.919215856081,0.0,915.9160936875317,0.0,0.0,0.0,0.0,0.0,0.0,0.0,0.0,0.0,0.0,337.9740595041339,0.0
2014-05-17,1.52174,286.309109180926,0.0,0.0,0.0,0.0,940.256304163509,0.0,335.3407494400407,0.0,0.0,0.0,0.0,0.0,0.0,0.0,0.0,0.0,0.0,0.0,0.0
2014-05-24,1.48944,0.0,0.0,374.1468066730942,0.0,0.0,1046.6082443152886,0.0,523.1985397409313,0.0,0.0,0.0,0.0,0.0,0.0,0.0,0.0,0.0,0.0,327.05488565568896,0.0
2014-05-31,1.12015,0.0,0.0,0.0,0.0,0.0,777.5582748829456,695.5882676658027,0.0,0.0,0.0,0.0,445.3317293532107,0.0,0.0,0.0,0.0,0.0,0.0,0.0,364.7174847370112
2014-06-07,1.26949,0.0,0.0,0.0,0.0,0.0,923.6389807844126,0.0,457.71480438147375,0.0,0.0,0.0,0.0,0.0,0.0,0.0,0.0,0.0,0.0,0.0,0.0
2014-06-14,1.31662,0.0,0.0,0.0,444.8305435435287,444.8305435435286,868.2717493248315,0.0,474.7849691442742,0.0,0.0,0.0,0.0,0.0,0.0,0.0,0.0,0.0,0.0,0.0,0.0
2014-06-21,0.935829,0.0,0.0,0.0,0.0,0.0,623.5599613657387,0.0,441.238705385677,0.0,0.0,0.0,0.0,0.0,0.0,0.0,0.0,0.0,0.0,0.0,0.0
2014-06-28,0.923861,0.0,0.0,0.0,0.0,0.0,755.7530084236508,0.0,0.0,0.0,0.0,0.0,0.0,0.0,0.0,0.0,0.0,0.0,0.0,0.0,0.0
2014-07-05,0.907477,0.0,0.0,0.0,0.0,0.0,552.913410055073,0.0,0.0,0.0,0.0,0.0,0.0,0.0,0.0,0.0,0.0,0.0,0.0,0.0,0.0
2014-07-12,0.728079,0.0,431.693658168776,0.0,0.0,0.0,818.0883679057068,0.0,555.9713153476696,0.0,0.0,0.0,0.0,315.53075458882694,315.53075458882694,0.0,0.0,623.1713247759819,0.0,0.0,0.0
2014-07-19,0.758799,0.0,309.43146813956963,0.0,0.0,0.0,618.3751050263132,0.0,533.8804001666855,0.0,0.0,0.0,0.0,0.0,0.0,0.0,0.0,0.0,0.0,0.0,0.0
2014-07-26,0.881921,0.0,0.0,0.0,0.0,0.0,0.0,0.0,330.2528627866298,0.0,0.0,0.0,0.0,0.0,0.0,0.0,0.0,0.0,0.0,0.0,0.0
2014-08-02,0.648324,0.0,0.0,0.0,0.0,0.0,678.9107282155618,0.0,299.8331313440127,0.0,0.0,0.0,0.0,0.0,0.0,0.0,0.0,0.0,0.0,0.0,0.0
2014-08-09,1.0201,0.0,0.0,0.0,0.0,0.0,770.9371517798437,0.0,555.5243560079475,0.0,0.0,0.0,0.0,0.0,0.0,0.0,0.0,0.0,0.0,0.0,0.0
2014-08-16,1.28946,0.0,0.0,0.0,0.0,0.0,654.1155621929051,0.0,436.6872435778084,0.0,0.0,0.0,0.0,0.0,0.0,0.0,0.0,0.0,0.0,0.0,0.0
2014-08-23,1.56935,0.0,0.0,0.0,0.0,0.0,729.8990551737386,0.0,291.80971474998364,0.0,0.0,0.0,0.0,0.0,0.0,0.0,0.0,0.0,0.0,0.0,0.0
2014-08-30,1.71348,314.1133794820511,0.0,0.0,0.0,0.0,968.5654193302116,0.0,582.9591555509581,0.0,0.0,0.0,0.0,0.0,0.0,0.0,0.0,0.0,0.0,0.0,0.0
2014-09-06,1.81736,395.93671649085263,330.787753064263,0.0,0.0,0.0,1285.7708754394785,0.0,664.626072782415,0.0,0.0,0.0,0.0,0.0,0.0,0.0,0.0,0.0,0.0,0.0,0.0
2014-09-13,1.75595,0.0,0.0,0.0,0.0,0.0,971.6968029445663,437.918826100962,603.7212703880617,0.0,0.0,0.0,0.0,0.0,0.0,0.0,0.0,0.0,0.0,0.0,0.0
2014-09-20,2.12647,501.47884124811895,467.4153843907253,0.0,0.0,0.0,1016.7965683856733,399.9452918377551,583.0863558859752,0.0,0.0,0.0,526.299188605327,0.0,0.0,0.0,0.0,338.4600451182073,0.0,0.0,514.3239381574535
2014-09-27,2.04542,325.03607327278223,0.0,0.0,0.0,0.0,1089.1325294383205,0.0,812.6624761330935,0.0,0.0,0.0,0.0,0.0,0.0,0.0,0.0,0.0,0.0,0.0,0.0
2014-10-04,1.73174,419.5608495163339,586.5990310257305,0.0,0.0,0.0,784.4323034334584,312.7612011379442,448.3096080308408,0.0,0.0,0.0,0.0,0.0,0.0,0.0,0.0,0.0,335.8433545359082,0.0,0.0
2014-10-11,2.06627,375.2107178195874,650.1013241417695,0.0,0.0,0.0,1823.7652741709223,377.00555223905474,680.8474065760821,0.0,0.0,0.0,0.0,0.0,0.0,0.0,0.0,0.0,0.0,0.0,0.0
2014-10-18,1.73504,0.0,1150.1315021322148,0.0,0.0,0.0,1460.2343687169446,0.0,799.7090704958503,0.0,0.0,0.0,0.0,0.0,0.0,0.0,0.0,0.0,0.0,0.0,0.0
2014-10-25,1.8387,556.7933999690257,870.7180254338158,0.0,0.0,0.0,1425.1620785969951,0.0,602.1047745292373,0.0,0.0,0.0,0.0,0.0,0.0,0.0,0.0,0.0,0.0,0.0,0.0
2014-11-01,2.11822,709.453056967787,1089.3105727806171,0.0,392.3657621536014,392.3657621536015,1454.7922595666164,495.2978055448539,449.4851025198284,323.25077960822443,0.0,0.0,0.0,0.0,0.0,0.0,0.0,0.0,0.0,0.0,0.0
2014-11-08,2.5133,421.97767513813744,651.1623468243577,0.0,0.0,0.0,1605.3873036812406,929.7229285122364,807.7779656305593,0.0,0.0,0.0,0.0,0.0,0.0,373.33542820742616,0.0,338.1268695932821,0.0,0.0,0.0
2014-11-15,3.95533,1105.6217470244085,659.3147776203641,0.0,0.0,0.0,2009.75789306736,573.3551991730553,1102.549869320124,0.0,0.0,0.0,404.8046019675136,0.0,0.0,0.0,0.0,0.0,0.0,0.0,0.0
2014-11-22,5.70089,1185.735715374119,947.5061060661432,416.59741228410553,0.0,0.0,1263.2006932409272,674.6091855600355,763.1968174579903,0.0,0.0,0.0,0.0,0.0,0.0,0.0,0.0,0.0,0.0,0.0,0.0
2014-11-29,7.26216,597.2244826245025,1293.4593395449924,342.7350107216334,0.0,0.0,1744.3489395463962,814.7533314366733,1288.938803022059,0.0,0.0,0.0,0.0,0.0,0.0,0.0,0.0,0.0,0.0,0.0,0.0
2014-12-06,5.01346,1088.3380717675575,1405.1857336335197,0.0,491.6915250192786,491.6915250192787,2421.9705161661186,638.9159069962946,945.580376605955,0.0,0.0,0.0,0.0,0.0,0.0,0.0,0.0,0.0,0.0,0.0,482.9547155455933
2014-12-13,10.1072,1274.3401696386509,1076.8215833894235,0.0,350.31499477326093,350.3149947732609,1483.4617557655863,331.2300504351237,825.7962734588691,0.0,0.0,0.0,358.4765699576882,0.0,0.0,0.0,0.0,0.0,395.57770524160486,0.0,0.0
2014-12-20,15.3305,2862.7557067769126,3139.8305379047124,398.8001532293588,775.800036176733,775.8000361767329,2194.9665590745644,1326.6262071508504,750.3753894701475,600.4390291135448,471.5842223202394,471.58422232023946,757.806487931439,364.166481869217,364.166481869217,0.0,0.0,0.0,334.4589016259588,566.1718212164911,0.0
2014-12-27,19.4177,3410.338607979201,3402.0480435909503,830.1045069572643,1395.321958589736,1395.321958589736,2230.267753224868,1778.279279286077,1184.6912423359188,548.3213094825485,976.3535965982318,976.3535965982318,731.4526352800436,702.4657354884555,702.4657354884555,688.260763475409,0.0,0.0,0.0,683.3072322175049,501.3525819815658
2015-01-03,11.2212,3161.941240794606,3180.09286394901,653.8703604470194,1154.011530215115,1154.0115302151153,2824.807824792628,838.7329798601603,1430.4796877194156,515.59306625288,543.990816654842,543.990816654842,1149.395701577116,0.0,0.0,0.0,0.0,396.53470052396347,0.0,719.3810662608488,0.0
2015-01-10,5.42916,2131.3336060622883,1362.3366647073904,594.0020505776025,491.8819555804992,491.8819555804992,1743.1023981044486,888.6001630867446,1501.5285773385845,357.7165701042956,0.0,0.0,664.7011002639576,0.0,0.0,0.0,0.0,0.0,0.0,435.19660219964845,0.0
2015-01-17,8.25184,1833.7094171530864,1885.4770620143904,479.0355746988601,477.460932409804,477.460932409804,1699.482036663277,542.6123202951626,605.9003463247666,385.5867332177066,0.0,0.0,545.3253730903282,0.0,0.0,0.0,0.0,0.0,0.0,341.85054562055615,0.0
2015-01-24,9.66053,1394.1374143591684,1235.5223705258454,1299.389433623926,613.9921005093156,613.9921005093157,1464.9860697559154,483.1213759066581,1083.5356513961342,0.0,0.0,0.0,424.3665500093127,0.0,0.0,332.16357087705745,0.0,0.0,333.608804795626,0.0,0.0
2015-01-31,8.53614,1590.0411815840566,2150.954689135933,1025.858289320741,511.0150939380623,511.0150939380623,1950.8255569002365,0.0,911.4303963317108,374.2403072481409,0.0,0.0,664.6929863809089,0.0,0.0,0.0,384.7947888880544,0.0,0.0,0.0,0.0
2015-02-07,8.2831,2264.810155108731,1924.092127267912,945.2172277530996,535.1981100648817,535.1981100648818,1808.361364981589,549.4628738912351,1140.4253324604686,505.0819787369082,0.0,0.0,592.761879451091,387.2078929599396,387.2078929599396,0.0,0.0,0.0,0.0,488.4780969955783,0.0
2015-02-14,8.414,1087.975080755995,1585.0878182223432,1212.4307326184148,437.1011017012337,437.1011017012337,1966.639248061676,650.1153233782688,1076.4802633478337,0.0,0.0,0.0,0.0,0.0,0.0,422.4148209709002,0.0,0.0,0.0,0.0,441.0918564073203
2015-02-21,6.0343,1482.2889501058137,1493.135378315582,932.352642944487,411.3701483478583,411.3701483478583,1516.5158260584171,545.8846354454893,1093.040285650233,0.0,0.0,0.0,565.9891199610141,0.0,0.0,0.0,0.0,0.0,382.3006018041095,0.0,0.0
2015-02-28,5.52358,1487.4330982875729,1711.2869887585664,457.61626039675946,433.4367960476689,433.4367960476689,1901.7160742374608,447.8217752133818,1096.3438443753184,0.0,0.0,0.0,442.7590477623164,0.0,0.0,0.0,0.0,0.0,0.0,500.19500185466137,0.0
2015-03-07,5.87052,1320.770289381071,1170.992976495478,570.6107794677476,552.4595412398415,552.4595412398415,2112.7923014892926,412.3948458669342,847.5437394587063,0.0,0.0,0.0,312.2327657607666,517.1150484222745,517.1150484222745,0.0,0.0,0.0,0.0,0.0,0.0
2015-03-14,4.71464,1065.993852094531,932.124551480376,336.89576426843115,0.0,0.0,2229.6630018553506,426.4145534007026,707.3050932903999,0.0,0.0,0.0,0.0,0.0,0.0,0.0,0.0,0.0,0.0,0.0,0.0
2015-03-21,3.90324,581.6059018284044,530.3351427563967,0.0,0.0,0.0,1325.421168295719,0.0,892.458953214278,0.0,0.0,0.0,0.0,0.0,0.0,0.0,0.0,0.0,0.0,0.0,0.0
2015-03-28,2.79083,575.4453681157776,588.2318940076185,0.0,0.0,0.0,1399.661705524081,0.0,810.2693925219601,0.0,0.0,0.0,0.0,475.3653224078618,475.36532240786187,0.0,0.0,0.0,0.0,0.0,482.8096061085093
2015-04-04,1.97849,0.0,459.1084752117408,0.0,0.0,0.0,1692.4464537645526,0.0,913.311161511364,0.0,0.0,0.0,0.0,0.0,0.0,0.0,0.0,0.0,0.0,0.0,0.0
2015-04-11,1.78527,0.0,364.99622053068623,0.0,0.0,0.0,1200.076234042121,327.50102212604617,567.4227208093257,510.0243818177065,0.0,0.0,327.10150209578444,0.0,0.0,0.0,0.0,0.0,0.0,0.0,0.0
2015-04-18,1.65746,0.0,395.0997556732,0.0,0.0,0.0,1085.0123181935974,0.0,522.9393651813984,0.0,0.0,0.0,0.0,0.0,0.0,0.0,0.0,0.0,0.0,0.0,0.0
2015-04-25,1.53061,0.0,0.0,0.0,0.0,0.0,1269.121974480602,0.0,702.0101394638702,0.0,0.0,0.0,0.0,0.0,0.0,0.0,0.0,0.0,0.0,403.3082432992269,0.0
2015-05-02,1.42085,0.0,484.1609388444143,0.0,0.0,0.0,1041.5552199525132,0.0,696.7398135052337,0.0,0.0,0.0,0.0,0.0,0.0,0.0,0.0,0.0,0.0,0.0,0.0
2015-05-09,1.33359,507.8959302890577,0.0,0.0,0.0,0.0,1108.1857097938469,0.0,633.5278106453763,0.0,0.0,0.0,406.1246571646376,0.0,0.0,0.0,0.0,0.0,0.0,0.0,0.0
2015-05-16,1.87775,0.0,0.0,0.0,0.0,0.0,809.0253096516332,0.0,604.3071024378385,0.0,0.0,0.0,0.0,0.0,0.0,0.0,0.0,0.0,0.0,0.0,0.0
2015-05-23,1.55815,0.0,0.0,0.0,0.0,0.0,1169.8033480487102,0.0,677.221077928229,0.0,0.0,0.0,0.0,0.0,0.0,0.0,0.0,0.0,0.0,0.0,0.0
2015-05-30,0.793861,0.0,0.0,0.0,0.0,0.0,1380.773116840324,0.0,585.391133964836,0.0,523.1022338065568,523.1022338065568,468.6498084837442,0.0,0.0,0.0,0.0,0.0,0.0,0.0,0.0
2015-06-06,0.959342,0.0,0.0,0.0,0.0,0.0,759.2314369545688,0.0,474.0548796313432,0.0,535.83320485456,535.83320485456,0.0,0.0,0.0,0.0,0.0,0.0,0.0,0.0,0.0
2015-06-13,1.01034,0.0,0.0,0.0,0.0,0.0,1005.3135017714792,0.0,1100.0518846672362,0.0,0.0,0.0,0.0,0.0,0.0,0.0,0.0,0.0,0.0,0.0,0.0
2015-06-20,1.00705,0.0,0.0,0.0,0.0,0.0,1233.0217912586618,0.0,465.3332778646489,0.0,0.0,0.0,0.0,0.0,0.0,0.0,0.0,0.0,0.0,0.0,0.0
2015-06-27,0.626204,0.0,0.0,0.0,0.0,0.0,616.6839199237062,0.0,384.5578042371776,0.0,0.0,0.0,0.0,0.0,0.0,0.0,0.0,0.0,0.0,0.0,0.0
2015-07-04,0.619933,0.0,0.0,0.0,0.0,0.0,1129.3002824539765,0.0,0.0,0.0,0.0,0.0,0.0,0.0,0.0,0.0,0.0,0.0,0.0,0.0,0.0
2015-07-11,0.685871,0.0,0.0,0.0,0.0,0.0,1013.9581621033508,0.0,342.32321913616715,0.0,0.0,0.0,0.0,0.0,0.0,0.0,0.0,0.0,0.0,0.0,0.0
2015-07-18,1.06977,334.5994474668136,0.0,0.0,0.0,0.0,655.3699764590086,0.0,495.82592189077343,0.0,0.0,0.0,0.0,0.0,0.0,0.0,0.0,0.0,0.0,0.0,0.0
2015-07-25,0.613358,0.0,0.0,0.0,0.0,0.0,992.4773364883388,0.0,622.2924136841215,0.0,0.0,0.0,0.0,0.0,0.0,0.0,0.0,0.0,0.0,0.0,0.0
2015-08-01,0.596125,339.70036042963034,379.9871865101151,0.0,0.0,0.0,515.9754271767541,0.0,412.61649286904094,0.0,0.0,0.0,0.0,0.0,0.0,0.0,0.0,0.0,0.0,0.0,0.0
2015-08-08,0.775031,0.0,0.0,0.0,0.0,0.0,807.4166326679707,0.0,943.666826528056,0.0,0.0,0.0,0.0,0.0,0.0,0.0,0.0,0.0,0.0,0.0,0.0
2015-08-15,1.07184,0.0,0.0,0.0,0.0,0.0,615.9578565986171,0.0,0.0,0.0,0.0,0.0,0.0,0.0,0.0,0.0,0.0,0.0,385.9015702992196,0.0,0.0
2015-08-22,1.23869,0.0,0.0,0.0,0.0,0.0,738.0258023641691,0.0,956.920935368478,0.0,0.0,0.0,0.0,0.0,0.0,0.0,0.0,0.0,0.0,0.0,0.0
2015-08-29,1.19769,0.0,332.8142291105566,0.0,0.0,0.0,1329.054498946108,0.0,327.20159715477143,0.0,0.0,0.0,0.0,0.0,0.0,0.0,0.0,0.0,0.0,0.0,0.0
2015-09-05,1.05548,342.758637352007,315.5232393517215,0.0,0.0,0.0,1399.1351129471147,0.0,465.39087844237366,0.0,0.0,0.0,0.0,0.0,0.0,0.0,0.0,0.0,0.0,0.0,0.0
2015-09-12,0.871632,304.65246363057184,375.4629014802797,0.0,0.0,0.0,1531.475017940813,0.0,416.8829227283378,0.0,0.0,0.0,0.0,0.0,0.0,0.0,0.0,0.0,0.0,0.0,0.0
2015-09-19,1.25708,0.0,0.0,0.0,0.0,0.0,1316.801245480126,0.0,764.1547556637264,0.0,0.0,0.0,0.0,0.0,0.0,0.0,0.0,0.0,0.0,0.0,0.0
2015-09-26,1.64931,0.0,680.6520706534395,0.0,0.0,0.0,1393.6412266965226,0.0,584.4885279130152,0.0,0.0,0.0,0.0,0.0,0.0,0.0,0.0,0.0,0.0,0.0,0.0
2015-10-03,2.15379,312.0586022417586,589.3516596114478,0.0,0.0,0.0,1287.8052153346712,407.127080391728,819.7902415861349,0.0,0.0,0.0,0.0,0.0,0.0,0.0,0.0,0.0,0.0,0.0,0.0
2015-10-10,2.58875,434.9230416355406,602.0627584244115,0.0,0.0,0.0,1230.879185629086,533.6113942272295,728.4110167055508,0.0,0.0,0.0,0.0,0.0,0.0,0.0,0.0,0.0,0.0,0.0,0.0
2015-10-17,2.48819,487.5379872909497,758.3974203575452,0.0,0.0,0.0,1867.790933822355,361.346053516425,630.8940177527529,0.0,0.0,0.0,0.0,504.7362283084087,504.7362283084087,0.0,0.0,0.0,0.0,0.0,0.0
2015-10-24,2.31635,786.46279686871,597.2167884253018,0.0,0.0,0.0,1603.3720097239786,0.0,483.3987179598664,0.0,0.0,0.0,0.0,0.0,0.0,0.0,0.0,0.0,0.0,0.0,0.0
2015-10-31,2.19702,446.03583311015615,0.0,289.8014022595107,0.0,0.0,1266.2648027490952,0.0,618.4447502575099,0.0,0.0,0.0,0.0,0.0,0.0,0.0,0.0,0.0,0.0,0.0,0.0
2015-11-07,2.31715,738.8470466570408,983.4309187978766,0.0,0.0,0.0,1596.850357123924,295.9329597000448,689.514818396767,0.0,0.0,0.0,285.9153098743226,0.0,0.0,0.0,0.0,0.0,0.0,0.0,0.0
2015-11-14,2.20919,733.5154567968713,310.5892201735513,437.4853616104352,0.0,0.0,2152.875378789753,306.55531405218017,811.667067477376,0.0,0.0,0.0,0.0,0.0,0.0,0.0,0.0,0.0,0.0,356.15697030509205,0.0
2015-11-21,2.64504,523.6587769340831,327.78969449106967,331.8396332853946,0.0,0.0,1687.8983969578676,0.0,933.1461899250868,0.0,0.0,0.0,0.0,0.0,0.0,0.0,0.0,0.0,0.0,0.0,0.0
2015-11-28,3.50323,703.1615232738716,875.1354469914321,0.0,0.0,0.0,1318.4109559231686,0.0,645.1235137004219,0.0,0.0,0.0,0.0,0.0,0.0,0.0,0.0,0.0,0.0,0.0,0.0
2015-12-05,2.45363,481.2208060342601,379.4935378335501,301.5403452494699,0.0,0.0,1672.5227004132837,310.2865016651332,988.3930023833116,0.0,0.0,0.0,0.0,0.0,0.0,0.0,0.0,0.0,0.0,0.0,0.0
2015-12-12,2.76306,578.0456251087909,817.6149736703856,329.14920161302217,0.0,0.0,1760.2952140639609,0.0,916.2731190869326,0.0,340.6697624445952,340.6697624445953,366.0888298159306,0.0,0.0,0.0,0.0,0.0,0.0,0.0,0.0
2015-12-19,3.1391,333.08901667646586,733.629819667714,327.6210176132494,0.0,0.0,2012.611621119314,0.0,556.0545700856967,0.0,0.0,0.0,0.0,0.0,0.0,0.0,0.0,0.0,0.0,0.0,0.0
2015-12-26,3.28583,724.6797860713405,462.3304147357744,627.3656883381527,430.6532252715509,430.6532252715509,1131.0796828788195,0.0,807.0350994264973,0.0,0.0,0.0,0.0,533.0809455944927,533.0809455944927,0.0,0.0,0.0,0.0,349.2999902265508,0.0
2016-01-02,2.88941,0.0,0.0,717.6180576018141,0.0,0.0,1664.36662783979,0.0,997.251408398074,0.0,0.0,0.0,0.0,0.0,0.0,0.0,0.0,0.0,0.0,0.0,0.0
2016-01-09,2.77095,705.9665052286362,0.0,936.9599856069592,0.0,0.0,1557.28751724761,256.05942127017704,806.5117533173757,0.0,0.0,0.0,0.0,0.0,0.0,0.0,0.0,0.0,0.0,0.0,0.0
2016-01-16,2.79062,423.82534513070783,525.1366089052976,918.926360237748,211.36831418373177,211.36831418373177,1546.5268268698344,222.28834620047505,682.355399110859,0.0,0.0,0.0,0.0,0.0,0.0,0.0,0.0,0.0,0.0,0.0,0.0
2016-01-23,3.24173,571.8643054452475,276.37943462219613,964.2377171734448,0.0,0.0,1640.3966131780785,244.5251590117065,899.8966671646998,0.0,0.0,0.0,0.0,0.0,0.0,0.0,0.0,0.0,0.0,0.0,0.0
2016-01-30,3.15247,655.375934169653,495.054665402786,919.2789298311804,0.0,0.0,1772.569417633464,303.8575082504782,739.3403618940209,0.0,0.0,0.0,218.05543440188148,0.0,0.0,0.0,0.0,0.0,0.0,249.50033923458724,0.0
2016-02-06,3.24061,452.0461382423296,700.5199387535763,667.1005697215558,0.0,0.0,1791.3676700007572,221.387739615741,806.1959760253956,0.0,0.0,0.0,245.17918779674304,0.0,0.0,0.0,0.0,0.0,0.0,189.8520006849999,191.71153431469705
2016-02-13,3.12853,369.5813074818346,542.7487399665962,1287.060599272034,404.9184511546929,404.9184511546929,1713.8590461276265,0.0,505.1316289533312,302.75300468880704,0.0,0.0,0.0,221.04983505849208,221.0498350584921,0.0,0.0,0.0,0.0,0.0,0.0
2016-02-20,3.89068,769.9049235589503,1084.3952712259068,745.2805348323551,0.0,0.0,2024.1237720259564,412.3658715784941,648.4596384345265,0.0,0.0,0.0,0.0,0.0,0.0,0.0,0.0,0.0,0.0,270.6924967162358,244.7507629528793
2016-02-27,4.39855,572.3387374722969,821.3585613647791,683.321110755207,0.0,0.0,1886.982405488422,305.1382718771422,836.7914767152554,0.0,0.0,0.0,210.038937813635,0.0,0.0,0.0,0.0,0.0,0.0,0.0,0.0
2016-03-05,5.47097,756.0539210986765,1331.0039392273698,543.0984571798401,363.1078642678933,363.1078642678933,1795.7214530887888,328.8210516035924,863.022660922306,276.80730272093854,0.0,0.0,187.67838693913004,0.0,0.0,0.0,0.0,0.0,0.0,229.17692989826168,0.0
2016-03-12,6.55058,799.2751227337119,880.3214153104608,541.6717619027992,466.8978011175115,466.8978011175115,1878.9656530262644,438.8407745660796,829.6300960270669,0.0,194.389940838748,194.389940838748,194.03033107146115,307.2711200842735,307.2711200842735,0.0,0.0,0.0,185.3899121973749,0.0,0.0
2016-03-19,4.98188,707.2589844424539,655.7824084774164,530.0241118682984,0.0,0.0,1674.9298790912346,372.2013475892349,735.3200526349316,279.2295513822153,0.0,0.0,258.8870288875588,210.57097206665264,210.57097206665264,228.72296305640137,0.0,0.0,0.0,0.0,0.0
2016-03-26,5.03734,566.7029937866665,534.8782950278517,236.1797801238888,188.48983558993552,188.48983558993552,1486.6845932167355,491.7952453713448,773.2496437909173,0.0,252.78863401012893,252.78863401012893,0.0,0.0,0.0,0.0,0.0,0.0,0.0,0.0,0.0
2016-04-02,5.4502,549.1279776738589,606.2463639753605,0.0,0.0,0.0,1252.7521162941391,442.6601349318578,752.3941607410334,278.7677297035594,0.0,0.0,0.0,188.55427025549608,188.55427025549608,0.0,0.0,0.0,0.0,0.0,0.0
2016-04-09,4.41285,495.2408231994941,431.0106669087697,487.6056041508839,0.0,0.0,1657.5076338033905,241.80870251629767,630.1381971958266,0.0,0.0,0.0,0.0,0.0,0.0,0.0,302.8017409715568,0.0,0.0,0.0,0.0
2016-04-16,3.62936,479.0503280160104,671.5278508536602,0.0,238.0892250546897,238.0892250546897,1139.4881817937578,0.0,635.1753879587851,0.0,0.0,0.0,0.0,0.0,0.0,0.0,0.0,0.0,0.0,0.0,0.0
2016-04-23,3.92021,511.7038822089681,519.7137745200585,0.0,0.0,0.0,1254.1775935447251,238.010394284193,512.8359414005168,0.0,0.0,0.0,0.0,0.0,0.0,0.0,243.47952878088896,0.0,0.0,0.0,0.0
2016-04-30,3.10614,324.416123989458,343.588550557903,0.0,228.7311288205348,228.7311288205348,1241.1892912866306,0.0,812.2057157078132,0.0,0.0,0.0,0.0,0.0,0.0,0.0,0.0,0.0,0.0,242.3466478066337,0.0
2016-05-07,2.54817,0.0,284.20610671334924,0.0,0.0,0.0,992.9644034926816,0.0,501.0879003593605,0.0,0.0,0.0,0.0,0.0,0.0,0.0,0.0,0.0,0.0,0.0,0.0
2016-05-14,2.51917,322.9374348436163,395.1128784351011,0.0,0.0,0.0,1217.4184374282866,212.8622188208432,619.3321834930131,0.0,0.0,0.0,0.0,0.0,0.0,0.0,0.0,0.0,0.0,0.0,0.0
2016-05-21,2.69975,0.0,319.77078052730343,0.0,0.0,0.0,1089.1465975697167,0.0,497.20424255670537,0.0,0.0,0.0,215.47916651003715,0.0,0.0,0.0,0.0,0.0,0.0,0.0,0.0
2016-05-28,2.23771,0.0,213.47221279195043,0.0,0.0,0.0,1047.4381875976287,0.0,490.8843974897935,0.0,0.0,0.0,0.0,0.0,0.0,0.0,0.0,0.0,0.0,0.0,0.0
2016-06-04,1.92926,246.2316059648067,204.4810938766399,0.0,0.0,0.0,1041.5796496209823,0.0,537.0412530708713,0.0,0.0,0.0,0.0,0.0,0.0,0.0,0.0,0.0,0.0,0.0,0.0
2016-06-11,1.64923,203.332445259292,311.1020058566562,0.0,0.0,0.0,966.9393755982812,0.0,416.9008595888021,0.0,0.0,0.0,0.0,0.0,0.0,0.0,0.0,0.0,0.0,0.0,0.0
2016-06-18,1.18132,0.0,203.57478686017265,0.0,387.159482025689,387.1594820256888,1124.4626661640805,0.0,385.6236131744615,0.0,0.0,0.0,0.0,0.0,0.0,0.0,0.0,0.0,0.0,0.0,0.0
2016-06-25,1.23199,0.0,0.0,0.0,0.0,0.0,791.7326796758722,0.0,365.40375517968886,0.0,0.0,0.0,0.0,0.0,0.0,0.0,0.0,0.0,0.0,0.0,0.0
2016-07-02,1.09025,0.0,0.0,0.0,0.0,0.0,912.7772048787792,0.0,0.0,0.0,0.0,0.0,0.0,0.0,0.0,0.0,0.0,0.0,0.0,0.0,0.0
2016-07-09,1.08565,0.0,253.42396885235885,0.0,0.0,0.0,953.9911648303416,0.0,297.1452813546649,0.0,0.0,0.0,0.0,0.0,0.0,0.0,0.0,0.0,0.0,0.0,0.0
2016-07-16,0.77436,0.0,0.0,0.0,0.0,0.0,699.1579026985415,0.0,449.2236873439124,0.0,0.0,0.0,245.4816941815305,0.0,0.0,0.0,0.0,0.0,0.0,0.0,0.0
2016-07-23,1.212,255.3865020325773,0.0,0.0,249.1256150000999,249.12561500009988,703.2613291716453,0.0,312.647424564438,0.0,0.0,0.0,0.0,0.0,0.0,0.0,0.0,0.0,0.0,0.0,0.0
2016-07-30,0.659184,289.24907336661795,0.0,222.64954049777123,0.0,0.0,696.0741624007132,0.0,525.8711757768018,0.0,0.0,0.0,0.0,0.0,0.0,0.0,0.0,0.0,0.0,0.0,0.0
2016-08-06,0.991988,0.0,0.0,0.0,0.0,0.0,724.2147988126023,0.0,0.0,0.0,0.0,0.0,0.0,0.0,0.0,0.0,218.49391242481616,0.0,0.0,0.0,0.0
2016-08-13,1.55411,0.0,337.88640214816866,0.0,0.0,0.0,597.6672161502556,0.0,313.91288497931305,0.0,0.0,0.0,0.0,239.714964393888,239.714964393888,0.0,0.0,0.0,0.0,0.0,0.0
2016-08-20,1.39542,0.0,0.0,0.0,0.0,0.0,685.9593515646469,0.0,375.2955054005784,0.0,0.0,0.0,0.0,0.0,0.0,0.0,0.0,0.0,0.0,0.0,0.0
2016-08-27,1.38221,254.9651024121172,265.5315247910732,0.0,0.0,0.0,934.0333064501732,0.0,456.45575953257134,0.0,0.0,0.0,0.0,0.0,0.0,0.0,0.0,0.0,0.0,0.0,0.0
2016-09-03,1.3963,268.40925050469167,0.0,0.0,0.0,0.0,1005.2916089776068,0.0,407.9902481420084,0.0,0.0,0.0,0.0,0.0,0.0,0.0,0.0,0.0,0.0,0.0,0.0
2016-09-10,1.32311,322.6212410498631,431.4358314891347,0.0,0.0,0.0,1155.2824308313484,0.0,325.8744010520873,0.0,0.0,0.0,0.0,0.0,0.0,0.0,0.0,0.0,0.0,0.0,0.0
2016-09-17,1.76768,490.53578929753263,462.66596198574905,0.0,0.0,0.0,2813.447247902112,0.0,637.622819511799,0.0,0.0,0.0,0.0,0.0,0.0,0.0,0.0,0.0,0.0,0.0,0.0
2016-09-24,1.8797,318.1791761928987,530.4716751715571,0.0,309.6339216325585,309.6339216325585,1300.969452728697,286.85940635705447,275.8950439809821,0.0,0.0,0.0,202.29041991423853,0.0,0.0,0.0,0.0,0.0,0.0,0.0,0.0
2016-10-01,1.51172,255.35691111083304,478.8674722780409,0.0,0.0,0.0,1124.2066079648664,457.32888852889954,723.9080089029283,0.0,0.0,0.0,0.0,0.0,0.0,0.0,0.0,0.0,0.0,0.0,0.0
2016-10-08,2.22398,232.09428431287373,473.5139626451699,0.0,0.0,0.0,1127.1084664661148,452.6545416003961,438.6642760791868,0.0,0.0,0.0,0.0,0.0,0.0,0.0,0.0,0.0,0.0,0.0,0.0
2016-10-15,1.6809,268.3183838706199,648.6907150702185,235.706100563072,0.0,0.0,994.0201539592996,470.1553649308111,485.61424063770346,0.0,0.0,0.0,0.0,0.0,0.0,0.0,0.0,0.0,0.0,0.0,0.0
2016-10-22,1.99635,324.76381492089143,386.7966386259777,0.0,0.0,0.0,1024.3426113556488,319.118121372577,667.2645443386837,0.0,0.0,0.0,0.0,0.0,0.0,0.0,0.0,0.0,0.0,221.37724080124312,0.0
2016-10-29,2.40322,464.7487870943568,613.1640810593178,224.36114678808144,0.0,0.0,1354.245987311807,311.2029249247825,737.6773864787191,0.0,0.0,0.0,0.0,0.0,0.0,0.0,0.0,0.0,0.0,0.0,0.0
2016-11-05,2.70133,322.3572572841821,489.0067977703887,0.0,187.37392482758105,187.3739248275811,1232.4455138211813,234.61513236476463,750.176004485395,0.0,0.0,0.0,0.0,0.0,0.0,0.0,0.0,0.0,0.0,228.2808251688677,0.0
2016-11-12,2.46088,375.1430444191205,317.7444573690309,256.5741839090011,0.0,0.0,1108.218024329727,0.0,645.6350071328056,0.0,0.0,0.0,0.0,0.0,0.0,0.0,0.0,0.0,0.0,0.0,0.0
2016-11-19,2.81762,614.3658397205938,602.9931831478302,363.5851294035509,0.0,0.0,1354.890369986951,368.67999999942754,602.2639816927717,0.0,0.0,0.0,224.58025521067128,0.0,0.0,0.0,0.0,0.0,0.0,215.1761088968382,0.0
2016-11-26,2.62077,427.8399962710787,446.4357008828159,305.2765295949189,0.0,0.0,1527.459340873618,284.5641409295753,542.6947730067932,0.0,0.0,0.0,0.0,0.0,0.0,207.4328229159992,0.0,0.0,0.0,210.1459786844997,0.0
2016-12-03,2.69573,647.0707979658267,258.5601164317507,475.0788552703544,0.0,0.0,1648.8119317649284,286.831554306526,818.5438099826363,0.0,0.0,0.0,173.79021896463578,0.0,0.0,0.0,0.0,0.0,0.0,204.20863741046688,0.0
2016-12-10,2.65332,531.6267750368216,498.12627555880346,228.7852994718425,0.0,0.0,1783.3254028267932,309.06407802398223,771.2963533704421,0.0,0.0,0.0,272.6690226396004,0.0,0.0,0.0,0.0,0.0,0.0,257.77268523680993,0.0
2016-12-17,3.84472,644.3114488534839,821.5662096881085,773.7809525400015,336.3196869558287,336.3196869558287,1355.3555824271164,338.3396958081604,754.9749341295925,0.0,0.0,0.0,245.032258682874,0.0,0.0,0.0,0.0,0.0,0.0,0.0,0.0
2016-12-24,4.96494,909.1154422188956,903.714228627854,948.615337860188,308.5133601398696,308.5133601398696,1826.635722752193,406.8130239745559,919.9706939628148,243.07686738905903,204.49562561769824,204.49562561769815,0.0,0.0,0.0,0.0,0.0,0.0,0.0,0.0,218.82283178585965
2016-12-31,5.47445,764.6656643092247,914.2066696053928,1506.302787260345,249.5598207372385,249.5598207372385,1482.9165273966407,275.55085607903794,1077.4918501119926,0.0,205.44488609913205,205.4448860991321,0.0,256.34234246510164,256.3423424651016,0.0,0.0,225.1600219975129,0.0,341.22962443042354,0.0
2017-01-07,4.38736,718.4299582850268,804.3305281702578,1253.3326803503762,292.76734874577227,292.76734874577227,1754.9336062919026,507.0344994074544,887.1253464832072,0.0,0.0,0.0,181.5775944545294,187.9633450173509,187.9633450173509,259.8825028225684,0.0,0.0,0.0,271.88893493697424,0.0
2017-01-14,4.11625,903.050207347457,907.3188610997638,1287.8774308001696,289.6544017355631,289.6544017355631,1414.321285779928,298.03069674330214,716.7763652248697,0.0,366.3536695970704,366.3536695970705,181.5465318680472,198.41075713782996,198.41075713782996,173.7841852972295,0.0,0.0,0.0,282.6628339316168,0.0
2017-01-21,6.10548,1211.5917749856044,1184.5402378900642,1187.1061014244842,342.63995431567906,342.6399543156789,1344.681063852266,670.8599308930039,963.5802011803114,213.55471934742403,222.2536810619881,222.2536810619881,338.38482533912634,0.0,0.0,203.84031311900256,0.0,0.0,173.20983485919737,0.0,0.0
2017-01-28,5.26563,789.5536801448931,991.1905157077924,824.05576749177,178.87374029617496,178.87374029617493,1344.3867348849076,290.00928484164825,758.0098897737183,0.0,0.0,0.0,215.71095181515332,0.0,0.0,0.0,0.0,0.0,0.0,271.3946150140419,0.0
2017-02-04,6.47647,1204.4041293987204,1418.721452940596,1172.8477434798303,434.02984617103874,434.0298461710388,1493.374525588022,561.0319112923781,799.3053561271823,312.4182148127088,175.16967244718927,175.16967244718927,352.4855982344654,198.55007240830832,198.55007240830832,190.59206878508616,0.0,0.0,0.0,339.5822135750133,321.32964360358113
2017-02-11,7.76346,1950.5213824561329,2324.555698266819,1176.118899003005,534.8654688210675,534.8654688210675,1873.716045023682,1100.1646033847398,1057.691825202205,401.8369282801552,438.3728912942264,438.3728912942264,494.9081245705562,212.3852268097424,212.3852268097423,375.751943555121,262.7578364929255,0.0,0.0,0.0,231.21416902179803
2017-02-18,7.56183,2137.2658370936188,2551.368675808428,744.8987251491234,607.0836922909982,607.0836922909984,1880.355200141257,854.8978689244806,936.1888123745392,466.1122781995054,355.34586153546485,355.3458615354648,418.9315056702996,293.71831769144666,293.71831769144666,0.0,307.915279020932,167.60926424997652,0.0,280.10779199378584,238.64247267416923
2017-02-25,7.42094,1869.6426880528395,2301.7374856336105,699.7563129432954,494.0344023483086,494.0344023483087,1411.542749964299,871.7474139882858,1124.1298599080214,354.5621301609321,341.1082996365544,341.1082996365544,929.7895542642564,230.14088870155064,230.1408887015506,210.9524622661424,354.71497572994537,0.0,0.0,233.11113374838612,207.19286636492248
2017-03-04,6.29416,1486.747246884489,1562.9417351767968,456.0314594599303,484.0167168497573,484.0167168497573,1529.7514880081628,618.6562111710824,1040.0716980461757,391.6901704623324,180.90564794209848,180.90564794209848,438.9526006305714,153.7925175809587,153.7925175809587,0.0,0.0,0.0,0.0,360.209206809083,0.0
2017-03-11,6.59379,1079.5446721876735,1079.3302916310072,464.3718958894317,476.5553160945214,476.5553160945214,1553.2269676690237,530.2704016900766,1066.2214524986427,243.19380643872432,165.67641916789484,165.67641916789484,207.27381806966255,169.72824582491498,169.72824582491498,327.1676726100925,0.0,197.581976009602,308.9173618300794,0.0,165.1370974623836
2017-03-18,5.96548,844.658410529592,1250.074866849471,346.1565255489466,421.13257538664806,421.132575386648,1295.8311794964786,503.2011816344474,749.1175239212395,200.75312219732555,213.7536686967325,213.75366869673243,269.0691204740422,0.0,0.0,196.142596413212,0.0,0.0,0.0,0.0,222.3701515198468
2017-03-25,6.78633,1199.9048783469632,1350.2368346103017,420.5822799859597,549.6234913416847,549.6234913416847,1516.0380601897314,571.6938549213419,901.2953729854828,319.8955587961124,255.73744878590256,255.7374487859026,377.9375390361531,284.5627760239772,284.5627760239772,283.1514980016743,215.18462729343187,181.3658769661116,0.0,315.7561911450365,0.0
2017-04-01,5.18245,809.9822967879223,1058.496216293354,302.88228291656424,0.0,0.0,1439.71395298303,416.6719091286455,756.3134687158165,189.33555848834104,0.0,0.0,228.67303278050025,198.40846985893137,198.40846985893137,183.1163875704054,0.0,0.0,167.8515430160256,0.0,209.1567100742411
2017-04-08,3.28208,672.6565838555506,651.6197719781662,0.0,166.2380504561076,166.23805045610766,1138.8531838614117,361.79774928347945,669.1150084546197,249.7095518129356,0.0,0.0,313.0378570363158,0.0,0.0,0.0,163.2634820018205,0.0,0.0,0.0,0.0
2017-04-15,2.89855,0.0,499.2867137479106,235.99482885788169,0.0,0.0,622.058412023439,0.0,570.2055831619143,0.0,0.0,0.0,0.0,187.8695491123318,187.8695491123318,0.0,0.0,0.0,0.0,0.0,0.0
2017-04-22,2.77162,596.2773275236755,487.3562282298456,0.0,0.0,0.0,1103.796103807643,0.0,768.4535876638588,0.0,0.0,0.0,0.0,0.0,0.0,0.0,0.0,0.0,0.0,0.0,0.0
2017-04-29,2.05347,416.5827711785225,550.4228683354764,0.0,0.0,0.0,1025.798226947824,0.0,511.1019231378028,243.50225880184263,0.0,0.0,0.0,0.0,0.0,0.0,0.0,0.0,0.0,221.19969626315176,0.0
2017-05-06,2.29982,310.0815362543564,236.21395054818447,0.0,171.61414103647613,171.6141410364762,880.5594912351058,186.9598954098734,795.8609573135138,0.0,0.0,0.0,0.0,0.0,0.0,0.0,0.0,0.0,0.0,0.0,0.0
2017-05-13,2.32988,318.684960041618,313.3865166165843,0.0,0.0,0.0,852.5515494598524,0.0,535.7748233704943,0.0,0.0,0.0,0.0,0.0,0.0,0.0,0.0,0.0,0.0,0.0,0.0
2017-05-20,2.50634,252.1499681255992,190.38001364905307,0.0,250.35371806167865,250.35371806167865,719.4736390066377,0.0,368.7261630861819,0.0,0.0,0.0,0.0,0.0,0.0,0.0,0.0,0.0,0.0,0.0,0.0
2017-05-27,2.03091,0.0,259.91100060473593,0.0,0.0,0.0,1056.8317785695103,0.0,534.9895839632271,0.0,0.0,0.0,0.0,0.0,0.0,0.0,0.0,0.0,0.0,0.0,0.0
2017-06-03,1.29626,0.0,271.22182085968325,0.0,0.0,0.0,1013.412563851856,0.0,563.1102369953817,0.0,0.0,0.0,0.0,0.0,0.0,0.0,0.0,0.0,0.0,0.0,0.0
2017-06-10,1.0559,386.0182191395245,190.35702304309672,0.0,0.0,0.0,673.2555510127052,0.0,694.7309726819856,0.0,0.0,0.0,0.0,0.0,0.0,0.0,0.0,0.0,0.0,0.0,0.0
2017-06-17,0.830171,0.0,238.0496649006018,0.0,0.0,0.0,856.5065228543511,0.0,650.7810645148645,0.0,0.0,0.0,0.0,0.0,0.0,0.0,0.0,0.0,0.0,0.0,0.0
2017-06-24,1.1051,291.9156048953178,0.0,0.0,0.0,0.0,996.4904675203873,176.95744480556223,282.3420018390836,0.0,0.0,0.0,0.0,0.0,0.0,211.14312448296627,0.0,0.0,0.0,0.0,0.0
2017-07-01,0.877588,0.0,200.4678880069685,0.0,0.0,0.0,1047.0059364534525,0.0,407.4093142417106,0.0,0.0,0.0,0.0,0.0,0.0,0.0,0.0,0.0,0.0,0.0,0.0
2017-07-08,0.934016,0.0,0.0,0.0,0.0,0.0,724.0818792232574,0.0,531.3970914733561,0.0,0.0,0.0,0.0,0.0,0.0,0.0,0.0,0.0,0.0,0.0,0.0
2017-07-15,0.955483,0.0,208.56410309044844,413.19131544483344,0.0,0.0,1199.6005077709106,0.0,374.4984401828467,0.0,0.0,0.0,225.863390203454,0.0,0.0,0.0,0.0,0.0,0.0,0.0,0.0
2017-07-22,0.687916,0.0,184.69170469149807,0.0,0.0,0.0,620.3997116673328,0.0,338.68253556434144,0.0,0.0,0.0,0.0,0.0,0.0,0.0,0.0,0.0,0.0,0.0,0.0
2017-07-29,0.625698,255.02227006392687,0.0,0.0,0.0,0.0,400.9897971966018,0.0,321.6238418042984,0.0,0.0,0.0,0.0,0.0,0.0,0.0,0.0,0.0,0.0,0.0,0.0
2017-08-05,0.608918,208.7133945060889,0.0,0.0,0.0,0.0,1083.2201518259037,0.0,299.89691425201414,0.0,0.0,0.0,0.0,0.0,0.0,0.0,0.0,0.0,0.0,0.0,0.0
2017-08-12,0.802016,302.1566748431836,0.0,0.0,0.0,0.0,1109.1386867992085,0.0,658.0344431062741,0.0,0.0,0.0,0.0,0.0,0.0,0.0,0.0,0.0,0.0,0.0,0.0
2017-08-19,1.34966,202.27459329569004,269.73016901606155,0.0,0.0,0.0,962.9465060558848,0.0,308.2427013720608,0.0,0.0,0.0,0.0,0.0,0.0,0.0,0.0,0.0,0.0,0.0,0.0
2017-08-26,1.716,0.0,280.8573425180001,0.0,0.0,0.0,904.4406359511282,0.0,646.9644174464056,0.0,0.0,0.0,181.84789347714616,0.0,0.0,0.0,0.0,0.0,0.0,211.67703453968664,0.0
2017-09-02,1.54497,355.5383000994733,492.3467270953232,0.0,0.0,0.0,808.9422889800067,0.0,472.2339744450722,0.0,0.0,0.0,0.0,0.0,0.0,0.0,0.0,0.0,0.0,0.0,0.0
2017-09-09,1.71125,420.6304767642265,305.40876542561097,0.0,0.0,0.0,1000.1734795247028,0.0,759.9911565067299,0.0,0.0,0.0,0.0,0.0,0.0,0.0,0.0,0.0,0.0,191.11056434574505,0.0
2017-09-16,1.74159,358.85156810738505,344.2211495429593,0.0,0.0,0.0,1179.860922148931,281.32086814849856,497.7267411314074,0.0,0.0,0.0,0.0,0.0,0.0,0.0,0.0,0.0,0.0,0.0,0.0
2017-09-23,1.60263,314.00881478050604,725.6349512288601,255.18271203294267,0.0,0.0,1314.1201858244426,462.8038078393443,469.8496220391767,0.0,0.0,0.0,0.0,0.0,0.0,0.0,0.0,0.0,0.0,0.0,0.0
2017-09-30,1.73927,355.6526862466483,582.5966326279037,0.0,214.38990986676384,214.38990986676384,1298.4047539204644,345.52474647268394,521.7840231186857,0.0,0.0,0.0,0.0,0.0,0.0,0.0,0.0,174.1979661836815,0.0,174.54453458252738,0.0
2017-10-07,1.80637,579.1613380567272,787.0111526484287,230.3293524437088,0.0,0.0,1270.4591100788482,590.0503612494161,591.3160254555931,0.0,0.0,0.0,256.97242643344566,219.4077317787874,219.40773177878737,0.0,0.0,0.0,0.0,310.84711759476306,211.41335570197063
2017-10-14,1.88136,677.2346327827321,462.296205303575,285.9764895690133,0.0,0.0,1567.9169377980322,414.6627716018194,578.8337717393358,0.0,0.0,0.0,0.0,0.0,0.0,0.0,0.0,0.0,0.0,0.0,0.0
2017-10-21,1.8734,534.7891635081779,602.3693529018188,254.8728620883174,0.0,0.0,1590.6114994047114,526.0297581368396,570.1722204615272,180.980874671654,0.0,0.0,0.0,0.0,0.0,0.0,0.0,0.0,0.0,0.0,0.0
2017-10-28,2.12902,506.3403070068521,677.6342621606113,184.01024765366265,0.0,0.0,968.8684062565584,463.2294663225324,888.0216387593596,0.0,240.88949996287576,240.8894999628758,192.57020479842728,0.0,0.0,0.0,0.0,0.0,0.0,312.46714893999325,0.0
2017-11-04,2.50345,751.1182980120783,890.6754683724592,371.3700409883051,166.3468854185433,166.3468854185433,1424.6748955046935,301.816064386769,609.6161904203635,0.0,0.0,0.0,164.99219250918483,0.0,0.0,0.0,0.0,0.0,0.0,0.0,0.0
2017-11-11,2.43557,745.1282138712261,826.5649576753842,598.9563214022126,0.0,0.0,1341.6710270953372,503.5761954926074,851.0848444207853,162.83351523212005,0.0,0.0,0.0,278.3198701708409,278.3198701708409,0.0,0.0,0.0,0.0,226.53697584496464,0.0
2017-11-18,2.79799,802.1207682260646,872.9843262419585,512.8556900075639,253.6286279814568,253.62862798145676,1607.61550990803,459.6395628127978,874.6138083979545,166.3836303012187,0.0,0.0,207.6727259182246,200.24447326169465,200.24447326169468,0.0,0.0,0.0,0.0,368.2808829163087,0.0
2017-11-25,2.86595,502.1723731677423,642.5404693690859,711.3578566125847,192.2415913366068,192.2415913366068,1495.0301646139242,302.8609986088574,444.2473551680535,0.0,0.0,0.0,0.0,201.37304031559395,201.37304031559395,0.0,0.0,0.0,0.0,0.0,186.43765496266963
2017-12-02,3.03171,711.646031487539,589.3507886053923,780.167212854836,0.0,0.0,1919.1285494988676,300.90192373253035,1143.460369934507,0.0,0.0,0.0,0.0,0.0,0.0,0.0,233.23664087414733,0.0,0.0,160.46913476132272,0.0
2017-12-09,3.67825,804.6738303717616,673.0677422429924,930.50147688924,0.0,0.0,1768.2359551732543,510.1103853452266,926.3609880846046,0.0,0.0,0.0,0.0,332.61265283111646,332.61265283111646,0.0,0.0,0.0,0.0,182.3746393257389,170.46278177318723
2017-12-16,4.79861,1265.7546884286803,1128.1414643479118,900.2484137249512,388.043539588125,388.043539588125,1649.4359051262911,545.5276030729293,884.7182473061894,271.52036140440003,0.0,0.0,269.36605490115545,233.5081325427088,233.5081325427088,310.7017450299668,0.0,0.0,0.0,340.3214189622188,0.0
2017-12-23,7.92351,2505.740042150117,3200.467433639367,1176.792257432162,1122.3061074645943,1122.306107464594,1987.568325533082,1343.9742741018342,1328.642360365179,648.297471595253,772.1577434853839,772.1577434853838,467.6290437322653,550.2468047257923,550.2468047257923,540.839745576487,188.66771973587632,385.9755894416548,237.6264884422628,380.60739288422656,175.91194439123464
2017-12-30,9.37001,2961.7044010533214,3231.378576431062,1132.209340460619,1126.552528734335,1126.5525287343348,2577.328245230791,1267.439440508591,1321.4364182644722,336.51992022900333,755.058923990993,755.058923990993,608.2743952077928,442.4378612020627,442.43786120206266,287.24614256503867,250.25842995293405,449.8203371205449,326.2840462073264,480.79983727213306,176.4610089937463
2018-01-06,9.66666,3024.880230886956,3205.0606096247307,772.304513417171,1218.567728203339,1218.567728203339,3600.893866998735,1508.4407472589942,1761.6840029313653,530.7370443571847,607.4255021445973,607.4255021445973,732.3896209382085,516.6689455641209,516.6689455641209,712.6342895101037,302.349262261886,405.0603076998772,344.44696685098626,709.8607521524915,0.0
2018-01-13,11.4042,6233.868936770919,7613.101609869138,851.1781336317434,2258.241302831557,2258.2413028315573,2764.90351954712,2982.9793543964047,1510.246827182668,1024.4490096444308,781.9040821247411,781.904082124741,1308.348417409651,658.4822691705497,658.4822691705497,908.6772941036636,595.7201432533107,546.003125431403,611.2035349034725,776.6256555209113,718.5781219783693
2018-01-20,13.5716,8246.162516185836,9095.540551360324,742.4844454311934,1979.187620105356,1979.187620105356,3280.7209571728627,3154.861536994687,1415.2068383348178,1134.6650220480049,823.1075643850099,823.1075643850098,2126.996485876882,769.1561414161652,769.1561414161652,768.896202320928,464.6965010776386,561.1649974026889,527.0452728095357,1201.227414471408,564.3619692184641
2018-01-27,12.0872,7165.330243525442,9404.592399315829,564.4662567331054,1942.7489669563304,1942.7489669563304,3609.399300031527,3491.2715383222508,1421.6082328817126,1208.7501566615706,888.4204332997434,888.4204332997434,2041.36348024274,1008.4809509904792,1008.4809509904792,839.0018634707926,719.5599575884204,429.3871337683744,499.85493653926414,934.5543844734406,490.79327390325534
2018-02-03,12.6159,7265.246608691243,9131.540655774808,660.005333883755,2375.5804137033533,2375.5804137033533,3089.3945907546117,3945.102941254506,1565.896440411136,972.7122413977416,827.9864158501462,827.9864158501463,1994.4203134054464,1005.1627708792494,1005.1627708792493,1173.8599054398192,519.4718016984576,463.9218770236416,446.6183666477391,1045.2898093748686,694.8383498564408
2018-02-10,12.053,6392.460061015713,7595.992036999586,467.7751990964456,1688.027716542267,1688.0277165422667,2319.9464791900946,3414.6006190151547,1447.119017556918,891.0914802860674,765.477178596116,765.477178596116,1784.0059582858587,799.071830516983,799.071830516983,1157.0325644841505,608.3922267720901,382.2498631200086,396.39140001898113,806.9166982042966,644.7805116178858
2018-02-17,6.62759,4954.634835553915,5799.120104442958,607.7985101251306,1276.81299371844,1276.81299371844,2437.590002771808,2245.868982413679,1201.9170685170352,632.3291362599956,706.3963798789664,706.3963798789664,1412.2144156685715,600.5919096331543,600.5919096331544,875.8015438271591,435.1385145364392,222.62620812429057,375.5314179364191,629.4575041457205,519.4660122193676
2018-02-24,5.78059,2275.669874271924,2980.086378457531,380.8176871257425,635.6079033306031,635.6079033306031,1795.842749142859,1159.3995742782838,653.5784388303681,328.8433583886131,288.9724886259643,288.9724886259642,634.5916880950901,356.9193099610184,356.9193099610184,490.35135687211874,0.0,211.18343141075667,0.0,339.8663862961692,307.1598834202791
2018-03-03,3.50826,1165.7993475570418,1327.1395886104117,357.7274206134648,329.0351274293899,329.0351274293899,1512.4971272956943,519.9795242086227,724.4558115612781,0.0,186.53713501839428,186.53713501839428,382.6269884802277,0.0,0.0,274.66939174881475,0.0,205.5852486608095,0.0,0.0,177.84199212684115
2018-03-10,2.96734,641.295197191851,972.9881662522346,447.696269618995,247.26633697402625,247.26633697402625,1584.8712447271623,387.9306005720316,785.8677840478261,0.0,0.0,0.0,0.0,0.0,0.0,0.0,0.0,0.0,0.0,0.0,0.0
2018-03-17,2.70054,521.5814907426355,863.80918927699,244.39114295910127,178.58794993735052,178.58794993735052,1829.464281458028,246.60887717114736,617.2788270774358,0.0,0.0,0.0,0.0,0.0,0.0,0.0,0.0,0.0,0.0,0.0,0.0
2018-03-24,2.42328,627.7188529891525,425.2631748545223,231.26473492250597,0.0,0.0,1577.1606644121644,293.8260331552278,918.378297320576,0.0,0.0,0.0,159.88407063856482,0.0,0.0,0.0,0.0,0.0,0.0,0.0,0.0
2018-03-31,2.10502,534.2378197024414,658.4836258434059,275.69771974569744,172.82419760862894,172.82419760862894,1113.807878771637,354.2593645286341,798.8295874174232,0.0,196.5335524121132,196.53355241211324,0.0,0.0,0.0,0.0,0.0,0.0,0.0,254.33479150635807,201.33821561852804
2018-04-07,1.85876,336.8927422369628,520.0889721963626,167.5649071232491,0.0,0.0,1319.3849419646906,346.3271822740104,811.3238932546108,0.0,0.0,0.0,0.0,0.0,0.0,0.0,0.0,0.0,0.0,0.0,0.0
2018-04-14,1.67309,402.3760056450801,561.5254132513239,223.15305205440143,155.1495984898219,155.1495984898219,1301.4299446664652,312.9689733843713,800.3817712852003,233.64882516131317,0.0,0.0,174.11318657815823,0.0,0.0,180.3626029949684,0.0,0.0,0.0,249.56768163106483,0.0
2018-04-21,1.59241,431.82265221009175,418.4766310872427,240.38941298822533,0.0,0.0,1194.056723850423,158.48462690762932,887.8721500108423,0.0,0.0,0.0,0.0,0.0,0.0,197.4053315442854,0.0,0.0,0.0,0.0,0.0
2018-04-28,1.44857,310.6875036413647,201.6361125648741,198.1436333364012,0.0,0.0,1353.021886205327,0.0,751.6155300036669,0.0,0.0,0.0,0.0,0.0,0.0,0.0,0.0,0.0,0.0,0.0,0.0
2018-05-05,1.35947,203.28150171215216,309.0104438237548,0.0,0.0,0.0,1199.1871395662386,224.7959029394204,692.0595139598322,0.0,0.0,0.0,0.0,0.0,0.0,0.0,0.0,0.0,0.0,0.0,0.0
2018-05-12,1.20346,182.91047426881525,427.73211387375954,0.0,0.0,0.0,964.301340956125,239.1778599507854,584.112565852581,0.0,0.0,0.0,0.0,0.0,0.0,0.0,0.0,0.0,0.0,0.0,0.0
2018-05-19,1.13941,177.5583023201007,0.0,0.0,0.0,0.0,1006.6024742718088,0.0,563.2015112948651,0.0,0.0,0.0,0.0,227.49563409626185,227.49563409626185,0.0,0.0,0.0,0.0,0.0,0.0
2018-05-26,1.05784,0.0,246.8947098439681,0.0,0.0,0.0,1124.4089217620135,0.0,435.0158564475553,0.0,0.0,0.0,0.0,0.0,0.0,209.77422250712937,0.0,0.0,0.0,0.0,0.0
2018-06-02,1.10354,282.5035434226615,0.0,0.0,0.0,0.0,630.9965293487048,0.0,339.6301040777539,0.0,0.0,0.0,0.0,0.0,0.0,0.0,0.0,0.0,0.0,0.0,0.0
2018-06-09,0.790724,173.37804213176474,218.83749827941213,211.68994614385971,0.0,0.0,822.8482906656897,0.0,335.14771223665593,0.0,0.0,0.0,0.0,0.0,0.0,0.0,0.0,0.0,0.0,0.0,198.0553009333757
2018-06-16,0.790179,0.0,242.0237867311951,0.0,0.0,0.0,1052.8515965763609,0.0,502.2657866936331,0.0,0.0,0.0,0.0,198.67381697563576,198.67381697563576,0.0,0.0,0.0,0.0,0.0,0.0
2018-06-23,0.677789,0.0,249.35118799602637,171.19037554700154,0.0,0.0,626.1340706455223,0.0,398.6614075057614,0.0,0.0,0.0,0.0,0.0,0.0,0.0,0.0,0.0,0.0,0.0,0.0
2018-06-30,0.666144,0.0,0.0,0.0,0.0,0.0,1221.4447954735333,0.0,212.63833340247356,0.0,0.0,0.0,0.0,0.0,0.0,0.0,0.0,0.0,0.0,0.0,0.0
2018-07-07,0.735666,0.0,185.0515157225529,0.0,0.0,0.0,848.9184223466505,229.13125466678596,275.8900109319216,0.0,0.0,0.0,0.0,0.0,0.0,0.0,0.0,0.0,0.0,0.0,0.0
2018-07-14,0.614799,0.0,295.17671896665854,0.0,0.0,0.0,929.8292327372144,0.0,545.9108680892479,0.0,0.0,0.0,0.0,0.0,0.0,0.0,0.0,0.0,0.0,0.0,0.0
2018-07-21,0.630088,175.98661342712805,288.92104510256496,0.0,0.0,0.0,1012.4397359744802,0.0,483.7464795115201,0.0,0.0,0.0,0.0,0.0,0.0,0.0,0.0,0.0,0.0,0.0,0.0
2018-07-28,0.63202,211.97703005585691,0.0,0.0,0.0,0.0,935.0118116300312,0.0,192.3575658461502,0.0,0.0,0.0,0.0,0.0,0.0,0.0,0.0,0.0,0.0,173.68450347206854,0.0
2018-08-04,0.663122,0.0,183.42654588026227,0.0,0.0,0.0,715.4795702947785,0.0,431.1427996848985,0.0,0.0,0.0,0.0,0.0,0.0,0.0,0.0,0.0,0.0,0.0,0.0
2018-08-11,0.655738,0.0,0.0,0.0,0.0,0.0,750.39786661611,0.0,309.5202976640916,0.0,0.0,0.0,0.0,0.0,0.0,0.0,0.0,0.0,0.0,260.5820601446097,0.0
2018-08-18,0.899956,232.5524617607327,0.0,0.0,197.6644849310617,197.6644849310617,881.4589559957617,0.0,510.0548614185102,0.0,0.0,0.0,0.0,0.0,0.0,0.0,0.0,0.0,0.0,0.0,0.0
2018-08-25,1.3137,303.42335009191896,250.21313611433425,0.0,0.0,0.0,1091.2354484670775,170.10824128742743,475.9504602471277,0.0,0.0,0.0,0.0,0.0,0.0,0.0,0.0,0.0,0.0,0.0,0.0
2018-09-01,1.27224,294.10027040632684,463.5738378289509,158.17959101524593,0.0,0.0,1372.3232106870412,411.99199349598166,528.2410157643483,0.0,0.0,0.0,0.0,0.0,0.0,0.0,0.0,0.0,0.0,0.0,0.0
2018-09-08,1.44664,434.4874571734143,454.2340808499351,203.5450921256418,0.0,0.0,1456.9569115274896,372.8250936063237,491.71601479787057,0.0,0.0,0.0,0.0,0.0,0.0,0.0,0.0,0.0,0.0,276.3433613830591,0.0
2018-09-15,1.42846,446.7310043033931,741.6887615321189,245.7545590420685,272.36138238123425,272.36138238123425,1213.515880601179,515.1845355823937,559.762620600986,0.0,0.0,0.0,0.0,0.0,0.0,0.0,0.0,168.51493654568338,0.0,0.0,0.0
2018-09-22,1.59681,311.5769853951016,346.57434140784926,221.91243246843703,0.0,0.0,1580.3802418594448,0.0,568.9409078602754,0.0,0.0,0.0,0.0,0.0,0.0,0.0,0.0,0.0,0.0,0.0,0.0
2018-09-29,1.52419,544.0661183123719,786.3718151294014,388.5335348924504,186.74717286781512,186.74717286781512,1214.9734700476183,533.4229494005208,561.2980964367906,0.0,0.0,0.0,217.65646590193452,0.0,0.0,0.0,0.0,0.0,0.0,243.60346850618032,0.0
2018-10-06,1.62895,399.1225900664591,544.2923808512285,372.2733915054563,165.52073048835038,165.52073048835038,1168.6555411350364,528.1104562232738,489.7203231687543,212.6365778849001,0.0,0.0,0.0,0.0,0.0,0.0,0.0,0.0,0.0,174.4991960264561,0.0
2018-10-13,1.72025,599.2818734695397,908.1554275297336,888.3746180212643,0.0,0.0,1399.3616708703323,753.9514227860299,679.3265180974879,0.0,0.0,0.0,167.92479062242072,172.06437012300538,172.06437012300538,0.0,0.0,0.0,0.0,0.0,195.83872941083203
2018-10-20,1.82969,815.1139498933444,1180.8700945490548,538.8835807101357,0.0,0.0,1594.7107674392914,559.4742541537522,545.969434306201,354.77792782975985,0.0,0.0,189.9059557645867,0.0,0.0,0.0,0.0,0.0,0.0,0.0,0.0
2018-10-27,2.24404,788.6177710923714,1063.0713470480948,805.7864259691831,247.7453876824122,247.74538768241223,1656.9673671648536,883.3937332993006,848.1912909751815,217.7989098256189,0.0,0.0,0.0,217.4753820830765,217.47538208307648,0.0,0.0,202.3452314939987,0.0,502.9419105079694,280.643486449936
2018-11-03,2.39048,729.3449329827988,1214.3302784923976,537.0818618585071,259.73251249914443,259.7325124991444,1616.2632018392876,658.993575176964,929.5876276827362,275.4037133305342,0.0,0.0,240.57219434379667,0.0,0.0,0.0,0.0,0.0,0.0,205.69306555824667,0.0
2018-11-10,2.76071,515.725540911139,676.2730355491069,727.5522863082759,0.0,0.0,1616.27937441852,484.5830335104568,904.5995480830118,0.0,0.0,0.0,0.0,0.0,0.0,0.0,0.0,0.0,0.0,224.6665547811652,283.95899642059084
2018-11-17,2.96346,802.6727365658525,969.7255604637304,1350.3261498103918,350.4477554089379,350.4477554089379,1683.1520891581863,310.3374648122417,978.3516968697164,0.0,196.37793946688475,196.37793946688475,351.4268322755101,173.35870322396374,173.35870322396372,0.0,0.0,180.78314056864755,0.0,307.6381170829508,0.0
2018-11-24,3.05731,456.1035781835385,705.4842834448133,1382.6167763133442,172.85949446622095,172.859494466221,2189.362633760948,559.278514623265,1011.948842475068,0.0,0.0,0.0,0.0,0.0,0.0,0.0,0.0,0.0,0.0,266.32720677003124,0.0
2018-12-01,3.06889,898.9939665338959,917.0935230992484,1345.1043329426889,0.0,0.0,2003.8909078356628,638.6700948509871,1122.6127668556342,180.07212461306946,0.0,0.0,186.9745153862297,0.0,0.0,0.0,0.0,0.0,0.0,275.5419488929677,0.0
2018-12-08,2.97551,674.5466268620902,872.7217339367771,1352.635285039548,305.11491492717687,305.11491492717687,1953.0773078163304,252.45867622223892,916.9061377553536,0.0,0.0,0.0,0.0,160.6130765239057,160.61307652390573,0.0,0.0,0.0,0.0,331.47718081025704,0.0
2018-12-15,3.66897,626.9828971609755,1067.331604616904,1788.547448707203,0.0,0.0,1944.3029594235727,319.3060010780171,1066.6666460351726,162.5573975013507,0.0,0.0,0.0,0.0,0.0,0.0,0.0,0.0,0.0,191.4238444402665,0.0
2018-12-22,4.11336,1306.0766320214598,1699.7165705679583,1821.573422258596,541.9768189873615,541.9768189873616,1505.1356599537894,708.8781004453596,1022.9845434873092,195.97132656191164,255.4565427146684,255.4565427146684,297.6437417426126,302.72683180676205,302.7268318067621,172.85632074386737,0.0,187.7815286720708,0.0,398.5363779693657,0.0
2018-12-29,5.18938,1442.3661233362752,1465.5446949128177,1552.201157643,333.74566520697243,333.74566520697255,1921.1711701434488,721.0625289222779,1288.3210465892423,0.0,218.86750975856967,218.86750975856967,189.74971203706903,299.10920787933173,299.10920787933173,181.10482022760684,0.0,0.0,0.0,479.396043608057,0.0
2019-01-05,4.25721,1275.8014180096477,1226.4331013810263,1200.9531192489644,426.0599037229785,426.0599037229785,1986.8755594788545,703.7060547514117,1385.8933161253444,171.078117468223,176.855793939926,176.855793939926,336.11297229355995,0.0,0.0,203.4005506408197,0.0,0.0,0.0,422.9845937986496,0.0
2019-01-12,3.38062,1125.6209342274328,1129.8036779327165,1077.4471829994657,256.1208881820538,256.1208881820539,1886.8837776742305,659.929756337977,1499.4351716320582,0.0,0.0,0.0,232.6901003930128,163.02145293884678,163.02145293884678,0.0,0.0,0.0,179.1417669741715,364.7307949997423,0.0
2019-01-19,4.30332,1434.8773365567615,1616.6936174522984,623.7274658947634,442.5589153115273,442.5589153115273,1583.294767840037,724.2894337960315,794.4442949594629,0.0,213.68695902324407,213.68695902324407,371.2258816790186,156.6308903601778,156.63089036017777,237.809146376259,181.4985494156922,0.0,0.0,282.6563123379393,161.23483292427784
2019-01-26,5.50477,1613.966695228592,2127.2696364949484,513.2138556395996,712.2075974151758,712.207597415176,2116.330797097419,1184.809598278442,1002.6853429206528,362.267566017158,257.490502046202,257.4905020462019,464.83903908620334,402.2515433654833,402.25154336548326,588.9894631510093,0.0,183.0258616652725,172.62414660883942,179.01218554002642,0.0
2019-02-02,7.93121,2411.7912234466867,3013.41854373931,702.6791108294334,906.4068270823112,906.4068270823112,1854.7715900604076,1736.2903761011028,933.037008295688,352.4867085747323,544.3039901176645,544.3039901176645,634.9175805258113,378.8590238670137,378.8590238670137,588.7909360477638,198.9509731392201,153.7171620047208,222.05914059271512,517.1232415532099,0.0
2019-02-09,8.72677,4129.103915075689,5375.986948496802,424.0260870171255,1373.847072446351,1373.8470724463507,1828.240428904518,2726.6782061684253,1079.28206862273,696.632483606635,578.7646126215408,578.7646126215408,1287.7555246153386,862.2239813959598,862.2239813959598,877.5770329296238,301.9922192287788,284.4947816454123,536.8115564745216,638.1173298709004,340.5164827595785
2019-02-16,8.93048,3155.4271063317524,3559.3747417753825,518.0546891336954,1038.677667763693,1038.6776677636929,2326.602294789946,1800.701547559866,1040.371759812411,619.0952936731155,463.6942811492565,463.6942811492565,710.8599487854195,569.2491927763233,569.2491927763232,844.9018135532739,286.62597541775745,214.3399154113883,218.7182724139335,403.031315790224,261.93641114142747
2019-02-23,7.26441,2246.824704816492,2908.5881200703284,214.55601466511885,676.0891438217819,676.0891438217819,1702.1946090064005,1587.0491335880236,917.65715206629,245.41807170123332,349.71075820184706,349.71075820184706,489.3182716170403,425.2197674090962,425.21976740909616,587.1294643710535,300.05530580747984,242.0488008606073,230.82335324476952,364.6344164517008,255.7239755935805
2019-03-02,5.88363,1763.3680082697983,1991.4048911231864,394.25120561377577,527.4624809258934,527.4624809258935,1386.820602992147,961.6085175995762,909.5652268148104,247.11187522781572,354.24537653413626,354.24537653413626,329.4433760432402,447.93096542893534,447.9309654289353,332.1538842471914,0.0,153.13768596672972,0.0,166.41645570418132,150.9272421815098
2019-03-09,5.00055,1420.152068505964,1308.6718510057092,255.89651626012883,312.69587793493554,312.69587793493554,1553.581047496658,768.442439479113,594.58543049094,239.1742647168201,0.0,0.0,572.9645458166661,182.4701899909389,182.47018999093893,377.5931513126338,158.01517972584853,0.0,0.0,259.71961330656137,0.0
2019-03-16,4.70024,995.4886737220982,1570.3360872076662,184.85852736808744,387.477938058321,387.477938058321,1767.1613586050123,536.2682774825123,919.0196702221866,0.0,268.0467431241487,268.04674312414875,0.0,275.438104453658,275.438104453658,293.03653288380497,0.0,265.9953994746305,0.0,343.06133985932,325.2747683731402
2019-03-23,3.63049,826.3660375126068,1110.0158467636331,531.9698907982404,342.2954217162685,342.2954217162685,1708.013643961216,522.2030958384682,955.948328710637,0.0,0.0,0.0,223.781885428161,205.1935244656792,205.1935244656792,0.0,0.0,0.0,164.6597717016994,0.0,0.0
2019-03-30,3.12344,457.9288342578652,931.5413915333438,206.16112090513795,276.5987263219195,276.5987263219196,1475.9232277320996,659.4964565244237,792.5380223597995,179.64897596931377,0.0,0.0,0.0,0.0,0.0,215.17989985613104,0.0,0.0,0.0,0.0,0.0
2019-04-06,2.55667,682.0370463569598,780.705714840456,0.0,248.60080803184152,248.60080803184152,1494.93113858114,289.84472582128654,993.1737790791328,248.9345156003599,0.0,0.0,189.21316213333864,0.0,0.0,0.0,0.0,0.0,0.0,0.0,0.0
2019-04-13,2.11858,559.2859121036341,640.7108435846577,170.06999777836913,175.78246454540445,175.78246454540448,1452.1193320373952,260.931145578682,580.0568474895329,0.0,0.0,0.0,177.7871597332997,202.64583805039965,202.64583805039965,0.0,0.0,0.0,0.0,0.0,185.35792959887027
2019-04-20,1.93152,491.3370016696747,480.2485092349538,209.2138986921115,0.0,0.0,1189.543768958663,226.98326239882024,790.6342280588071,0.0,0.0,0.0,0.0,0.0,0.0,0.0,170.91229520624606,163.0589747970367,0.0,244.95653846931552,0.0
2019-04-27,2.13354,382.8492751944215,660.4670119213117,251.0881038387491,180.90116861773257,180.9011686177325,1027.638419834523,347.9919489072717,764.1955053787273,0.0,0.0,0.0,0.0,0.0,0.0,0.0,0.0,0.0,0.0,0.0,0.0
2019-05-04,2.00321,405.1625485225743,352.02357114769933,0.0,0.0,0.0,746.0775188517273,196.50464129661185,670.1137323135006,0.0,0.0,0.0,0.0,0.0,0.0,0.0,0.0,0.0,0.0,0.0,0.0
2019-05-11,1.79369,0.0,389.63891312255095,0.0,0.0,0.0,1279.8631615286183,185.50703824396672,569.4307354730839,0.0,225.84486626004005,225.84486626004005,0.0,0.0,0.0,0.0,0.0,0.0,0.0,0.0,0.0
2019-05-18,1.62678,354.01724924097834,378.8425571110373,203.5016338604428,263.38043230498084,263.38043230498084,841.3163122378172,0.0,788.7298389692729,0.0,0.0,0.0,0.0,0.0,0.0,0.0,0.0,0.0,0.0,0.0,0.0
2019-05-25,1.54696,210.7176023547607,326.08545608005886,0.0,0.0,0.0,1124.418812329763,0.0,690.234143499523,0.0,284.9550391468736,284.9550391468735,0.0,0.0,0.0,0.0,0.0,0.0,0.0,0.0,0.0
2019-06-01,1.37628,355.6654812187895,344.6245773856937,0.0,0.0,0.0,1142.399284304944,0.0,424.7329455059235,0.0,0.0,0.0,189.5073741519588,0.0,0.0,0.0,0.0,0.0,0.0,0.0,0.0
2019-06-08,1.18038,0.0,208.5066175434926,0.0,0.0,0.0,1112.006424691407,0.0,585.4056296620491,0.0,0.0,0.0,0.0,0.0,0.0,0.0,0.0,0.0,0.0,0.0,0.0
2019-06-15,1.01858,297.2278305874903,254.088100942412,0.0,0.0,0.0,796.8274570965298,0.0,402.624750968277,0.0,0.0,0.0,0.0,0.0,0.0,0.0,0.0,0.0,0.0,0.0,0.0
2019-06-22,1.00722,0.0,0.0,0.0,0.0,0.0,1010.4425333735678,0.0,589.2143105268025,0.0,0.0,0.0,0.0,0.0,0.0,0.0,0.0,0.0,0.0,0.0,0.0
2019-06-29,0.807947,183.0360169122795,0.0,0.0,0.0,0.0,1130.503886384938,0.0,390.6695080475856,0.0,0.0,0.0,0.0,0.0,0.0,0.0,0.0,0.0,0.0,0.0,0.0
2019-07-06,0.694119,251.548167935118,255.276111079608,0.0,190.55320402794308,190.55320402794305,951.5359580437204,167.5702367804869,410.0789342793597,0.0,0.0,0.0,0.0,0.0,0.0,0.0,0.0,0.0,0.0,0.0,0.0
2019-07-13,0.717621,160.22190779836848,0.0,0.0,0.0,0.0,972.1888184500116,0.0,552.4742339365341,0.0,0.0,0.0,0.0,0.0,0.0,0.0,0.0,0.0,0.0,0.0,0.0
2019-07-20,0.78857,212.7725663930414,201.97589049953305,0.0,0.0,0.0,964.2314589917304,0.0,412.170936885348,0.0,0.0,0.0,0.0,185.60310259050175,185.60310259050175,0.0,0.0,0.0,0.0,0.0,0.0
2019-07-27,0.806363,0.0,178.68403855799357,0.0,0.0,0.0,1024.0829483062494,236.9560913794335,461.9999051948288,0.0,0.0,0.0,0.0,0.0,0.0,0.0,0.0,0.0,0.0,0.0,0.0
2019-08-03,0.873338,0.0,186.29647625546585,0.0,0.0,0.0,1054.6877397296066,0.0,556.7118513406534,0.0,0.0,0.0,0.0,0.0,0.0,0.0,0.0,0.0,0.0,0.0,0.0
2019-08-10,0.763401,234.23325034038743,197.0175449578713,0.0,0.0,0.0,889.910139735421,0.0,467.1966136187394,0.0,0.0,0.0,0.0,0.0,0.0,0.0,0.0,0.0,0.0,0.0,0.0
2019-08-17,1.06962,322.19388949041524,336.958580665949,0.0,0.0,0.0,1049.8704975852677,0.0,343.8723426917961,0.0,0.0,0.0,0.0,0.0,0.0,0.0,0.0,0.0,0.0,0.0,0.0
2019-08-24,1.40931,0.0,379.3054239063387,173.8428567683763,198.3013502663869,198.3013502663869,878.962845728066,283.0547076466783,370.312030125874,0.0,0.0,0.0,0.0,0.0,0.0,0.0,0.0,0.0,0.0,154.17046306063264,0.0
2019-08-31,1.59424,308.37185971011945,522.5568361342923,159.9229118063048,0.0,0.0,1086.1474926575563,194.92150272282436,632.7885939671007,0.0,0.0,0.0,0.0,0.0,0.0,0.0,0.0,0.0,0.0,0.0,0.0
2019-09-07,1.81117,229.27286363904696,357.3017359276066,543.4003007954808,144.3532701103324,144.35327011033235,1415.669960700283,443.7702273215369,579.3048676083753,0.0,0.0,0.0,0.0,0.0,0.0,0.0,0.0,0.0,0.0,205.6700630291396,0.0
2019-09-14,1.80076,372.1156770430076,468.1695127265687,276.44341363918306,0.0,0.0,1291.5533345313993,383.0292199625412,761.8401279436929,0.0,0.0,0.0,259.5364778991466,0.0,0.0,0.0,0.0,0.0,0.0,197.93193145180095,0.0
2019-09-21,1.66527,472.5000973477743,486.2673629040585,354.4415030865787,218.40639207665723,218.40639207665723,1049.59327766067,447.48793938756336,505.7906930072618,0.0,0.0,0.0,0.0,154.78102324619397,154.78102324619397,190.22156862845975,0.0,0.0,0.0,0.0,0.0
2019-09-28,1.91817,580.8459357769053,830.5552075172421,290.9575055438845,0.0,0.0,1461.075092466314,671.4211689403061,639.8943367399662,0.0,0.0,0.0,164.212917348031,0.0,0.0,0.0,0.0,0.0,0.0,148.12082647310464,0.0
2019-10-05,1.97633,680.1738079852048,1274.066472382221,459.0446945158029,215.8696602681824,215.8696602681824,1077.0491232056288,915.8160619195417,853.0226078904898,361.3422333515777,0.0,0.0,208.93107725949443,169.4284497783084,169.4284497783084,0.0,0.0,0.0,0.0,0.0,0.0
2019-10-12,1.8918,782.7985285504074,1283.0325913236964,487.78403119830506,197.70441057984183,197.70441057984183,1581.4547786958458,662.6586593356199,516.4760634623642,0.0,190.70609909215256,190.70609909215256,0.0,0.0,0.0,0.0,0.0,0.0,0.0,209.0815917221853,0.0
2019-10-19,2.20263,690.5678850155616,1357.669378218107,425.3078080059586,306.267349816724,306.26734981672394,1296.233851126225,767.3987600874425,619.3014078081774,154.25765319282115,0.0,0.0,0.0,0.0,0.0,0.0,0.0,0.0,180.35207786459048,453.3207670497393,0.0
2019-10-26,2.35066,709.5093641976239,938.2281836526302,504.7252580823053,0.0,0.0,1200.784258766744,716.0857813644475,723.0556475849158,196.28978632715612,0.0,0.0,199.50671491322845,167.50471530751463,167.50471530751463,0.0,0.0,0.0,0.0,320.3283847196868,0.0
2019-11-02,2.64992,620.2424946815319,1081.088677518496,1006.0933922602436,217.6593168553616,217.6593168553616,1242.1125613050417,568.5444994758768,786.1295006389249,0.0,0.0,0.0,192.99011587079295,0.0,0.0,0.0,0.0,0.0,0.0,297.94725320930155,177.40148728781566
2019-11-09,3.3596,927.2104136001224,1191.849806178818,1354.962086103273,160.62763445248996,160.62763445248996,1806.545166856459,628.6788330208824,978.6560392965804,221.3442219124638,0.0,0.0,284.6553124616429,313.59500403736905,313.5950040373691,0.0,0.0,0.0,0.0,256.30257755320537,0.0
2019-11-16,3.65487,1159.5455984831035,1143.1322195158434,2073.2320239486025,375.3914817238736,375.3914817238736,1808.083166974864,628.6426629124845,1222.345726462535,0.0,0.0,0.0,0.0,160.27509212479404,160.275092124794,0.0,0.0,0.0,0.0,254.9138841877633,0.0
2019-11-23,4.66176,1030.1944451317513,1499.431314507725,2111.70545170642,449.7475784858429,449.7475784858428,1845.980671144357,909.6120854546812,1114.4944321943835,0.0,0.0,0.0,0.0,236.52583244113492,236.52583244113492,217.940716813035,0.0,0.0,142.1938806461189,426.3674115940973,167.77706950925253
2019-11-30,4.70394,989.9041259941956,1352.3244280318129,1923.7161285392624,237.46575195664823,237.46575195664823,1568.6916734223248,618.3853966405014,1059.6800638534162,238.24812655051545,0.0,0.0,179.74362154668927,0.0,0.0,229.6014596182665,0.0,0.0,0.0,339.1437181555869,0.0
2019-12-07,5.05257,1149.2121966586426,1582.294926795435,1883.5098672610427,299.5255372881381,299.5255372881381,1742.0100938298435,726.7908819993327,1184.0835038074906,274.8987076053806,267.57677124344974,267.57677124344974,226.3654779927925,211.7372858295224,211.7372858295224,142.33646484965126,165.41996799862198,0.0,0.0,343.29836055381844,0.0
2019-12-14,5.58684,1363.7239325966111,1868.5676728928145,1851.0320778484488,588.061489597455,588.061489597455,1579.8701264266033,960.5897526365104,1139.2610473724033,171.58109456540018,180.00132109909143,180.00132109909143,400.6198535951748,256.2600647286328,256.2600647286328,392.1557298143912,0.0,0.0,151.03738134809055,443.66092516328735,327.67419711091145
2019-12-21,7.0398,1712.3443504877837,2624.9957744113294,1604.2035066950843,901.2070859465124,901.2070859465124,2000.6542805473796,1078.9338222547074,1115.7318043341693,372.6090646184331,550.6847935779466,550.6847935779465,507.5659186185848,354.8296081727882,354.82960817278826,274.62812815878243,175.43868125816664,331.6420239513629,241.4002013392608,421.68545054841167,0.0
2019-12-28,8.72661,2660.266580111177,3027.336130113391,1252.741317581501,1261.837214747135,1261.837214747135,2831.5206451936792,1656.124381565858,1067.313249189221,549.293603561913,725.8610413122962,725.8610413122963,680.4476831997699,498.01077266184205,498.01077266184205,587.5453894140969,211.0510200937134,454.6778118784128,354.84734124424847,592.6978674993157,265.3732854203366
2020-01-04,7.25851,2040.725826915048,2544.334709646193,1347.3292863089243,851.7258286569559,851.7258286569559,2441.6205432697047,1182.345135526477,1131.3313281235817,392.4421672482576,332.7268210395385,332.7268210395385,328.70504736572474,402.99891692055246,402.9989169205524,417.5304356433825,232.6879668596439,0.0,191.00316375100195,416.76847235694834,314.1481429665726
2020-01-11,5.37005,1577.1083341005767,2128.7656953526407,1004.923813802368,611.2533257913263,611.2533257913263,2074.9301216612416,1032.732742274476,1091.117309806918,142.24142148999732,257.5638619539882,257.5638619539882,251.18993322004997,273.7377667534289,273.7377667534289,373.1330349730841,183.81310474624613,163.97770458353642,0.0,361.0565201493345,0.0
2020-01-18,5.64155,1435.0684929336874,1769.7073831379296,706.6511246854591,449.32088431453127,449.3208843145313,1549.71442983744,1047.8188000575783,903.1926866034512,238.0460282702413,258.7517792639433,258.7517792639433,292.5413093798391,325.0198669807796,325.0198669807796,256.2919053514424,152.81815699612665,157.5472189485535,0.0,319.2254135813092,192.9886562861535
2020-01-25,6.66214,1882.9591323122893,2567.1400957298515,568.6595241591023,815.7353626786163,815.7353626786163,1788.293839367906,1525.4417080902178,1026.6631553792236,245.39346627852052,351.0042220021787,351.0042220021787,423.48798401872176,234.25323037203756,234.25323037203756,370.0415614478597,194.04235406290815,0.0,180.9129248974791,496.3053678943594,446.72675386787085
2020-02-01,9.02719,3162.1676061813264,4540.518633466052,489.9520974952269,1378.50309804298,1378.50309804298,2164.806965755274,2696.117444482144,1156.0614419915837,449.3634290636431,498.5238516880922,498.5238516880922,810.1737982479553,393.4589614966016,393.4589614966016,857.9772240882543,332.5197310752563,251.03623142326435,352.1109531900965,409.6534661924976,743.2118652915359
2020-02-08,9.17458,2873.6143178898333,4592.1505990502,450.9045817220652,1450.2326787382642,1450.232678738265,2161.378767835697,2762.399564880767,920.8316414903412,591.6293366209649,513.6126805819134,513.6126805819134,926.8912713095189,616.8603718638072,616.8603718638072,938.4133471436552,337.8225409674641,228.20738641338465,321.184479218993,591.2829501306359,496.3978204414741
2020-02-15,7.54011,2407.6440954810428,3592.317537759289,380.0691155604193,1024.9079871447143,1024.9079871447143,2001.4467370825537,2015.6709006359265,1228.3001752032562,324.2051965697266,376.6958287676472,376.6958287676472,603.3462435866985,597.1180944948479,597.1180944948479,649.8036115715094,512.3193999434299,245.4638464732169,361.25015848038265,506.14565884292136,440.9367401427263
2020-02-22,9.73203,1738.9481094895325,2909.724338020629,330.3814461452831,1013.894127263833,1013.894127263833,1860.741111141174,1682.4937266890768,1033.150615352944,239.6574603720412,225.9250352908821,225.9250352908821,411.3734306189282,450.9150723952355,450.9150723952354,724.2703500579726,188.38935944593865,0.0,361.0827215101811,334.05933264763047,244.77779954547088
2020-02-29,6.04229,1808.1911121208009,4364.181670233003,272.5926029630908,718.1471526687012,718.1471526687012,2137.380368356069,1854.1805000339104,1034.5658428291508,355.317606490441,444.28476785974937,444.28476785974937,560.6243245770872,351.5883208991307,351.58832089913074,507.84999811600727,155.0194594083011,299.507303489317,189.0713412914159,331.0473086506475,934.2881378043762
2020-03-07,6.32549,1925.0076102285063,5583.840206913358,304.2764212990621,851.2777567377431,851.2777567377431,2007.541203280429,1805.1443297658077,1236.501794929499,375.9466009208248,368.8766740359104,368.8766740359104,487.958794448769,562.761525973605,562.7615259736049,437.58050846654737,263.1027220661603,191.41652493190355,311.6848192937495,383.4587575585925,875.6646814005235
2020-03-14,6.10561,2722.4587331485804,8471.885762040281,245.20977199878777,1058.977221984106,1058.977221984106,2707.4908238391745,2504.215218681266,1246.532085845594,467.368687839173,279.7306800674601,279.7306800674601,582.1271830693764,204.28183486098604,204.28183486098604,507.6476867383582,276.9674867063752,0.0,183.332011302766,640.4261881201538,1904.444975483379
2020-03-21,6.64586,2077.0328568316017,6833.933558556954,303.11171561553977,802.9923372790162,802.9923372790162,3533.592573189562,2175.586065352074,1502.1847703387075,487.8207236324694,320.2664274822974,320.2664274822974,824.2387296025721,361.9351028213476,361.9351028213476,304.3174274950454,402.2969600386612,269.069462563256,164.59615123389477,786.4285943817629,1934.606486930632
2020-03-28,4.64715,1100.619377141751,5296.326971465377,153.10026301729494,455.4398743789686,455.43987437896857,2645.1725636879,1428.0617834315724,874.7482343095121,206.9162142808802,0.0,0.0,485.7462540454669,191.7538707275618,191.7538707275618,0.0,514.1751124228566,0.0,0.0,178.59633788009884,1135.530269134633
2020-04-04,3.23893,911.5315595072752,4826.323804964929,0.0,419.0182541931497,419.0182541931496,2124.7581687295365,1018.9577156142248,832.0290326797711,286.644995432142,0.0,0.0,382.3273763797155,136.9768299255494,136.97682992554942,0.0,201.27076837890772,0.0,0.0,154.15634881053208,603.0277084573091
2020-04-11,2.30453,417.1275644610046,3198.066700186514,0.0,224.4415175853597,224.4415175853597,1777.4884088336078,726.922050942235,681.8256093385198,0.0,0.0,0.0,149.32244791581573,154.8965058765034,154.8965058765034,140.71867289808165,0.0,0.0,0.0,0.0,307.7717469488126
2020-04-18,2.0676,250.8185863037738,2238.148120681219,0.0,169.63571049059394,169.63571049059394,1127.100961356226,593.4689610933358,344.8917690382267,0.0,0.0,0.0,147.18553827497195,0.0,0.0,0.0,0.0,0.0,0.0,0.0,263.1293271378749
2020-04-25,1.48028,231.22075966897864,2134.9300073525205,0.0,235.8887653525128,235.88876535251276,1089.3288711605576,477.8672988511794,327.9477828430665,140.29740477860125,0.0,0.0,0.0,0.0,0.0,0.0,238.7466943299226,0.0,0.0,0.0,237.02948133764207
2020-05-02,1.25794,201.22694849197543,1750.6382690688092,129.50081243504238,0.0,0.0,821.3191883424337,340.3183199941429,346.6921741096424,0.0,163.86227675527195,163.86227675527192,0.0,0.0,0.0,0.0,151.0635531293627,0.0,0.0,0.0,231.58476729189863
2020-05-09,1.05062,237.7709477995678,1623.5055172551938,0.0,0.0,0.0,973.7211973587008,361.228056645824,439.09098893503096,122.04562334179096,0.0,0.0,0.0,0.0,0.0,171.44575420159504,0.0,0.0,0.0,136.7292166707316,226.84268397451336
2020-05-16,1.10442,140.43387273124873,1405.6885087696608,0.0,0.0,0.0,914.3878913280488,212.87381464487348,232.76253433248408,0.0,0.0,0.0,143.38482376847543,0.0,0.0,0.0,0.0,0.0,0.0,0.0,169.36859799201136
2020-05-23,1.03377,159.05190847505767,976.9470626194086,0.0,131.32596398837526,131.32596398837526,1038.163903794206,131.0290639598818,306.4875202506495,0.0,0.0,0.0,0.0,146.4383085920053,146.43830859200534,0.0,0.0,0.0,0.0,0.0,0.0
2020-05-30,0.884105,159.60719648028692,1023.06957833873,0.0,0.0,0.0,715.4495594977753,253.36066341741304,201.0709115130195,0.0,0.0,0.0,137.0541459221454,0.0,0.0,0.0,0.0,0.0,0.0,0.0,0.0
2020-06-06,0.880324,180.68138244243093,415.653282090124,0.0,0.0,0.0,720.90612574662,166.7413043056888,249.29826178111077,0.0,0.0,0.0,0.0,170.97537383292328,170.97537383292322,0.0,0.0,0.0,0.0,0.0,0.0
2020-06-13,0.889157,0.0,539.8009210325481,0.0,0.0,0.0,896.769563895542,186.6318403887871,272.11225311687804,0.0,0.0,0.0,0.0,0.0,0.0,0.0,0.0,0.0,0.0,0.0,0.0
2020-06-20,0.960212,185.07693228074848,838.0743504494127,0.0,0.0,0.0,881.8818065428472,156.94544938350114,161.28410165168415,0.0,0.0,0.0,0.0,0.0,0.0,0.0,0.0,0.0,0.0,0.0,0.0
2020-06-27,1.07146,283.6127462943901,913.3560575771744,0.0,0.0,0.0,688.3356866860106,233.6413998406423,259.84431478876803,0.0,0.0,0.0,0.0,178.5835332850847,178.5835332850847,0.0,0.0,0.0,0.0,0.0,0.0
