date,Alaska,flu symptoms,the flu,how long flu,flu how long,symptoms of flu,influenza a,bronchitis,the flu symptoms,contagious flu,a influenza,rsv,flu cold,flu contagious,stomach flu,flu a,pneumonia,flu fever,fever flu,how long does flu last,sinus
2010-10-09,0.875146,0.0,0.0,0.0,0.0,0.0,0.0,0.0,0.0,0.0,0.0,0.0,0.0,0.0,0.0,0.0,4775.879027847141,0.0,0.0,0.0,0.0
2010-10-16,1.12827,0.0,0.0,0.0,0.0,0.0,0.0,0.0,0.0,0.0,0.0,0.0,0.0,0.0,0.0,0.0,0.0,0.0,0.0,0.0,0.0
2010-10-23,0.586042,0.0,0.0,0.0,0.0,0.0,0.0,0.0,0.0,0.0,0.0,0.0,0.0,0.0,2708.8528679870064,0.0,0.0,0.0,0.0,0.0,0.0
2010-10-30,0.967742,0.0,0.0,0.0,0.0,0.0,0.0,6598.090611020478,0.0,0.0,0.0,0.0,0.0,0.0,0.0,0.0,0.0,0.0,0.0,0.0,0.0
2010-11-06,0.683851,0.0,0.0,0.0,0.0,0.0,0.0,0.0,0.0,0.0,0.0,0.0,0.0,0.0,0.0,0.0,0.0,0.0,0.0,0.0,0.0
2010-11-13,0.951904,0.0,0.0,0.0,3443.654819806744,0.0,0.0,0.0,0.0,0.0,0.0,0.0,0.0,0.0,0.0,0.0,0.0,0.0,0.0,0.0,0.0
2010-11-20,0.962567,0.0,0.0,0.0,0.0,0.0,0.0,0.0,0.0,0.0,0.0,0.0,0.0,0.0,0.0,0.0,0.0,0.0,0.0,0.0,0.0
2010-11-27,0.652316,0.0,0.0,0.0,0.0,0.0,0.0,0.0,0.0,0.0,0.0,0.0,0.0,0.0,0.0,0.0,0.0,0.0,0.0,0.0,0.0
2010-12-04,0.45977,0.0,0.0,0.0,0.0,0.0,0.0,0.0,0.0,0.0,0.0,0.0,0.0,0.0,0.0,0.0,0.0,0.0,0.0,0.0,0.0
2010-12-11,0.797721,0.0,0.0,0.0,0.0,0.0,0.0,0.0,2503.9026387682966,0.0,0.0,0.0,0.0,0.0,0.0,0.0,0.0,0.0,0.0,0.0,0.0
2010-12-18,1.05581,0.0,0.0,0.0,0.0,0.0,0.0,0.0,0.0,0.0,0.0,0.0,0.0,0.0,0.0,0.0,0.0,0.0,0.0,0.0,0.0
2010-12-25,0.852273,0.0,0.0,0.0,0.0,0.0,0.0,0.0,0.0,0.0,0.0,0.0,0.0,0.0,0.0,0.0,0.0,0.0,0.0,0.0,0.0
2011-01-01,1.13086,0.0,0.0,0.0,0.0,0.0,0.0,0.0,0.0,0.0,0.0,0.0,0.0,0.0,0.0,0.0,3225.569957285477,0.0,0.0,0.0,0.0
2011-01-08,0.592593,0.0,0.0,0.0,0.0,0.0,0.0,0.0,0.0,0.0,0.0,0.0,0.0,0.0,0.0,0.0,2140.833735488492,0.0,0.0,0.0,0.0
2011-01-15,1.48227,0.0,0.0,0.0,0.0,0.0,1805.087143190304,0.0,0.0,0.0,0.0,0.0,0.0,0.0,0.0,0.0,0.0,0.0,0.0,0.0,0.0
2011-01-22,1.66821,0.0,0.0,0.0,0.0,0.0,0.0,0.0,0.0,0.0,0.0,2578.5200668895363,0.0,0.0,0.0,0.0,0.0,0.0,0.0,0.0,0.0
2011-01-29,1.40127,0.0,0.0,0.0,0.0,0.0,0.0,0.0,0.0,0.0,0.0,2909.018852238324,0.0,0.0,0.0,0.0,0.0,0.0,0.0,0.0,0.0
2011-02-05,3.67868,0.0,0.0,0.0,0.0,0.0,0.0,0.0,0.0,0.0,0.0,0.0,0.0,0.0,0.0,0.0,2102.244322411983,0.0,0.0,0.0,1753.8128918111324
2011-02-12,1.95891,0.0,0.0,0.0,0.0,0.0,0.0,0.0,0.0,1828.6064970837044,0.0,0.0,0.0,1828.6064970837044,0.0,0.0,1842.9594935105524,0.0,0.0,0.0,0.0
2011-02-19,4.4316,0.0,0.0,0.0,0.0,0.0,0.0,0.0,2245.042749165336,0.0,0.0,0.0,0.0,0.0,0.0,0.0,0.0,0.0,0.0,0.0,4368.345777164103
2011-02-26,2.93454,0.0,0.0,0.0,0.0,0.0,0.0,0.0,0.0,0.0,0.0,0.0,0.0,0.0,0.0,0.0,0.0,0.0,0.0,0.0,0.0
2011-03-05,4.8801,0.0,0.0,0.0,0.0,0.0,0.0,0.0,0.0,0.0,0.0,0.0,0.0,0.0,0.0,0.0,0.0,0.0,0.0,0.0,0.0
2011-03-12,3.53371,0.0,0.0,0.0,0.0,0.0,2363.967021780879,0.0,0.0,0.0,0.0,0.0,0.0,0.0,0.0,0.0,1786.6496240581653,0.0,0.0,0.0,0.0
2011-03-19,2.68747,0.0,0.0,2542.6476259397127,0.0,0.0,0.0,0.0,0.0,0.0,0.0,0.0,0.0,0.0,0.0,0.0,0.0,0.0,0.0,0.0,0.0
2011-03-26,3.02457,0.0,0.0,0.0,0.0,0.0,0.0,0.0,0.0,0.0,0.0,0.0,0.0,0.0,0.0,0.0,2926.9404970615496,0.0,2747.698676787617,0.0,0.0
2011-04-02,2.14376,0.0,0.0,0.0,0.0,0.0,0.0,1919.0417094121933,0.0,0.0,0.0,0.0,0.0,0.0,0.0,0.0,0.0,0.0,0.0,0.0,0.0
2011-04-09,2.2082,0.0,0.0,0.0,0.0,0.0,0.0,0.0,0.0,0.0,0.0,0.0,0.0,0.0,0.0,0.0,1848.9491256168988,0.0,0.0,0.0,0.0
2011-04-16,1.36504,0.0,0.0,2701.3262652090125,0.0,0.0,0.0,0.0,0.0,0.0,0.0,0.0,0.0,0.0,0.0,0.0,0.0,0.0,0.0,0.0,0.0
2011-04-23,1.4123,0.0,0.0,0.0,0.0,0.0,0.0,0.0,0.0,0.0,0.0,0.0,0.0,0.0,0.0,0.0,0.0,0.0,0.0,0.0,0.0
2011-04-30,0.854271,0.0,0.0,0.0,0.0,0.0,0.0,0.0,0.0,0.0,0.0,0.0,0.0,0.0,0.0,0.0,0.0,2682.8037525183045,0.0,0.0,2033.4004321175305
2011-05-07,0.798122,0.0,0.0,0.0,0.0,0.0,0.0,0.0,0.0,0.0,0.0,0.0,0.0,0.0,0.0,0.0,0.0,0.0,0.0,0.0,0.0
2011-05-14,0.359712,0.0,0.0,0.0,0.0,0.0,0.0,1968.4982706982728,0.0,0.0,0.0,0.0,0.0,0.0,0.0,0.0,0.0,0.0,0.0,0.0,0.0
2011-05-21,0.306279,0.0,0.0,0.0,0.0,0.0,0.0,0.0,0.0,0.0,0.0,0.0,0.0,0.0,0.0,0.0,0.0,0.0,0.0,0.0,0.0
2011-05-28,0.716846,0.0,0.0,0.0,0.0,0.0,0.0,0.0,0.0,0.0,0.0,0.0,0.0,0.0,0.0,0.0,0.0,0.0,0.0,0.0,0.0
2011-06-04,0.366492,0.0,3093.291207577042,0.0,0.0,0.0,0.0,0.0,0.0,0.0,0.0,0.0,0.0,0.0,0.0,0.0,0.0,0.0,0.0,0.0,0.0
2011-06-11,0.601751,0.0,0.0,0.0,0.0,0.0,0.0,0.0,0.0,0.0,0.0,0.0,0.0,0.0,0.0,0.0,0.0,0.0,0.0,0.0,0.0
2011-06-18,0.552486,0.0,0.0,0.0,0.0,0.0,0.0,0.0,0.0,0.0,0.0,0.0,0.0,0.0,0.0,0.0,0.0,0.0,0.0,0.0,2282.802495196227
2011-06-25,0.764192,0.0,0.0,0.0,0.0,0.0,0.0,0.0,0.0,0.0,0.0,0.0,0.0,0.0,2059.906351486807,0.0,0.0,0.0,0.0,0.0,0.0
2011-07-02,0.559284,0.0,0.0,0.0,0.0,0.0,0.0,0.0,0.0,0.0,0.0,0.0,2568.520488203745,0.0,0.0,0.0,0.0,0.0,0.0,0.0,0.0
2011-07-09,0.500835,0.0,0.0,0.0,0.0,0.0,0.0,0.0,0.0,0.0,0.0,0.0,0.0,0.0,0.0,0.0,0.0,0.0,0.0,0.0,0.0
2011-07-16,0.668896,0.0,0.0,0.0,0.0,0.0,0.0,2592.166555093964,0.0,0.0,0.0,0.0,0.0,0.0,0.0,0.0,0.0,0.0,0.0,0.0,0.0
2011-07-23,0.31746,0.0,0.0,0.0,0.0,0.0,0.0,0.0,0.0,0.0,0.0,0.0,0.0,0.0,0.0,0.0,2078.184628103643,0.0,0.0,0.0,0.0
2011-07-30,0.410678,0.0,0.0,0.0,0.0,0.0,0.0,0.0,0.0,0.0,0.0,0.0,0.0,0.0,0.0,0.0,0.0,0.0,0.0,0.0,0.0
2011-08-06,0.369393,0.0,0.0,0.0,0.0,0.0,0.0,0.0,0.0,0.0,0.0,0.0,0.0,0.0,0.0,0.0,0.0,0.0,0.0,0.0,0.0
2011-08-13,0.488865,0.0,0.0,0.0,0.0,0.0,0.0,0.0,0.0,0.0,0.0,0.0,0.0,0.0,0.0,0.0,2543.375110227242,0.0,0.0,0.0,0.0
2011-08-20,0.322754,0.0,0.0,0.0,0.0,0.0,0.0,0.0,0.0,0.0,0.0,0.0,0.0,0.0,0.0,0.0,0.0,0.0,0.0,0.0,0.0
2011-08-27,0.165107,0.0,0.0,0.0,0.0,0.0,0.0,0.0,0.0,0.0,0.0,0.0,0.0,0.0,0.0,0.0,0.0,0.0,0.0,0.0,0.0
2011-09-03,0.913978,0.0,0.0,0.0,0.0,0.0,0.0,0.0,0.0,0.0,0.0,0.0,0.0,0.0,0.0,0.0,0.0,0.0,0.0,0.0,0.0
2011-09-10,0.864865,0.0,0.0,0.0,0.0,0.0,0.0,0.0,0.0,0.0,0.0,0.0,0.0,0.0,0.0,0.0,0.0,0.0,0.0,0.0,0.0
2011-09-17,0.98242,0.0,0.0,0.0,0.0,0.0,0.0,0.0,0.0,0.0,0.0,0.0,0.0,0.0,0.0,0.0,0.0,0.0,0.0,0.0,1870.838682965448
2011-09-24,1.22699,0.0,0.0,0.0,0.0,0.0,0.0,0.0,0.0,0.0,0.0,0.0,0.0,0.0,0.0,0.0,0.0,0.0,0.0,0.0,0.0
2011-10-01,1.21644,0.0,0.0,0.0,0.0,0.0,0.0,0.0,0.0,0.0,0.0,0.0,0.0,0.0,0.0,0.0,0.0,0.0,0.0,0.0,0.0
2011-10-08,1.64913,0.0,0.0,0.0,0.0,0.0,0.0,0.0,0.0,0.0,0.0,0.0,0.0,0.0,0.0,0.0,0.0,0.0,0.0,0.0,0.0
2011-10-15,1.50376,0.0,0.0,0.0,0.0,0.0,0.0,0.0,0.0,0.0,0.0,0.0,0.0,0.0,0.0,0.0,0.0,0.0,0.0,0.0,0.0
2011-10-22,0.997817,0.0,0.0,0.0,0.0,0.0,0.0,0.0,1759.8879712005803,0.0,0.0,0.0,0.0,0.0,0.0,0.0,0.0,0.0,0.0,0.0,0.0
2011-10-29,0.87007,0.0,0.0,0.0,0.0,0.0,0.0,0.0,0.0,0.0,0.0,0.0,0.0,0.0,0.0,0.0,0.0,0.0,0.0,0.0,0.0
2011-11-05,0.74174,0.0,0.0,0.0,0.0,0.0,0.0,0.0,0.0,0.0,0.0,0.0,0.0,0.0,0.0,0.0,0.0,0.0,0.0,0.0,0.0
2011-11-12,1.17426,0.0,0.0,0.0,0.0,0.0,0.0,0.0,0.0,0.0,0.0,0.0,0.0,0.0,0.0,0.0,0.0,0.0,0.0,0.0,0.0
2011-11-19,0.510204,0.0,0.0,0.0,0.0,0.0,0.0,0.0,0.0,0.0,0.0,0.0,1975.6051941517892,0.0,0.0,0.0,0.0,0.0,0.0,0.0,0.0
2011-11-26,0.578704,0.0,0.0,0.0,0.0,2068.6735465828506,0.0,0.0,0.0,0.0,0.0,0.0,0.0,0.0,0.0,0.0,0.0,0.0,0.0,0.0,0.0
2011-12-03,0.958313,0.0,0.0,0.0,0.0,0.0,0.0,0.0,0.0,0.0,0.0,0.0,0.0,0.0,0.0,0.0,0.0,0.0,0.0,0.0,0.0
2011-12-10,0.703235,0.0,0.0,0.0,1655.6466579486755,0.0,0.0,0.0,0.0,0.0,0.0,0.0,0.0,0.0,0.0,0.0,0.0,0.0,0.0,0.0,0.0
2011-12-17,0.564682,0.0,0.0,0.0,0.0,0.0,0.0,0.0,0.0,0.0,0.0,0.0,0.0,0.0,0.0,0.0,0.0,0.0,0.0,0.0,0.0
2011-12-24,0.516529,0.0,0.0,0.0,0.0,0.0,0.0,0.0,0.0,0.0,0.0,0.0,0.0,0.0,0.0,0.0,0.0,0.0,0.0,0.0,0.0
2011-12-31,0.662252,0.0,0.0,0.0,0.0,0.0,0.0,0.0,0.0,0.0,0.0,0.0,0.0,0.0,0.0,0.0,0.0,0.0,0.0,0.0,2268.5434474418325
2012-01-07,0.696304,0.0,0.0,0.0,0.0,0.0,0.0,0.0,0.0,0.0,0.0,0.0,0.0,0.0,0.0,0.0,0.0,0.0,0.0,0.0,1790.621885592171
2012-01-14,0.507042,0.0,0.0,0.0,0.0,0.0,0.0,0.0,0.0,0.0,0.0,0.0,0.0,0.0,0.0,0.0,0.0,0.0,0.0,0.0,0.0
2012-01-21,0.763775,0.0,0.0,0.0,0.0,0.0,0.0,0.0,0.0,0.0,0.0,0.0,0.0,0.0,0.0,0.0,0.0,0.0,0.0,0.0,0.0
2012-01-28,1.49653,0.0,0.0,0.0,0.0,0.0,0.0,0.0,0.0,0.0,0.0,0.0,0.0,0.0,0.0,0.0,0.0,0.0,0.0,0.0,0.0
2012-02-04,0.838415,0.0,0.0,0.0,0.0,0.0,0.0,0.0,0.0,0.0,0.0,0.0,0.0,0.0,0.0,0.0,0.0,0.0,0.0,0.0,0.0
2012-02-11,0.615822,0.0,0.0,0.0,0.0,0.0,0.0,0.0,0.0,0.0,0.0,0.0,0.0,0.0,0.0,0.0,0.0,0.0,0.0,0.0,0.0
2012-02-18,0.360685,0.0,0.0,1827.8918355629376,0.0,0.0,0.0,0.0,0.0,0.0,0.0,0.0,0.0,0.0,0.0,0.0,0.0,0.0,0.0,0.0,0.0
2012-02-25,0.465983,0.0,0.0,0.0,0.0,0.0,0.0,0.0,0.0,0.0,0.0,1477.392990957689,0.0,0.0,0.0,0.0,0.0,1391.9671359438562,0.0,0.0,0.0
2012-03-03,0.84482,0.0,0.0,0.0,0.0,0.0,0.0,0.0,0.0,0.0,0.0,0.0,0.0,0.0,0.0,0.0,0.0,0.0,0.0,0.0,0.0
2012-03-10,0.636943,0.0,0.0,0.0,0.0,0.0,0.0,0.0,0.0,0.0,0.0,1524.6806781278813,0.0,0.0,0.0,0.0,0.0,0.0,0.0,0.0,2061.676542860016
2012-03-17,1.3312,0.0,0.0,0.0,0.0,0.0,0.0,0.0,0.0,0.0,0.0,2190.222060783606,0.0,0.0,0.0,0.0,1520.6068148411734,0.0,0.0,0.0,0.0
2012-03-24,1.1358,0.0,0.0,0.0,0.0,0.0,0.0,0.0,0.0,0.0,0.0,1519.4408461488133,948.2695648729886,0.0,0.0,0.0,2250.434413574564,0.0,0.0,957.0680309000415,1872.6484805564928
2012-03-31,0.920716,0.0,0.0,0.0,0.0,0.0,0.0,0.0,0.0,0.0,0.0,0.0,0.0,0.0,0.0,0.0,0.0,0.0,0.0,0.0,1570.4872963182618
2012-04-07,1.67877,0.0,0.0,0.0,0.0,0.0,0.0,0.0,0.0,0.0,0.0,0.0,0.0,0.0,0.0,0.0,0.0,0.0,0.0,0.0,2355.042240478612
2012-04-14,2.32058,0.0,0.0,0.0,0.0,0.0,0.0,0.0,0.0,0.0,0.0,0.0,0.0,0.0,0.0,0.0,0.0,0.0,0.0,0.0,1737.121369765261
2012-04-21,2.19072,0.0,0.0,0.0,0.0,0.0,0.0,0.0,0.0,0.0,0.0,1374.0437685506429,0.0,0.0,0.0,0.0,0.0,0.0,0.0,0.0,1888.6347579173755
2012-04-28,1.83076,0.0,0.0,0.0,0.0,0.0,0.0,0.0,0.0,0.0,0.0,0.0,0.0,0.0,0.0,0.0,1064.1140555357797,0.0,0.0,0.0,1053.2727251600272
2012-05-05,1.8611,0.0,0.0,0.0,0.0,0.0,0.0,0.0,0.0,0.0,0.0,0.0,0.0,0.0,0.0,0.0,1819.8747644781963,0.0,0.0,0.0,1811.4126918021088
2012-05-12,1.47679,0.0,0.0,0.0,0.0,0.0,0.0,2477.1324783019413,0.0,0.0,0.0,0.0,0.0,0.0,0.0,0.0,0.0,0.0,0.0,0.0,1879.5139758140351
2012-05-19,1.04216,0.0,0.0,0.0,0.0,0.0,0.0,0.0,0.0,0.0,0.0,0.0,0.0,0.0,0.0,0.0,0.0,0.0,0.0,0.0,0.0
2012-05-26,0.753546,0.0,0.0,0.0,0.0,0.0,0.0,0.0,0.0,0.0,0.0,0.0,0.0,0.0,0.0,0.0,2296.97272747581,0.0,0.0,0.0,0.0
2012-06-02,0.522814,0.0,0.0,0.0,0.0,0.0,0.0,0.0,0.0,0.0,0.0,0.0,0.0,0.0,0.0,0.0,0.0,0.0,0.0,0.0,0.0
2012-06-09,0.277316,0.0,0.0,0.0,0.0,0.0,0.0,0.0,0.0,0.0,0.0,0.0,0.0,0.0,0.0,0.0,0.0,0.0,0.0,0.0,0.0
2012-06-16,0.339559,0.0,0.0,0.0,2429.537932362691,0.0,0.0,0.0,0.0,0.0,0.0,0.0,0.0,0.0,0.0,0.0,0.0,0.0,0.0,0.0,0.0
2012-06-23,0.268097,0.0,0.0,0.0,0.0,1937.983076672461,0.0,0.0,0.0,0.0,0.0,0.0,0.0,0.0,0.0,0.0,0.0,0.0,0.0,0.0,0.0
2012-06-30,0.428036,0.0,0.0,0.0,0.0,0.0,0.0,0.0,0.0,0.0,0.0,0.0,0.0,0.0,0.0,0.0,0.0,0.0,0.0,0.0,1786.7952549286913
2012-07-07,0.380435,0.0,0.0,0.0,0.0,0.0,0.0,0.0,0.0,0.0,0.0,0.0,0.0,0.0,0.0,0.0,0.0,0.0,0.0,0.0,0.0
2012-07-14,0.326797,0.0,0.0,0.0,0.0,0.0,0.0,0.0,0.0,0.0,0.0,0.0,0.0,0.0,0.0,0.0,0.0,0.0,0.0,0.0,0.0
2012-07-21,0.30426,0.0,0.0,0.0,0.0,0.0,0.0,0.0,0.0,0.0,0.0,0.0,0.0,0.0,0.0,0.0,0.0,0.0,0.0,0.0,0.0
2012-07-28,0.292398,0.0,0.0,0.0,0.0,0.0,0.0,0.0,0.0,0.0,0.0,0.0,0.0,0.0,0.0,0.0,0.0,0.0,1605.3126233626465,0.0,0.0
2012-08-04,0.262881,0.0,0.0,0.0,0.0,0.0,0.0,0.0,0.0,0.0,0.0,0.0,0.0,0.0,0.0,0.0,0.0,0.0,0.0,0.0,0.0
2012-08-11,0.272035,0.0,0.0,0.0,0.0,0.0,0.0,0.0,0.0,0.0,0.0,0.0,0.0,0.0,0.0,0.0,0.0,0.0,0.0,1987.7720407436848,0.0
2012-08-18,0.0980392,0.0,0.0,0.0,0.0,0.0,0.0,0.0,0.0,0.0,0.0,0.0,0.0,0.0,0.0,0.0,0.0,0.0,0.0,0.0,0.0
2012-08-25,0.149775,0.0,0.0,0.0,0.0,0.0,0.0,0.0,0.0,0.0,0.0,0.0,0.0,0.0,0.0,0.0,0.0,0.0,0.0,0.0,0.0
2012-09-01,0.150527,0.0,0.0,0.0,0.0,0.0,0.0,0.0,0.0,0.0,0.0,0.0,0.0,0.0,0.0,0.0,0.0,0.0,0.0,0.0,0.0
2012-09-08,0.611621,0.0,0.0,0.0,0.0,0.0,0.0,1723.9901252122786,0.0,0.0,0.0,0.0,0.0,0.0,0.0,0.0,0.0,0.0,0.0,0.0,0.0
2012-09-15,0.628627,0.0,0.0,0.0,0.0,0.0,0.0,0.0,0.0,0.0,0.0,0.0,0.0,0.0,0.0,0.0,1592.5156935693371,0.0,0.0,0.0,0.0
2012-09-22,0.229226,0.0,0.0,0.0,0.0,0.0,0.0,0.0,0.0,0.0,0.0,0.0,0.0,0.0,0.0,0.0,0.0,0.0,0.0,0.0,1848.9667777614443
2012-09-29,0.568182,0.0,0.0,0.0,0.0,0.0,0.0,0.0,0.0,0.0,0.0,0.0,0.0,0.0,0.0,0.0,0.0,0.0,0.0,0.0,0.0
2012-10-06,1.19893,0.0,0.0,0.0,0.0,0.0,0.0,0.0,0.0,0.0,0.0,0.0,0.0,0.0,0.0,0.0,0.0,0.0,0.0,0.0,1487.3051033759496
2012-10-13,0.847035,0.0,0.0,0.0,0.0,0.0,0.0,0.0,0.0,0.0,0.0,0.0,0.0,0.0,0.0,0.0,0.0,0.0,0.0,0.0,1965.3352844907852
2012-10-20,0.986278,0.0,0.0,1646.6454141125437,0.0,0.0,0.0,0.0,0.0,0.0,0.0,0.0,0.0,0.0,0.0,0.0,0.0,0.0,1831.3514028455656,0.0,0.0
2012-10-27,1.17493,0.0,0.0,0.0,0.0,0.0,0.0,0.0,0.0,0.0,0.0,0.0,0.0,0.0,0.0,0.0,0.0,0.0,0.0,0.0,0.0
2012-11-03,1.37533,0.0,0.0,0.0,0.0,0.0,0.0,0.0,0.0,0.0,0.0,0.0,0.0,0.0,0.0,0.0,0.0,0.0,0.0,0.0,1718.2698781216789
2012-11-10,1.32979,0.0,0.0,0.0,0.0,0.0,0.0,0.0,0.0,0.0,0.0,0.0,0.0,0.0,0.0,0.0,0.0,0.0,0.0,0.0,0.0
2012-11-17,1.03704,0.0,0.0,0.0,0.0,0.0,0.0,0.0,0.0,0.0,1413.4468689961443,0.0,0.0,0.0,1629.5273089867324,0.0,0.0,0.0,0.0,0.0,0.0
2012-11-24,1.66667,0.0,0.0,0.0,0.0,0.0,0.0,0.0,0.0,0.0,0.0,0.0,0.0,0.0,0.0,0.0,0.0,0.0,0.0,0.0,0.0
2012-12-01,1.52439,0.0,0.0,0.0,0.0,0.0,0.0,0.0,0.0,1421.7270645016954,0.0,0.0,0.0,1421.7270645016954,0.0,0.0,0.0,0.0,0.0,0.0,0.0
2012-12-08,1.49953,0.0,0.0,0.0,0.0,0.0,0.0,0.0,0.0,0.0,0.0,0.0,0.0,0.0,0.0,0.0,1797.0058092856518,0.0,0.0,0.0,0.0
2012-12-15,2.81818,0.0,0.0,0.0,0.0,0.0,0.0,1842.5140714074887,0.0,0.0,0.0,0.0,0.0,0.0,0.0,0.0,2175.01915909342,0.0,0.0,0.0,0.0
2012-12-22,2.21687,0.0,0.0,0.0,0.0,0.0,0.0,0.0,0.0,0.0,0.0,0.0,0.0,0.0,0.0,0.0,0.0,0.0,1666.6610706568956,0.0,0.0
2012-12-29,4.07855,0.0,0.0,0.0,0.0,0.0,0.0,0.0,0.0,0.0,0.0,0.0,0.0,0.0,0.0,0.0,0.0,0.0,0.0,0.0,0.0
2013-01-05,2.16573,0.0,0.0,0.0,0.0,0.0,0.0,0.0,1873.681920886775,0.0,0.0,2222.6739914580635,0.0,0.0,0.0,0.0,0.0,0.0,0.0,0.0,2632.302792784725
2013-01-12,2.26433,0.0,1837.2403753428523,0.0,0.0,0.0,0.0,0.0,0.0,0.0,0.0,0.0,0.0,0.0,0.0,0.0,1751.8108446476133,0.0,0.0,0.0,0.0
2013-01-19,2.53279,0.0,1992.0203770235316,0.0,0.0,0.0,0.0,0.0,0.0,0.0,0.0,0.0,0.0,0.0,0.0,0.0,0.0,0.0,0.0,0.0,0.0
2013-01-26,0.979858,0.0,0.0,0.0,0.0,0.0,0.0,1538.9324369946405,0.0,0.0,0.0,1423.7703597976415,0.0,0.0,0.0,0.0,0.0,0.0,0.0,0.0,0.0
2013-02-02,2.47636,0.0,1454.4955903191694,0.0,0.0,0.0,0.0,0.0,0.0,0.0,0.0,0.0,0.0,0.0,0.0,0.0,0.0,0.0,0.0,0.0,0.0
2013-02-09,1.56726,0.0,0.0,0.0,0.0,0.0,0.0,0.0,0.0,0.0,0.0,0.0,0.0,0.0,0.0,0.0,0.0,0.0,0.0,0.0,1640.9921474574917
2013-02-16,1.04879,0.0,0.0,0.0,0.0,0.0,0.0,0.0,0.0,0.0,0.0,0.0,0.0,0.0,0.0,0.0,0.0,0.0,0.0,0.0,1874.625765807017
2013-02-23,0.89782,0.0,0.0,0.0,0.0,0.0,0.0,0.0,0.0,0.0,0.0,0.0,0.0,0.0,0.0,0.0,1287.4445654558087,0.0,0.0,0.0,0.0
2013-03-02,1.0296,0.0,0.0,0.0,0.0,0.0,0.0,0.0,0.0,0.0,0.0,0.0,0.0,0.0,0.0,1768.1692100781931,0.0,0.0,0.0,0.0,0.0
2013-03-09,0.57923,0.0,0.0,0.0,0.0,0.0,0.0,0.0,0.0,0.0,0.0,0.0,0.0,0.0,0.0,0.0,0.0,0.0,0.0,0.0,0.0
2013-03-16,1.13086,0.0,0.0,0.0,0.0,0.0,0.0,0.0,0.0,0.0,0.0,0.0,1773.047746117362,0.0,0.0,0.0,0.0,1350.9236101826466,0.0,0.0,1872.7944364579475
2013-03-23,1.01351,0.0,0.0,0.0,0.0,1609.639595856515,0.0,0.0,0.0,0.0,0.0,0.0,0.0,0.0,0.0,0.0,2548.7477704461285,0.0,0.0,0.0,1370.7384813369715
2013-03-30,0.91623,0.0,1863.6851812056816,0.0,0.0,0.0,0.0,0.0,0.0,1585.2972619474172,0.0,0.0,0.0,1585.2972619474172,0.0,0.0,0.0,0.0,0.0,0.0,0.0
2013-04-06,0.333778,0.0,0.0,0.0,0.0,0.0,0.0,0.0,0.0,0.0,0.0,0.0,0.0,0.0,0.0,0.0,0.0,0.0,0.0,0.0,2070.488643759984
2013-04-13,0.71475,1662.47287908405,0.0,0.0,0.0,0.0,0.0,0.0,0.0,0.0,0.0,0.0,0.0,0.0,0.0,0.0,0.0,0.0,0.0,0.0,0.0
2013-04-20,1.31579,0.0,0.0,0.0,0.0,0.0,0.0,0.0,0.0,0.0,0.0,0.0,1465.9254137789617,0.0,0.0,0.0,0.0,0.0,0.0,0.0,0.0
2013-04-27,0.786885,0.0,0.0,0.0,0.0,0.0,0.0,0.0,0.0,0.0,0.0,0.0,0.0,0.0,0.0,0.0,0.0,0.0,0.0,0.0,0.0
2013-05-04,0.856164,0.0,0.0,0.0,0.0,0.0,0.0,0.0,0.0,0.0,0.0,0.0,0.0,0.0,0.0,0.0,0.0,0.0,0.0,0.0,2027.782535436157
2013-05-11,0.17301,0.0,0.0,0.0,0.0,0.0,0.0,0.0,0.0,0.0,0.0,0.0,0.0,0.0,0.0,0.0,0.0,0.0,0.0,0.0,1291.898404641733
2013-05-18,1.13452,0.0,0.0,0.0,0.0,0.0,0.0,0.0,0.0,0.0,0.0,0.0,0.0,0.0,0.0,0.0,0.0,0.0,0.0,0.0,1400.9674117727727
2013-05-25,0.600109,0.0,0.0,0.0,0.0,0.0,0.0,0.0,0.0,0.0,0.0,0.0,0.0,0.0,0.0,0.0,0.0,0.0,0.0,0.0,1648.0034368307186
2013-06-01,0.163399,0.0,0.0,0.0,0.0,0.0,0.0,0.0,0.0,0.0,0.0,0.0,0.0,0.0,0.0,0.0,0.0,0.0,0.0,0.0,0.0
2013-06-08,0.176991,0.0,0.0,0.0,0.0,0.0,0.0,0.0,0.0,0.0,0.0,0.0,0.0,0.0,0.0,0.0,0.0,0.0,0.0,0.0,2441.545189027816
2013-06-15,0.123839,0.0,0.0,0.0,0.0,0.0,0.0,0.0,0.0,0.0,0.0,0.0,0.0,0.0,0.0,0.0,1655.5539324989293,0.0,0.0,0.0,1733.0608784170263
2013-06-22,0.0565291,0.0,0.0,0.0,0.0,0.0,0.0,0.0,0.0,0.0,0.0,0.0,0.0,0.0,0.0,0.0,0.0,0.0,0.0,0.0,0.0
2013-06-29,0.0,0.0,0.0,0.0,0.0,0.0,0.0,0.0,0.0,0.0,0.0,0.0,0.0,0.0,0.0,0.0,1482.302671151155,0.0,0.0,0.0,0.0
2013-07-06,0.0,0.0,0.0,0.0,0.0,0.0,0.0,0.0,0.0,0.0,0.0,0.0,0.0,0.0,0.0,0.0,0.0,0.0,0.0,0.0,0.0
2013-07-13,0.221076,0.0,0.0,0.0,0.0,0.0,0.0,0.0,0.0,0.0,0.0,0.0,0.0,0.0,0.0,0.0,0.0,0.0,0.0,0.0,0.0
2013-07-20,0.212314,0.0,0.0,0.0,0.0,0.0,0.0,0.0,0.0,0.0,0.0,0.0,0.0,0.0,0.0,0.0,0.0,0.0,0.0,0.0,0.0
2013-07-27,0.163577,0.0,0.0,0.0,0.0,0.0,0.0,0.0,0.0,0.0,0.0,0.0,0.0,0.0,0.0,0.0,0.0,0.0,0.0,0.0,0.0
2013-08-03,0.0521376,0.0,0.0,0.0,0.0,0.0,0.0,0.0,0.0,0.0,0.0,0.0,0.0,0.0,0.0,0.0,0.0,0.0,0.0,0.0,0.0
2013-08-10,0.361228,0.0,0.0,0.0,0.0,0.0,0.0,0.0,0.0,0.0,0.0,0.0,0.0,0.0,0.0,0.0,0.0,0.0,0.0,0.0,0.0
2013-08-17,0.279486,0.0,0.0,0.0,0.0,0.0,0.0,0.0,0.0,0.0,0.0,0.0,0.0,0.0,0.0,0.0,0.0,0.0,0.0,0.0,0.0
2013-08-24,0.180505,0.0,0.0,0.0,0.0,0.0,0.0,0.0,0.0,0.0,0.0,0.0,0.0,0.0,0.0,0.0,0.0,0.0,0.0,0.0,0.0
2013-08-31,0.234742,0.0,0.0,0.0,0.0,0.0,0.0,0.0,0.0,0.0,0.0,0.0,0.0,0.0,0.0,0.0,0.0,0.0,0.0,0.0,0.0
2013-09-07,0.369549,0.0,0.0,0.0,0.0,0.0,0.0,0.0,0.0,0.0,0.0,0.0,0.0,0.0,0.0,0.0,0.0,0.0,0.0,0.0,0.0
2013-09-14,0.608519,0.0,0.0,0.0,0.0,0.0,0.0,0.0,0.0,0.0,0.0,0.0,0.0,0.0,0.0,0.0,0.0,0.0,0.0,0.0,0.0
2013-09-21,0.894454,0.0,0.0,0.0,0.0,0.0,0.0,0.0,0.0,0.0,0.0,0.0,0.0,0.0,0.0,0.0,0.0,0.0,0.0,0.0,1449.2176529245926
2013-09-28,0.517241,0.0,0.0,0.0,0.0,0.0,0.0,0.0,0.0,0.0,0.0,0.0,0.0,0.0,0.0,0.0,0.0,0.0,0.0,0.0,1601.6875854432612
2013-10-05,0.6238,0.0,0.0,0.0,0.0,0.0,0.0,0.0,1420.1135936635424,0.0,0.0,2380.60376926264,0.0,0.0,0.0,0.0,0.0,1735.218098281617,0.0,0.0,0.0
2013-10-12,0.838926,0.0,0.0,0.0,0.0,0.0,0.0,0.0,0.0,0.0,0.0,0.0,0.0,0.0,0.0,0.0,0.0,0.0,0.0,0.0,1766.46039473158
2013-10-19,0.655431,0.0,0.0,0.0,0.0,0.0,1969.0431565939816,0.0,0.0,0.0,0.0,0.0,0.0,0.0,0.0,0.0,1459.3191332001272,0.0,0.0,0.0,0.0
2013-10-26,0.640732,0.0,0.0,0.0,0.0,0.0,0.0,0.0,0.0,0.0,0.0,0.0,0.0,0.0,0.0,0.0,0.0,0.0,0.0,0.0,1392.182442641796
2013-11-02,0.457666,0.0,0.0,0.0,0.0,0.0,0.0,0.0,0.0,0.0,0.0,0.0,0.0,0.0,0.0,0.0,0.0,0.0,0.0,0.0,1409.1951204956367
2013-11-09,0.563258,0.0,0.0,0.0,0.0,0.0,0.0,0.0,0.0,0.0,0.0,0.0,1270.9303007174026,0.0,0.0,0.0,0.0,0.0,0.0,0.0,2530.525772207694
2013-11-16,0.429185,0.0,0.0,0.0,0.0,0.0,0.0,0.0,0.0,0.0,0.0,0.0,0.0,0.0,0.0,0.0,0.0,0.0,0.0,0.0,1857.89021912666
2013-11-23,0.439883,0.0,0.0,0.0,0.0,0.0,0.0,0.0,0.0,0.0,0.0,0.0,0.0,0.0,0.0,0.0,0.0,0.0,0.0,0.0,2473.295585026966
2013-11-30,0.321543,0.0,0.0,0.0,0.0,0.0,2092.01470310416,0.0,0.0,0.0,0.0,0.0,0.0,0.0,0.0,0.0,0.0,0.0,0.0,0.0,0.0
2013-12-07,0.589181,0.0,0.0,0.0,0.0,0.0,0.0,1512.547003015203,0.0,0.0,0.0,0.0,0.0,0.0,0.0,0.0,0.0,0.0,0.0,0.0,1407.3549879232726
2013-12-14,1.38122,0.0,0.0,0.0,0.0,0.0,0.0,0.0,0.0,0.0,0.0,0.0,0.0,0.0,0.0,0.0,0.0,0.0,0.0,0.0,1589.8998123495055
2013-12-21,3.22917,0.0,1431.2814669946251,0.0,0.0,0.0,0.0,0.0,0.0,0.0,0.0,0.0,0.0,0.0,0.0,0.0,1633.7805983387138,0.0,0.0,0.0,0.0
2013-12-28,5.30883,2030.9666107449864,0.0,0.0,0.0,0.0,0.0,1961.8754849645093,0.0,0.0,0.0,0.0,0.0,0.0,0.0,0.0,2060.3297290058867,0.0,0.0,0.0,0.0
2014-01-04,3.92749,0.0,1457.1254501550843,0.0,0.0,0.0,1975.1838415630784,2769.1363230409293,0.0,0.0,0.0,0.0,0.0,0.0,0.0,0.0,0.0,0.0,0.0,0.0,0.0
2014-01-11,3.4096,1409.3566568097158,0.0,0.0,0.0,0.0,0.0,0.0,0.0,0.0,0.0,0.0,0.0,0.0,0.0,0.0,1758.4893626462713,0.0,0.0,0.0,2029.9163757007288
2014-01-18,2.49351,0.0,0.0,0.0,0.0,0.0,0.0,0.0,0.0,0.0,0.0,0.0,1267.27283971114,0.0,0.0,0.0,0.0,0.0,0.0,0.0,2107.3609162539583
2014-01-25,1.85097,0.0,0.0,0.0,0.0,0.0,1388.642318015755,0.0,0.0,0.0,0.0,0.0,0.0,0.0,0.0,0.0,0.0,0.0,0.0,0.0,0.0
2014-02-01,1.86667,0.0,0.0,0.0,0.0,0.0,0.0,0.0,0.0,0.0,0.0,0.0,0.0,0.0,0.0,0.0,0.0,0.0,0.0,0.0,0.0
2014-02-08,1.60976,0.0,1632.8909295373276,0.0,0.0,0.0,0.0,0.0,0.0,0.0,0.0,0.0,0.0,0.0,0.0,0.0,0.0,0.0,0.0,0.0,0.0
2014-02-15,1.71518,0.0,0.0,0.0,0.0,0.0,0.0,0.0,0.0,0.0,0.0,0.0,0.0,0.0,0.0,0.0,0.0,0.0,0.0,0.0,1517.9669501607068
2014-02-22,0.664084,0.0,0.0,0.0,0.0,0.0,0.0,0.0,0.0,0.0,0.0,0.0,0.0,0.0,0.0,0.0,0.0,0.0,0.0,0.0,0.0
2014-03-01,0.84246,0.0,0.0,0.0,0.0,0.0,0.0,0.0,0.0,0.0,0.0,1537.4132728519776,0.0,0.0,0.0,0.0,0.0,0.0,0.0,0.0,0.0
2014-03-08,0.942588,1234.453170547033,0.0,0.0,0.0,0.0,0.0,0.0,0.0,0.0,0.0,0.0,0.0,0.0,0.0,0.0,0.0,0.0,0.0,0.0,0.0
2014-03-15,0.452148,0.0,0.0,1388.3641579970013,0.0,0.0,0.0,0.0,0.0,0.0,0.0,0.0,0.0,0.0,0.0,0.0,0.0,0.0,0.0,0.0,1779.6424885776682
2014-03-22,0.740096,0.0,0.0,0.0,0.0,0.0,0.0,0.0,0.0,0.0,0.0,0.0,0.0,0.0,0.0,0.0,0.0,0.0,0.0,0.0,0.0
2014-03-29,0.92233,0.0,0.0,0.0,0.0,0.0,0.0,0.0,0.0,0.0,0.0,0.0,0.0,0.0,0.0,0.0,0.0,0.0,0.0,0.0,1628.2820821671585
2014-04-05,0.868373,0.0,0.0,0.0,0.0,0.0,0.0,1687.8473744776647,0.0,0.0,0.0,0.0,0.0,0.0,0.0,0.0,0.0,0.0,0.0,0.0,0.0
2014-04-12,0.656234,0.0,1953.9886053502328,0.0,0.0,0.0,0.0,0.0,0.0,0.0,0.0,0.0,0.0,0.0,0.0,0.0,0.0,0.0,0.0,0.0,1497.1878227053628
2014-04-19,0.848256,0.0,0.0,0.0,0.0,0.0,0.0,0.0,0.0,0.0,0.0,0.0,0.0,0.0,0.0,0.0,0.0,0.0,0.0,0.0,1758.6396558255776
2014-04-26,0.735294,0.0,0.0,0.0,0.0,0.0,0.0,0.0,0.0,0.0,0.0,0.0,0.0,0.0,0.0,0.0,1518.0369330898582,0.0,0.0,0.0,1323.9506039282437
2014-05-03,0.562527,0.0,1401.9011452305388,0.0,0.0,0.0,0.0,0.0,0.0,0.0,0.0,0.0,0.0,0.0,0.0,0.0,0.0,0.0,0.0,0.0,2373.759314214762
2014-05-10,0.858369,0.0,0.0,0.0,0.0,0.0,0.0,1364.9882611012672,0.0,0.0,0.0,0.0,0.0,0.0,0.0,0.0,0.0,0.0,0.0,0.0,0.0
2014-05-17,0.255754,0.0,0.0,0.0,0.0,0.0,0.0,1544.282043527117,0.0,0.0,0.0,0.0,0.0,0.0,0.0,0.0,0.0,1447.669816121263,0.0,0.0,1779.2958437508996
2014-05-24,1.00182,0.0,0.0,0.0,0.0,0.0,0.0,0.0,0.0,0.0,0.0,0.0,0.0,0.0,0.0,0.0,0.0,0.0,0.0,0.0,0.0
2014-05-31,0.478469,0.0,0.0,0.0,0.0,0.0,0.0,1920.73334419955,0.0,0.0,0.0,0.0,0.0,0.0,0.0,0.0,0.0,0.0,0.0,0.0,0.0
2014-06-07,1.66667,0.0,0.0,0.0,0.0,0.0,0.0,0.0,0.0,0.0,0.0,0.0,0.0,0.0,0.0,0.0,0.0,0.0,0.0,0.0,0.0
2014-06-14,0.155763,0.0,0.0,0.0,0.0,0.0,0.0,0.0,0.0,0.0,0.0,0.0,0.0,0.0,0.0,0.0,0.0,0.0,0.0,0.0,0.0
2014-06-21,0.347826,0.0,0.0,0.0,0.0,0.0,0.0,0.0,0.0,0.0,0.0,0.0,0.0,0.0,0.0,0.0,0.0,0.0,0.0,0.0,0.0
2014-06-28,0.0,0.0,0.0,0.0,0.0,0.0,0.0,0.0,0.0,0.0,0.0,0.0,0.0,0.0,0.0,0.0,0.0,0.0,0.0,0.0,0.0
2014-07-05,0.253165,0.0,0.0,0.0,0.0,0.0,0.0,0.0,0.0,0.0,0.0,0.0,0.0,0.0,0.0,0.0,0.0,0.0,0.0,0.0,0.0
2014-07-12,0.0,0.0,0.0,0.0,0.0,0.0,0.0,0.0,0.0,0.0,0.0,0.0,0.0,0.0,0.0,0.0,0.0,0.0,0.0,0.0,0.0
2014-07-19,0.70922,0.0,0.0,2125.229158533427,0.0,0.0,0.0,0.0,0.0,0.0,0.0,0.0,0.0,0.0,0.0,0.0,0.0,0.0,0.0,0.0,0.0
2014-07-26,0.0,0.0,0.0,0.0,0.0,0.0,0.0,0.0,0.0,1810.5230921580649,0.0,0.0,0.0,1810.523092158065,0.0,0.0,0.0,0.0,0.0,0.0,0.0
2014-08-02,0.153846,0.0,0.0,0.0,0.0,1713.955057361382,0.0,0.0,0.0,0.0,0.0,0.0,0.0,0.0,0.0,0.0,0.0,0.0,0.0,0.0,0.0
2014-08-09,0.0,0.0,0.0,0.0,0.0,0.0,0.0,0.0,0.0,0.0,0.0,0.0,0.0,0.0,0.0,0.0,0.0,0.0,0.0,0.0,0.0
2014-08-16,0.0,0.0,0.0,0.0,0.0,0.0,0.0,0.0,0.0,0.0,0.0,1977.1943708246624,0.0,0.0,0.0,0.0,0.0,0.0,0.0,0.0,0.0
2014-08-23,0.442478,0.0,0.0,0.0,0.0,0.0,0.0,0.0,0.0,0.0,0.0,0.0,0.0,0.0,0.0,0.0,0.0,0.0,0.0,0.0,1480.4578813465446
2014-08-30,0.0,1897.4153228070463,0.0,0.0,0.0,0.0,0.0,0.0,0.0,0.0,0.0,0.0,0.0,0.0,0.0,0.0,1455.5203630625508,0.0,0.0,0.0,1494.8707762823976
2014-09-06,0.0,0.0,0.0,0.0,0.0,0.0,0.0,0.0,0.0,0.0,0.0,0.0,0.0,0.0,0.0,0.0,0.0,0.0,0.0,0.0,0.0
2014-09-13,0.0,0.0,0.0,0.0,0.0,0.0,0.0,0.0,0.0,0.0,0.0,0.0,0.0,0.0,0.0,0.0,0.0,0.0,0.0,0.0,1972.99010076149
2014-09-20,0.0,0.0,0.0,0.0,0.0,0.0,0.0,0.0,0.0,0.0,0.0,0.0,0.0,0.0,0.0,0.0,0.0,0.0,0.0,0.0,0.0
2014-09-27,0.572246,0.0,0.0,0.0,0.0,0.0,0.0,0.0,0.0,0.0,0.0,0.0,0.0,0.0,0.0,0.0,1811.081889358083,0.0,0.0,0.0,2908.993796304368
2014-10-04,0.437445,0.0,0.0,0.0,0.0,0.0,0.0,0.0,0.0,0.0,0.0,0.0,0.0,0.0,0.0,0.0,0.0,0.0,0.0,0.0,1710.7847175785053
2014-10-11,0.412939,0.0,0.0,0.0,0.0,0.0,0.0,0.0,0.0,0.0,0.0,0.0,0.0,0.0,0.0,0.0,0.0,0.0,0.0,0.0,0.0
2014-10-18,0.364631,0.0,0.0,0.0,0.0,1496.8348843821354,0.0,0.0,0.0,0.0,0.0,0.0,0.0,0.0,0.0,0.0,0.0,0.0,0.0,0.0,0.0
2014-10-25,1.54603,0.0,0.0,1636.845407827168,0.0,0.0,0.0,0.0,0.0,0.0,0.0,0.0,0.0,0.0,0.0,0.0,0.0,0.0,0.0,0.0,0.0
2014-11-01,1.80723,1432.2871250472874,0.0,1534.4963733375234,0.0,0.0,0.0,0.0,0.0,0.0,0.0,0.0,0.0,0.0,0.0,0.0,1441.0504795156116,0.0,0.0,0.0,0.0
2014-11-08,3.11448,1714.4643210204083,0.0,0.0,0.0,0.0,0.0,0.0,1465.8216333545367,0.0,0.0,0.0,0.0,0.0,0.0,0.0,0.0,0.0,0.0,0.0,1319.4527800519584
2014-11-15,3.14843,0.0,1518.809519847639,0.0,1649.4469016124904,0.0,0.0,0.0,0.0,0.0,0.0,0.0,0.0,0.0,0.0,1411.281516633961,0.0,0.0,0.0,0.0,0.0
2014-11-22,2.92857,0.0,0.0,0.0,0.0,0.0,0.0,0.0,0.0,0.0,0.0,0.0,0.0,0.0,0.0,0.0,1575.0474830667918,0.0,0.0,0.0,0.0
2014-11-29,2.39852,0.0,0.0,0.0,0.0,0.0,1820.3676413723736,0.0,0.0,0.0,0.0,0.0,0.0,0.0,0.0,0.0,0.0,0.0,0.0,0.0,0.0
2014-12-06,2.12465,0.0,0.0,0.0,0.0,2293.33588067042,0.0,0.0,0.0,0.0,0.0,0.0,0.0,0.0,0.0,0.0,0.0,0.0,0.0,0.0,1739.6081161658071
2014-12-13,1.66305,2119.0881011860647,0.0,0.0,0.0,0.0,0.0,0.0,0.0,0.0,0.0,0.0,0.0,0.0,0.0,0.0,0.0,0.0,0.0,0.0,0.0
2014-12-20,2.63425,1980.1361668976613,1710.5299611061412,0.0,0.0,0.0,0.0,0.0,0.0,0.0,0.0,0.0,0.0,0.0,0.0,0.0,0.0,0.0,0.0,0.0,0.0
2014-12-27,2.34542,0.0,0.0,0.0,0.0,0.0,0.0,0.0,0.0,0.0,0.0,0.0,0.0,0.0,0.0,0.0,0.0,0.0,0.0,0.0,0.0
2015-01-03,2.36626,0.0,0.0,0.0,0.0,0.0,0.0,0.0,0.0,0.0,0.0,2490.869009805868,1714.1303668352084,0.0,2489.248938790789,0.0,0.0,0.0,0.0,0.0,2634.114132264668
2015-01-10,0.975177,0.0,0.0,0.0,0.0,0.0,0.0,0.0,0.0,0.0,0.0,0.0,0.0,0.0,1505.818384265554,0.0,0.0,0.0,0.0,0.0,1477.3463207098675
2015-01-17,1.03189,1564.3984874882915,0.0,0.0,0.0,0.0,0.0,0.0,0.0,0.0,0.0,0.0,0.0,0.0,0.0,0.0,0.0,0.0,0.0,0.0,0.0
2015-01-24,2.09351,0.0,0.0,0.0,0.0,0.0,0.0,0.0,0.0,0.0,0.0,0.0,1674.8264264251054,0.0,0.0,0.0,0.0,0.0,0.0,0.0,0.0
2015-01-31,0.947522,0.0,0.0,0.0,0.0,0.0,0.0,0.0,0.0,0.0,0.0,0.0,0.0,0.0,0.0,1556.2874041046716,0.0,0.0,0.0,0.0,1335.280658606866
2015-02-07,0.992063,0.0,0.0,0.0,0.0,0.0,0.0,0.0,0.0,0.0,0.0,1442.8008334156375,0.0,0.0,0.0,0.0,0.0,0.0,0.0,0.0,1443.518266856663
2015-02-14,1.28571,0.0,0.0,0.0,0.0,0.0,0.0,0.0,0.0,0.0,0.0,0.0,0.0,0.0,0.0,0.0,0.0,0.0,0.0,0.0,0.0
2015-02-21,0.183318,0.0,0.0,0.0,0.0,0.0,0.0,0.0,0.0,0.0,0.0,0.0,0.0,0.0,1418.7190573391758,0.0,0.0,0.0,0.0,0.0,1815.7571438751693
2015-02-28,0.523104,0.0,0.0,0.0,0.0,0.0,0.0,0.0,0.0,0.0,0.0,0.0,0.0,0.0,0.0,0.0,1611.3969381733968,0.0,0.0,0.0,2369.1922205086
2015-03-07,0.539568,0.0,0.0,0.0,1385.0698215835423,0.0,0.0,0.0,0.0,0.0,0.0,0.0,0.0,0.0,0.0,0.0,0.0,0.0,0.0,0.0,2240.8242453922485
2015-03-14,0.542005,1686.8281978368277,0.0,0.0,0.0,0.0,0.0,0.0,0.0,0.0,0.0,0.0,0.0,0.0,0.0,0.0,0.0,0.0,0.0,0.0,0.0
2015-03-21,0.0,0.0,1378.3430308591048,0.0,0.0,0.0,0.0,0.0,0.0,0.0,0.0,0.0,0.0,0.0,0.0,0.0,0.0,0.0,0.0,0.0,1930.1793620249305
2015-03-28,0.189934,0.0,0.0,0.0,0.0,0.0,0.0,0.0,0.0,0.0,0.0,0.0,0.0,0.0,0.0,0.0,0.0,0.0,0.0,0.0,0.0
2015-04-04,0.44964,0.0,0.0,0.0,0.0,0.0,0.0,0.0,0.0,0.0,0.0,0.0,0.0,0.0,0.0,0.0,1859.9045964103457,0.0,0.0,0.0,0.0
2015-04-11,0.0,0.0,0.0,0.0,0.0,0.0,0.0,0.0,0.0,0.0,0.0,0.0,0.0,0.0,0.0,0.0,1441.8423968769157,0.0,0.0,0.0,2147.355551420775
2015-04-18,0.313725,0.0,0.0,0.0,0.0,0.0,0.0,0.0,0.0,2403.703100777628,0.0,0.0,0.0,2403.703100777628,0.0,0.0,0.0,0.0,0.0,0.0,0.0
2015-04-25,0.435256,1521.227710158153,0.0,0.0,0.0,0.0,0.0,1542.9412007610613,0.0,0.0,0.0,0.0,0.0,0.0,0.0,0.0,1325.6225794257489,0.0,0.0,0.0,1698.5915323274432
2015-05-02,0.0,0.0,0.0,0.0,0.0,0.0,0.0,0.0,0.0,0.0,0.0,0.0,0.0,0.0,0.0,0.0,0.0,0.0,0.0,0.0,0.0
2015-05-09,0.0,0.0,0.0,0.0,0.0,0.0,0.0,0.0,0.0,0.0,0.0,0.0,0.0,0.0,0.0,0.0,0.0,0.0,0.0,0.0,0.0
2015-05-16,0.588235,0.0,0.0,0.0,0.0,0.0,0.0,0.0,0.0,0.0,0.0,0.0,0.0,0.0,0.0,0.0,1573.2097256368152,1489.350960005764,0.0,0.0,0.0
2015-05-23,1.06101,0.0,0.0,0.0,0.0,0.0,0.0,0.0,0.0,0.0,0.0,0.0,0.0,0.0,0.0,0.0,0.0,0.0,0.0,0.0,2057.722964916112
2015-05-30,1.40023,0.0,0.0,0.0,0.0,0.0,0.0,0.0,0.0,0.0,0.0,0.0,0.0,0.0,0.0,0.0,0.0,0.0,0.0,0.0,1744.964393956681
2015-06-06,0.490196,0.0,0.0,0.0,0.0,0.0,0.0,0.0,0.0,0.0,0.0,0.0,0.0,0.0,0.0,0.0,0.0,0.0,0.0,0.0,0.0
2015-06-13,0.0,0.0,0.0,0.0,0.0,0.0,0.0,1530.1803769130931,0.0,0.0,0.0,0.0,0.0,0.0,0.0,0.0,1848.348068180888,0.0,0.0,0.0,1469.3354594032096
2015-06-20,1.62095,0.0,0.0,0.0,0.0,0.0,0.0,0.0,0.0,0.0,0.0,0.0,0.0,0.0,0.0,0.0,0.0,0.0,0.0,0.0,0.0
2015-06-27,2.28509,0.0,0.0,0.0,0.0,0.0,0.0,0.0,0.0,0.0,0.0,0.0,0.0,0.0,0.0,0.0,0.0,0.0,0.0,0.0,0.0
2015-07-04,1.68539,0.0,0.0,0.0,0.0,0.0,0.0,0.0,0.0,0.0,0.0,0.0,0.0,0.0,0.0,0.0,0.0,0.0,0.0,0.0,0.0
2015-07-11,1.58151,0.0,0.0,0.0,0.0,0.0,0.0,0.0,0.0,0.0,0.0,0.0,0.0,0.0,0.0,0.0,0.0,0.0,0.0,0.0,0.0
2015-07-18,0.661626,0.0,0.0,0.0,0.0,0.0,0.0,0.0,0.0,0.0,0.0,0.0,0.0,0.0,0.0,0.0,0.0,0.0,0.0,0.0,0.0
2015-07-25,0.661626,0.0,0.0,0.0,0.0,0.0,0.0,0.0,0.0,0.0,0.0,0.0,0.0,0.0,0.0,0.0,1966.761658210812,0.0,0.0,0.0,0.0
2015-08-01,0.681597,0.0,0.0,0.0,0.0,0.0,0.0,0.0,0.0,0.0,0.0,0.0,0.0,0.0,0.0,0.0,0.0,0.0,0.0,0.0,0.0
2015-08-08,0.432432,0.0,0.0,0.0,0.0,0.0,0.0,0.0,0.0,0.0,0.0,0.0,0.0,0.0,0.0,0.0,0.0,0.0,0.0,0.0,0.0
2015-08-15,0.830737,0.0,0.0,0.0,0.0,0.0,0.0,1885.652781516172,0.0,0.0,0.0,0.0,0.0,0.0,0.0,0.0,1676.8608089746508,0.0,0.0,0.0,0.0
2015-08-22,0.536673,0.0,0.0,0.0,0.0,0.0,0.0,0.0,0.0,0.0,0.0,0.0,0.0,0.0,0.0,0.0,0.0,0.0,0.0,0.0,0.0
2015-08-29,0.496278,0.0,0.0,0.0,1571.0484167966783,0.0,0.0,1335.2140904806113,0.0,0.0,0.0,0.0,0.0,0.0,0.0,0.0,0.0,0.0,0.0,0.0,1568.8193810560251
2015-09-05,1.17096,0.0,0.0,0.0,0.0,0.0,0.0,0.0,0.0,0.0,0.0,0.0,0.0,0.0,0.0,0.0,0.0,0.0,0.0,0.0,1976.9349627790225
2015-09-12,1.97183,0.0,0.0,0.0,0.0,0.0,0.0,0.0,0.0,0.0,0.0,0.0,0.0,0.0,0.0,0.0,1285.1814083230702,0.0,0.0,0.0,3147.286086258966
2015-09-19,1.08803,0.0,1273.1406727486744,0.0,0.0,0.0,0.0,0.0,0.0,0.0,0.0,0.0,0.0,0.0,0.0,0.0,0.0,0.0,0.0,0.0,0.0
2015-09-26,1.00503,0.0,0.0,0.0,0.0,0.0,0.0,1779.184090084034,0.0,0.0,0.0,0.0,0.0,0.0,0.0,0.0,0.0,0.0,0.0,0.0,2002.902443711761
2015-10-03,0.505689,0.0,0.0,0.0,0.0,0.0,0.0,0.0,0.0,0.0,0.0,0.0,0.0,0.0,0.0,0.0,0.0,0.0,0.0,0.0,0.0
2015-10-10,0.627353,0.0,0.0,0.0,0.0,0.0,0.0,0.0,0.0,0.0,0.0,0.0,0.0,0.0,0.0,0.0,0.0,0.0,0.0,0.0,0.0
2015-10-17,1.17302,0.0,0.0,0.0,0.0,0.0,0.0,0.0,0.0,0.0,0.0,0.0,0.0,0.0,0.0,0.0,0.0,0.0,0.0,0.0,1522.6107470295058
2015-10-24,0.982659,1458.8748886528542,0.0,0.0,0.0,0.0,0.0,0.0,0.0,0.0,0.0,0.0,0.0,0.0,0.0,0.0,0.0,0.0,0.0,0.0,0.0
2015-10-31,0.531601,0.0,0.0,0.0,0.0,0.0,0.0,0.0,0.0,0.0,0.0,0.0,0.0,0.0,0.0,1253.0482021767075,1595.755195867776,0.0,0.0,0.0,1768.36479926967
2015-11-07,0.947867,0.0,0.0,0.0,0.0,0.0,0.0,0.0,0.0,0.0,0.0,0.0,0.0,0.0,0.0,0.0,1754.586542340717,0.0,0.0,0.0,2211.208455133188
2015-11-14,1.1213,0.0,0.0,0.0,0.0,0.0,0.0,1481.3980467961246,0.0,0.0,0.0,0.0,0.0,0.0,0.0,0.0,1421.7885778971647,0.0,0.0,0.0,0.0
2015-11-21,0.715746,0.0,0.0,0.0,0.0,0.0,0.0,0.0,0.0,0.0,0.0,0.0,0.0,0.0,0.0,0.0,0.0,0.0,0.0,0.0,2957.3030760039405
2015-11-28,0.721154,1316.056357483287,0.0,0.0,0.0,0.0,0.0,0.0,0.0,0.0,0.0,0.0,0.0,0.0,0.0,0.0,1465.8074678855044,0.0,0.0,1426.2571791989317,0.0
2015-12-05,1.32114,0.0,0.0,0.0,0.0,0.0,0.0,0.0,0.0,0.0,0.0,1755.136415035436,0.0,0.0,0.0,0.0,0.0,0.0,0.0,0.0,1215.9808389418451
2015-12-12,0.596421,0.0,0.0,0.0,0.0,0.0,0.0,0.0,0.0,0.0,0.0,0.0,0.0,0.0,0.0,0.0,0.0,0.0,0.0,0.0,1206.3247315752365
2015-12-19,0.226244,0.0,0.0,0.0,0.0,0.0,0.0,0.0,0.0,0.0,0.0,1390.9730030492992,0.0,0.0,0.0,0.0,0.0,0.0,0.0,0.0,0.0
2015-12-26,0.422535,0.0,2189.665500208401,0.0,0.0,0.0,0.0,0.0,0.0,0.0,0.0,0.0,0.0,0.0,0.0,0.0,0.0,0.0,0.0,0.0,0.0
2016-01-02,0.356718,0.0,1453.8448271154457,0.0,0.0,0.0,0.0,1411.8164067257824,0.0,0.0,0.0,0.0,0.0,0.0,0.0,0.0,0.0,0.0,0.0,0.0,1940.6062864107569
2016-01-09,0.591716,0.0,0.0,0.0,0.0,0.0,0.0,0.0,0.0,2528.0202949622176,0.0,0.0,0.0,2528.0202949622176,0.0,0.0,0.0,0.0,0.0,0.0,0.0
2016-01-16,0.332963,1973.82944525424,0.0,0.0,0.0,0.0,0.0,0.0,0.0,0.0,0.0,0.0,0.0,0.0,0.0,0.0,0.0,0.0,0.0,0.0,1698.5892023592082
2016-01-23,0.4329,0.0,0.0,1406.0260947650318,0.0,0.0,0.0,0.0,0.0,0.0,0.0,0.0,0.0,0.0,0.0,0.0,0.0,0.0,0.0,0.0,0.0
2016-01-30,0.718686,0.0,0.0,0.0,0.0,0.0,0.0,0.0,0.0,0.0,0.0,0.0,0.0,0.0,0.0,0.0,1151.0800627185924,0.0,0.0,0.0,2278.0384781500625
2016-02-06,0.601323,0.0,1227.1170024653704,0.0,0.0,0.0,0.0,1219.2624927079662,0.0,0.0,0.0,0.0,0.0,0.0,0.0,0.0,0.0,0.0,0.0,0.0,1430.3107015268854
2016-02-13,1.19976,1473.7222560852372,0.0,0.0,0.0,0.0,0.0,0.0,0.0,0.0,0.0,0.0,0.0,0.0,0.0,0.0,0.0,0.0,0.0,0.0,0.0
2016-02-20,1.698,0.0,0.0,0.0,0.0,0.0,0.0,0.0,0.0,0.0,0.0,0.0,1391.9449695632634,0.0,0.0,0.0,0.0,0.0,0.0,0.0,2500.156954543729
2016-02-27,1.99413,0.0,0.0,1262.7916795935414,0.0,0.0,0.0,0.0,0.0,0.0,0.0,0.0,0.0,0.0,0.0,0.0,1582.4279448391933,0.0,0.0,0.0,2167.5293173693376
2016-03-05,1.92744,0.0,1534.3885142165736,0.0,0.0,0.0,0.0,0.0,0.0,0.0,0.0,0.0,0.0,0.0,0.0,0.0,0.0,0.0,0.0,0.0,0.0
2016-03-12,3.40426,1244.1752624120977,0.0,0.0,0.0,0.0,0.0,0.0,0.0,0.0,0.0,0.0,0.0,0.0,0.0,0.0,0.0,0.0,0.0,0.0,1759.514091736672
2016-03-19,5.73435,0.0,0.0,0.0,0.0,0.0,0.0,0.0,0.0,0.0,0.0,0.0,0.0,0.0,0.0,0.0,2456.9978706523475,0.0,0.0,0.0,0.0
2016-03-26,4.15598,0.0,0.0,0.0,0.0,0.0,0.0,0.0,0.0,0.0,0.0,0.0,0.0,0.0,0.0,0.0,0.0,0.0,0.0,0.0,1183.3377430448068
2016-04-02,4.42248,0.0,0.0,0.0,0.0,0.0,0.0,0.0,0.0,0.0,0.0,1147.9416744634568,0.0,0.0,0.0,0.0,0.0,0.0,0.0,0.0,1971.5949185433865
2016-04-09,3.68609,0.0,0.0,0.0,0.0,0.0,0.0,0.0,0.0,0.0,0.0,0.0,0.0,0.0,0.0,0.0,1686.3997440611006,0.0,0.0,0.0,0.0
2016-04-16,2.78207,2242.417632290425,0.0,0.0,0.0,0.0,0.0,0.0,0.0,0.0,0.0,0.0,0.0,0.0,0.0,1167.3446187418813,0.0,0.0,0.0,0.0,0.0
2016-04-23,3.55731,0.0,0.0,0.0,0.0,0.0,0.0,0.0,0.0,0.0,0.0,0.0,0.0,0.0,1838.6719976397972,0.0,0.0,0.0,0.0,0.0,1318.5883136399852
2016-04-30,2.23881,0.0,1590.877478222492,0.0,0.0,0.0,0.0,0.0,0.0,0.0,0.0,0.0,0.0,0.0,0.0,0.0,2657.4189146335525,0.0,0.0,0.0,1890.036373151129
2016-05-07,2.04473,0.0,0.0,0.0,0.0,0.0,0.0,0.0,0.0,2234.3811405553934,0.0,0.0,0.0,2234.381140555393,0.0,0.0,0.0,0.0,0.0,0.0,2358.5219919405167
2016-05-14,1.03474,1440.3765609685474,0.0,0.0,0.0,0.0,0.0,0.0,0.0,0.0,0.0,0.0,0.0,0.0,0.0,0.0,0.0,0.0,0.0,0.0,1516.7869884615925
2016-05-21,3.39847,0.0,0.0,0.0,0.0,0.0,0.0,0.0,0.0,0.0,0.0,0.0,0.0,0.0,0.0,0.0,0.0,0.0,0.0,0.0,1893.460377497993
2016-05-28,0.544588,0.0,0.0,0.0,0.0,0.0,0.0,0.0,0.0,0.0,0.0,0.0,0.0,0.0,0.0,0.0,0.0,0.0,0.0,0.0,0.0
2016-06-04,0.547945,0.0,0.0,0.0,0.0,0.0,0.0,2463.3391469842795,0.0,0.0,0.0,0.0,0.0,0.0,0.0,0.0,0.0,0.0,0.0,0.0,1500.2767481046667
2016-06-11,0.436681,0.0,0.0,0.0,0.0,0.0,0.0,0.0,1414.4155292025114,0.0,0.0,0.0,0.0,0.0,0.0,0.0,0.0,0.0,0.0,0.0,1706.585878293403
2016-06-18,0.56391,0.0,0.0,0.0,0.0,0.0,0.0,0.0,0.0,0.0,0.0,0.0,0.0,0.0,0.0,0.0,0.0,0.0,0.0,0.0,0.0
2016-06-25,0.205198,0.0,0.0,0.0,0.0,0.0,0.0,0.0,0.0,0.0,0.0,0.0,0.0,0.0,0.0,0.0,2158.385059240772,0.0,0.0,0.0,1272.3841187022174
2016-07-02,0.186567,0.0,0.0,0.0,0.0,0.0,0.0,0.0,0.0,0.0,0.0,0.0,0.0,0.0,0.0,0.0,0.0,0.0,0.0,0.0,0.0
2016-07-09,0.520833,0.0,0.0,0.0,0.0,0.0,0.0,0.0,0.0,0.0,0.0,0.0,0.0,0.0,0.0,0.0,2332.5392694370016,0.0,1352.1820785475995,0.0,0.0
2016-07-16,0.260417,0.0,0.0,0.0,0.0,0.0,0.0,0.0,0.0,0.0,0.0,0.0,0.0,0.0,0.0,0.0,0.0,0.0,0.0,0.0,0.0
2016-07-23,0.252313,0.0,0.0,0.0,1621.4956519931734,1490.192355025884,0.0,0.0,0.0,0.0,0.0,0.0,0.0,0.0,0.0,0.0,0.0,0.0,0.0,0.0,0.0
2016-07-30,0.512821,1331.9562010553652,1918.350913364833,0.0,0.0,0.0,0.0,0.0,0.0,0.0,0.0,0.0,0.0,0.0,0.0,0.0,0.0,0.0,0.0,0.0,0.0
2016-08-06,0.586756,0.0,0.0,0.0,0.0,0.0,0.0,0.0,0.0,0.0,0.0,0.0,0.0,0.0,0.0,0.0,0.0,0.0,0.0,0.0,1231.9429630937857
2016-08-13,0.577082,0.0,0.0,0.0,0.0,0.0,0.0,0.0,0.0,0.0,0.0,0.0,0.0,0.0,0.0,0.0,0.0,0.0,0.0,0.0,2359.71592969301
2016-08-20,0.514139,0.0,0.0,0.0,0.0,0.0,0.0,0.0,0.0,0.0,0.0,0.0,0.0,0.0,0.0,0.0,0.0,1231.7807216107333,0.0,0.0,0.0
2016-08-27,0.64,0.0,0.0,0.0,0.0,0.0,0.0,0.0,0.0,0.0,0.0,0.0,0.0,0.0,0.0,0.0,0.0,0.0,0.0,0.0,0.0
2016-09-03,1.24611,0.0,0.0,0.0,0.0,0.0,0.0,0.0,0.0,0.0,0.0,0.0,0.0,0.0,0.0,0.0,0.0,0.0,0.0,0.0,0.0
2016-09-10,0.973394,0.0,1450.7550583935165,0.0,0.0,0.0,1315.0839311002658,0.0,0.0,0.0,0.0,0.0,0.0,0.0,0.0,0.0,0.0,0.0,0.0,0.0,0.0
2016-09-17,0.918033,0.0,0.0,0.0,0.0,0.0,0.0,0.0,0.0,0.0,0.0,0.0,0.0,0.0,0.0,0.0,4306.5272057933225,0.0,0.0,0.0,1535.127573736254
2016-09-24,1.15865,0.0,0.0,0.0,0.0,0.0,0.0,0.0,0.0,0.0,0.0,0.0,0.0,0.0,0.0,0.0,1553.0879858531696,0.0,0.0,0.0,1241.3938186295109
2016-10-01,1.24777,0.0,0.0,0.0,0.0,0.0,0.0,0.0,0.0,0.0,0.0,0.0,0.0,0.0,0.0,1303.502194355341,1379.0082858159922,0.0,0.0,0.0,0.0
2016-10-08,0.940228,0.0,0.0,0.0,0.0,0.0,0.0,0.0,0.0,0.0,0.0,0.0,1567.292226579887,0.0,0.0,0.0,0.0,0.0,0.0,0.0,1244.8846029624633
2016-10-15,1.15681,0.0,0.0,0.0,0.0,0.0,0.0,0.0,0.0,0.0,0.0,0.0,0.0,0.0,0.0,1138.6135956984217,0.0,0.0,0.0,0.0,0.0
2016-10-22,0.501792,0.0,0.0,0.0,0.0,0.0,0.0,0.0,0.0,0.0,0.0,0.0,0.0,0.0,0.0,0.0,0.0,0.0,0.0,0.0,2809.654521842866
2016-10-29,0.816327,0.0,0.0,0.0,0.0,0.0,0.0,0.0,0.0,0.0,0.0,1242.4137816016157,0.0,0.0,0.0,0.0,0.0,0.0,0.0,0.0,1758.4848241462316
2016-11-05,0.533689,0.0,0.0,0.0,0.0,0.0,0.0,0.0,0.0,0.0,0.0,1390.794816762744,0.0,0.0,0.0,0.0,1545.5401646855146,0.0,0.0,0.0,2628.639958692848
2016-11-12,0.802469,1164.9246485655224,0.0,0.0,0.0,0.0,0.0,0.0,0.0,0.0,0.0,0.0,0.0,0.0,0.0,0.0,1639.4944812375293,0.0,0.0,0.0,1506.9707204774352
2016-11-19,1.1215,0.0,0.0,0.0,0.0,0.0,0.0,0.0,0.0,0.0,0.0,0.0,0.0,0.0,0.0,0.0,1233.882772325925,0.0,0.0,0.0,0.0
2016-11-26,1.00077,0.0,0.0,0.0,0.0,0.0,0.0,0.0,0.0,0.0,0.0,0.0,0.0,0.0,0.0,0.0,1590.9583116682124,0.0,0.0,0.0,0.0
2016-12-03,1.10894,0.0,0.0,0.0,0.0,0.0,0.0,0.0,0.0,0.0,0.0,0.0,0.0,0.0,0.0,0.0,1215.028346906858,0.0,0.0,0.0,1515.4035235701317
2016-12-10,0.70373,0.0,0.0,0.0,0.0,0.0,0.0,0.0,0.0,0.0,0.0,0.0,0.0,0.0,0.0,0.0,0.0,0.0,0.0,0.0,1185.4802913000608
2016-12-17,0.683995,0.0,1107.7526522097355,0.0,0.0,0.0,0.0,0.0,0.0,0.0,0.0,0.0,0.0,0.0,0.0,0.0,1172.597946248542,0.0,0.0,0.0,1624.994600891135
2016-12-24,1.27688,0.0,0.0,0.0,0.0,0.0,1554.502331187946,0.0,0.0,0.0,0.0,0.0,0.0,0.0,1362.284374161263,0.0,0.0,0.0,0.0,0.0,0.0
2016-12-31,1.60226,0.0,0.0,0.0,0.0,0.0,0.0,0.0,0.0,0.0,0.0,0.0,0.0,0.0,0.0,0.0,0.0,0.0,0.0,0.0,0.0
2017-01-07,0.8519,0.0,0.0,0.0,0.0,0.0,0.0,0.0,0.0,0.0,0.0,0.0,0.0,0.0,0.0,0.0,0.0,0.0,0.0,0.0,0.0
2017-01-14,2.62123,0.0,0.0,0.0,0.0,0.0,0.0,0.0,0.0,0.0,0.0,0.0,0.0,0.0,0.0,0.0,1431.189889947782,0.0,0.0,0.0,1440.7743625462576
2017-01-21,1.9661,0.0,0.0,0.0,0.0,0.0,0.0,0.0,0.0,0.0,0.0,0.0,0.0,0.0,0.0,0.0,0.0,0.0,0.0,0.0,1339.9915082719842
2017-01-28,1.91713,2361.46618362818,0.0,0.0,0.0,0.0,0.0,0.0,0.0,0.0,0.0,0.0,0.0,0.0,0.0,0.0,1202.9215096698715,0.0,0.0,0.0,2109.8050460287186
2017-02-04,2.29153,0.0,0.0,0.0,0.0,0.0,0.0,0.0,0.0,0.0,0.0,0.0,0.0,0.0,1141.1644943056665,0.0,1487.4844374629215,0.0,0.0,0.0,2413.834386517794
2017-02-11,3.71517,0.0,0.0,1285.5922106842286,0.0,0.0,0.0,0.0,0.0,0.0,0.0,0.0,0.0,0.0,0.0,0.0,1643.2722824921177,0.0,0.0,0.0,1387.8664703115148
2017-02-18,4.28744,0.0,1991.005777246445,0.0,0.0,0.0,0.0,0.0,0.0,0.0,0.0,0.0,0.0,0.0,0.0,0.0,1736.5034094772625,0.0,0.0,0.0,1133.350021990713
2017-02-25,3.76276,0.0,0.0,0.0,0.0,0.0,0.0,0.0,0.0,0.0,0.0,0.0,0.0,0.0,0.0,0.0,0.0,0.0,0.0,0.0,2131.530710058545
2017-03-04,3.52423,0.0,0.0,0.0,0.0,0.0,1148.1826723618667,0.0,0.0,0.0,1073.3148625506162,0.0,0.0,0.0,0.0,0.0,1253.9020344431938,0.0,0.0,0.0,1997.9379723775628
2017-03-11,1.7407,0.0,1247.7804756039725,0.0,1164.6177754982536,0.0,0.0,0.0,0.0,0.0,0.0,0.0,1194.680629643413,0.0,0.0,1276.1586861339244,0.0,0.0,0.0,0.0,1117.2874705840682
2017-03-18,2.35988,0.0,0.0,0.0,0.0,0.0,0.0,0.0,0.0,0.0,0.0,0.0,0.0,0.0,0.0,0.0,1872.980654285971,0.0,0.0,0.0,0.0
2017-03-25,2.5196,0.0,0.0,0.0,0.0,0.0,0.0,0.0,0.0,0.0,0.0,0.0,0.0,0.0,0.0,0.0,1303.3531837842652,0.0,0.0,0.0,0.0
2017-04-01,4.30168,0.0,0.0,0.0,0.0,0.0,0.0,1097.7750701668394,0.0,0.0,0.0,0.0,0.0,0.0,0.0,0.0,0.0,0.0,0.0,0.0,1258.423761277432
2017-04-08,3.85832,0.0,0.0,0.0,0.0,0.0,0.0,0.0,0.0,0.0,0.0,0.0,0.0,0.0,0.0,0.0,0.0,0.0,0.0,1223.0963023428558,0.0
2017-04-15,3.24983,0.0,0.0,0.0,0.0,0.0,0.0,0.0,0.0,0.0,0.0,0.0,0.0,0.0,0.0,0.0,1472.2851293139151,0.0,0.0,0.0,1292.2042226966068
2017-04-22,2.41503,0.0,1129.3122275866303,0.0,0.0,0.0,0.0,0.0,0.0,0.0,0.0,0.0,0.0,0.0,0.0,0.0,0.0,0.0,0.0,0.0,2251.8381653155634
2017-04-29,1.68011,0.0,0.0,0.0,1279.448688794354,0.0,0.0,0.0,0.0,0.0,0.0,0.0,0.0,0.0,0.0,0.0,1322.4860375840572,0.0,0.0,0.0,0.0
2017-05-06,2.75168,1241.3123950189529,0.0,0.0,1146.3649470134908,0.0,0.0,0.0,0.0,0.0,0.0,0.0,0.0,0.0,0.0,0.0,1392.3697821984783,0.0,0.0,0.0,0.0
2017-05-13,1.36298,0.0,0.0,0.0,0.0,0.0,0.0,1279.9546977284972,0.0,0.0,0.0,0.0,0.0,0.0,0.0,0.0,0.0,0.0,0.0,0.0,1176.9312736061916
2017-05-20,1.162,0.0,0.0,0.0,0.0,0.0,0.0,0.0,0.0,0.0,0.0,0.0,0.0,0.0,0.0,0.0,0.0,0.0,0.0,0.0,0.0
2017-05-27,0.818554,0.0,0.0,0.0,0.0,0.0,0.0,1511.2939193719758,0.0,0.0,0.0,0.0,0.0,0.0,0.0,0.0,1531.239796620083,0.0,0.0,0.0,0.0
2017-06-03,0.772472,0.0,0.0,0.0,0.0,0.0,0.0,0.0,0.0,0.0,0.0,0.0,0.0,0.0,0.0,0.0,0.0,0.0,0.0,0.0,2251.1518489934288
2017-06-10,0.98661,0.0,0.0,0.0,0.0,0.0,0.0,0.0,0.0,0.0,0.0,0.0,1329.5721515350003,0.0,0.0,0.0,0.0,0.0,0.0,0.0,0.0
2017-06-17,0.479781,0.0,0.0,0.0,0.0,0.0,0.0,0.0,0.0,0.0,0.0,0.0,1406.899715787177,0.0,0.0,0.0,1383.0695309780667,0.0,0.0,0.0,0.0
2017-06-24,1.77736,0.0,0.0,0.0,0.0,0.0,0.0,0.0,0.0,0.0,0.0,0.0,0.0,0.0,0.0,0.0,0.0,0.0,0.0,0.0,0.0
2017-07-01,0.434783,0.0,0.0,0.0,0.0,0.0,0.0,1759.0269068514262,0.0,0.0,0.0,0.0,0.0,0.0,0.0,0.0,0.0,0.0,0.0,0.0,0.0
2017-07-08,0.482625,0.0,0.0,0.0,0.0,0.0,0.0,0.0,0.0,0.0,0.0,0.0,0.0,0.0,0.0,0.0,0.0,0.0,0.0,0.0,2060.8284010280954
2017-07-15,0.694444,0.0,0.0,0.0,0.0,0.0,0.0,0.0,0.0,0.0,0.0,0.0,0.0,0.0,0.0,0.0,0.0,0.0,0.0,0.0,0.0
2017-07-22,0.0,0.0,0.0,0.0,0.0,0.0,0.0,0.0,0.0,0.0,0.0,0.0,0.0,0.0,0.0,0.0,0.0,0.0,0.0,0.0,0.0
2017-07-29,0.0,0.0,0.0,0.0,0.0,0.0,1618.6458969226787,0.0,0.0,0.0,0.0,0.0,0.0,0.0,0.0,0.0,0.0,0.0,0.0,0.0,1336.7902484397564
2017-08-05,0.990099,1823.12198216723,0.0,0.0,0.0,0.0,0.0,1230.8144849208911,0.0,0.0,0.0,0.0,0.0,0.0,0.0,0.0,0.0,0.0,0.0,0.0,0.0
2017-08-12,0.686342,0.0,0.0,0.0,0.0,0.0,0.0,0.0,0.0,0.0,0.0,0.0,0.0,0.0,0.0,0.0,0.0,0.0,0.0,0.0,0.0
2017-08-19,0.491573,0.0,0.0,0.0,0.0,0.0,0.0,0.0,0.0,0.0,0.0,0.0,0.0,0.0,0.0,0.0,1193.7444393850628,0.0,0.0,1543.849797334017,1454.0533853835857
2017-08-26,0.751366,0.0,0.0,0.0,0.0,0.0,0.0,1140.5856177178698,0.0,0.0,0.0,0.0,0.0,0.0,0.0,0.0,0.0,0.0,0.0,0.0,0.0
2017-09-02,1.03806,0.0,0.0,0.0,0.0,0.0,0.0,0.0,0.0,0.0,0.0,0.0,0.0,0.0,0.0,0.0,0.0,1715.2598244227495,0.0,0.0,0.0
2017-09-09,1.60056,0.0,0.0,0.0,0.0,0.0,0.0,0.0,0.0,0.0,0.0,0.0,0.0,0.0,0.0,0.0,0.0,0.0,0.0,0.0,1458.8936690878838
2017-09-16,1.92308,0.0,0.0,0.0,0.0,0.0,0.0,0.0,0.0,0.0,0.0,0.0,0.0,0.0,0.0,0.0,0.0,2071.3892325143943,0.0,0.0,1241.9963380398435
2017-09-23,2.03224,0.0,0.0,0.0,0.0,0.0,0.0,1322.3055897766762,0.0,0.0,0.0,0.0,0.0,0.0,0.0,0.0,1724.8647661226166,0.0,0.0,0.0,2062.228387612836
2017-09-30,1.7673,0.0,0.0,0.0,0.0,0.0,0.0,0.0,0.0,0.0,0.0,0.0,0.0,0.0,0.0,0.0,0.0,0.0,0.0,0.0,3364.519501062081
2017-10-07,2.72675,0.0,0.0,1703.1158469717257,0.0,0.0,0.0,0.0,0.0,0.0,0.0,0.0,0.0,0.0,0.0,0.0,2575.8726110461253,0.0,0.0,0.0,0.0
2017-10-14,2.74487,0.0,0.0,0.0,0.0,0.0,0.0,0.0,0.0,0.0,0.0,0.0,0.0,0.0,0.0,0.0,0.0,0.0,0.0,0.0,0.0
2017-10-21,3.72405,0.0,0.0,0.0,0.0,0.0,0.0,0.0,0.0,0.0,0.0,0.0,0.0,0.0,0.0,0.0,1394.7768594412576,0.0,0.0,0.0,2130.490151710795
2017-10-28,3.28407,0.0,0.0,0.0,1759.8717353021868,0.0,0.0,1510.2111446259316,0.0,0.0,0.0,0.0,0.0,0.0,0.0,0.0,2881.1012198841813,0.0,0.0,0.0,1881.160926518061
2017-11-04,2.76712,0.0,0.0,0.0,0.0,0.0,0.0,0.0,0.0,0.0,0.0,0.0,0.0,0.0,0.0,0.0,0.0,0.0,0.0,0.0,0.0
2017-11-11,2.97049,0.0,0.0,0.0,0.0,0.0,0.0,0.0,0.0,0.0,0.0,0.0,1119.0822174303112,0.0,0.0,0.0,1950.3868411696048,0.0,0.0,0.0,0.0
2017-11-18,3.41268,0.0,0.0,0.0,0.0,0.0,0.0,1448.4959265101372,0.0,0.0,0.0,0.0,0.0,0.0,0.0,0.0,0.0,0.0,0.0,0.0,0.0
2017-11-25,3.45056,0.0,0.0,0.0,0.0,0.0,0.0,0.0,0.0,0.0,0.0,0.0,0.0,0.0,0.0,0.0,1288.020428350055,0.0,0.0,0.0,1879.287253737613
2017-12-02,3.70826,0.0,0.0,0.0,0.0,0.0,0.0,0.0,0.0,0.0,0.0,0.0,0.0,0.0,0.0,0.0,1421.9111246795565,0.0,0.0,0.0,1415.4907873106788
2017-12-09,4.16396,0.0,2025.4965938779756,0.0,0.0,0.0,0.0,0.0,0.0,0.0,0.0,0.0,0.0,0.0,0.0,0.0,1249.8255411704674,0.0,1380.016689309734,0.0,1329.222630425147
2017-12-16,3.89239,0.0,0.0,0.0,0.0,0.0,0.0,0.0,0.0,0.0,0.0,0.0,0.0,0.0,0.0,0.0,1316.8371052005828,0.0,0.0,0.0,1543.655714938422
2017-12-23,4.10418,0.0,0.0,0.0,0.0,0.0,0.0,0.0,0.0,0.0,0.0,0.0,0.0,0.0,0.0,0.0,0.0,0.0,0.0,0.0,2175.297941064482
2017-12-30,4.62,0.0,0.0,0.0,0.0,0.0,0.0,0.0,0.0,0.0,0.0,0.0,0.0,0.0,0.0,0.0,3097.146943416172,0.0,0.0,0.0,2208.559187569891
2018-01-06,4.33424,0.0,0.0,0.0,0.0,0.0,0.0,1498.7024609476775,0.0,0.0,0.0,0.0,0.0,0.0,0.0,0.0,0.0,0.0,0.0,0.0,3171.386741256082
2018-01-13,4.43308,1592.881278603116,1576.5972492039054,0.0,0.0,0.0,0.0,0.0,0.0,0.0,0.0,0.0,0.0,0.0,1406.6107005970202,0.0,1536.1033964122043,0.0,0.0,0.0,2280.4185278572386
2018-01-20,3.99598,1336.3401441361425,0.0,0.0,0.0,0.0,0.0,0.0,0.0,0.0,0.0,0.0,0.0,0.0,0.0,0.0,1380.5536452970102,0.0,0.0,0.0,0.0
2018-01-27,4.85822,1982.664015334808,2566.429320351445,0.0,0.0,0.0,0.0,0.0,0.0,1181.5770973254964,0.0,0.0,0.0,1181.5770973254964,0.0,1377.8410502103493,0.0,0.0,0.0,0.0,0.0
2018-02-03,6.09535,1841.2839750397984,3111.914404054386,0.0,0.0,0.0,0.0,0.0,1172.1782820762353,0.0,0.0,0.0,0.0,0.0,0.0,0.0,1208.671702386251,0.0,0.0,0.0,1671.068205535304
2018-02-10,6.00365,1519.8810517630693,3026.578294117406,0.0,0.0,0.0,0.0,0.0,0.0,0.0,0.0,0.0,1124.6305637206249,0.0,0.0,1395.2026044463992,1819.951773125304,0.0,0.0,0.0,1452.401022882286
2018-02-17,6.99237,2432.8201048006345,1864.5469491916008,0.0,0.0,0.0,0.0,0.0,0.0,0.0,0.0,1308.5018360299005,0.0,0.0,0.0,0.0,2004.995039718585,0.0,0.0,0.0,1173.6997233000764
2018-02-24,6.28311,1492.5402948343926,2084.72283772844,0.0,0.0,0.0,0.0,0.0,0.0,0.0,0.0,0.0,0.0,0.0,0.0,0.0,1138.308011589055,0.0,0.0,0.0,2021.3100224011985
2018-03-03,7.12882,0.0,2398.9328196388124,0.0,0.0,0.0,0.0,1817.100404180548,0.0,0.0,0.0,0.0,0.0,0.0,0.0,0.0,1452.0071461975997,0.0,1499.2560004811703,0.0,1720.7176207559555
2018-03-10,7.6104,0.0,2284.734443363399,0.0,0.0,0.0,0.0,0.0,0.0,0.0,0.0,0.0,0.0,0.0,0.0,0.0,1071.9890542475373,0.0,1154.74602201559,0.0,1147.8337332736369
2018-03-17,6.55296,0.0,0.0,0.0,0.0,0.0,0.0,1473.5719329159815,0.0,0.0,0.0,0.0,0.0,0.0,0.0,0.0,1179.064826818053,1752.6479937710722,0.0,0.0,1120.1304343338174
2018-03-24,6.23519,0.0,0.0,0.0,0.0,0.0,0.0,0.0,0.0,0.0,0.0,0.0,0.0,0.0,0.0,0.0,2039.4555274608904,0.0,0.0,0.0,1800.3281245815303
2018-03-31,6.41818,0.0,1508.3921868628108,0.0,0.0,0.0,0.0,0.0,0.0,1655.606974342293,0.0,0.0,0.0,1655.606974342293,0.0,0.0,1498.966440321189,0.0,0.0,0.0,1628.6024364040927
2018-04-07,6.61157,0.0,0.0,0.0,0.0,0.0,0.0,0.0,0.0,0.0,0.0,0.0,0.0,0.0,0.0,0.0,1444.1560038881005,0.0,0.0,0.0,1610.1506247639772
2018-04-14,5.18847,0.0,1554.2089560495535,0.0,0.0,0.0,0.0,1118.0636060567847,0.0,0.0,0.0,0.0,0.0,0.0,0.0,0.0,1639.951782226108,0.0,0.0,0.0,1268.7324639426722
2018-04-21,5.13219,0.0,0.0,0.0,0.0,0.0,0.0,0.0,0.0,0.0,0.0,0.0,0.0,0.0,0.0,0.0,1523.8908942702262,0.0,0.0,0.0,1453.9274107116237
2018-04-28,4.01272,0.0,0.0,0.0,0.0,0.0,0.0,0.0,0.0,0.0,0.0,0.0,0.0,0.0,0.0,0.0,1634.4907379305196,0.0,0.0,0.0,1258.019373298062
2018-05-05,3.22196,0.0,0.0,1202.562294872115,0.0,0.0,0.0,0.0,0.0,0.0,0.0,0.0,0.0,0.0,0.0,0.0,1464.6606030290784,0.0,0.0,0.0,1558.986282202195
2018-05-12,3.15959,0.0,0.0,0.0,0.0,0.0,0.0,0.0,0.0,0.0,0.0,0.0,0.0,0.0,0.0,0.0,0.0,0.0,0.0,0.0,0.0
2018-05-19,2.60009,0.0,0.0,0.0,0.0,0.0,0.0,0.0,0.0,0.0,0.0,0.0,0.0,0.0,0.0,0.0,0.0,0.0,0.0,0.0,1279.5986515724182
2018-05-26,2.60979,0.0,0.0,0.0,0.0,0.0,0.0,0.0,0.0,0.0,0.0,0.0,0.0,0.0,0.0,0.0,1399.209485265937,0.0,0.0,0.0,1527.7141576645242
2018-06-02,1.87126,0.0,0.0,0.0,0.0,0.0,0.0,0.0,0.0,0.0,0.0,0.0,1707.656755522191,0.0,0.0,0.0,0.0,0.0,0.0,0.0,0.0
2018-06-09,1.76056,0.0,0.0,0.0,0.0,0.0,0.0,0.0,0.0,0.0,0.0,0.0,0.0,0.0,0.0,0.0,1196.3477596656649,0.0,0.0,0.0,0.0
2018-06-16,0.902708,0.0,0.0,0.0,0.0,0.0,0.0,0.0,0.0,0.0,0.0,0.0,0.0,0.0,0.0,0.0,0.0,0.0,0.0,0.0,0.0
2018-06-23,1.35959,0.0,0.0,0.0,0.0,0.0,0.0,0.0,0.0,0.0,0.0,0.0,0.0,0.0,0.0,0.0,1649.238801592476,0.0,0.0,0.0,1176.4005176301418
2018-06-30,1.91693,0.0,0.0,0.0,0.0,0.0,0.0,0.0,0.0,0.0,0.0,0.0,0.0,0.0,0.0,0.0,0.0,0.0,0.0,0.0,0.0
2018-07-07,1.72048,0.0,0.0,0.0,0.0,0.0,0.0,0.0,0.0,0.0,0.0,0.0,0.0,0.0,0.0,0.0,0.0,0.0,0.0,0.0,0.0
2018-07-14,1.80654,0.0,0.0,0.0,0.0,0.0,0.0,0.0,0.0,0.0,0.0,0.0,0.0,0.0,0.0,0.0,0.0,0.0,0.0,0.0,0.0
2018-07-21,1.47645,0.0,0.0,0.0,0.0,0.0,0.0,0.0,0.0,0.0,0.0,0.0,0.0,0.0,0.0,1205.17838988544,0.0,0.0,0.0,0.0,1565.7847432170895
2018-07-28,1.3363,0.0,0.0,0.0,0.0,0.0,0.0,0.0,0.0,0.0,0.0,0.0,0.0,0.0,0.0,0.0,0.0,0.0,0.0,0.0,0.0
2018-08-04,1.44396,0.0,0.0,0.0,0.0,0.0,0.0,0.0,0.0,0.0,0.0,0.0,0.0,0.0,0.0,0.0,0.0,0.0,0.0,0.0,0.0
2018-08-11,1.48837,0.0,0.0,0.0,0.0,0.0,0.0,0.0,0.0,0.0,0.0,0.0,0.0,0.0,0.0,0.0,1229.6070294775818,0.0,0.0,0.0,2478.8773514849195
2018-08-18,1.88111,0.0,0.0,0.0,0.0,0.0,0.0,0.0,0.0,0.0,0.0,0.0,0.0,0.0,0.0,0.0,0.0,0.0,0.0,0.0,0.0
2018-08-25,2.09717,0.0,0.0,0.0,0.0,1139.499643991334,0.0,0.0,0.0,0.0,0.0,0.0,0.0,0.0,0.0,0.0,1166.6783728280675,0.0,0.0,0.0,0.0
2018-09-01,2.84148,0.0,0.0,0.0,0.0,1618.709245678997,0.0,0.0,0.0,1290.3936296176762,0.0,0.0,0.0,1290.3936296176762,0.0,0.0,0.0,0.0,0.0,0.0,0.0
2018-09-08,2.89612,1229.073337894626,0.0,0.0,0.0,0.0,0.0,1150.606037966913,0.0,0.0,0.0,0.0,0.0,0.0,0.0,0.0,0.0,0.0,0.0,0.0,1633.988372397415
2018-09-15,2.53872,0.0,0.0,0.0,0.0,0.0,0.0,0.0,0.0,0.0,0.0,0.0,0.0,0.0,0.0,0.0,0.0,0.0,0.0,0.0,2597.105235880271
2018-09-22,2.16065,0.0,0.0,0.0,0.0,0.0,0.0,1311.9584757583823,0.0,0.0,0.0,1646.3835338529243,0.0,0.0,0.0,0.0,1305.367897935828,0.0,0.0,0.0,1905.8030228821924
2018-09-29,3.19392,0.0,0.0,0.0,0.0,0.0,0.0,0.0,0.0,0.0,1358.3368545986468,0.0,0.0,0.0,0.0,0.0,1931.6415060515428,0.0,0.0,0.0,1271.136127378942
2018-10-06,1.99899,0.0,0.0,0.0,0.0,0.0,0.0,0.0,2117.877271427736,0.0,0.0,0.0,0.0,0.0,0.0,1520.7532555616976,0.0,0.0,0.0,0.0,0.0
2018-10-13,2.39035,0.0,0.0,0.0,0.0,0.0,0.0,0.0,0.0,0.0,0.0,1315.2374181525572,0.0,0.0,0.0,0.0,1291.6524465633854,0.0,0.0,0.0,1161.4939720609586
2018-10-20,2.27015,0.0,1257.4772557140393,0.0,0.0,0.0,0.0,0.0,0.0,0.0,0.0,0.0,0.0,0.0,0.0,0.0,0.0,0.0,0.0,0.0,2338.5926205422843
2018-10-27,1.00476,0.0,0.0,0.0,0.0,0.0,0.0,0.0,0.0,0.0,0.0,0.0,0.0,0.0,0.0,0.0,1377.604004994094,0.0,0.0,0.0,1320.990716045923
2018-11-03,2.44719,0.0,0.0,0.0,0.0,0.0,0.0,0.0,0.0,0.0,0.0,0.0,0.0,0.0,0.0,0.0,1313.5069165249138,0.0,0.0,0.0,0.0
2018-11-10,2.06333,0.0,1794.4082379829051,0.0,0.0,0.0,0.0,0.0,0.0,0.0,0.0,0.0,0.0,0.0,0.0,0.0,1586.197011099541,0.0,0.0,0.0,2110.6091687675307
2018-11-17,2.5618,0.0,1588.2384845614724,0.0,0.0,0.0,0.0,0.0,0.0,0.0,0.0,0.0,0.0,0.0,0.0,0.0,1345.4634460883549,0.0,0.0,0.0,1482.743536611477
2018-11-24,2.62815,0.0,1187.04390034832,0.0,0.0,0.0,0.0,0.0,0.0,0.0,0.0,0.0,0.0,0.0,0.0,0.0,0.0,0.0,0.0,0.0,1547.7935932671085
2018-12-01,2.31352,1297.9996831330418,0.0,0.0,0.0,0.0,0.0,0.0,0.0,0.0,0.0,0.0,0.0,0.0,0.0,1318.5140703490472,1585.382282401374,0.0,0.0,0.0,1722.5539728293709
2018-12-08,2.41474,0.0,0.0,0.0,0.0,0.0,0.0,0.0,0.0,0.0,0.0,0.0,0.0,0.0,0.0,0.0,1514.7883230580544,0.0,0.0,1227.2293822574595,0.0
2018-12-15,2.76118,0.0,0.0,0.0,0.0,0.0,0.0,0.0,0.0,1289.7814513636931,0.0,1566.3326656087384,0.0,1289.781451363693,0.0,1485.8110207774748,2078.762429013224,0.0,0.0,0.0,1427.5047822989593
2018-12-22,2.95333,0.0,0.0,0.0,0.0,0.0,0.0,1392.676455878648,0.0,0.0,0.0,0.0,0.0,0.0,0.0,0.0,0.0,0.0,0.0,0.0,1668.4231937079635
2018-12-29,2.90184,0.0,0.0,0.0,0.0,0.0,0.0,0.0,0.0,0.0,0.0,0.0,0.0,0.0,0.0,0.0,0.0,0.0,0.0,0.0,1536.149558054295
2019-01-05,3.07589,0.0,0.0,0.0,0.0,0.0,0.0,0.0,0.0,0.0,0.0,0.0,0.0,0.0,0.0,0.0,0.0,0.0,0.0,0.0,0.0
2019-01-12,2.57616,0.0,0.0,0.0,0.0,0.0,0.0,1474.2462944746496,0.0,0.0,0.0,1223.5974775847783,0.0,0.0,1410.9291821273468,0.0,0.0,0.0,0.0,0.0,0.0
2019-01-19,3.63118,0.0,0.0,0.0,0.0,0.0,1344.6791118510107,0.0,0.0,1528.3552413421023,0.0,0.0,0.0,1528.355241342102,0.0,0.0,1187.4723297301423,0.0,0.0,0.0,0.0
2019-01-26,6.34523,0.0,0.0,0.0,0.0,0.0,0.0,0.0,0.0,0.0,0.0,1529.6882125782424,0.0,0.0,0.0,2269.958258256292,1453.2617253897306,0.0,0.0,0.0,1518.773957821195
2019-02-02,7.53146,0.0,1663.8334130207277,0.0,0.0,0.0,0.0,1160.1438874751343,0.0,0.0,1292.2124088925875,0.0,0.0,0.0,1381.2353041674116,0.0,1878.918238362176,0.0,0.0,0.0,1823.14287009113
2019-02-09,9.7181,0.0,2162.285199561813,0.0,0.0,0.0,1383.0632351609272,0.0,0.0,0.0,1232.8101758532173,0.0,0.0,0.0,0.0,0.0,3320.6999178059336,0.0,0.0,0.0,2356.9510832937094
2019-02-16,9.47277,1804.1281461791048,2572.818427945812,0.0,0.0,0.0,0.0,0.0,0.0,0.0,1223.8685590222776,0.0,0.0,0.0,0.0,1880.2130069737289,0.0,0.0,0.0,0.0,1325.3206942091847
2019-02-23,8.02682,0.0,1975.060889632961,0.0,0.0,0.0,0.0,0.0,0.0,0.0,0.0,1286.1353761979803,0.0,0.0,0.0,0.0,1447.1327497696254,0.0,0.0,0.0,2330.8352283056624
2019-03-02,6.87039,1256.0944174297788,1909.715484472324,0.0,0.0,0.0,0.0,0.0,0.0,0.0,0.0,1162.140491614517,0.0,0.0,0.0,0.0,0.0,0.0,0.0,0.0,2569.1129899608413
2019-03-09,6.52447,2176.105497256762,3478.7534709121483,0.0,0.0,0.0,0.0,0.0,1805.9560520556088,0.0,0.0,0.0,0.0,0.0,0.0,0.0,1603.0780997267511,0.0,0.0,0.0,1636.0791577297437
2019-03-16,5.52171,0.0,2301.8730353813144,0.0,0.0,0.0,0.0,0.0,0.0,0.0,0.0,0.0,0.0,0.0,0.0,0.0,0.0,0.0,0.0,0.0,3495.07622380143
2019-03-23,2.78335,0.0,0.0,0.0,0.0,0.0,0.0,0.0,0.0,0.0,0.0,0.0,0.0,0.0,0.0,0.0,0.0,0.0,0.0,0.0,1388.5808827731655
2019-03-30,1.21058,0.0,0.0,0.0,0.0,0.0,0.0,0.0,0.0,0.0,0.0,1595.6523555834392,0.0,0.0,0.0,1527.290068654938,1357.8097395989946,0.0,0.0,0.0,1455.7158171668814
2019-04-06,2.14172,0.0,1435.381945946045,0.0,0.0,0.0,0.0,0.0,0.0,0.0,1334.2674276612477,0.0,0.0,0.0,0.0,0.0,1838.083781863723,0.0,0.0,0.0,2180.229932538848
2019-04-13,1.9492,0.0,0.0,0.0,0.0,0.0,0.0,0.0,0.0,0.0,0.0,0.0,0.0,0.0,0.0,0.0,1258.044719038436,0.0,0.0,0.0,1402.0409517361338
2019-04-20,3.68146,0.0,0.0,0.0,0.0,0.0,0.0,0.0,0.0,0.0,0.0,0.0,0.0,0.0,0.0,0.0,1713.570769314672,0.0,0.0,0.0,0.0
2019-04-27,3.6882,0.0,0.0,0.0,0.0,0.0,0.0,1421.7456979883077,2353.5156818174178,0.0,0.0,0.0,0.0,0.0,0.0,0.0,1528.764953188611,0.0,0.0,0.0,1601.0291500991686
2019-05-04,3.57483,0.0,0.0,0.0,0.0,0.0,0.0,0.0,0.0,0.0,0.0,0.0,0.0,0.0,0.0,0.0,1247.174029026897,0.0,0.0,0.0,1807.197505173392
2019-05-11,2.86315,1178.4329977358775,0.0,0.0,0.0,0.0,0.0,0.0,0.0,0.0,0.0,0.0,0.0,0.0,0.0,0.0,0.0,0.0,1312.391561377408,0.0,0.0
2019-05-18,2.86011,0.0,0.0,0.0,0.0,0.0,0.0,0.0,0.0,0.0,0.0,0.0,0.0,0.0,0.0,0.0,0.0,0.0,0.0,0.0,1862.958175087665
2019-05-25,1.43902,0.0,0.0,0.0,0.0,0.0,0.0,1356.276621597245,0.0,0.0,0.0,0.0,0.0,0.0,0.0,0.0,0.0,0.0,0.0,0.0,2271.548237218781
2019-06-01,3.74735,0.0,0.0,0.0,0.0,0.0,0.0,0.0,0.0,0.0,0.0,0.0,0.0,0.0,0.0,0.0,1346.7341815162197,0.0,0.0,0.0,0.0
2019-06-08,0.643724,0.0,0.0,0.0,0.0,0.0,0.0,0.0,0.0,0.0,0.0,0.0,0.0,0.0,0.0,0.0,0.0,0.0,0.0,0.0,1461.7662144962826
2019-06-15,1.04608,0.0,0.0,0.0,0.0,0.0,0.0,0.0,0.0,0.0,0.0,0.0,0.0,0.0,0.0,0.0,0.0,0.0,0.0,0.0,1504.4160520332812
2019-06-22,1.38345,0.0,0.0,0.0,0.0,0.0,0.0,0.0,0.0,0.0,0.0,0.0,0.0,0.0,0.0,0.0,0.0,0.0,0.0,0.0,1234.7483600238213
2019-06-29,1.30249,0.0,0.0,0.0,0.0,0.0,0.0,0.0,0.0,0.0,0.0,0.0,0.0,0.0,0.0,0.0,1448.9149275071766,0.0,0.0,0.0,2702.2838778506675
2019-07-06,1.57871,0.0,0.0,0.0,0.0,0.0,0.0,0.0,0.0,0.0,0.0,0.0,0.0,0.0,0.0,0.0,0.0,0.0,0.0,0.0,0.0
2019-07-13,1.37074,1284.6941905174851,0.0,0.0,0.0,0.0,0.0,0.0,0.0,0.0,0.0,0.0,0.0,0.0,0.0,0.0,0.0,0.0,0.0,0.0,1437.4253217058847
2019-07-20,1.18993,0.0,0.0,0.0,0.0,0.0,0.0,0.0,0.0,0.0,0.0,0.0,0.0,0.0,0.0,0.0,0.0,2015.097892314697,0.0,0.0,0.0
2019-07-27,1.5708,0.0,0.0,0.0,0.0,0.0,0.0,0.0,0.0,0.0,0.0,0.0,0.0,0.0,0.0,0.0,0.0,0.0,0.0,2374.3525756696176,0.0
2019-08-03,1.74396,0.0,0.0,0.0,0.0,0.0,0.0,0.0,0.0,0.0,0.0,0.0,0.0,0.0,0.0,0.0,0.0,0.0,0.0,0.0,1466.8752219061023
2019-08-10,1.05708,0.0,0.0,0.0,0.0,0.0,0.0,0.0,0.0,0.0,0.0,0.0,0.0,0.0,0.0,0.0,0.0,0.0,0.0,0.0,1125.238431799807
2019-08-17,1.4734,0.0,0.0,0.0,0.0,0.0,0.0,0.0,0.0,0.0,0.0,0.0,0.0,0.0,0.0,0.0,1491.4626672727145,0.0,0.0,0.0,0.0
2019-08-24,1.19985,0.0,0.0,0.0,0.0,0.0,0.0,0.0,0.0,0.0,0.0,0.0,0.0,0.0,0.0,0.0,0.0,0.0,0.0,0.0,0.0
2019-08-31,2.35972,0.0,0.0,0.0,0.0,0.0,0.0,0.0,0.0,0.0,1479.1306390964885,0.0,0.0,0.0,0.0,0.0,1534.5552450836044,0.0,0.0,0.0,0.0
2019-09-07,2.63063,0.0,1277.0904648974035,0.0,0.0,0.0,0.0,0.0,0.0,0.0,0.0,0.0,0.0,0.0,0.0,0.0,1504.361078131274,0.0,0.0,0.0,1306.8719296792772
2019-09-14,2.63828,0.0,0.0,0.0,0.0,0.0,0.0,0.0,0.0,0.0,0.0,0.0,0.0,0.0,0.0,0.0,1808.3670316902103,0.0,0.0,0.0,0.0
2019-09-21,2.19595,0.0,1511.3575554824051,0.0,0.0,0.0,0.0,0.0,0.0,0.0,0.0,0.0,0.0,0.0,0.0,1059.4621482328355,1259.4449190741395,0.0,0.0,0.0,1144.196620285272
2019-09-28,0.998752,0.0,0.0,0.0,0.0,0.0,0.0,1488.6806607319295,1509.7936488472164,0.0,0.0,0.0,0.0,0.0,0.0,0.0,1726.184466104742,0.0,0.0,0.0,1158.8325438354216
2019-10-05,1.04516,1151.6258470519983,0.0,0.0,0.0,0.0,0.0,2146.885356287087,0.0,0.0,0.0,0.0,0.0,0.0,0.0,1482.598985761055,0.0,0.0,0.0,0.0,1102.6150763422816
2019-10-12,2.3322,0.0,0.0,0.0,0.0,0.0,0.0,0.0,0.0,0.0,0.0,0.0,0.0,0.0,0.0,0.0,2131.0176651119423,0.0,0.0,0.0,1953.5058834338931
2019-10-19,1.51976,0.0,0.0,0.0,0.0,0.0,0.0,0.0,0.0,0.0,0.0,0.0,0.0,0.0,0.0,0.0,0.0,0.0,0.0,0.0,2814.103424452009
2019-10-26,1.42744,1183.007679266031,0.0,0.0,0.0,0.0,0.0,0.0,0.0,0.0,0.0,0.0,0.0,0.0,0.0,0.0,0.0,0.0,0.0,0.0,1789.9176453949112
2019-11-02,1.51358,0.0,0.0,0.0,0.0,0.0,0.0,1102.1121413539342,0.0,0.0,0.0,0.0,0.0,0.0,0.0,0.0,1225.429841703297,0.0,0.0,0.0,0.0
2019-11-09,2.40385,0.0,0.0,0.0,0.0,0.0,0.0,0.0,0.0,0.0,0.0,0.0,0.0,0.0,0.0,966.8594241814052,1455.4468542878087,0.0,0.0,0.0,1314.48187817887
2019-11-16,2.78923,0.0,0.0,0.0,0.0,0.0,0.0,0.0,0.0,0.0,0.0,0.0,0.0,0.0,0.0,0.0,0.0,0.0,0.0,0.0,1430.4008752479351
2019-11-23,2.01203,0.0,0.0,0.0,0.0,0.0,0.0,0.0,0.0,0.0,0.0,0.0,0.0,0.0,0.0,0.0,0.0,0.0,0.0,0.0,1508.35782299916
2019-11-30,2.24646,0.0,1254.471892358831,0.0,0.0,0.0,0.0,0.0,0.0,0.0,0.0,1338.858353187809,0.0,0.0,1604.683811772306,0.0,0.0,0.0,0.0,0.0,0.0
2019-12-07,2.44837,0.0,2349.0337574542164,0.0,0.0,0.0,0.0,0.0,0.0,0.0,0.0,0.0,0.0,0.0,2129.860845980156,0.0,2685.682207711806,0.0,0.0,0.0,0.0
2019-12-14,3.09021,1620.9536788368905,1930.82211878382,1404.772546584956,0.0,0.0,0.0,0.0,0.0,0.0,0.0,0.0,1227.543846585438,0.0,0.0,0.0,1821.6944443521163,0.0,0.0,0.0,2152.392744442046
2019-12-21,8.38721,0.0,1818.1125758669448,0.0,0.0,0.0,0.0,1139.4132887388218,0.0,0.0,0.0,1347.154701196922,0.0,0.0,0.0,1602.7973164349637,1343.8037500741686,0.0,0.0,0.0,1540.564722296719
2019-12-28,11.7221,1603.7617267461494,0.0,0.0,0.0,0.0,0.0,0.0,0.0,0.0,0.0,2466.988510330282,0.0,0.0,0.0,1770.6332195454331,2218.409609666565,0.0,0.0,0.0,0.0
2020-01-04,4.58358,1152.782337539349,1987.076196119598,0.0,0.0,0.0,1966.901176656908,0.0,0.0,0.0,3584.057976163972,0.0,0.0,0.0,0.0,0.0,0.0,0.0,0.0,0.0,1761.4825361412352
2020-01-11,4.52712,0.0,2534.613936931527,0.0,0.0,0.0,0.0,1385.1905836764172,0.0,0.0,0.0,0.0,0.0,0.0,0.0,0.0,1231.7403590861716,0.0,0.0,0.0,2329.54870380447
2020-01-18,4.42423,1336.145873832421,2065.3298388874164,0.0,0.0,0.0,0.0,0.0,0.0,0.0,0.0,0.0,0.0,0.0,1288.935239929178,0.0,1760.9512712842911,0.0,0.0,0.0,1624.392571149529
2020-01-25,4.99799,0.0,2489.812273863836,0.0,0.0,0.0,0.0,0.0,0.0,0.0,0.0,0.0,0.0,0.0,0.0,1155.0822762673088,0.0,0.0,0.0,0.0,1737.3547577766683
2020-02-01,4.44098,0.0,2188.860992342092,0.0,0.0,0.0,0.0,0.0,0.0,0.0,0.0,0.0,0.0,0.0,1560.8103153470925,1898.197742806754,1653.2966322367715,0.0,0.0,0.0,1055.801807796871
2020-02-08,3.66472,0.0,2300.9714460952287,0.0,0.0,0.0,0.0,0.0,0.0,1935.4055316062124,0.0,0.0,0.0,1935.405531606212,0.0,0.0,1354.548058747599,0.0,0.0,0.0,2647.82538277269
2020-02-15,3.48259,0.0,1558.228503872924,0.0,0.0,0.0,0.0,0.0,0.0,0.0,0.0,1812.9701339563696,0.0,0.0,0.0,0.0,2207.9655966183554,0.0,0.0,0.0,1334.842195622995
2020-02-22,9.91974,0.0,0.0,0.0,0.0,0.0,2517.5544339343573,0.0,0.0,0.0,0.0,0.0,1607.321783068632,0.0,0.0,0.0,1510.5397608836363,0.0,0.0,0.0,1169.987669903185
2020-02-29,4.19678,0.0,2597.656380638113,0.0,1139.0655271203989,1833.7242155344763,0.0,1455.8771412448532,0.0,0.0,0.0,1567.2173412550742,0.0,0.0,0.0,0.0,1625.934308688193,0.0,0.0,0.0,1173.9222162609683
2020-03-07,3.70284,1352.589975378252,5352.757090905816,0.0,0.0,0.0,0.0,0.0,0.0,0.0,0.0,1769.639825421738,0.0,0.0,0.0,1206.20709339931,2334.1473295203214,0.0,0.0,0.0,1300.8293833827831
2020-03-14,3.04544,1009.7703173240498,7912.220121263432,0.0,0.0,0.0,0.0,0.0,0.0,0.0,0.0,0.0,0.0,0.0,0.0,1745.034074097979,4405.7806312721,0.0,1086.988695521122,0.0,1823.5303323111389
2020-03-21,3.76502,2406.3051203620694,7514.89346316572,0.0,1340.9916114679445,0.0,0.0,0.0,0.0,0.0,0.0,1238.9267724423194,0.0,0.0,0.0,2455.3537272753438,3124.1481839758976,0.0,0.0,0.0,2002.5260704833424
2020-03-28,2.50181,1403.7111118183177,5437.27911404581,0.0,0.0,0.0,0.0,0.0,0.0,0.0,0.0,1039.2974375250667,0.0,0.0,0.0,1257.0337249437732,3243.1041462416515,0.0,0.0,0.0,2151.009043848898
2020-04-04,0.897921,0.0,4722.2621269515785,0.0,0.0,0.0,0.0,1451.4598149408707,0.0,0.0,0.0,0.0,0.0,0.0,0.0,1113.290919349676,3208.1146603072743,0.0,0.0,0.0,897.9741369602068
2020-04-11,3.51711,0.0,3340.419118364424,0.0,0.0,0.0,0.0,0.0,0.0,0.0,0.0,0.0,0.0,0.0,0.0,0.0,2434.2394451972355,0.0,0.0,0.0,0.0
2020-04-18,1.32181,0.0,2259.889148685662,0.0,0.0,0.0,0.0,0.0,0.0,0.0,0.0,0.0,0.0,0.0,0.0,906.6987565140132,1351.4568865876577,1175.9271532428045,0.0,0.0,1699.2658110273626
2020-04-25,1.11272,0.0,2722.892416852616,0.0,0.0,0.0,0.0,0.0,0.0,0.0,0.0,0.0,1063.7117055865003,0.0,0.0,0.0,0.0,0.0,0.0,0.0,0.0
2020-05-02,0.776778,0.0,2487.971310996334,941.2695071320408,0.0,0.0,0.0,0.0,0.0,0.0,0.0,0.0,1378.3453343217234,0.0,0.0,0.0,0.0,0.0,906.8328326111576,0.0,1952.8159584732805
2020-05-09,0.814269,0.0,1454.271412851429,0.0,0.0,0.0,0.0,0.0,0.0,0.0,0.0,0.0,0.0,0.0,0.0,0.0,0.0,0.0,0.0,0.0,0.0
2020-05-16,1.08581,0.0,1377.117817559284,0.0,1105.8624546242097,1233.567774753271,0.0,0.0,0.0,0.0,0.0,0.0,0.0,0.0,0.0,1850.516162919714,0.0,0.0,1599.0621096743016,0.0,0.0
2020-05-23,0.472335,0.0,1201.4439368939586,0.0,0.0,0.0,0.0,0.0,0.0,0.0,0.0,0.0,0.0,0.0,0.0,0.0,0.0,0.0,0.0,0.0,1509.870985807947
2020-05-30,0.915332,0.0,1127.4751745249205,0.0,0.0,1091.7736620676546,0.0,0.0,0.0,0.0,0.0,0.0,0.0,0.0,0.0,0.0,0.0,0.0,0.0,0.0,1255.752315288063
2020-06-06,0.621547,0.0,0.0,0.0,0.0,0.0,0.0,0.0,0.0,0.0,0.0,0.0,0.0,0.0,0.0,0.0,0.0,0.0,0.0,0.0,0.0
2020-06-13,0.67981,0.0,0.0,0.0,0.0,0.0,0.0,0.0,0.0,0.0,0.0,1237.9275124509577,0.0,0.0,0.0,0.0,0.0,0.0,0.0,0.0,0.0
2020-06-20,0.534581,0.0,1883.466961328948,0.0,0.0,0.0,0.0,0.0,0.0,0.0,0.0,0.0,0.0,0.0,0.0,0.0,0.0,0.0,0.0,0.0,0.0
2020-06-27,0.365085,0.0,0.0,0.0,0.0,0.0,0.0,0.0,0.0,0.0,0.0,0.0,0.0,0.0,0.0,0.0,0.0,0.0,0.0,0.0,1139.9544333959122
