date,Arkansas,flu symptoms,the flu,rsv,how long flu,flu how long,flu a,contagious flu,flu contagious,symptoms of flu,the flu symptoms,flu cold,flu type,fever flu,flu fever,b flu,oscillococcinum,pneumonia,type a flu,flu type a,strep
2010-10-09,0.696056,0.0,0.0,0.0,0.0,0.0,0.0,0.0,0.0,0.0,0.0,0.0,0.0,0.0,0.0,0.0,0.0,0.0,0.0,0.0,0.0
2010-10-16,0.674157,0.0,0.0,0.0,0.0,0.0,0.0,0.0,0.0,0.0,0.0,0.0,0.0,0.0,0.0,0.0,0.0,0.0,0.0,0.0,0.0
2010-10-23,0.514217,0.0,0.0,0.0,0.0,0.0,0.0,0.0,0.0,0.0,0.0,0.0,0.0,0.0,0.0,2008.863371843868,0.0,0.0,0.0,0.0,0.0
2010-10-30,0.41365,0.0,0.0,0.0,0.0,0.0,2011.9038562337012,0.0,0.0,0.0,0.0,0.0,0.0,0.0,0.0,0.0,0.0,0.0,0.0,0.0,1828.7221458621668
2010-11-06,1.09028,0.0,0.0,0.0,0.0,0.0,0.0,0.0,0.0,0.0,0.0,0.0,0.0,0.0,0.0,0.0,0.0,0.0,0.0,0.0,0.0
2010-11-13,1.19736,0.0,0.0,0.0,0.0,0.0,0.0,0.0,0.0,0.0,0.0,0.0,0.0,0.0,0.0,0.0,0.0,0.0,0.0,0.0,0.0
2010-11-20,1.55462,0.0,0.0,0.0,0.0,0.0,0.0,0.0,0.0,0.0,0.0,0.0,0.0,0.0,0.0,0.0,0.0,0.0,0.0,0.0,0.0
2010-11-27,2.02599,0.0,0.0,0.0,0.0,0.0,0.0,0.0,0.0,0.0,0.0,0.0,0.0,0.0,0.0,0.0,0.0,0.0,0.0,0.0,0.0
2010-12-04,1.39295,0.0,0.0,0.0,0.0,0.0,0.0,0.0,0.0,0.0,0.0,0.0,0.0,0.0,0.0,0.0,0.0,0.0,0.0,0.0,0.0
2010-12-11,1.02064,0.0,2622.851565779628,0.0,0.0,0.0,0.0,0.0,0.0,0.0,0.0,0.0,0.0,0.0,0.0,0.0,0.0,0.0,0.0,0.0,0.0
2010-12-18,2.10551,0.0,0.0,0.0,0.0,0.0,0.0,0.0,0.0,0.0,0.0,0.0,0.0,0.0,0.0,0.0,1960.4896553234487,0.0,0.0,0.0,0.0
2010-12-25,3.61163,0.0,0.0,2581.743502415298,0.0,0.0,0.0,0.0,0.0,0.0,0.0,0.0,0.0,0.0,0.0,0.0,0.0,0.0,0.0,0.0,0.0
2011-01-01,2.5771,0.0,0.0,0.0,0.0,0.0,0.0,0.0,0.0,0.0,0.0,0.0,2466.608617583024,0.0,0.0,0.0,2325.3081753821507,2044.876695524007,0.0,0.0,2015.9226688061565
2011-01-08,3.36738,0.0,0.0,0.0,0.0,0.0,0.0,0.0,0.0,0.0,0.0,0.0,943.6534525410452,0.0,0.0,0.0,0.0,1670.6921740983132,894.3683298926517,894.3683298926516,0.0
2011-01-15,4.84672,0.0,0.0,0.0,0.0,0.0,0.0,0.0,0.0,0.0,847.6309692504154,0.0,0.0,0.0,0.0,0.0,0.0,1194.681447125535,0.0,0.0,1215.2281229181967
2011-01-22,6.77669,0.0,0.0,0.0,0.0,0.0,0.0,0.0,0.0,967.7348982456192,1044.4289017198398,0.0,0.0,0.0,0.0,0.0,0.0,0.0,0.0,0.0,985.4910331456156
2011-01-29,7.29689,1010.4811390579208,0.0,1292.5189358846292,0.0,0.0,0.0,0.0,0.0,0.0,1770.5376793800958,0.0,0.0,0.0,0.0,0.0,0.0,1220.5613299974907,0.0,0.0,883.7900136352531
2011-02-05,6.48838,1413.7778980774094,1016.2246029488048,859.4973207088376,0.0,0.0,0.0,0.0,0.0,0.0,0.0,0.0,760.9175230332612,0.0,0.0,0.0,0.0,1051.5332365128825,0.0,0.0,1144.278969656915
2011-02-12,8.08052,1731.7077624426388,0.0,0.0,0.0,0.0,0.0,0.0,0.0,0.0,0.0,0.0,0.0,0.0,0.0,0.0,0.0,922.156036364524,0.0,0.0,1086.6655488775182
2011-02-19,8.18854,934.57955738097,0.0,0.0,0.0,0.0,0.0,0.0,0.0,0.0,0.0,0.0,0.0,0.0,0.0,0.0,0.0,1830.8586979495285,0.0,0.0,1699.6261860469458
2011-02-26,6.03429,0.0,0.0,1244.009729779926,0.0,0.0,0.0,0.0,0.0,0.0,0.0,0.0,0.0,0.0,0.0,0.0,0.0,2061.9758073806806,0.0,0.0,1155.238115637684
2011-03-05,6.93537,0.0,0.0,1191.1412742422826,0.0,0.0,0.0,0.0,0.0,0.0,0.0,0.0,0.0,0.0,0.0,0.0,0.0,1524.4005794275229,0.0,0.0,1166.0391502700488
2011-03-12,2.61015,0.0,862.6684300369894,934.5990079835632,0.0,0.0,0.0,0.0,0.0,0.0,0.0,0.0,0.0,0.0,0.0,0.0,0.0,1405.5833056954582,0.0,0.0,1720.1564273099552
2011-03-19,3.26913,0.0,0.0,0.0,0.0,0.0,0.0,0.0,0.0,0.0,0.0,0.0,0.0,0.0,0.0,0.0,0.0,1383.482707314664,0.0,0.0,950.0507993706988
2011-03-26,2.31362,933.9536315435624,0.0,0.0,0.0,0.0,0.0,0.0,0.0,0.0,0.0,0.0,0.0,0.0,0.0,0.0,0.0,0.0,0.0,0.0,2090.666108976223
2011-04-02,1.66325,0.0,0.0,0.0,0.0,0.0,0.0,0.0,0.0,0.0,0.0,0.0,0.0,0.0,0.0,0.0,0.0,0.0,0.0,0.0,920.6207244865578
2011-04-09,0.850906,0.0,0.0,0.0,0.0,0.0,0.0,0.0,0.0,0.0,0.0,0.0,0.0,0.0,0.0,1415.009558405848,0.0,811.7098371164884,0.0,0.0,1106.6837313228757
2011-04-16,0.438757,0.0,0.0,0.0,0.0,0.0,0.0,0.0,0.0,0.0,0.0,0.0,0.0,0.0,0.0,0.0,0.0,1306.5840940007474,0.0,0.0,1242.67315791765
2011-04-23,0.675676,0.0,0.0,0.0,0.0,0.0,0.0,0.0,0.0,0.0,0.0,0.0,0.0,0.0,0.0,0.0,0.0,0.0,0.0,0.0,0.0
2011-04-30,0.455754,0.0,0.0,0.0,0.0,0.0,0.0,0.0,0.0,0.0,0.0,0.0,0.0,0.0,0.0,0.0,0.0,0.0,0.0,0.0,0.0
2011-05-07,0.630347,0.0,0.0,0.0,0.0,0.0,0.0,0.0,0.0,0.0,0.0,0.0,0.0,0.0,0.0,0.0,0.0,0.0,0.0,0.0,1448.763132623923
2011-05-14,0.711744,0.0,1219.8126454252856,0.0,0.0,0.0,0.0,0.0,0.0,0.0,0.0,0.0,0.0,0.0,0.0,0.0,0.0,1298.882219510508,0.0,0.0,1420.0842254127283
2011-05-21,0.520382,0.0,0.0,0.0,0.0,0.0,0.0,0.0,0.0,0.0,0.0,0.0,0.0,0.0,0.0,0.0,0.0,0.0,0.0,0.0,939.2067849533288
2011-05-28,1.03627,0.0,0.0,0.0,0.0,0.0,0.0,0.0,0.0,0.0,0.0,0.0,0.0,0.0,0.0,0.0,0.0,0.0,0.0,0.0,0.0
2011-06-04,0.939306,0.0,0.0,0.0,0.0,0.0,873.1315559963364,0.0,0.0,0.0,0.0,0.0,0.0,0.0,0.0,0.0,0.0,0.0,0.0,0.0,816.6894241430731
2011-06-11,0.686642,0.0,0.0,1303.30808936841,0.0,0.0,0.0,0.0,0.0,0.0,0.0,0.0,0.0,0.0,0.0,0.0,0.0,768.9524727226423,0.0,0.0,0.0
2011-06-18,0.926999,0.0,0.0,0.0,0.0,0.0,0.0,0.0,0.0,0.0,0.0,0.0,0.0,0.0,0.0,0.0,0.0,0.0,0.0,0.0,1257.5289318426103
2011-06-25,0.393185,0.0,0.0,0.0,0.0,0.0,0.0,0.0,0.0,0.0,0.0,0.0,0.0,0.0,0.0,0.0,0.0,0.0,0.0,0.0,1079.4990975607784
2011-07-02,0.4329,0.0,0.0,0.0,0.0,0.0,0.0,0.0,0.0,0.0,0.0,0.0,0.0,0.0,0.0,0.0,0.0,0.0,0.0,0.0,0.0
2011-07-09,0.260417,0.0,0.0,0.0,0.0,0.0,0.0,0.0,0.0,0.0,0.0,0.0,0.0,0.0,0.0,0.0,0.0,1712.9171617771328,0.0,0.0,1491.804676845854
2011-07-16,0.260417,0.0,0.0,0.0,0.0,0.0,0.0,0.0,0.0,1053.3058636224011,0.0,0.0,0.0,0.0,0.0,0.0,0.0,0.0,0.0,0.0,0.0
2011-07-23,0.0,0.0,0.0,0.0,0.0,0.0,0.0,0.0,0.0,0.0,0.0,0.0,0.0,0.0,0.0,0.0,0.0,0.0,0.0,0.0,0.0
2011-07-30,0.127065,0.0,0.0,0.0,0.0,0.0,0.0,0.0,0.0,0.0,0.0,0.0,0.0,0.0,0.0,0.0,0.0,0.0,0.0,0.0,0.0
2011-08-06,0.0,0.0,0.0,0.0,0.0,0.0,0.0,0.0,0.0,0.0,0.0,0.0,0.0,0.0,0.0,0.0,0.0,0.0,0.0,0.0,0.0
2011-08-13,0.753012,0.0,0.0,0.0,0.0,0.0,0.0,0.0,0.0,0.0,0.0,0.0,0.0,0.0,0.0,0.0,0.0,882.1504974221604,0.0,0.0,0.0
2011-08-20,0.380228,0.0,0.0,0.0,0.0,0.0,0.0,0.0,0.0,0.0,0.0,0.0,0.0,0.0,0.0,0.0,0.0,1394.6469637499804,0.0,0.0,0.0
2011-08-27,0.576369,0.0,0.0,876.4496837480641,0.0,0.0,0.0,0.0,0.0,0.0,0.0,0.0,0.0,0.0,0.0,0.0,0.0,0.0,0.0,0.0,0.0
2011-09-03,0.663507,0.0,0.0,0.0,0.0,0.0,0.0,0.0,0.0,0.0,0.0,0.0,0.0,0.0,0.0,0.0,0.0,1267.743457350772,0.0,0.0,844.5596781582294
2011-09-10,0.914286,0.0,0.0,0.0,0.0,0.0,0.0,0.0,0.0,0.0,0.0,0.0,0.0,0.0,0.0,0.0,0.0,0.0,0.0,0.0,0.0
2011-09-17,1.09671,0.0,0.0,0.0,0.0,0.0,0.0,0.0,0.0,0.0,0.0,0.0,0.0,0.0,0.0,0.0,0.0,1499.312091654883,0.0,0.0,970.4417593229416
2011-09-24,0.827206,0.0,0.0,0.0,0.0,0.0,0.0,0.0,0.0,0.0,0.0,0.0,0.0,0.0,0.0,0.0,0.0,0.0,0.0,0.0,1075.3799894073932
2011-10-01,0.498008,0.0,0.0,0.0,0.0,0.0,0.0,947.056843477918,947.0568434779184,0.0,0.0,0.0,0.0,0.0,0.0,0.0,0.0,0.0,0.0,0.0,0.0
2011-10-08,0.753348,0.0,0.0,0.0,0.0,0.0,0.0,0.0,0.0,0.0,0.0,0.0,0.0,0.0,0.0,0.0,0.0,0.0,0.0,0.0,1304.182033235165
2011-10-15,0.866406,0.0,0.0,0.0,0.0,0.0,990.7012026921914,0.0,0.0,0.0,0.0,0.0,0.0,0.0,0.0,0.0,0.0,1770.2766099109183,0.0,0.0,881.4269869856206
2011-10-22,1.30332,0.0,0.0,0.0,0.0,0.0,0.0,0.0,0.0,0.0,0.0,0.0,0.0,1136.7997705614457,1136.7997705614457,0.0,0.0,1031.031637222765,0.0,0.0,1364.0513159331351
2011-10-29,1.00068,0.0,0.0,0.0,0.0,0.0,0.0,0.0,0.0,0.0,0.0,0.0,0.0,0.0,0.0,0.0,0.0,1441.3732706848484,0.0,0.0,1493.9380191717576
2011-11-05,1.27136,0.0,1293.6803284266605,0.0,0.0,0.0,0.0,0.0,0.0,0.0,0.0,0.0,0.0,0.0,0.0,0.0,0.0,1293.2848997659569,0.0,0.0,1732.0774373163115
2011-11-12,1.37662,0.0,856.1998186336787,862.4226961955789,0.0,0.0,0.0,0.0,0.0,0.0,0.0,0.0,0.0,0.0,0.0,0.0,0.0,1314.046321709082,0.0,0.0,0.0
2011-11-19,1.30236,1062.867664278355,0.0,0.0,0.0,0.0,0.0,0.0,0.0,0.0,0.0,0.0,0.0,0.0,0.0,0.0,0.0,1124.73004171626,0.0,0.0,1195.4135574077543
2011-11-26,1.60684,0.0,0.0,0.0,0.0,0.0,0.0,0.0,0.0,0.0,0.0,0.0,0.0,0.0,0.0,0.0,0.0,0.0,0.0,0.0,857.8350544330475
2011-12-03,1.8759,0.0,847.4973538314524,763.703075695005,0.0,0.0,0.0,0.0,0.0,0.0,0.0,0.0,0.0,0.0,0.0,0.0,0.0,986.564403124224,0.0,0.0,1733.9960131169198
2011-12-10,1.56684,0.0,0.0,1275.9174043723017,0.0,0.0,0.0,0.0,0.0,0.0,0.0,0.0,0.0,0.0,0.0,0.0,0.0,1277.962124204043,0.0,0.0,1675.1172028561646
2011-12-17,1.43531,869.2600446593227,0.0,0.0,0.0,0.0,0.0,0.0,0.0,0.0,0.0,0.0,0.0,0.0,0.0,0.0,0.0,969.9190486170188,0.0,0.0,806.8918956965259
2011-12-24,1.94252,0.0,0.0,0.0,0.0,0.0,0.0,0.0,0.0,0.0,0.0,0.0,0.0,0.0,0.0,0.0,0.0,1623.6761500569178,0.0,0.0,1064.816267062778
2011-12-31,1.81371,0.0,0.0,872.2226928135291,0.0,0.0,0.0,0.0,0.0,0.0,0.0,0.0,0.0,0.0,0.0,0.0,0.0,2014.9722383529388,0.0,0.0,1353.3920940862106
2012-01-07,1.75685,0.0,0.0,0.0,0.0,0.0,0.0,0.0,0.0,0.0,0.0,0.0,0.0,0.0,0.0,0.0,0.0,1525.5707752587073,0.0,0.0,0.0
2012-01-14,1.83187,0.0,0.0,770.2541477077426,0.0,0.0,0.0,781.1481350256337,781.1481350256336,0.0,0.0,0.0,0.0,0.0,0.0,0.0,0.0,0.0,0.0,0.0,910.8125749291604
2012-01-21,1.84231,903.4500540238516,0.0,751.0109032443082,0.0,0.0,0.0,0.0,0.0,0.0,0.0,0.0,0.0,0.0,0.0,0.0,0.0,1301.1137657750849,0.0,0.0,0.0
2012-01-28,2.12689,0.0,0.0,1216.099099030174,0.0,0.0,0.0,0.0,0.0,0.0,0.0,0.0,0.0,0.0,0.0,0.0,0.0,1437.9947834479358,0.0,0.0,1441.5246574382072
2012-02-04,1.37882,974.1693180981088,0.0,0.0,0.0,0.0,0.0,0.0,0.0,0.0,0.0,0.0,0.0,0.0,0.0,0.0,0.0,1402.198950806529,0.0,0.0,1162.6439091346056
2012-02-11,2.49863,0.0,0.0,1075.301173549199,696.1457880297635,696.1457880297634,0.0,0.0,0.0,0.0,0.0,0.0,0.0,0.0,0.0,0.0,0.0,1429.9232649037783,0.0,0.0,0.0
2012-02-18,2.21891,0.0,762.0239989904305,1083.7102128858537,0.0,0.0,0.0,0.0,0.0,0.0,0.0,0.0,0.0,0.0,0.0,0.0,0.0,1343.670593655136,0.0,0.0,1075.8395533592495
2012-02-25,2.59587,0.0,0.0,1651.6533169438894,0.0,0.0,0.0,0.0,0.0,0.0,0.0,0.0,0.0,0.0,0.0,0.0,0.0,1798.5716436587738,0.0,0.0,1707.3756451838187
2012-03-03,3.32388,0.0,742.4326553612548,1076.4727920045984,0.0,0.0,0.0,0.0,0.0,0.0,0.0,650.4405985451675,0.0,0.0,0.0,0.0,0.0,1367.6449435911338,0.0,0.0,675.1587156915332
2012-03-10,4.70283,0.0,752.9098174937495,0.0,808.2414464556224,808.2414464556224,0.0,0.0,0.0,0.0,0.0,0.0,0.0,0.0,0.0,0.0,0.0,1242.4338598500683,0.0,0.0,1977.0669440550528
2012-03-17,6.04436,0.0,0.0,0.0,0.0,0.0,0.0,0.0,0.0,0.0,0.0,0.0,0.0,0.0,0.0,0.0,0.0,1000.374263726648,0.0,0.0,1041.7644871899188
2012-03-24,3.76876,0.0,0.0,0.0,0.0,0.0,0.0,0.0,0.0,0.0,0.0,0.0,0.0,0.0,0.0,0.0,1263.577810090378,0.0,0.0,0.0,0.0
2012-03-31,1.87587,0.0,0.0,0.0,0.0,0.0,0.0,0.0,0.0,0.0,0.0,0.0,0.0,0.0,0.0,0.0,0.0,0.0,0.0,0.0,1190.97432101423
2012-04-07,1.44578,0.0,754.313745929257,0.0,0.0,0.0,0.0,0.0,0.0,0.0,0.0,0.0,0.0,0.0,0.0,0.0,0.0,1135.0796480258552,0.0,0.0,1092.4025897694412
2012-04-14,1.10435,0.0,0.0,0.0,0.0,0.0,0.0,0.0,0.0,0.0,0.0,0.0,0.0,0.0,0.0,0.0,0.0,0.0,0.0,0.0,1092.5176377573994
2012-04-21,0.755996,0.0,0.0,0.0,0.0,0.0,0.0,1519.0954067395007,1519.095406739501,0.0,0.0,0.0,0.0,0.0,0.0,0.0,0.0,988.398143430102,0.0,0.0,1711.211697748976
2012-04-28,0.808369,0.0,0.0,0.0,0.0,0.0,0.0,0.0,0.0,0.0,0.0,0.0,0.0,0.0,0.0,0.0,0.0,1833.864506557024,0.0,0.0,1179.3713630582463
2012-05-05,0.744879,0.0,0.0,0.0,0.0,0.0,0.0,0.0,0.0,0.0,0.0,0.0,0.0,717.6481389452201,717.6481389452199,0.0,0.0,1510.383137671815,0.0,0.0,706.4419732794024
2012-05-12,1.14943,0.0,0.0,0.0,0.0,0.0,0.0,0.0,0.0,0.0,0.0,0.0,0.0,0.0,0.0,0.0,0.0,0.0,0.0,0.0,882.9796864887284
2012-05-19,1.05622,0.0,0.0,0.0,0.0,0.0,0.0,0.0,0.0,0.0,0.0,0.0,0.0,0.0,0.0,0.0,0.0,0.0,0.0,0.0,1522.0953691591792
2012-05-26,0.505689,0.0,0.0,0.0,0.0,0.0,0.0,0.0,0.0,0.0,0.0,0.0,0.0,0.0,0.0,0.0,0.0,1061.8999775870152,0.0,0.0,1515.3386867473776
2012-06-02,0.590967,0.0,0.0,0.0,0.0,0.0,0.0,0.0,0.0,0.0,0.0,0.0,0.0,0.0,0.0,0.0,0.0,906.361476016702,0.0,0.0,967.2318662609572
2012-06-09,0.0733138,0.0,0.0,0.0,0.0,0.0,0.0,0.0,0.0,0.0,0.0,0.0,0.0,0.0,0.0,0.0,0.0,979.006425951133,0.0,0.0,1594.8289710052686
2012-06-16,0.0,0.0,0.0,0.0,0.0,0.0,0.0,0.0,0.0,0.0,0.0,0.0,0.0,0.0,0.0,0.0,0.0,1225.362692290256,0.0,0.0,1289.0261869905517
2012-06-23,0.160686,0.0,0.0,0.0,0.0,0.0,0.0,0.0,0.0,0.0,752.3124849647195,0.0,0.0,0.0,0.0,0.0,0.0,815.7382949899581,0.0,0.0,1184.3997229380414
2012-06-30,0.199734,0.0,0.0,0.0,0.0,0.0,0.0,0.0,0.0,0.0,0.0,0.0,0.0,0.0,0.0,0.0,0.0,1123.4910539384548,0.0,0.0,1217.453178455017
2012-07-07,0.0,0.0,0.0,0.0,0.0,0.0,0.0,0.0,0.0,0.0,0.0,0.0,0.0,0.0,0.0,0.0,0.0,0.0,0.0,0.0,0.0
2012-07-14,0.0,0.0,0.0,0.0,0.0,0.0,0.0,0.0,0.0,0.0,0.0,0.0,0.0,0.0,0.0,0.0,0.0,0.0,0.0,0.0,948.0708200940234
2012-07-21,0.0,0.0,0.0,0.0,0.0,0.0,0.0,0.0,0.0,0.0,0.0,0.0,0.0,0.0,0.0,0.0,0.0,0.0,0.0,0.0,0.0
2012-07-28,0.212917,0.0,0.0,0.0,0.0,0.0,0.0,0.0,0.0,0.0,0.0,0.0,0.0,0.0,0.0,0.0,0.0,0.0,0.0,0.0,0.0
2012-08-04,0.806452,0.0,0.0,0.0,0.0,0.0,0.0,0.0,0.0,0.0,854.435515461478,0.0,0.0,0.0,0.0,0.0,0.0,0.0,762.9238192718939,762.923819271894,851.737136654183
2012-08-11,0.431034,0.0,0.0,0.0,0.0,0.0,0.0,0.0,0.0,0.0,0.0,770.876546215837,0.0,0.0,0.0,0.0,0.0,1178.9415671615168,0.0,0.0,881.3826430859176
2012-08-18,0.0,0.0,0.0,812.3596647663215,0.0,0.0,0.0,0.0,0.0,0.0,0.0,0.0,0.0,0.0,0.0,0.0,0.0,1227.9565229062982,0.0,0.0,0.0
2012-08-25,0.0,0.0,0.0,0.0,0.0,0.0,0.0,0.0,0.0,0.0,0.0,0.0,821.9175042520692,0.0,0.0,0.0,0.0,0.0,0.0,0.0,0.0
2012-09-01,0.0,0.0,0.0,0.0,898.4535846715844,898.4535846715844,0.0,0.0,0.0,0.0,0.0,0.0,0.0,0.0,0.0,0.0,0.0,1032.165787349688,0.0,0.0,0.0
2012-09-08,0.0,0.0,0.0,0.0,0.0,0.0,0.0,0.0,0.0,0.0,0.0,0.0,0.0,0.0,0.0,0.0,0.0,930.0608980342822,0.0,0.0,0.0
2012-09-15,0.0,0.0,0.0,0.0,0.0,0.0,0.0,0.0,0.0,0.0,0.0,0.0,0.0,0.0,0.0,0.0,0.0,1144.7498752119589,0.0,0.0,1102.9705352235412
2012-09-22,0.0,0.0,0.0,0.0,0.0,0.0,0.0,0.0,0.0,0.0,0.0,0.0,0.0,0.0,0.0,0.0,0.0,962.4887031530054,0.0,0.0,1485.9638000139478
2012-09-29,0.431034,713.204313117685,1186.791263902126,0.0,0.0,0.0,0.0,0.0,0.0,0.0,0.0,665.7484143141717,0.0,0.0,0.0,0.0,0.0,976.6270186732356,0.0,0.0,949.2238914805924
2012-10-06,0.471698,0.0,0.0,0.0,0.0,0.0,0.0,0.0,0.0,0.0,0.0,0.0,0.0,758.0631411814837,758.0631411814837,0.0,0.0,915.4928942334452,0.0,0.0,1086.797661548741
2012-10-13,0.580955,0.0,657.1673530896414,0.0,0.0,0.0,640.4403912750714,1010.6169607490796,1010.6169607490796,0.0,0.0,0.0,0.0,0.0,0.0,0.0,0.0,805.693915202799,0.0,0.0,1668.9214012736354
2012-10-20,0.649734,0.0,804.8062648612135,0.0,0.0,0.0,0.0,0.0,0.0,0.0,0.0,0.0,0.0,0.0,0.0,0.0,0.0,1537.1176735742326,0.0,0.0,1096.0582218790432
2012-10-27,0.94605,1037.318686421085,756.29437450121,0.0,0.0,0.0,0.0,0.0,0.0,0.0,0.0,0.0,0.0,0.0,0.0,0.0,0.0,1361.2613647692062,0.0,0.0,1290.1579922101382
2012-11-03,0.336178,726.5836684799107,0.0,0.0,0.0,0.0,0.0,0.0,0.0,0.0,0.0,0.0,0.0,0.0,0.0,0.0,0.0,1571.236815739983,0.0,0.0,1710.6922741850424
2012-11-10,0.522689,883.812590114288,0.0,0.0,0.0,0.0,0.0,0.0,0.0,0.0,0.0,651.5926636997165,0.0,0.0,0.0,0.0,0.0,1500.8454972869808,0.0,0.0,832.9168024472332
2012-11-17,0.558988,789.1657905491239,667.8210497689914,0.0,0.0,0.0,0.0,0.0,0.0,0.0,0.0,0.0,0.0,0.0,0.0,0.0,0.0,1128.083505793393,0.0,0.0,1336.624353192546
2012-11-24,1.09307,0.0,0.0,1242.402676846103,0.0,0.0,0.0,0.0,0.0,0.0,0.0,0.0,0.0,0.0,0.0,0.0,0.0,1145.4392819210243,0.0,0.0,1298.73507211654
2012-12-01,1.45013,726.5809014141942,0.0,744.1013927361003,0.0,0.0,0.0,0.0,0.0,0.0,0.0,0.0,693.5808874229605,0.0,0.0,0.0,0.0,0.0,0.0,0.0,1525.7555950123126
2012-12-08,1.74494,1067.6060417084116,0.0,0.0,0.0,0.0,0.0,0.0,0.0,0.0,0.0,0.0,0.0,0.0,0.0,0.0,0.0,1900.904075624234,0.0,0.0,1145.9672526292818
2012-12-15,2.8537,1568.1748888225388,1057.4610559566083,0.0,0.0,0.0,0.0,0.0,0.0,0.0,0.0,0.0,0.0,0.0,0.0,0.0,0.0,1787.5899631537484,0.0,0.0,943.664168623818
2012-12-22,5.52285,954.7565002473656,988.3870366807269,790.1332594843224,0.0,0.0,0.0,0.0,0.0,0.0,0.0,0.0,0.0,0.0,0.0,0.0,0.0,1098.415542894582,0.0,0.0,1604.5304540234526
2012-12-29,5.8592,1460.579086790974,1827.8886076512808,888.0007013745598,0.0,0.0,1472.8898826357888,0.0,0.0,0.0,0.0,893.290403857859,0.0,0.0,0.0,0.0,0.0,1828.4777965460455,0.0,0.0,1101.0970819917902
2013-01-05,4.89199,2256.4089370207057,1921.94190969303,1148.3570434818648,747.694013957546,747.6940139575458,1306.4482319824692,0.0,0.0,0.0,0.0,0.0,0.0,0.0,0.0,0.0,0.0,2064.249406356927,0.0,0.0,1406.8395154196085
2013-01-12,5.77181,4686.7468967853965,5398.16638224438,1635.1971073035447,1232.7926063102225,1232.7926063102225,2647.4158104242547,653.6677377341744,653.6677377341744,1603.085559775408,0.0,0.0,0.0,634.9813069616342,634.9813069616342,0.0,0.0,1172.0250726254612,0.0,0.0,927.2865372185946
2013-01-19,5.90369,4944.434098647975,4653.024723579716,1616.2182869823623,1555.292557789929,1555.292557789929,1486.6212496781716,0.0,0.0,1135.2983065197968,1590.7710684425908,0.0,0.0,0.0,0.0,0.0,0.0,1976.413464816652,0.0,0.0,1083.7704655732596
2013-01-26,4.93274,3521.4261566899663,3118.984533389884,1441.132617933638,1014.4616779822449,1014.4616779822449,985.3476937130768,0.0,0.0,1194.334426901004,785.3186996610647,0.0,0.0,0.0,0.0,711.9681301892577,0.0,1306.519113913111,0.0,0.0,1600.3833193821974
2013-02-02,3.94113,2231.775903253176,2288.97674245575,1190.3858584219338,655.3603532405104,655.3603532405103,794.6925296264103,0.0,0.0,0.0,620.5561595561595,0.0,1129.791847732576,0.0,0.0,0.0,0.0,2269.8641949773573,0.0,0.0,1534.960778352233
2013-02-09,2.82872,3196.1072222481507,1991.8073058268076,1594.7199372732246,0.0,0.0,0.0,0.0,0.0,1225.4132629726594,738.0486484322986,910.999407085203,0.0,0.0,0.0,0.0,0.0,925.9714800833294,0.0,0.0,1284.049639667853
2013-02-16,2.08218,1139.2556259937496,1080.199193538385,1206.469221625462,0.0,0.0,0.0,648.2043480205318,648.2043480205318,0.0,0.0,0.0,0.0,0.0,0.0,0.0,0.0,1269.0853341494312,0.0,0.0,1935.3300698929884
2013-02-23,1.34731,1234.351981886666,922.0422044698804,967.095063780802,0.0,0.0,0.0,0.0,0.0,0.0,0.0,0.0,0.0,0.0,0.0,0.0,0.0,1126.6966516575808,0.0,0.0,1416.9120536479236
2013-03-02,1.46972,1468.8419826273707,1676.6578161338452,0.0,0.0,0.0,0.0,0.0,0.0,0.0,0.0,0.0,0.0,0.0,0.0,0.0,0.0,1123.6934233580046,0.0,0.0,1340.7161529215298
2013-03-09,1.78891,0.0,993.65477595549,0.0,0.0,0.0,0.0,0.0,0.0,0.0,0.0,0.0,0.0,0.0,0.0,0.0,0.0,1098.294734090283,0.0,0.0,1955.567015007884
2013-03-16,1.41136,882.9269985489129,575.4459088576227,0.0,0.0,0.0,0.0,0.0,0.0,0.0,0.0,0.0,0.0,0.0,0.0,0.0,0.0,1368.8132990480883,0.0,0.0,1618.9450594911798
2013-03-23,1.34111,787.1602469149404,990.0887375079376,669.3889671002511,0.0,0.0,0.0,0.0,0.0,0.0,0.0,0.0,0.0,0.0,0.0,0.0,0.0,1286.6126412660888,0.0,0.0,1169.077192071256
2013-03-30,0.930899,0.0,625.5310611504867,0.0,0.0,0.0,956.9623440965512,0.0,0.0,0.0,0.0,0.0,0.0,0.0,0.0,0.0,0.0,594.3522958977303,0.0,0.0,1166.6071719366946
2013-04-06,0.398248,0.0,639.4969079769869,0.0,0.0,0.0,0.0,0.0,0.0,0.0,0.0,0.0,0.0,0.0,0.0,0.0,0.0,1089.4619475707668,0.0,0.0,1172.5131299696025
2013-04-13,0.518379,0.0,716.1975051805463,0.0,0.0,0.0,0.0,0.0,0.0,0.0,0.0,0.0,0.0,0.0,0.0,0.0,0.0,916.4706852230609,0.0,0.0,1309.9579622807537
2013-04-20,0.270514,0.0,0.0,0.0,0.0,0.0,671.8744474981244,0.0,0.0,0.0,0.0,0.0,0.0,0.0,0.0,0.0,0.0,592.9964561198381,0.0,0.0,941.442670751589
2013-04-27,0.533175,0.0,0.0,0.0,0.0,0.0,0.0,0.0,0.0,720.4142104831187,0.0,0.0,0.0,0.0,0.0,0.0,0.0,1043.7928000143552,0.0,0.0,1115.6941178925872
2013-05-04,0.265957,0.0,0.0,0.0,0.0,0.0,0.0,0.0,0.0,0.0,0.0,0.0,0.0,0.0,0.0,0.0,0.0,868.152477876415,0.0,0.0,1505.1197536213533
2013-05-11,0.118906,0.0,0.0,0.0,0.0,0.0,791.8513195287828,0.0,0.0,0.0,0.0,0.0,0.0,0.0,0.0,0.0,0.0,891.8602176997792,0.0,0.0,883.3219616435109
2013-05-18,0.214823,0.0,0.0,0.0,0.0,0.0,0.0,0.0,0.0,0.0,0.0,0.0,0.0,0.0,0.0,0.0,0.0,0.0,0.0,0.0,0.0
2013-05-25,0.0858369,0.0,0.0,0.0,0.0,0.0,0.0,0.0,0.0,717.7329155456631,0.0,0.0,0.0,0.0,0.0,0.0,0.0,681.2130192884555,0.0,0.0,1438.3816392941435
2013-06-01,0.088968,0.0,0.0,0.0,0.0,0.0,0.0,0.0,0.0,0.0,0.0,0.0,0.0,0.0,0.0,0.0,0.0,645.4220591346536,0.0,0.0,990.2743365944032
2013-06-08,0.0,0.0,0.0,0.0,0.0,0.0,0.0,0.0,0.0,0.0,0.0,0.0,0.0,0.0,0.0,0.0,0.0,0.0,0.0,0.0,1115.2809590549273
2013-06-15,0.0,0.0,0.0,0.0,0.0,0.0,0.0,0.0,0.0,0.0,0.0,0.0,0.0,0.0,0.0,0.0,0.0,1069.1771331108014,0.0,0.0,1423.384719256114
2013-06-22,0.176523,0.0,0.0,0.0,0.0,0.0,0.0,0.0,0.0,0.0,0.0,0.0,0.0,791.9856028237007,791.9856028237007,0.0,0.0,0.0,0.0,0.0,0.0
2013-06-29,0.499376,0.0,0.0,0.0,0.0,0.0,0.0,0.0,0.0,0.0,0.0,0.0,0.0,0.0,0.0,0.0,0.0,0.0,0.0,0.0,1326.027947890234
2013-07-06,0.0,0.0,0.0,0.0,0.0,0.0,0.0,0.0,0.0,0.0,0.0,0.0,0.0,0.0,0.0,0.0,0.0,0.0,0.0,0.0,1396.1409347078966
2013-07-13,0.0,0.0,0.0,0.0,0.0,0.0,0.0,0.0,0.0,0.0,0.0,0.0,0.0,0.0,0.0,0.0,0.0,766.4752318011538,0.0,0.0,911.1998009888772
2013-07-20,0.203666,0.0,0.0,0.0,0.0,0.0,0.0,0.0,0.0,0.0,0.0,0.0,0.0,0.0,0.0,0.0,0.0,0.0,0.0,0.0,966.752447124737
2013-07-27,0.0,0.0,0.0,0.0,0.0,0.0,0.0,0.0,0.0,0.0,0.0,0.0,0.0,0.0,0.0,0.0,0.0,732.8463840539198,0.0,0.0,681.3382084043892
2013-08-03,0.0915751,0.0,0.0,0.0,0.0,0.0,0.0,0.0,0.0,0.0,0.0,0.0,0.0,0.0,0.0,0.0,0.0,0.0,0.0,0.0,638.2258626992425
2013-08-10,0.102564,0.0,0.0,882.6441961906573,0.0,0.0,0.0,0.0,0.0,0.0,0.0,0.0,0.0,0.0,0.0,0.0,0.0,0.0,0.0,0.0,795.092685553281
2013-08-17,0.0865801,0.0,0.0,0.0,0.0,0.0,0.0,0.0,0.0,0.0,0.0,0.0,0.0,0.0,0.0,0.0,638.2911696819568,1010.2441712789736,0.0,0.0,0.0
2013-08-24,0.0672043,0.0,0.0,0.0,0.0,0.0,0.0,0.0,0.0,0.0,0.0,0.0,0.0,0.0,0.0,0.0,0.0,694.7461586595792,0.0,0.0,1064.4999617530673
2013-08-31,0.0576369,0.0,0.0,0.0,0.0,0.0,0.0,0.0,0.0,0.0,0.0,0.0,0.0,0.0,0.0,0.0,0.0,0.0,0.0,0.0,1351.9906356745985
2013-09-07,0.123153,0.0,0.0,0.0,0.0,0.0,0.0,0.0,0.0,0.0,0.0,595.8817126718901,0.0,0.0,0.0,0.0,0.0,0.0,0.0,0.0,1237.7908153104445
2013-09-14,0.220872,0.0,0.0,0.0,0.0,0.0,0.0,0.0,0.0,0.0,0.0,0.0,0.0,0.0,0.0,0.0,0.0,939.8222370894198,0.0,0.0,1187.926379242407
2013-09-21,0.715137,0.0,537.9771887600994,563.4819688678824,0.0,0.0,0.0,0.0,0.0,0.0,0.0,0.0,0.0,0.0,0.0,0.0,0.0,942.071539392706,0.0,0.0,723.2772142942937
2013-09-28,0.0,525.6316465105775,0.0,0.0,0.0,0.0,0.0,0.0,0.0,551.4114659786773,0.0,0.0,0.0,0.0,0.0,0.0,0.0,1090.3587583462538,0.0,0.0,679.5779847024562
2013-10-05,1.63326,0.0,1139.913707010686,0.0,0.0,0.0,0.0,0.0,0.0,0.0,0.0,0.0,0.0,0.0,0.0,0.0,0.0,1223.1611361404669,0.0,0.0,1547.0485333508675
2013-10-12,1.58351,0.0,644.6546354708084,0.0,0.0,0.0,0.0,0.0,0.0,0.0,0.0,0.0,0.0,0.0,0.0,0.0,0.0,1104.4977735215543,0.0,0.0,858.1697627041673
2013-10-19,1.67325,0.0,963.2280459738678,0.0,0.0,0.0,0.0,718.5327629595979,718.532762959598,0.0,0.0,0.0,0.0,0.0,0.0,0.0,0.0,1100.2404531514317,0.0,0.0,1360.4277438184226
2013-10-26,1.7695,593.7045621875471,761.5321304855379,0.0,0.0,0.0,1109.8078704291283,0.0,0.0,714.042013294469,0.0,0.0,0.0,0.0,0.0,0.0,0.0,1225.193624185134,0.0,0.0,1091.1216351669843
2013-11-02,2.37823,827.01467279842,705.9177181329859,0.0,0.0,0.0,0.0,0.0,0.0,0.0,0.0,0.0,0.0,0.0,0.0,0.0,0.0,1684.9846123096104,0.0,0.0,626.9081049760337
2013-11-09,1.96604,712.064817706686,0.0,600.1707785398188,0.0,0.0,0.0,0.0,0.0,0.0,0.0,0.0,0.0,0.0,0.0,0.0,0.0,1349.7605077984342,0.0,0.0,1611.8802140151313
2013-11-16,1.76103,0.0,0.0,0.0,0.0,0.0,0.0,0.0,0.0,0.0,0.0,0.0,0.0,0.0,0.0,0.0,0.0,1017.4755751988852,0.0,0.0,1119.3943929843213
2013-11-23,2.06209,746.3672780588131,1037.9281908519697,536.1405886101275,0.0,0.0,0.0,0.0,0.0,515.8038000626567,0.0,0.0,0.0,0.0,0.0,0.0,0.0,1214.2307700149363,0.0,0.0,1270.0118888743043
2013-11-30,2.90023,0.0,0.0,0.0,0.0,0.0,0.0,0.0,0.0,0.0,0.0,0.0,0.0,0.0,0.0,0.0,0.0,1018.0607477176248,706.1963114042284,706.1963114042284,1399.9352366994372
2013-12-07,2.79739,0.0,493.65094764616657,0.0,0.0,0.0,0.0,0.0,0.0,0.0,0.0,0.0,0.0,0.0,0.0,0.0,0.0,1170.6941547479166,0.0,0.0,1247.895085961106
2013-12-14,1.83861,0.0,0.0,0.0,0.0,0.0,0.0,0.0,0.0,0.0,0.0,0.0,0.0,515.0019200789055,515.0019200789056,569.9234908044014,0.0,1035.7115070249547,0.0,0.0,1223.6146984943712
2013-12-21,3.5453,0.0,1008.353808806636,588.4761640707159,0.0,0.0,0.0,0.0,0.0,0.0,0.0,779.7091333162602,0.0,639.534424783878,639.5344247838781,0.0,0.0,1387.52536965654,0.0,0.0,1026.672621936442
2013-12-28,7.82313,1232.2318523617785,811.1627681922406,863.9606783966602,917.6777060369324,917.6777060369324,0.0,0.0,0.0,0.0,0.0,0.0,0.0,0.0,0.0,0.0,0.0,1786.6381995190734,0.0,0.0,1089.060422338431
2014-01-04,8.09035,3278.040142909133,2250.8908774701326,814.9358245055963,989.4237187713665,989.4237187713666,1114.8929235521102,0.0,0.0,939.3116518616494,0.0,625.2316644398193,0.0,0.0,0.0,0.0,0.0,1772.5752403929694,0.0,0.0,677.0027001969551
2014-01-11,6.71369,2304.256590611585,2128.2463898519013,678.8839188414875,530.5335692794955,530.5335692794956,654.0956346099425,0.0,0.0,1527.963949581079,601.8600814787555,0.0,0.0,0.0,0.0,0.0,0.0,2054.6305421038464,0.0,0.0,963.3617444845938
2014-01-18,6.18,3499.762664079673,2659.5176877997083,1190.6237625013512,734.6874251596356,734.6874251596356,2223.814429802762,0.0,0.0,798.5594008456418,0.0,0.0,0.0,0.0,0.0,0.0,0.0,1945.916825584054,0.0,0.0,696.6344533169878
2014-01-25,6.45527,3389.613431400468,3106.1239336672443,830.5549971677676,0.0,0.0,2125.732276395456,0.0,0.0,1110.2052724103096,519.0151052604467,560.4760516075888,0.0,0.0,0.0,0.0,0.0,1723.784423884645,0.0,0.0,1251.517904105585
2014-02-01,7.05495,4153.255982807957,3253.054579434549,803.2532964883312,0.0,0.0,1075.939050482021,0.0,0.0,797.8171941996997,0.0,0.0,0.0,0.0,0.0,0.0,0.0,1629.7878759768394,0.0,0.0,1564.485250185547
2014-02-08,5.30612,1575.4601949040004,1500.7757814100385,777.8487156200739,1068.2323382118211,1068.2323382118211,0.0,0.0,0.0,495.55988107436025,0.0,891.2482631078448,0.0,0.0,0.0,0.0,0.0,1599.3706509324622,0.0,0.0,1209.4417838059774
2014-02-15,4.12917,1294.868192090294,924.5236073804728,608.5462052616487,833.3949948674281,833.3949948674282,0.0,812.6785917918384,812.6785917918385,0.0,0.0,586.4138436567524,0.0,0.0,0.0,0.0,0.0,1506.1547496787553,0.0,0.0,1006.9378949054004
2014-02-22,2.90946,0.0,828.2508885373651,1036.865272446518,0.0,0.0,0.0,0.0,0.0,0.0,0.0,0.0,0.0,0.0,0.0,0.0,0.0,931.383498587226,0.0,0.0,1824.2535789555689
2014-03-01,2.24778,775.1301799535247,725.7033486956768,900.5723456212086,0.0,0.0,0.0,0.0,0.0,0.0,0.0,0.0,0.0,0.0,0.0,0.0,0.0,1371.5099283483853,0.0,0.0,1716.8061094978343
2014-03-08,2.30399,490.2587088645506,0.0,746.1894731288584,0.0,0.0,0.0,0.0,0.0,0.0,0.0,0.0,0.0,0.0,0.0,0.0,0.0,1415.1359193306564,0.0,0.0,790.5595219536013
2014-03-15,1.69389,0.0,618.3554244455505,0.0,0.0,0.0,0.0,0.0,0.0,0.0,0.0,0.0,0.0,0.0,0.0,0.0,0.0,1582.4054241085562,0.0,0.0,1216.6850850024937
2014-03-22,1.16215,0.0,0.0,0.0,0.0,0.0,503.1729117337419,0.0,0.0,0.0,0.0,0.0,0.0,0.0,0.0,0.0,0.0,1291.6545584060443,0.0,0.0,1380.3507090989335
2014-03-29,0.817661,0.0,0.0,0.0,0.0,0.0,0.0,0.0,0.0,0.0,0.0,0.0,0.0,0.0,0.0,0.0,0.0,1072.0981042931992,0.0,0.0,956.202110075558
2014-04-05,0.786164,0.0,0.0,0.0,0.0,0.0,0.0,0.0,0.0,0.0,0.0,0.0,0.0,0.0,0.0,0.0,0.0,1567.986007562091,0.0,0.0,1417.8431041785866
2014-04-12,0.945626,545.249963922077,0.0,0.0,0.0,0.0,0.0,0.0,0.0,0.0,0.0,0.0,0.0,0.0,0.0,0.0,0.0,1561.3538028058074,0.0,0.0,493.6609522865125
2014-04-19,0.672202,0.0,0.0,0.0,0.0,0.0,0.0,0.0,0.0,0.0,0.0,0.0,0.0,0.0,0.0,0.0,0.0,798.4806629183175,0.0,0.0,1196.535384460672
2014-04-26,1.13972,0.0,0.0,0.0,0.0,0.0,0.0,0.0,0.0,502.8169125728394,0.0,0.0,0.0,0.0,0.0,575.8575263890237,0.0,976.5384170838812,0.0,0.0,1959.9501036894687
2014-05-03,1.08032,0.0,0.0,0.0,0.0,0.0,0.0,0.0,0.0,0.0,0.0,0.0,613.282363313081,0.0,0.0,0.0,0.0,1073.0986894648263,0.0,0.0,1703.5488624156749
2014-05-10,0.787402,0.0,0.0,0.0,0.0,0.0,0.0,0.0,0.0,0.0,0.0,0.0,0.0,0.0,0.0,0.0,0.0,1070.945278899564,0.0,0.0,991.7275127215372
2014-05-17,1.57658,0.0,0.0,0.0,0.0,0.0,0.0,0.0,0.0,0.0,0.0,0.0,0.0,0.0,0.0,0.0,0.0,0.0,0.0,0.0,714.4378797992472
2014-05-24,0.627615,0.0,0.0,0.0,0.0,0.0,0.0,0.0,0.0,0.0,0.0,0.0,0.0,0.0,0.0,0.0,0.0,673.4510610756017,0.0,0.0,0.0
2014-05-31,0.602007,0.0,0.0,0.0,0.0,0.0,0.0,0.0,0.0,1208.1536989475571,0.0,0.0,0.0,0.0,0.0,746.3008593744179,0.0,0.0,0.0,0.0,1239.448407798827
2014-06-07,0.134048,0.0,0.0,0.0,0.0,0.0,0.0,0.0,0.0,0.0,0.0,0.0,0.0,0.0,0.0,0.0,0.0,903.433999918364,0.0,0.0,1679.1171309276583
2014-06-14,0.370142,0.0,693.8883849420337,0.0,0.0,0.0,0.0,0.0,0.0,0.0,0.0,0.0,0.0,0.0,0.0,0.0,0.0,826.7521727295253,0.0,0.0,767.9622396175038
2014-06-21,0.15456,0.0,0.0,0.0,0.0,0.0,0.0,0.0,0.0,0.0,0.0,0.0,0.0,0.0,0.0,0.0,0.0,858.1147181943052,0.0,0.0,1409.69596172743
2014-06-28,0.151286,0.0,0.0,0.0,0.0,0.0,0.0,0.0,0.0,0.0,0.0,0.0,0.0,0.0,0.0,0.0,0.0,848.6173900834472,0.0,0.0,1091.8681410019062
2014-07-05,0.178571,0.0,0.0,0.0,0.0,0.0,1014.462418713918,0.0,0.0,0.0,0.0,0.0,0.0,0.0,0.0,0.0,0.0,1233.7572693793115,0.0,0.0,1272.9769637444915
2014-07-12,0.42735,0.0,0.0,0.0,0.0,0.0,0.0,0.0,0.0,0.0,0.0,0.0,0.0,0.0,0.0,0.0,0.0,787.8683244845406,0.0,0.0,938.2559619279808
2014-07-19,0.255428,0.0,0.0,0.0,0.0,0.0,0.0,0.0,0.0,0.0,0.0,0.0,0.0,0.0,0.0,0.0,0.0,0.0,0.0,0.0,0.0
2014-07-26,0.139276,0.0,0.0,0.0,0.0,0.0,0.0,0.0,0.0,0.0,0.0,0.0,0.0,0.0,0.0,0.0,0.0,907.1734748694998,0.0,0.0,824.7591807513732
2014-08-02,0.0,0.0,0.0,0.0,0.0,0.0,0.0,0.0,0.0,0.0,0.0,0.0,0.0,0.0,0.0,0.0,0.0,909.9844150294592,0.0,0.0,1059.1755738966249
2014-08-09,0.294985,0.0,0.0,674.774175857783,0.0,0.0,0.0,0.0,0.0,0.0,0.0,0.0,0.0,0.0,0.0,0.0,0.0,0.0,0.0,0.0,2423.6624160986667
2014-08-16,0.125313,0.0,0.0,0.0,0.0,0.0,0.0,0.0,0.0,0.0,0.0,0.0,0.0,0.0,0.0,0.0,0.0,1142.9047430222538,0.0,0.0,1254.9058680075668
2014-08-23,0.0,0.0,0.0,0.0,0.0,0.0,0.0,0.0,0.0,0.0,0.0,0.0,0.0,0.0,0.0,0.0,0.0,706.9282459993427,0.0,0.0,1230.428433012139
2014-08-30,0.144823,0.0,0.0,0.0,0.0,0.0,0.0,0.0,0.0,0.0,0.0,0.0,0.0,0.0,0.0,0.0,0.0,669.7221954548805,0.0,0.0,882.3691634547424
2014-09-06,0.242522,0.0,0.0,0.0,0.0,0.0,0.0,0.0,0.0,0.0,0.0,0.0,0.0,0.0,0.0,0.0,0.0,932.3950125352412,0.0,0.0,1279.774960022574
2014-09-13,0.209205,0.0,0.0,0.0,0.0,0.0,718.4116119640037,0.0,0.0,0.0,0.0,0.0,0.0,0.0,0.0,0.0,0.0,992.2970102636372,0.0,0.0,1201.623397237914
2014-09-20,0.2079,0.0,0.0,0.0,0.0,0.0,0.0,0.0,0.0,0.0,0.0,0.0,0.0,0.0,0.0,0.0,0.0,1018.2619603902908,0.0,0.0,554.7804450945747
2014-09-27,0.144718,715.2560962884552,782.8866781448008,0.0,0.0,0.0,0.0,0.0,0.0,0.0,0.0,0.0,0.0,0.0,0.0,0.0,0.0,1562.1758998901205,0.0,0.0,1903.2960004653169
2014-10-04,1.07239,0.0,850.4462138646664,666.0259995836536,0.0,0.0,0.0,0.0,0.0,0.0,0.0,0.0,0.0,0.0,0.0,0.0,0.0,932.8684475340716,0.0,0.0,1466.196643278275
2014-10-11,1.24595,0.0,1361.649374819404,0.0,0.0,0.0,0.0,0.0,0.0,0.0,0.0,0.0,0.0,0.0,0.0,0.0,634.6349133491008,1787.4388442395557,0.0,0.0,1418.0270603115234
2014-10-18,1.21241,854.4788536597516,864.1972545411571,0.0,0.0,0.0,844.275004636942,0.0,0.0,0.0,0.0,0.0,0.0,0.0,0.0,0.0,0.0,1546.6702063957523,0.0,0.0,1351.4959870555351
2014-10-25,1.44473,1207.0064910855529,1743.5822434668307,0.0,0.0,0.0,746.588801307599,0.0,0.0,0.0,0.0,0.0,0.0,0.0,0.0,0.0,0.0,1388.105672024767,0.0,0.0,1188.5744667141582
2014-11-01,1.46085,0.0,1146.8381812014193,0.0,0.0,0.0,749.9360898752848,0.0,0.0,0.0,0.0,0.0,0.0,0.0,0.0,0.0,0.0,1621.468544336485,0.0,0.0,1821.9746483330568
2014-11-08,1.64339,764.673841580923,825.6476525556426,0.0,0.0,0.0,537.4378541303361,0.0,0.0,0.0,0.0,0.0,0.0,0.0,0.0,0.0,0.0,792.7300146907485,0.0,0.0,1570.4413447317868
2014-11-15,1.53528,928.6601437070706,1484.3640061153258,0.0,0.0,0.0,531.8013480839745,0.0,0.0,0.0,0.0,549.3656494457974,0.0,0.0,0.0,0.0,0.0,1652.246171020681,0.0,0.0,838.8775188023262
2014-11-22,1.44857,0.0,0.0,0.0,0.0,0.0,0.0,0.0,0.0,0.0,0.0,0.0,0.0,0.0,0.0,0.0,0.0,1698.475730656368,0.0,0.0,1235.5066427653824
2014-11-29,1.72964,672.482804516135,0.0,0.0,0.0,0.0,0.0,0.0,0.0,0.0,0.0,0.0,0.0,0.0,0.0,0.0,0.0,0.0,0.0,0.0,1231.3616496974776
2014-12-06,2.52893,1057.355453413339,794.6849897743045,593.2082618315917,0.0,0.0,775.5277775718253,0.0,0.0,0.0,0.0,0.0,0.0,0.0,0.0,0.0,0.0,1127.684393624996,0.0,0.0,1274.057784001761
2014-12-13,4.4004,989.2929002726898,1449.8936716202018,874.161312671793,0.0,0.0,0.0,0.0,0.0,607.0671774749886,0.0,537.0883536213923,0.0,0.0,0.0,0.0,0.0,1153.5041664334717,0.0,0.0,1322.084666720824
2014-12-20,8.46911,1364.0838005770922,1411.0726552795056,0.0,0.0,0.0,913.7698140714658,0.0,0.0,0.0,0.0,0.0,549.061261730718,0.0,0.0,0.0,0.0,1958.7941409532716,0.0,0.0,1462.0503353247486
2014-12-27,10.5263,2529.4954706643857,3457.634342865252,0.0,1476.2613577222442,1476.2613577222442,1631.1313471465694,679.8014916820158,679.8014916820158,1221.1433343839208,1027.633468098878,0.0,903.716189418814,0.0,0.0,0.0,0.0,878.0868553789392,0.0,0.0,0.0
2015-01-03,5.00131,2568.059039032516,2160.576594733375,845.2818152921359,1291.0419306235517,1291.0419306235517,839.3994782282596,0.0,0.0,1040.5464512426072,0.0,0.0,0.0,0.0,0.0,0.0,0.0,2319.0187821249765,0.0,0.0,1474.2073179604135
2015-01-10,5.29005,3591.7314424534084,2904.1724932189168,715.3329756215375,815.1612316094455,815.1612316094455,908.6669113424464,0.0,0.0,905.1621073933104,0.0,1103.5118204256864,0.0,0.0,0.0,0.0,0.0,2015.068677696122,0.0,0.0,1541.0825208867502
2015-01-17,7.43509,2173.135906040344,3159.472952128682,794.7941444761988,689.2472070664465,689.2472070664467,967.8890756957436,0.0,0.0,796.399087402455,755.3103832239204,0.0,0.0,0.0,0.0,0.0,0.0,1686.778398109186,0.0,0.0,1274.735501324421
2015-01-24,7.92445,2629.31277825204,2999.164663134265,681.6681646624496,1062.2015826372717,1062.2015826372717,1058.2406746434608,0.0,0.0,786.4180498420557,779.5786991328065,0.0,0.0,0.0,0.0,0.0,0.0,1600.2142701049152,0.0,0.0,1887.9314687315853
2015-01-31,7.30102,3108.6307440338246,2904.092864295685,748.2073255880013,938.7537082792006,938.7537082792006,590.4580603836869,0.0,0.0,848.1523067342955,590.469227621465,0.0,843.1080037836416,515.72204949037,515.72204949037,0.0,0.0,2039.1074855328309,766.3684714420937,766.3684714420937,1563.779477260452
2015-02-07,6.58605,2357.9548504420995,1741.5853728806655,1014.9996144606946,0.0,0.0,859.7807961526067,0.0,0.0,0.0,0.0,0.0,509.2543651462712,0.0,0.0,704.8761645578319,0.0,1944.79141945758,0.0,0.0,2028.6613593821587
2015-02-14,5.82108,1444.3214454337876,1540.8798982584565,1396.071125908132,0.0,0.0,674.3196417930956,0.0,0.0,0.0,0.0,0.0,0.0,0.0,0.0,531.5976522571906,0.0,1857.119529352387,0.0,0.0,1871.6428685856029
2015-02-21,5.44362,1254.2301431601074,1242.728696773037,692.503205604011,553.0323604072953,553.0323604072953,0.0,0.0,0.0,0.0,0.0,0.0,0.0,0.0,0.0,0.0,0.0,1929.2535139618476,0.0,0.0,1548.5640778400214
2015-02-28,3.47714,1002.4078921921284,909.4980266012813,0.0,0.0,0.0,0.0,0.0,0.0,0.0,0.0,0.0,0.0,0.0,0.0,0.0,0.0,1065.9161503999203,0.0,0.0,2347.050699487307
2015-03-07,4.51475,1433.9318608217802,0.0,0.0,0.0,0.0,0.0,0.0,0.0,0.0,0.0,0.0,0.0,0.0,0.0,0.0,0.0,1591.7176066344064,0.0,0.0,1480.3010489111962
2015-03-14,3.46331,1257.2287618841992,1020.8558565643324,0.0,1036.0514774447374,1036.0514774447374,1479.5932442041772,0.0,0.0,0.0,694.8425079753001,0.0,0.0,0.0,0.0,0.0,0.0,827.6159050434807,0.0,0.0,1361.6515380029284
2015-03-21,3.08406,0.0,624.0999818466265,762.9384597491988,0.0,0.0,0.0,818.3666822554902,818.3666822554903,0.0,0.0,0.0,0.0,0.0,0.0,0.0,0.0,1285.1413027040137,0.0,0.0,1538.017836064519
2015-03-28,2.43525,0.0,911.6517371553412,0.0,0.0,0.0,0.0,0.0,0.0,1487.569665349371,0.0,0.0,0.0,0.0,0.0,0.0,0.0,1424.8066260250814,0.0,0.0,1064.401532959166
2015-04-04,1.73516,0.0,0.0,0.0,0.0,0.0,0.0,0.0,0.0,0.0,0.0,0.0,0.0,0.0,0.0,0.0,0.0,825.660894124137,0.0,0.0,1692.467285009722
2015-04-11,1.37409,0.0,756.7381666329505,0.0,0.0,0.0,0.0,0.0,0.0,0.0,0.0,0.0,0.0,0.0,0.0,892.8488658937232,0.0,862.0478414086687,0.0,0.0,1115.0634705305135
2015-04-18,1.06967,0.0,0.0,0.0,0.0,0.0,0.0,0.0,0.0,0.0,0.0,0.0,0.0,0.0,0.0,0.0,0.0,860.3640623199965,0.0,0.0,1196.554673807672
2015-04-25,0.90527,0.0,791.8265781178643,0.0,0.0,0.0,0.0,0.0,0.0,0.0,0.0,0.0,0.0,0.0,0.0,0.0,0.0,690.9492045336448,0.0,0.0,1408.3325723720675
2015-05-02,0.731198,0.0,0.0,0.0,0.0,0.0,0.0,0.0,0.0,0.0,0.0,0.0,0.0,0.0,0.0,0.0,0.0,1212.9166629813712,0.0,0.0,1150.3709215938338
2015-05-09,0.498132,0.0,0.0,0.0,0.0,0.0,0.0,0.0,0.0,0.0,0.0,0.0,0.0,0.0,0.0,0.0,0.0,745.7316648115745,0.0,0.0,965.4784750990448
2015-05-16,0.476872,0.0,0.0,0.0,0.0,0.0,0.0,0.0,0.0,0.0,0.0,0.0,0.0,0.0,0.0,0.0,0.0,1109.3773570434962,0.0,0.0,1581.9120195710966
2015-05-23,0.396629,0.0,0.0,0.0,0.0,0.0,0.0,0.0,0.0,0.0,0.0,0.0,0.0,0.0,0.0,0.0,0.0,1110.8309242725918,0.0,0.0,774.7524516828167
2015-05-30,0.75067,0.0,0.0,0.0,0.0,0.0,0.0,0.0,0.0,0.0,0.0,0.0,0.0,0.0,0.0,0.0,0.0,0.0,0.0,0.0,1617.1799447422077
2015-06-06,0.736016,0.0,0.0,0.0,0.0,0.0,891.427836842211,0.0,0.0,0.0,0.0,0.0,0.0,0.0,0.0,0.0,0.0,850.5046152875776,0.0,0.0,947.6361831693758
2015-06-13,0.55332,683.1670246404393,0.0,0.0,0.0,0.0,718.1679093286302,0.0,0.0,0.0,0.0,0.0,0.0,0.0,0.0,0.0,0.0,1303.707937635368,0.0,0.0,1104.3609346872815
2015-06-20,0.708144,0.0,0.0,0.0,0.0,0.0,0.0,0.0,0.0,0.0,0.0,0.0,0.0,0.0,0.0,0.0,0.0,807.9424303658595,0.0,0.0,1286.738867938504
2015-06-27,0.180668,0.0,0.0,0.0,0.0,0.0,619.186924209667,0.0,0.0,0.0,0.0,0.0,0.0,0.0,0.0,0.0,0.0,0.0,0.0,0.0,969.8781543601252
2015-07-04,0.111235,0.0,0.0,0.0,0.0,0.0,0.0,0.0,0.0,0.0,0.0,0.0,0.0,0.0,0.0,0.0,0.0,650.6029457126515,0.0,0.0,916.7028252178976
2015-07-11,0.712468,0.0,0.0,0.0,0.0,0.0,0.0,0.0,0.0,0.0,0.0,0.0,0.0,0.0,0.0,0.0,0.0,856.036607867369,0.0,0.0,1081.335311583211
2015-07-18,0.326797,0.0,0.0,0.0,0.0,0.0,0.0,0.0,0.0,0.0,0.0,0.0,0.0,0.0,0.0,0.0,0.0,0.0,0.0,0.0,860.0414598792688
2015-07-25,0.309917,0.0,0.0,0.0,0.0,0.0,0.0,0.0,0.0,0.0,0.0,912.0635153643364,0.0,0.0,0.0,0.0,0.0,0.0,0.0,0.0,0.0
2015-08-01,0.195886,0.0,0.0,0.0,0.0,0.0,0.0,0.0,0.0,0.0,0.0,0.0,0.0,0.0,0.0,0.0,0.0,1061.1755521183668,0.0,0.0,1239.7724545482477
2015-08-08,0.168634,0.0,0.0,0.0,0.0,0.0,0.0,0.0,0.0,0.0,0.0,0.0,0.0,0.0,0.0,0.0,0.0,0.0,0.0,0.0,0.0
2015-08-15,0.114811,0.0,0.0,0.0,0.0,0.0,0.0,0.0,0.0,0.0,0.0,0.0,0.0,0.0,0.0,0.0,0.0,0.0,0.0,0.0,997.1907513046576
2015-08-22,0.0792393,847.1110551713623,0.0,0.0,0.0,0.0,0.0,0.0,0.0,0.0,0.0,0.0,0.0,0.0,0.0,0.0,0.0,731.8697186280953,661.4658549664498,661.4658549664497,1219.136559025774
2015-08-29,0.186451,0.0,0.0,0.0,0.0,0.0,0.0,0.0,0.0,0.0,0.0,0.0,0.0,0.0,0.0,0.0,0.0,833.2540194375193,0.0,0.0,1384.4827737299418
2015-09-05,0.243309,0.0,0.0,0.0,0.0,0.0,0.0,1426.8594918646706,1426.8594918646704,0.0,0.0,0.0,0.0,0.0,0.0,0.0,0.0,596.0593089057667,0.0,0.0,1315.726433669528
2015-09-12,0.346741,0.0,0.0,0.0,0.0,0.0,0.0,0.0,0.0,0.0,717.2754686437778,0.0,0.0,0.0,0.0,0.0,0.0,917.3685094278436,0.0,0.0,1364.7245653205907
2015-09-19,0.172712,0.0,0.0,0.0,0.0,0.0,0.0,0.0,0.0,0.0,0.0,0.0,0.0,0.0,0.0,0.0,0.0,1145.5570198549758,0.0,0.0,976.0495310260868
2015-09-26,0.309215,697.7814504078908,904.3092338024932,0.0,0.0,0.0,0.0,0.0,0.0,0.0,0.0,0.0,0.0,0.0,0.0,0.0,0.0,901.1927816863875,0.0,0.0,861.2085544351852
2015-10-03,0.2574,0.0,593.2167129845526,0.0,0.0,0.0,0.0,0.0,0.0,0.0,0.0,0.0,0.0,0.0,0.0,0.0,0.0,1452.8621781111144,0.0,0.0,1002.869150232695
2015-10-10,1.14799,0.0,1020.8961735528724,0.0,0.0,0.0,1030.617888798721,0.0,0.0,0.0,0.0,0.0,0.0,0.0,0.0,0.0,0.0,695.9550365548646,0.0,0.0,1645.274324755446
2015-10-17,0.863984,644.89474754945,747.9140267975442,0.0,0.0,0.0,657.4260198071898,0.0,0.0,0.0,0.0,0.0,0.0,0.0,0.0,0.0,0.0,1029.0886874339744,0.0,0.0,1067.35406091596
2015-10-24,0.997208,0.0,836.8126809487366,0.0,0.0,0.0,456.88574177882487,0.0,0.0,417.0293340660445,0.0,0.0,0.0,0.0,0.0,0.0,0.0,1472.3003296599964,0.0,0.0,1228.0193401307467
2015-10-31,0.845899,0.0,946.8270414961688,0.0,0.0,0.0,390.0902005378896,0.0,0.0,0.0,0.0,0.0,0.0,0.0,0.0,0.0,0.0,1523.0041201283702,0.0,0.0,1065.5671789299108
2015-11-07,0.967296,563.9282142026718,1009.2839466076772,0.0,0.0,0.0,0.0,0.0,0.0,0.0,0.0,0.0,0.0,0.0,0.0,0.0,0.0,1259.9409902333707,0.0,0.0,1478.7837391711043
2015-11-14,1.07014,917.4594508930222,675.997241909713,0.0,0.0,0.0,0.0,0.0,0.0,624.2374857741402,0.0,0.0,0.0,0.0,0.0,0.0,0.0,1803.9253819834685,0.0,0.0,1523.6641993375144
2015-11-21,1.25613,425.187954228884,765.3319167321779,488.0310432738605,0.0,0.0,0.0,0.0,0.0,0.0,0.0,0.0,0.0,386.4848325159376,386.4848325159376,0.0,0.0,1533.5068515874,0.0,0.0,1731.3199975521509
2015-11-28,1.21043,0.0,731.0243283534331,0.0,0.0,0.0,0.0,0.0,0.0,0.0,0.0,0.0,0.0,0.0,0.0,0.0,0.0,1692.954280322333,0.0,0.0,1113.048039612927
2015-12-05,1.0763,523.8069486272997,0.0,0.0,0.0,0.0,0.0,0.0,0.0,0.0,0.0,0.0,0.0,0.0,0.0,0.0,0.0,1318.2935045763595,0.0,0.0,1278.457161982962
2015-12-12,1.32599,565.3360848786017,736.271714702221,539.4307273235767,0.0,0.0,0.0,0.0,0.0,0.0,0.0,0.0,0.0,0.0,0.0,0.0,0.0,1311.796100891087,0.0,0.0,1321.417351114273
2015-12-19,1.29193,0.0,432.0506209728231,471.8759069476382,0.0,0.0,417.43446196723465,0.0,0.0,567.8767245279653,0.0,0.0,0.0,0.0,0.0,0.0,0.0,1665.940495299256,0.0,0.0,1444.5574123074664
2015-12-26,1.57804,539.2193544445001,0.0,659.939800898836,663.0130074322216,663.0130074322216,0.0,0.0,0.0,0.0,0.0,0.0,0.0,0.0,0.0,0.0,0.0,1499.0158964704688,0.0,0.0,1792.4936588745998
2016-01-02,1.34382,0.0,640.9493185940469,821.5410914073441,0.0,0.0,636.8055120701788,0.0,0.0,0.0,0.0,0.0,0.0,0.0,0.0,0.0,0.0,942.888737155126,0.0,0.0,1605.6776222976462
2016-01-09,1.24318,555.2858179009912,0.0,688.5999954132565,0.0,0.0,0.0,0.0,0.0,0.0,0.0,0.0,0.0,0.0,0.0,0.0,0.0,1829.6253524802212,0.0,0.0,1231.269433858928
2016-01-16,1.63324,0.0,415.9157431827955,469.1636039541613,0.0,0.0,0.0,0.0,0.0,0.0,0.0,0.0,0.0,0.0,0.0,0.0,0.0,1041.212921167492,0.0,0.0,1282.229732616797
2016-01-23,1.72027,485.8194564667525,712.5517913307458,949.3627062127554,0.0,0.0,0.0,0.0,0.0,0.0,0.0,0.0,0.0,0.0,0.0,0.0,0.0,1620.1264794577237,0.0,0.0,1420.9770656457215
2016-01-30,2.21743,400.77143452941584,540.0375286033619,1282.2107243028183,0.0,0.0,0.0,0.0,0.0,0.0,0.0,0.0,0.0,0.0,0.0,0.0,0.0,1502.2030680830997,0.0,0.0,1180.316606243681
2016-02-06,2.07073,0.0,476.3566376357868,1398.5176151931705,0.0,0.0,0.0,0.0,0.0,0.0,0.0,420.9520676297543,0.0,0.0,0.0,0.0,0.0,930.5241776097228,0.0,0.0,1891.0356797575207
2016-02-13,2.53538,368.6860240376601,325.11734944865066,1711.459959009337,0.0,0.0,0.0,0.0,0.0,0.0,0.0,382.5858499996817,0.0,0.0,0.0,0.0,0.0,884.1502768362145,0.0,0.0,1344.571702491308
2016-02-20,2.69906,710.978652872324,996.9524659201802,1441.7577756899225,0.0,0.0,0.0,0.0,0.0,0.0,0.0,0.0,0.0,0.0,0.0,0.0,0.0,1297.727483626256,0.0,0.0,1809.333806121708
2016-02-27,3.17365,320.529441942138,818.458989363297,1056.3977616965317,0.0,0.0,0.0,0.0,0.0,0.0,0.0,0.0,0.0,330.1061049290974,330.1061049290974,0.0,0.0,1450.7466667428218,0.0,0.0,1743.7853085452216
2016-03-05,4.87194,546.6153740942972,764.5349310260456,883.5336714393692,0.0,0.0,395.8732116904701,0.0,0.0,0.0,0.0,0.0,0.0,0.0,0.0,0.0,0.0,1378.3911035626045,0.0,0.0,1342.398693532401
2016-03-12,5.62608,751.8352895364453,856.9354766390093,804.1155984632289,385.1437995708924,385.1437995708923,386.8634876673638,0.0,0.0,0.0,0.0,0.0,0.0,0.0,0.0,0.0,0.0,1414.006060120631,0.0,0.0,1443.6962967604609
2016-03-19,4.29502,727.4339099888159,409.7787984966598,705.5176411308215,0.0,0.0,0.0,0.0,0.0,0.0,433.9811990403347,0.0,0.0,0.0,0.0,0.0,0.0,1094.1132346937911,0.0,0.0,2039.606290774032
2016-03-26,3.59551,571.3802548414088,520.8368604388706,0.0,0.0,0.0,498.4511345171056,0.0,0.0,0.0,0.0,0.0,0.0,0.0,0.0,0.0,0.0,806.5916344345553,0.0,0.0,1511.3918469185962
2016-04-02,3.22581,342.0523403443054,815.6141526858485,0.0,0.0,0.0,0.0,440.1194178525131,440.119417852513,0.0,0.0,0.0,0.0,0.0,0.0,0.0,0.0,865.0250344011374,0.0,0.0,1905.9892721778576
2016-04-09,2.81646,0.0,495.1187378644107,0.0,0.0,0.0,483.9792401507425,0.0,0.0,0.0,0.0,0.0,0.0,0.0,0.0,0.0,0.0,1292.5078677410977,0.0,0.0,1846.446575830976
2016-04-16,3.6989,0.0,560.8899817891678,0.0,0.0,0.0,0.0,0.0,0.0,0.0,0.0,0.0,0.0,0.0,0.0,0.0,0.0,1148.5282521301658,0.0,0.0,977.218613703461
2016-04-23,3.62797,362.182239334698,0.0,0.0,0.0,0.0,0.0,0.0,0.0,0.0,0.0,0.0,0.0,0.0,0.0,0.0,0.0,522.0440209616529,0.0,0.0,1659.7692164211217
2016-04-30,1.98698,383.2803185531164,0.0,0.0,0.0,0.0,0.0,320.1155799392445,320.1155799392446,0.0,0.0,0.0,0.0,0.0,0.0,0.0,0.0,1385.2277121819682,0.0,0.0,1288.2079167477782
2016-05-07,2.99667,0.0,0.0,0.0,0.0,0.0,0.0,0.0,0.0,0.0,0.0,0.0,0.0,390.7229460770156,390.7229460770156,0.0,0.0,1176.5302573978788,0.0,0.0,1630.97996851246
2016-05-14,2.23945,411.9194934092891,359.83733762872896,0.0,0.0,0.0,0.0,0.0,0.0,0.0,0.0,0.0,0.0,0.0,0.0,0.0,0.0,783.1929840099444,0.0,0.0,812.330377584367
2016-05-21,1.45472,0.0,390.8550509627637,0.0,0.0,0.0,0.0,0.0,0.0,0.0,0.0,0.0,0.0,0.0,0.0,0.0,0.0,909.2133534470988,0.0,0.0,1227.1457822410678
2016-05-28,0.389864,344.11560234684185,405.1333663376212,0.0,0.0,0.0,409.12330907652586,0.0,0.0,0.0,0.0,0.0,351.89386603946053,0.0,0.0,0.0,0.0,951.7160187458244,0.0,0.0,808.489599365564
2016-06-04,0.0,0.0,0.0,480.4283183311056,0.0,0.0,0.0,0.0,0.0,0.0,0.0,0.0,0.0,0.0,0.0,0.0,0.0,820.3327433757861,0.0,0.0,1213.1724728110612
2016-06-11,0.218579,0.0,0.0,0.0,0.0,0.0,0.0,0.0,0.0,0.0,0.0,0.0,0.0,0.0,0.0,0.0,0.0,849.449184122855,0.0,0.0,1084.271147314029
2016-06-18,0.194742,0.0,0.0,0.0,529.1900441155178,529.1900441155179,0.0,0.0,0.0,0.0,396.15634969134686,0.0,0.0,0.0,0.0,0.0,0.0,728.9222657103161,0.0,0.0,981.2119986561104
2016-06-25,0.0,0.0,0.0,0.0,0.0,0.0,0.0,0.0,0.0,0.0,0.0,0.0,0.0,0.0,0.0,0.0,0.0,564.5434594690043,0.0,0.0,828.4890099300728
2016-07-02,0.0993049,0.0,0.0,0.0,0.0,0.0,0.0,0.0,0.0,0.0,0.0,0.0,0.0,0.0,0.0,0.0,0.0,695.3838399284109,0.0,0.0,918.1079290264048
2016-07-09,0.330396,0.0,0.0,0.0,0.0,0.0,0.0,0.0,0.0,0.0,0.0,0.0,0.0,0.0,0.0,0.0,0.0,459.0047732529818,0.0,0.0,922.6003275131112
2016-07-16,0.298805,0.0,0.0,0.0,0.0,0.0,0.0,0.0,0.0,0.0,0.0,0.0,0.0,0.0,0.0,0.0,0.0,595.0003203758531,0.0,0.0,1241.0372705907723
2016-07-23,0.111235,0.0,0.0,0.0,0.0,0.0,0.0,0.0,0.0,0.0,0.0,0.0,0.0,0.0,0.0,0.0,0.0,621.5469802954055,0.0,0.0,598.6344123918257
2016-07-30,0.320513,0.0,0.0,0.0,0.0,0.0,0.0,0.0,0.0,0.0,0.0,0.0,0.0,0.0,0.0,0.0,0.0,581.6578104021918,0.0,0.0,1070.2669132833748
2016-08-06,0.318979,0.0,0.0,0.0,0.0,0.0,0.0,0.0,0.0,0.0,0.0,596.1397813902337,0.0,0.0,0.0,0.0,0.0,510.677846820136,0.0,0.0,0.0
2016-08-13,0.437318,0.0,0.0,0.0,0.0,0.0,0.0,0.0,0.0,0.0,0.0,0.0,0.0,0.0,0.0,0.0,0.0,772.0662722983628,0.0,0.0,723.7788716264664
2016-08-20,0.182815,0.0,454.86266871039817,0.0,377.3133039620394,377.3133039620394,0.0,0.0,0.0,0.0,0.0,0.0,0.0,0.0,0.0,0.0,0.0,587.200137044067,0.0,0.0,1292.0865773742228
2016-08-27,0.0,0.0,0.0,0.0,0.0,0.0,0.0,425.5167108099976,425.5167108099976,0.0,0.0,0.0,0.0,0.0,0.0,0.0,0.0,539.7388304173348,0.0,0.0,1461.1432718872672
2016-09-03,0.150038,0.0,537.7182234351118,0.0,0.0,0.0,0.0,0.0,0.0,0.0,0.0,0.0,0.0,0.0,0.0,0.0,0.0,1071.307653153519,0.0,0.0,1657.5414515282084
2016-09-10,0.242131,459.0413800041838,0.0,0.0,0.0,0.0,0.0,0.0,0.0,0.0,0.0,0.0,0.0,0.0,0.0,0.0,0.0,1085.3266616728013,0.0,0.0,1283.4198498955657
2016-09-17,0.970874,0.0,310.6863957145211,0.0,411.4844553378983,411.4844553378983,0.0,0.0,0.0,0.0,0.0,0.0,0.0,0.0,0.0,0.0,0.0,2648.6644658554487,0.0,0.0,981.181543726641
2016-09-24,0.341064,445.4412483162054,0.0,0.0,0.0,0.0,0.0,0.0,0.0,0.0,0.0,0.0,0.0,0.0,0.0,0.0,0.0,1255.24248230116,0.0,0.0,893.5565536113736
2016-10-01,0.326442,550.1959596305022,581.5432135496425,0.0,0.0,0.0,0.0,0.0,0.0,0.0,0.0,0.0,0.0,0.0,0.0,0.0,0.0,1466.7752372848704,0.0,0.0,1783.9126223723113
2016-10-08,0.917431,588.473708090476,600.6455315494958,0.0,0.0,0.0,398.9244085235214,0.0,0.0,0.0,0.0,0.0,0.0,0.0,0.0,0.0,0.0,1651.1180968702588,0.0,0.0,1557.7175552280653
2016-10-15,0.815935,355.52304231826685,759.2827199714468,449.95735255385335,0.0,0.0,436.2109047101738,0.0,0.0,0.0,0.0,0.0,0.0,0.0,0.0,0.0,0.0,1200.9319461003806,0.0,0.0,1291.1332765059622
2016-10-22,0.997783,409.19734712664007,750.2063701360966,395.903610366291,0.0,0.0,807.8394793325119,0.0,0.0,0.0,0.0,0.0,0.0,0.0,0.0,0.0,0.0,1335.8267577929364,0.0,0.0,1075.7776453670444
2016-10-29,1.19597,473.8079571325804,756.5281904172672,0.0,0.0,0.0,501.5178754663125,0.0,0.0,0.0,0.0,0.0,0.0,0.0,0.0,0.0,0.0,1993.466317582317,0.0,0.0,1244.1045605941629
2016-11-05,1.32564,0.0,710.9125644113268,0.0,0.0,0.0,415.3065164082996,0.0,0.0,0.0,0.0,0.0,0.0,0.0,0.0,0.0,0.0,1214.0204204166566,0.0,0.0,1159.6069409616466
2016-11-12,1.64953,436.8016403920177,612.1374897302535,493.9420287058173,0.0,0.0,0.0,0.0,0.0,0.0,471.2454200365461,416.2543735879768,0.0,0.0,0.0,0.0,0.0,1032.455966230217,0.0,0.0,1234.2334787812983
2016-11-19,1.76317,0.0,373.3754564281495,460.2530629772052,0.0,0.0,443.0886797817949,0.0,0.0,0.0,0.0,0.0,0.0,0.0,0.0,0.0,0.0,1309.7506904799232,0.0,0.0,1572.6117071515362
2016-11-26,1.63339,0.0,662.4640108998041,394.9121889528364,0.0,0.0,0.0,0.0,0.0,0.0,0.0,0.0,0.0,0.0,0.0,0.0,0.0,1173.4956351344806,0.0,0.0,969.0032739840505
2016-12-03,1.32763,399.8657274646713,560.4723891975104,392.790396212425,0.0,0.0,0.0,0.0,0.0,0.0,0.0,0.0,0.0,481.6300555104784,481.6300555104784,0.0,0.0,590.5193969354652,0.0,0.0,1667.4584142404117
2016-12-10,1.31547,421.1494157803985,521.7109270555359,589.2489224564686,0.0,0.0,0.0,0.0,0.0,0.0,0.0,0.0,0.0,0.0,0.0,0.0,0.0,1317.531117696023,0.0,0.0,1539.4922995480977
2016-12-17,1.95973,0.0,634.8774561844785,875.9469409732776,0.0,0.0,0.0,0.0,0.0,0.0,0.0,0.0,0.0,0.0,0.0,0.0,0.0,1704.8992834581256,0.0,0.0,1599.2128950911997
2016-12-24,1.61128,386.2752877690603,495.12629989369066,1328.0227343127783,0.0,0.0,0.0,0.0,0.0,0.0,0.0,0.0,0.0,0.0,0.0,0.0,0.0,1665.5005622777394,0.0,0.0,1591.6680211590112
2016-12-31,2.30608,866.6833708061539,814.7254596977018,1053.276511351832,0.0,0.0,424.9835062935635,0.0,0.0,0.0,0.0,0.0,0.0,409.9647977633919,409.9647977633919,0.0,0.0,2163.305646007595,0.0,0.0,1774.345988080134
2017-01-07,1.92242,808.2023935198941,943.1343824649248,1074.6651487218728,0.0,0.0,0.0,0.0,0.0,0.0,0.0,0.0,0.0,0.0,0.0,0.0,0.0,1626.2970531967842,0.0,0.0,1718.3743100664162
2017-01-14,2.39415,832.755293250267,908.7557071436496,1331.844688987032,0.0,0.0,0.0,0.0,0.0,322.9142791328621,0.0,0.0,0.0,0.0,0.0,0.0,0.0,1992.395835428967,366.9771768026333,366.9771768026333,1375.8693845659625
2017-01-21,3.08824,859.9991455586568,467.639507449426,1217.0491788526554,331.4625463465369,331.4625463465369,0.0,0.0,0.0,0.0,0.0,0.0,0.0,0.0,0.0,0.0,0.0,1143.1695250442583,0.0,0.0,1124.2484000468514
2017-01-28,4.0372,661.4983732730936,1018.5772987500112,1124.5495356051251,398.6763858685819,398.676385868582,655.0263307760995,394.6051650791003,394.6051650791003,0.0,0.0,0.0,0.0,0.0,0.0,0.0,0.0,1546.446794762132,0.0,0.0,1360.1789701489663
2017-02-04,6.71024,1586.2185245109931,1431.5227720724906,1650.4391719476046,0.0,0.0,868.7955049884058,334.97695912985074,334.97695912985074,499.8330300076921,326.7106243193068,374.8081034428735,0.0,416.4795717544432,416.4795717544432,0.0,0.0,1576.5102897440138,0.0,0.0,1747.5806010380284
2017-02-11,9.78239,2272.645766095444,2864.159378899973,925.920295261576,623.5156852783956,623.5156852783958,1372.3690332717993,313.27435901775226,313.2743590177522,0.0,0.0,533.4747926261024,0.0,506.6494131713653,506.6494131713653,0.0,0.0,1418.558112725213,0.0,0.0,2280.0729746363927
2017-02-18,9.19692,2454.653114192463,2575.225382354677,883.1892681132612,593.0736042604483,593.0736042604483,1041.6804953716712,0.0,0.0,681.8865999227459,466.77277349333457,347.6739422547532,0.0,0.0,0.0,0.0,0.0,1716.707599778208,0.0,0.0,1911.057059712711
2017-02-25,7.89474,1669.4796154628912,2201.123082540748,577.923231944477,422.4386059651486,422.4386059651486,964.6815188162022,0.0,0.0,544.9540266104785,492.2225918717458,347.1451316320004,0.0,0.0,0.0,361.53861897444494,0.0,1810.2470635371037,0.0,0.0,1596.4646724972322
2017-03-04,4.47866,946.8857222358564,1271.9076949335297,529.5508722529925,319.69535150711533,319.69535150711533,682.0505797803072,0.0,0.0,0.0,0.0,0.0,0.0,0.0,0.0,0.0,0.0,813.1340565522428,0.0,0.0,2009.1197305315995
2017-03-11,4.59387,1375.9070742989256,980.0910973903816,522.9865133289933,0.0,0.0,535.8396319685901,308.4185951025101,308.4185951025101,545.9974262773053,0.0,0.0,0.0,0.0,0.0,0.0,0.0,951.8090829452148,0.0,0.0,1427.034802586406
2017-03-18,3.55401,767.8241901816425,786.5473461205696,0.0,496.6201625227925,496.62016252279255,432.5855725028772,0.0,0.0,0.0,360.2967673812947,0.0,0.0,0.0,0.0,360.4432011045327,0.0,1635.935403973504,0.0,0.0,1413.6025510803513
2017-03-25,3.99485,656.6111511658683,961.4598155633954,475.96099639890144,515.1999761028021,515.1999761028021,685.0005443395329,354.31076642170194,354.31076642170206,0.0,0.0,0.0,557.8785989391545,0.0,0.0,0.0,0.0,1313.855639845637,0.0,0.0,1853.9155226841865
2017-04-01,2.73072,485.8334285906368,931.3990952673952,0.0,0.0,0.0,0.0,0.0,0.0,0.0,0.0,0.0,0.0,0.0,0.0,0.0,0.0,982.4210280107174,317.07379921124004,317.07379921124004,1539.330393622619
2017-04-08,2.15995,476.9323281651032,690.1611714196825,479.38697687083794,0.0,0.0,0.0,0.0,0.0,0.0,0.0,0.0,0.0,0.0,0.0,0.0,0.0,721.5000035746162,0.0,0.0,1601.6008483605526
2017-04-15,2.01602,0.0,0.0,0.0,0.0,0.0,0.0,0.0,0.0,0.0,0.0,0.0,0.0,0.0,0.0,0.0,0.0,966.9611771137432,0.0,0.0,1296.3328177432188
2017-04-22,1.5602,378.8942780852375,469.7530965294079,0.0,0.0,0.0,0.0,0.0,0.0,0.0,0.0,0.0,0.0,0.0,0.0,0.0,0.0,1316.1312232272153,0.0,0.0,1260.5811894588207
2017-04-29,1.36827,0.0,358.84001817753426,0.0,0.0,0.0,0.0,0.0,0.0,0.0,0.0,353.6548288239173,0.0,0.0,0.0,0.0,0.0,1058.957725952078,0.0,0.0,1776.989376219976
2017-05-06,1.87861,405.1553738534956,520.5844286262492,0.0,0.0,0.0,0.0,0.0,0.0,0.0,0.0,0.0,0.0,0.0,0.0,0.0,0.0,1104.7753226549994,0.0,0.0,1591.8872633652838
2017-05-13,0.960549,0.0,0.0,0.0,0.0,0.0,0.0,0.0,0.0,0.0,0.0,0.0,0.0,0.0,0.0,0.0,0.0,951.0276037846588,0.0,0.0,1742.16972639208
2017-05-20,1.35482,446.1136360013828,440.9194659818601,0.0,0.0,0.0,0.0,0.0,0.0,0.0,0.0,0.0,0.0,0.0,0.0,0.0,0.0,867.9148920322413,0.0,0.0,967.4413539806632
2017-05-27,1.20265,0.0,532.5431003631094,0.0,0.0,0.0,0.0,0.0,0.0,0.0,0.0,0.0,0.0,0.0,0.0,0.0,0.0,690.2610278811588,0.0,0.0,881.6819232200907
2017-06-03,0.77837,0.0,938.347081448218,354.23080359775435,0.0,0.0,0.0,0.0,0.0,0.0,0.0,0.0,0.0,0.0,0.0,0.0,0.0,1044.3133202321624,0.0,0.0,1210.645210680414
2017-06-10,0.527108,514.1175059998749,0.0,0.0,0.0,0.0,651.7899123543385,0.0,0.0,0.0,0.0,0.0,0.0,0.0,0.0,0.0,0.0,894.6717559515778,0.0,0.0,985.77401693019
2017-06-17,0.536481,0.0,0.0,0.0,0.0,0.0,0.0,0.0,0.0,0.0,0.0,0.0,0.0,0.0,0.0,0.0,505.3103095669778,853.8582886917561,0.0,0.0,927.01829720899
2017-06-24,0.63762,0.0,0.0,0.0,0.0,0.0,0.0,0.0,0.0,0.0,0.0,0.0,0.0,0.0,0.0,0.0,0.0,821.0993325015233,0.0,0.0,772.2071858607783
2017-07-01,0.686106,0.0,0.0,0.0,0.0,0.0,0.0,0.0,0.0,0.0,0.0,0.0,0.0,0.0,0.0,0.0,0.0,458.2284514261215,0.0,0.0,1377.5859371335948
2017-07-08,0.257898,0.0,0.0,0.0,0.0,0.0,0.0,0.0,0.0,463.197062407896,0.0,0.0,0.0,0.0,0.0,0.0,0.0,932.06675871042,0.0,0.0,917.5585929651118
2017-07-15,0.537057,0.0,0.0,0.0,0.0,0.0,0.0,0.0,0.0,0.0,0.0,0.0,0.0,0.0,0.0,0.0,0.0,808.6471274312125,0.0,0.0,1152.566252775557
2017-07-22,0.605394,0.0,0.0,0.0,0.0,0.0,0.0,0.0,0.0,0.0,0.0,0.0,0.0,0.0,0.0,0.0,0.0,642.1772584706347,0.0,0.0,987.3251926910368
2017-07-29,0.260688,0.0,0.0,0.0,0.0,0.0,0.0,0.0,0.0,0.0,0.0,0.0,0.0,0.0,0.0,0.0,0.0,753.8900989469346,0.0,0.0,660.1950404411075
2017-08-05,0.519211,0.0,0.0,0.0,0.0,0.0,422.7773501461852,0.0,0.0,0.0,0.0,0.0,0.0,0.0,0.0,0.0,0.0,885.6613749211544,0.0,0.0,823.5913457936813
2017-08-12,0.394997,0.0,0.0,0.0,0.0,0.0,0.0,0.0,0.0,0.0,378.4745265640104,0.0,0.0,0.0,0.0,0.0,0.0,660.8245283496967,0.0,0.0,901.9868903847286
2017-08-19,0.0,387.8226832113884,0.0,0.0,0.0,0.0,0.0,0.0,0.0,0.0,0.0,0.0,0.0,0.0,0.0,0.0,0.0,733.9615394700523,0.0,0.0,812.9662448581572
2017-08-26,1.0453,0.0,486.7443293517861,0.0,0.0,0.0,0.0,0.0,0.0,0.0,0.0,0.0,416.73854406166953,0.0,0.0,0.0,0.0,740.3163796378454,0.0,0.0,1104.4508299789586
2017-09-02,1.5002,0.0,0.0,0.0,0.0,0.0,0.0,0.0,0.0,0.0,0.0,0.0,0.0,0.0,0.0,0.0,0.0,662.2077709872067,0.0,0.0,2058.184857428608
2017-09-09,0.815101,0.0,0.0,0.0,0.0,0.0,0.0,0.0,0.0,0.0,0.0,0.0,0.0,0.0,0.0,0.0,0.0,1455.5099315702291,0.0,0.0,1025.0151571473389
2017-09-16,0.88856,0.0,446.7800808895744,0.0,0.0,0.0,521.454950992179,0.0,0.0,0.0,0.0,347.0584218351391,0.0,554.6586778363369,554.6586778363369,0.0,0.0,1490.5864208975745,0.0,0.0,1214.7224246066955
2017-09-23,0.64836,308.0364063753069,389.6431573866898,0.0,0.0,0.0,0.0,0.0,0.0,0.0,0.0,0.0,0.0,0.0,0.0,0.0,0.0,1225.7007433731085,0.0,0.0,1184.2000451221604
2017-09-30,1.06829,0.0,935.0178721659016,0.0,0.0,0.0,393.8102970808687,0.0,0.0,0.0,0.0,0.0,0.0,0.0,0.0,0.0,0.0,1179.488573391863,0.0,0.0,1020.2042398295608
2017-10-07,0.812294,532.9719422395352,856.2207214697312,0.0,0.0,0.0,501.5783342269684,0.0,0.0,0.0,0.0,0.0,0.0,0.0,0.0,0.0,0.0,1095.133305448532,0.0,0.0,1220.75996463975
2017-10-14,1.09866,341.3663294280219,788.1629229306161,0.0,0.0,0.0,562.1319065216952,0.0,0.0,0.0,0.0,0.0,0.0,0.0,0.0,0.0,0.0,982.8738333847376,0.0,0.0,1489.9351020204103
2017-10-21,0.776699,722.3178875566504,820.3937103811974,0.0,0.0,0.0,514.1098093885363,0.0,0.0,0.0,0.0,0.0,0.0,0.0,0.0,0.0,0.0,1054.0243479679648,0.0,0.0,1350.219885251909
2017-10-28,1.35109,528.1432141054438,948.492820594976,0.0,0.0,0.0,839.3694739279242,0.0,0.0,0.0,0.0,0.0,0.0,0.0,0.0,0.0,0.0,1175.821274666513,0.0,0.0,1513.9997500508337
2017-11-04,1.18,901.0585164723096,1105.1018906426546,0.0,0.0,0.0,574.7095018693938,0.0,0.0,0.0,0.0,0.0,0.0,0.0,0.0,0.0,0.0,2051.120452004829,404.8157389923512,404.8157389923512,1665.4576915366588
2017-11-11,1.19928,764.4324521847122,1013.3089474206964,521.503657840132,0.0,0.0,510.6794065964588,0.0,0.0,0.0,0.0,649.5758132727674,0.0,0.0,0.0,0.0,0.0,2094.1025254317665,0.0,0.0,1309.7005686676175
2017-11-18,2.12528,909.793780370001,1045.8230835286531,503.2112259523684,0.0,0.0,741.7735309563126,0.0,0.0,0.0,399.4267769026893,686.8010930734778,0.0,0.0,0.0,0.0,0.0,1444.9985531868156,0.0,0.0,1681.6230956422737
2017-11-25,1.70636,926.5213509044872,1351.6189012028256,1046.4833101995057,0.0,0.0,562.8121569274682,0.0,0.0,0.0,0.0,0.0,0.0,0.0,0.0,0.0,0.0,1765.2648594696711,0.0,0.0,1923.1695447370412
2017-12-02,2.55597,955.6309166395736,1177.2692655449416,667.2622707922867,0.0,0.0,391.4009465187327,0.0,0.0,0.0,388.1437471072464,355.9460834864716,0.0,398.83128611676847,398.83128611676847,0.0,0.0,1943.834138394489,0.0,0.0,1727.3050862010837
2017-12-09,3.69318,958.9760478265864,1749.6671692885018,1064.0512235783056,560.7419759268035,560.7419759268035,812.8236999576574,0.0,0.0,0.0,0.0,0.0,322.0253040377726,0.0,0.0,0.0,0.0,1916.4501119387908,0.0,0.0,2029.565415595164
2017-12-16,5.11499,2223.282396560874,2393.4421688821653,1215.950668073926,609.0335488036327,609.0335488036327,1092.221393212163,737.2320103564205,737.2320103564206,527.5553635749251,0.0,401.7968698666703,444.4156362350298,0.0,0.0,448.1399951807692,0.0,1633.749009921535,0.0,0.0,1806.9907217990556
2017-12-23,9.77581,3607.812861567607,5129.751582565457,1273.304044310368,2192.8381513127547,2192.838151312755,1993.602280133557,1095.104079777161,1095.1040797771611,892.2814232494347,746.5875869829,822.1114905312115,583.8283209248801,602.8102473618732,602.8102473618733,700.9089091047999,432.0861464179609,2274.520171257089,307.4385378671832,307.4385378671832,2097.41978833772
2017-12-30,10.9495,4231.248733058204,3906.470102473473,1625.9156021892704,1195.340816974583,1195.340816974583,1698.6010009021634,890.2553105305183,890.2553105305183,779.9857873052647,615.6411825711253,764.3330180667392,738.0091484221429,511.0548332429335,511.0548332429336,357.3801677042201,640.3661702005052,1904.7165204909736,581.6685557432002,581.6685557432,2247.12246321909
2018-01-06,7.69231,3440.8986546311967,3717.3287778478566,1458.5545648433322,947.9849721720102,947.9849721720104,1499.0680284343605,713.85635984041,713.8563598404102,920.3558003450652,578.8457064350889,523.9713261474535,807.8041905824425,505.99011582225074,505.99011582225074,518.960383007923,569.8328655676761,2366.116635111716,578.9750988532593,578.9750988532593,1593.4244875124982
2018-01-13,10.1826,4711.014924682028,5369.110999357273,1189.1992938300552,1302.1328380512775,1302.1328380512773,2672.2015598490416,505.39767999465937,505.39767999465926,1147.3566524548876,873.2254246115034,833.779672317009,848.3964380866887,611.063628539277,611.063628539277,1148.730108730218,848.3499227009189,2303.5325629234485,875.4228471505229,875.4228471505227,1971.21304021428
2018-01-20,9.54877,4816.384443070258,6038.856362084583,1014.4579148473982,1513.1693789847934,1513.1693789847936,2306.88828419387,726.9339184481344,726.9339184481345,1374.6797741417147,776.905093333316,672.6910167250185,595.9654168410549,472.5072026385154,472.50720263851554,1032.174871974397,672.995167273485,2605.7274779723743,643.4326133809594,643.4326133809594,2017.5498687738343
2018-01-27,8.6248,6404.582684972536,7552.089919411876,1151.048770947198,1783.3299807067758,1783.329980706776,3745.559628654903,807.7267023243681,807.7267023243681,1654.7739498818155,895.4974076252444,992.3997295216296,1324.342013817357,973.8839613367892,973.8839613367892,1619.325352294316,443.1547694087255,2814.338308263636,1163.7239273941989,1163.7239273941989,2384.714275118732
2018-02-03,11.0532,7598.493093559159,9257.87633534065,1023.0494268934758,1846.7770597830613,1846.7770597830613,3537.626231834404,832.5235979399803,832.5235979399803,2203.827275516405,1308.7669728031033,741.1678946299797,1468.8945957154915,1090.9409095633596,1090.9409095633598,1497.9977677316356,605.9110469735868,2692.2377011611616,870.4600731762545,870.4600731762545,2731.934269597792
2018-02-10,9.78761,6489.961327654042,8090.394559267901,946.5026029883436,1633.7541728459066,1633.754172845907,3038.201522418409,886.8871236314411,886.8871236314411,2029.2797889796263,930.8404326663484,885.5851357656364,1359.1241244427767,1402.5137687573658,1402.513768757366,1820.110851114019,407.1272667424025,2474.878759322988,738.5221355672827,738.5221355672826,2564.259346925832
2018-02-17,7.62913,4978.017234067404,6018.680490472554,592.8999473436005,1348.4634764675063,1348.4634764675066,2502.588643136301,501.0506441388847,501.0506441388847,1041.921475753998,687.647065126341,802.8563379480696,1153.3932895254777,1080.4026050856162,1080.4026050856162,1448.4445657233628,630.2837534790849,2355.3137312140902,642.7413982211535,642.7413982211535,2557.276444383586
2018-02-24,6.2677,2900.0524083465834,3688.5797671819287,805.4154772555048,1062.7561087539148,1062.7561087539148,1156.0046397158562,370.8061066556969,370.8061066556969,823.9760458120626,364.45129709286215,306.7799476418163,612.0930057600935,585.1120344360818,585.1120344360817,1036.5443566508711,308.03632760179585,2132.790983476088,315.77942345251574,315.77942345251574,1873.6905596704244
2018-03-03,4.22597,1336.5366379055083,1515.6955890090485,455.7303775946609,550.6450116396892,550.6450116396893,1153.5922241051344,0.0,0.0,305.2877524303281,0.0,522.1909468590255,452.9965215887143,306.97255639681987,306.9725563968197,405.6674422604317,0.0,1649.0857870063332,0.0,0.0,1849.297137032455
2018-03-10,2.97947,1160.4986964397367,920.2571125748372,354.6092987866507,344.59212342081327,344.59212342081327,548.2096301678068,0.0,0.0,0.0,300.47821871490254,0.0,367.3304000416624,0.0,0.0,0.0,316.1020807271915,1135.825656505673,0.0,0.0,1713.9261188364608
2018-03-17,2.34916,748.001391844616,968.2170620725542,0.0,0.0,0.0,485.4642947976864,0.0,0.0,0.0,0.0,0.0,0.0,0.0,0.0,0.0,0.0,1336.2420336157638,0.0,0.0,1587.6357155179137
2018-03-24,1.66194,0.0,737.8477841061689,0.0,0.0,0.0,0.0,0.0,0.0,351.0196130191691,0.0,0.0,0.0,0.0,0.0,0.0,0.0,1073.2705805748697,0.0,0.0,1809.720666424148
2018-03-31,1.33197,499.96483137419887,639.3569401959551,335.5556692402434,0.0,0.0,393.4781534472634,0.0,0.0,371.0526318966115,0.0,327.35119491944926,0.0,0.0,0.0,0.0,0.0,1132.4788037230117,0.0,0.0,1110.1617055962724
2018-04-07,0.834492,337.76864040343787,517.6653968135735,0.0,0.0,0.0,0.0,0.0,0.0,0.0,0.0,0.0,0.0,0.0,0.0,0.0,0.0,874.7120700509465,0.0,0.0,1794.0922625766132
2018-04-14,1.0101,0.0,659.5513986924016,0.0,0.0,0.0,299.6003945402682,388.3969174993399,388.3969174993399,0.0,0.0,0.0,0.0,0.0,0.0,0.0,0.0,1082.890305911266,0.0,0.0,1332.330747969934
2018-04-21,1.1577,0.0,654.3896843532025,0.0,0.0,0.0,0.0,0.0,0.0,0.0,0.0,0.0,0.0,0.0,0.0,0.0,0.0,1241.810618197659,0.0,0.0,1455.6219546162542
2018-04-28,1.59631,509.82994234461137,490.1922272722312,430.7240902204561,0.0,0.0,0.0,0.0,0.0,0.0,0.0,0.0,288.2263196613161,0.0,0.0,0.0,0.0,1276.8528560528157,0.0,0.0,1229.6568431977985
2018-05-05,1.15764,0.0,322.3624433220766,0.0,0.0,0.0,0.0,0.0,0.0,0.0,0.0,0.0,0.0,0.0,0.0,0.0,0.0,1396.5951031719046,0.0,0.0,1601.153285618171
2018-05-12,1.73585,0.0,388.9798623018819,290.9385041455316,0.0,0.0,0.0,0.0,0.0,0.0,0.0,0.0,0.0,0.0,0.0,0.0,0.0,920.7658015791408,0.0,0.0,1210.610956389144
2018-05-19,1.26286,0.0,0.0,0.0,0.0,0.0,0.0,0.0,0.0,0.0,0.0,0.0,0.0,0.0,0.0,0.0,0.0,1123.0343977854766,0.0,0.0,948.4216651291542
2018-05-26,1.12745,0.0,308.6167319701608,0.0,0.0,0.0,0.0,0.0,0.0,0.0,0.0,0.0,0.0,0.0,0.0,0.0,0.0,1317.8746202462871,0.0,0.0,943.398158891649
2018-06-02,1.1959,0.0,323.4664711788027,0.0,0.0,0.0,410.3650698157238,0.0,0.0,0.0,0.0,0.0,0.0,0.0,0.0,0.0,0.0,847.8126809844169,0.0,0.0,1220.0522603868174
2018-06-09,1.1781,0.0,0.0,0.0,0.0,0.0,0.0,0.0,0.0,0.0,0.0,0.0,0.0,0.0,0.0,0.0,0.0,912.5601538262612,0.0,0.0,1470.7682502535852
2018-06-16,1.3708,0.0,0.0,0.0,0.0,0.0,0.0,0.0,0.0,0.0,0.0,304.2698593140015,0.0,0.0,0.0,0.0,0.0,782.38417524471,0.0,0.0,1350.1628154587636
2018-06-23,0.564016,0.0,0.0,0.0,0.0,0.0,0.0,0.0,0.0,0.0,0.0,0.0,0.0,0.0,0.0,0.0,0.0,736.693973220927,0.0,0.0,1376.7860744004151
2018-06-30,0.653595,0.0,0.0,0.0,0.0,0.0,0.0,0.0,0.0,0.0,0.0,0.0,0.0,0.0,0.0,0.0,0.0,730.7837353628836,0.0,0.0,1412.1238661487932
2018-07-07,0.632511,0.0,0.0,0.0,0.0,0.0,0.0,0.0,0.0,0.0,0.0,0.0,0.0,0.0,0.0,0.0,0.0,824.0033013961864,0.0,0.0,1089.914293369817
2018-07-14,0.688924,0.0,0.0,0.0,0.0,0.0,0.0,0.0,0.0,0.0,0.0,0.0,0.0,0.0,0.0,0.0,0.0,720.2319218837187,0.0,0.0,1608.2961903557216
2018-07-21,0.763359,0.0,0.0,0.0,0.0,0.0,0.0,0.0,0.0,0.0,0.0,0.0,0.0,0.0,0.0,0.0,0.0,688.1478231329584,0.0,0.0,978.8890979318944
2018-07-28,0.448934,0.0,0.0,0.0,0.0,0.0,0.0,0.0,0.0,0.0,0.0,0.0,0.0,0.0,0.0,0.0,0.0,860.9372302591636,0.0,0.0,1238.7477174289488
2018-08-04,0.542373,0.0,0.0,0.0,0.0,0.0,0.0,0.0,0.0,0.0,0.0,0.0,0.0,0.0,0.0,0.0,0.0,743.555290802254,0.0,0.0,960.2584602886524
2018-08-11,0.759631,0.0,0.0,0.0,0.0,0.0,0.0,0.0,0.0,0.0,0.0,0.0,0.0,0.0,0.0,0.0,0.0,685.5627844034769,0.0,0.0,1242.0447628996003
2018-08-18,0.513479,0.0,0.0,0.0,0.0,0.0,0.0,0.0,0.0,0.0,0.0,0.0,0.0,0.0,0.0,0.0,0.0,1022.6304952044836,0.0,0.0,1257.0562808686134
2018-08-25,0.603622,0.0,0.0,0.0,0.0,0.0,0.0,0.0,0.0,0.0,0.0,0.0,0.0,0.0,0.0,0.0,0.0,688.8468570804922,0.0,0.0,1455.3299555920669
2018-09-01,0.976563,0.0,344.8023402006842,0.0,0.0,0.0,0.0,0.0,0.0,0.0,0.0,0.0,0.0,0.0,0.0,0.0,0.0,800.3761518117698,0.0,0.0,1544.947644534829
2018-09-08,0.831354,383.4299739231645,459.9643659757838,0.0,0.0,0.0,0.0,0.0,0.0,0.0,0.0,0.0,0.0,0.0,0.0,0.0,0.0,1148.0824161853325,274.91762472586163,274.9176247258616,1224.8676882351967
2018-09-15,0.821429,319.7528034808113,578.2461473079297,0.0,299.6352279208595,299.6352279208595,305.71618434317105,0.0,0.0,0.0,0.0,0.0,0.0,0.0,0.0,0.0,0.0,1111.2636964999476,0.0,0.0,1568.964486063153
2018-09-22,0.921006,343.27623257611623,629.9005666766234,0.0,0.0,0.0,452.7334804086732,0.0,0.0,0.0,0.0,0.0,0.0,0.0,0.0,0.0,0.0,1106.3849064666103,0.0,0.0,1694.3297851060515
2018-09-29,1.66543,401.6154149446734,647.0097576070553,0.0,0.0,0.0,621.4096767482563,0.0,0.0,0.0,0.0,285.05344641318305,0.0,0.0,0.0,0.0,0.0,1280.4238681875022,0.0,0.0,1472.2894168091043
2018-10-06,1.10452,673.3759887195181,1137.1951821653938,0.0,0.0,0.0,667.5237446704413,0.0,0.0,0.0,286.0843408443106,0.0,0.0,0.0,0.0,359.1326167176823,0.0,1185.2732640616257,0.0,0.0,1680.0228251048995
2018-10-13,1.11684,515.0431753761505,1238.4927685388693,452.294359398222,382.1241570195701,382.1241570195701,800.0657926862434,0.0,0.0,0.0,0.0,0.0,0.0,0.0,0.0,0.0,0.0,1515.025214958256,0.0,0.0,2039.8731191848156
2018-10-20,1.63996,1127.8334207702424,1435.3250630020657,537.7690948222826,0.0,0.0,599.0828408036701,0.0,0.0,0.0,0.0,373.5068364349374,0.0,0.0,0.0,0.0,0.0,1419.142674846447,0.0,0.0,1687.534786925688
2018-10-27,1.49044,925.8005271663897,1565.974412016271,525.2524731272474,0.0,0.0,1111.184660063329,0.0,0.0,357.8943980547107,0.0,0.0,0.0,0.0,0.0,0.0,0.0,1233.769447831278,0.0,0.0,1416.653871905303
2018-11-03,2.19714,839.5602935611093,1331.7181317757972,1003.6004523537288,346.7407177097826,346.74071770978264,695.0239478695994,0.0,0.0,0.0,0.0,0.0,0.0,0.0,0.0,0.0,0.0,1644.5984397499446,0.0,0.0,1970.846876903423
2018-11-10,1.98373,807.2123094857809,1139.0474974327346,489.1493515288938,369.8584061051496,369.8584061051496,727.9068372261366,0.0,0.0,0.0,0.0,412.15961892360673,0.0,307.20018334625786,307.2001833462579,0.0,0.0,1319.55224996365,0.0,0.0,2077.1056540647737
2018-11-17,2.48363,1116.2457585408586,1087.449744545591,940.5843188956854,0.0,0.0,417.4645722296195,0.0,0.0,0.0,0.0,0.0,0.0,0.0,0.0,0.0,0.0,1782.465600743663,0.0,0.0,1428.0741656183006
2018-11-24,2.72989,0.0,667.7915016135753,1432.7959025792002,0.0,0.0,0.0,0.0,0.0,0.0,0.0,0.0,0.0,0.0,0.0,0.0,0.0,1480.830769509724,0.0,0.0,1641.136688814234
2018-12-01,2.10595,975.1005630874794,1117.1894858131502,1132.5559994519786,0.0,0.0,602.3089074853771,0.0,0.0,302.7906917068179,288.6977462431476,0.0,0.0,0.0,0.0,0.0,0.0,1408.9843246204175,0.0,0.0,2075.5095262179407
2018-12-08,1.94778,527.0985162096105,577.9992008180478,955.958247092056,0.0,0.0,503.2501203796614,0.0,0.0,0.0,0.0,294.0497216606786,0.0,0.0,0.0,0.0,0.0,1895.3962562397203,0.0,0.0,1621.9594640074763
2018-12-15,2.96112,684.7291909240842,972.3224478985552,1407.7128625584423,0.0,0.0,0.0,0.0,0.0,0.0,0.0,354.8966967601265,0.0,0.0,0.0,0.0,0.0,1208.3130056777238,0.0,0.0,1991.2285928991769
2018-12-22,3.22406,700.6035542018765,1149.6174871166909,2043.443372233051,0.0,0.0,475.8942769088766,0.0,0.0,0.0,0.0,370.1328097418352,0.0,0.0,0.0,0.0,0.0,1241.1929550738057,0.0,0.0,2345.93132803311
2018-12-29,4.37528,901.0533281898266,955.4990811298288,1963.1178173545893,0.0,0.0,0.0,0.0,0.0,0.0,0.0,441.1910452399143,0.0,0.0,0.0,0.0,0.0,2251.0348402358363,0.0,0.0,2261.262864938245
2019-01-05,2.99897,1044.147246609972,1045.3500682035683,2369.951300053779,0.0,0.0,463.25891413491314,0.0,0.0,0.0,0.0,450.9185027088892,0.0,0.0,0.0,0.0,0.0,1919.831853343987,0.0,0.0,1893.997636461456
2019-01-12,2.21019,901.058218028529,1015.6794226598814,1411.9728396829105,0.0,0.0,0.0,0.0,0.0,0.0,0.0,505.026859044806,0.0,0.0,0.0,0.0,0.0,2347.7712863852985,0.0,0.0,1690.3351613477078
2019-01-19,2.61345,974.2201481050488,1044.18575353721,883.8776088637522,0.0,0.0,766.7468824912027,0.0,0.0,0.0,0.0,0.0,0.0,0.0,0.0,0.0,0.0,2066.1360607304896,0.0,0.0,1765.283618902118
2019-01-26,4.43068,1560.7714834180342,1756.7008540613058,683.8267481467545,448.9293249766666,448.9293249766666,713.5761025422853,682.9699654916304,682.9699654916304,385.980639594385,0.0,347.71357808182927,278.8451261927104,0.0,0.0,0.0,0.0,1693.506055286399,0.0,0.0,1609.3333260905492
2019-02-02,5.84074,2085.9812259574464,2466.740843441107,937.5913715359284,620.2471672127123,620.2471672127123,1771.549198851959,0.0,0.0,0.0,373.06271771448326,0.0,504.5122916122837,484.9011792357008,484.9011792357008,290.8775661294256,0.0,1610.2148401489635,359.88776344613484,359.88776344613484,2249.056581070807
2019-02-09,8.12559,3420.8727202944096,3660.110540389331,1078.0792259265957,978.8265490130212,978.8265490130212,2008.5127311997696,406.97764717684953,406.97764717684953,951.7481692188558,654.6337899033543,536.6032793143436,741.3885511609643,391.61523558738753,391.61523558738753,565.097996558104,270.74337880251807,2159.8524041061146,756.5963230300255,756.5963230300256,1924.165761664066
2019-02-16,8.5357,2729.730165291872,3108.093842799788,564.1832613589695,881.4728775039958,881.472877503996,2180.020007733908,0.0,0.0,659.3078427629633,0.0,526.2123684675109,683.7091886399215,621.5543921997998,621.5543921997998,0.0,392.0811448991925,1681.0229912696325,857.9575803905298,857.9575803905298,2297.3483141989086
2019-02-23,8.86505,2245.261985292872,3164.3087462944886,570.8740853779053,919.2778398719328,919.2778398719324,1749.7499223881216,0.0,0.0,385.7315608381826,472.7415961519683,432.0494151386666,674.931803983341,402.9555721627261,402.9555721627261,492.2699829552724,311.5691250712524,1993.4622243840452,445.8591846887042,445.8591846887042,2214.6862944678155
2019-03-02,8.04892,2437.8296549522784,3173.2060468573777,578.890213012923,512.9521149867068,512.9521149867068,1178.6759342581624,0.0,0.0,588.772238031332,293.6706134792048,549.8608723493709,425.8119296318887,577.3891348961535,577.3891348961535,366.9691054607474,352.70374339159935,1873.1922451070448,293.3728538424155,293.3728538424155,2243.990339158235
2019-03-09,4.9589,2609.874379447141,3115.6951681762357,0.0,886.2834628455972,886.2834628455971,1614.0709902485987,0.0,0.0,646.5908407774682,330.62959680044975,494.97892151828233,584.9076780495268,596.4761221122372,596.4761221122371,301.64630605463867,0.0,2055.765571606796,423.5093848234867,423.5093848234866,2400.148812009877
2019-03-16,5.55703,2060.340023831927,2382.303174942721,0.0,903.7478165130454,903.7478165130454,1437.7106137981448,272.6710713091092,272.67107130910915,302.1514380592853,349.2681527201122,475.0701193905643,668.8969890421284,396.4623205079476,396.46232050794765,0.0,0.0,1594.9824106978388,478.9423827461249,478.9423827461249,1953.7999869931275
2019-03-23,4.83229,1717.639458649786,1968.7201563090327,0.0,525.3207148324527,525.3207148324526,1088.1547543562208,0.0,0.0,0.0,0.0,327.13667239534215,386.1983370034843,481.2074304052687,481.2074304052687,0.0,0.0,1921.908725914921,371.84505118252713,371.84505118252713,1593.636265786526
2019-03-30,3.50566,990.7755520765356,1002.4498554522204,299.5743017524751,308.885539607842,308.885539607842,1070.763953540273,0.0,0.0,0.0,0.0,0.0,298.092433390432,0.0,0.0,0.0,0.0,1674.324846256401,0.0,0.0,1720.646511543281
2019-04-06,2.73973,947.1146963932644,852.8815848958106,0.0,0.0,0.0,286.2487531020425,0.0,0.0,0.0,0.0,315.0100822471229,311.36384472535605,0.0,0.0,0.0,0.0,1552.433064891324,0.0,0.0,1584.9385578118286
2019-04-13,1.89971,0.0,871.5240423184462,0.0,0.0,0.0,404.2712478088836,0.0,0.0,0.0,0.0,0.0,0.0,0.0,0.0,0.0,0.0,971.6710708086003,0.0,0.0,1330.9567496391794
2019-04-20,1.74842,0.0,306.13603645810883,0.0,0.0,0.0,488.165333200281,0.0,0.0,315.79984003631404,0.0,0.0,0.0,0.0,0.0,0.0,0.0,1221.0405085427917,0.0,0.0,1506.2712893049345
2019-04-27,1.41274,0.0,464.0548934546146,0.0,0.0,0.0,0.0,0.0,0.0,0.0,0.0,0.0,337.00730186499584,448.1946580575308,448.1946580575308,0.0,0.0,985.7417718032408,0.0,0.0,1470.311967137321
2019-05-04,1.54937,0.0,494.1668844052215,281.5823399588102,0.0,0.0,0.0,0.0,0.0,0.0,0.0,0.0,0.0,0.0,0.0,0.0,0.0,1132.1941173542457,0.0,0.0,1851.6266079866552
2019-05-11,1.32743,0.0,616.2894394807294,279.6328280048449,399.4932616620195,399.4932616620195,0.0,0.0,0.0,0.0,0.0,0.0,0.0,0.0,0.0,366.334506165584,0.0,969.4430680757148,0.0,0.0,1356.053064135561
2019-05-18,1.59817,0.0,0.0,0.0,0.0,0.0,0.0,0.0,0.0,0.0,0.0,0.0,0.0,0.0,0.0,0.0,0.0,1002.1648264148866,0.0,0.0,1669.965577478677
2019-05-25,1.19389,301.1066111089907,0.0,0.0,0.0,0.0,0.0,0.0,0.0,0.0,0.0,0.0,0.0,0.0,0.0,0.0,0.0,1133.2626933831334,0.0,0.0,1644.092423978025
2019-06-01,0.884173,0.0,424.1559947387354,0.0,0.0,0.0,0.0,0.0,0.0,0.0,0.0,0.0,0.0,0.0,0.0,0.0,0.0,1364.7481484280315,0.0,0.0,1529.408464665273
2019-06-08,1.59949,0.0,0.0,0.0,0.0,0.0,0.0,0.0,0.0,0.0,0.0,0.0,0.0,0.0,0.0,0.0,0.0,731.9973900525165,0.0,0.0,1110.019707468157
2019-06-15,1.15942,0.0,0.0,0.0,0.0,0.0,0.0,0.0,0.0,0.0,0.0,0.0,0.0,0.0,0.0,0.0,0.0,611.6918979345791,0.0,0.0,1201.2016976821749
2019-06-22,0.626959,0.0,0.0,0.0,0.0,0.0,0.0,0.0,0.0,0.0,0.0,0.0,0.0,292.557628804994,292.557628804994,0.0,0.0,711.800149330087,0.0,0.0,1263.6667077121526
2019-06-29,0.590319,0.0,310.0702364837562,0.0,0.0,0.0,0.0,0.0,0.0,0.0,0.0,0.0,0.0,0.0,0.0,0.0,0.0,1125.679223489301,0.0,0.0,1094.4369424556128
2019-07-06,0.615385,0.0,0.0,0.0,0.0,0.0,0.0,0.0,0.0,0.0,0.0,0.0,0.0,0.0,0.0,0.0,0.0,860.0634362870708,0.0,0.0,1364.268660591112
2019-07-13,0.27248,0.0,0.0,0.0,0.0,0.0,0.0,0.0,0.0,0.0,0.0,0.0,0.0,0.0,0.0,0.0,0.0,1061.5344445686453,0.0,0.0,967.0255297588392
2019-07-20,0.658561,0.0,0.0,0.0,0.0,0.0,0.0,293.0617005524305,293.0617005524305,0.0,0.0,0.0,0.0,0.0,0.0,0.0,0.0,1112.8677635063405,0.0,0.0,1103.4988284975675
2019-07-27,0.626781,0.0,0.0,0.0,0.0,0.0,0.0,0.0,0.0,0.0,0.0,0.0,0.0,0.0,0.0,0.0,0.0,568.5678302271444,0.0,0.0,995.9496807459255
2019-08-03,0.696864,0.0,0.0,0.0,0.0,0.0,0.0,0.0,0.0,0.0,0.0,0.0,0.0,0.0,0.0,0.0,0.0,1067.2343788888463,0.0,0.0,879.161410798812
2019-08-10,0.451722,0.0,362.8651450039054,303.5438725896782,0.0,0.0,0.0,0.0,0.0,0.0,0.0,0.0,0.0,0.0,0.0,0.0,0.0,1075.123793815688,0.0,0.0,842.3371196900559
2019-08-17,0.860678,0.0,372.8543585182777,0.0,0.0,0.0,0.0,0.0,0.0,0.0,0.0,0.0,0.0,0.0,0.0,0.0,0.0,762.1227824545647,0.0,0.0,1360.358736476286
2019-08-24,1.1588,0.0,0.0,460.1440983680304,0.0,0.0,280.1131794207545,0.0,0.0,0.0,0.0,0.0,0.0,0.0,0.0,0.0,0.0,630.2017693601031,0.0,0.0,1373.880140176032
2019-08-31,1.13835,330.92804324147545,0.0,0.0,0.0,0.0,0.0,0.0,0.0,0.0,0.0,0.0,0.0,0.0,0.0,0.0,0.0,1014.315590329188,0.0,0.0,1516.0530073549253
2019-09-07,1.14519,266.1085404853478,446.38342245975167,0.0,0.0,0.0,0.0,0.0,0.0,0.0,0.0,0.0,0.0,0.0,0.0,0.0,0.0,1055.4865355585034,0.0,0.0,1384.39884122411
2019-09-14,1.07708,0.0,515.3209614848953,0.0,0.0,0.0,424.6891083274687,0.0,0.0,0.0,0.0,0.0,0.0,0.0,0.0,0.0,0.0,1246.9470914525525,0.0,0.0,1736.1503104700014
2019-09-21,1.056,285.65967039978057,481.3273947093992,0.0,0.0,0.0,579.3385772622653,0.0,0.0,0.0,0.0,0.0,0.0,0.0,0.0,0.0,0.0,1122.690192124207,0.0,0.0,1496.8976000658497
2019-09-28,0.779788,638.6762367014151,1536.7315038236106,388.9785467938227,0.0,0.0,880.8499575782904,0.0,0.0,319.271409281002,0.0,0.0,0.0,0.0,0.0,0.0,0.0,1364.2927122226342,0.0,0.0,1280.4900769557576
2019-10-05,1.19323,544.8538860261839,925.0843667499776,0.0,530.0977207132852,530.0977207132852,986.9503518791922,0.0,0.0,0.0,427.0122969236799,334.13986319690446,0.0,268.17098341988867,268.1709834198886,0.0,0.0,1600.2180031457478,0.0,0.0,1470.624079254505
2019-10-12,1.91505,684.6718787764128,1302.702841160337,442.7649668665281,0.0,0.0,1031.0813035521523,0.0,0.0,0.0,0.0,297.5189005963436,256.57477662000105,0.0,0.0,0.0,314.1258888602959,1483.0302047200707,0.0,0.0,1269.4147998567532
2019-10-19,2.03568,776.7312933367797,1645.7174526777349,0.0,0.0,0.0,662.5893651120284,0.0,0.0,0.0,0.0,485.52570293021097,0.0,275.33534648506736,275.33534648506736,0.0,0.0,1768.4932532475027,0.0,0.0,1336.2978370961107
2019-10-26,1.7754,549.6443307479715,1142.8195939608863,634.498828964816,0.0,0.0,569.7019766558182,0.0,0.0,0.0,0.0,0.0,0.0,0.0,0.0,0.0,0.0,1954.395053328289,0.0,0.0,1308.6419590927171
2019-11-02,2.43294,898.0754473388038,1505.1965418278137,594.0699805338365,273.388711405388,273.388711405388,910.702175054008,0.0,0.0,379.45859161730016,0.0,0.0,0.0,0.0,0.0,0.0,0.0,2015.717773125677,0.0,0.0,1313.8961770482945
2019-11-09,2.61617,764.3870501491349,1025.4457678802355,1302.622436443057,0.0,0.0,684.4045578311839,0.0,0.0,0.0,0.0,0.0,0.0,281.2191004456109,281.21910044561093,0.0,0.0,1923.0509321578447,0.0,0.0,1876.217434325332
2019-11-16,3.72257,866.4027567447026,951.333475252427,1751.223588898392,452.3671536127963,452.3671536127963,534.5586343408362,0.0,0.0,0.0,0.0,0.0,0.0,334.35234091999416,334.35234091999416,0.0,0.0,1811.7009051231587,0.0,0.0,1726.7734871993457
2019-11-23,3.12874,1152.342850414282,1268.16447399524,2319.629296857762,0.0,0.0,598.1038032741567,0.0,0.0,0.0,0.0,246.53281628723036,354.38881862094536,0.0,0.0,0.0,0.0,1896.182664964738,0.0,0.0,2342.560283051741
2019-11-30,3.65809,629.8814688248704,972.9249331623976,2189.35290887396,0.0,0.0,876.441438613623,0.0,0.0,0.0,0.0,0.0,0.0,0.0,0.0,0.0,0.0,1808.7339366444453,329.75946665445525,329.7594666544553,1486.745489452789
2019-12-07,3.39666,1356.8364504989504,962.756566118621,2543.3426732450725,251.97369501560905,251.97369501560905,555.7849764408804,0.0,0.0,407.21823505476806,584.47432960801,242.1611767596333,0.0,0.0,0.0,0.0,0.0,1587.399610234455,0.0,0.0,1957.8227327008276
2019-12-14,4.79982,955.6863211991164,1040.3600832958036,2682.013939091797,422.6328251465573,422.6328251465573,414.0969684533313,0.0,0.0,0.0,0.0,0.0,0.0,0.0,0.0,0.0,0.0,1515.7232337206442,301.2639933956989,301.26399339569895,1933.5488099054376
2019-12-21,4.89784,1277.4486794543243,2029.1063628015904,2287.601246208662,750.2567033985905,750.2567033985905,911.5751015426245,328.1637193720301,328.1637193720301,296.29465610676624,514.2587117971456,347.5169952715735,483.95761771936907,0.0,0.0,624.4744537416055,0.0,1863.6378690231488,0.0,0.0,1832.0170865723676
2019-12-28,7.87338,2330.6843894177523,2805.071959437645,2562.378668226145,1092.5185362856382,1092.5185362856382,1029.2227087215435,416.68664941427227,416.68664941427227,472.6496922691392,0.0,440.76413150715246,410.6386143645161,548.6636444877212,548.6636444877213,631.6819478225407,0.0,2275.9463740640786,0.0,0.0,1751.1921873401088
2020-01-04,3.92031,1968.2640989148576,2576.262306079952,2419.7543689034646,768.6783379497152,768.6783379497152,1450.3707080104648,0.0,0.0,467.1215441645526,268.1382210536825,618.1564961928765,385.912834859227,470.3707481484507,470.37074814845073,743.3544520596557,0.0,2293.4800534855235,0.0,0.0,1649.8484491706822
2020-01-11,4.30997,1817.4165841356808,2065.0381884714134,2421.523238129007,592.8706528641128,592.8706528641128,1259.6024727945137,376.9234962544936,376.9234962544935,414.5425961391197,300.4169030845756,0.0,322.4511183625237,278.1461116560678,278.1461116560678,517.1547296453894,246.5622633736829,1997.474835410344,327.7843484664505,327.7843484664505,1295.227236771528
2020-01-18,6.4995,1787.1035306719768,2435.151429221564,1354.859549763391,555.002654689464,555.002654689464,918.947258143702,291.21072272917223,291.21072272917223,321.67688311716574,321.4440832659552,635.421188889518,233.46227763688964,0.0,0.0,518.488928842389,284.0319212245392,1824.8537147188856,0.0,0.0,1346.8741366489096
2020-01-25,5.95388,2784.5462418331217,3248.121565232236,645.8722149507271,773.325474344666,773.325474344666,1684.0867804983093,608.1311192810776,608.1311192810776,843.9888160860386,627.2134898863712,612.8414624621785,643.5410911529191,333.93036914095245,333.9303691409524,861.6957668984704,0.0,1847.3248043177523,427.45297875600863,427.45297875600863,1750.0232333052452
2020-02-01,10.1278,3526.3564830857204,5639.466646755139,497.8100723890822,1602.335034502186,1602.335034502186,3010.605200311901,793.2550076115534,793.2550076115535,1246.4142552931191,773.520390217217,457.8464147397075,1229.002889200627,406.8482612355556,406.8482612355556,1429.4634247677193,0.0,1729.3480246061977,832.240557281465,832.240557281465,2191.6998764556697
2020-02-08,7.18162,3985.031403947484,5751.473626290573,256.71851480363864,1376.1210075390509,1376.1210075390509,3521.8731849678948,502.4822813220949,502.4822813220949,1001.2773922585716,701.235101305126,387.27303142015296,1588.6851704243024,731.7178742797867,731.7178742797867,1887.0081114756435,330.48801528526275,1932.35117502172,1111.6049055875758,1111.604905587575,2694.040567926129
2020-02-15,7.81084,3824.220305145069,4534.953291305686,583.7484412861089,1023.7743614799672,1023.7743614799672,2576.2227955752464,587.396985774671,587.3969857746708,947.6749739971932,450.7770824718615,601.8920068421648,957.0427468365342,483.47798656992063,483.47798656992063,1597.2497348436632,439.9273544373914,2105.690972581696,602.6652989063833,602.6652989063833,1795.799455473412
2020-02-22,6.35782,2244.258946027016,4198.052607610663,279.73006545419696,1208.7155133137433,1208.7155133137433,2428.995061074727,342.2666662898852,342.2666662898852,655.7938230452614,406.10354481575297,739.6123746806906,720.77520400591,0.0,0.0,1151.3235979269282,0.0,1850.0041072382755,759.1209894692294,759.1209894692294,1819.872240240441
2020-02-29,9.98863,2799.263159562326,4855.86851415184,0.0,1260.4752898037016,1260.4752898037016,2550.2937546960798,752.9862855691724,752.9862855691724,704.0889624691799,252.34161730465303,725.9596134345985,860.7672675617457,321.4544696190736,321.4544696190736,1112.1291004114794,0.0,2138.806366637245,604.4643007639385,604.4643007639385,2431.4326081278
2020-03-07,4.90157,2586.0471930915032,6126.758804165121,332.0168891073181,1122.1266636535545,1122.1266636535547,2285.058839381976,370.2911747715315,370.2911747715315,623.1328373638815,658.4437583967331,443.6692104321575,1107.8117620793273,261.5014963647039,261.5014963647038,1148.5118826417097,303.4550608865036,2345.6903340681583,678.6903019923685,678.6903019923685,2580.50070836176
2020-03-14,3.2553,2890.8245705254085,10018.63068689768,276.01628301682854,1165.7627658269366,1165.7627658269364,3293.908065715353,386.4857600901905,386.48576009019047,1046.5193519456564,565.310858248157,841.409618571674,653.5544905860265,466.2893755488453,466.2893755488453,895.3671868890481,0.0,2554.245975166708,517.0907521820533,517.0907521820533,1671.2108424683024
2020-03-21,3.37509,2432.823739962894,7400.862886742772,554.5862949364674,802.1285591849207,802.1285591849207,2012.85385070436,218.17462112340635,218.17462112340635,547.9567705785249,470.276127754882,643.1787426190793,312.2316894218976,260.8862802599302,260.8862802599302,369.1727285535211,0.0,2584.025135440845,0.0,0.0,1914.253667426228
2020-03-28,3.21262,1251.7918191338742,5821.431277796617,413.01475427916256,529.8547962583019,529.8547962583018,1304.6004569052293,312.0243256139466,312.0243256139466,481.1452080915729,0.0,0.0,0.0,0.0,0.0,0.0,0.0,3000.731554588925,0.0,0.0,2183.0648858770105
2020-04-04,0.858369,515.9750404775422,4835.965953384021,280.426672275765,520.32471439846,520.32471439846,1261.083763176223,0.0,0.0,351.9231294379336,0.0,0.0,0.0,0.0,0.0,0.0,0.0,1933.811137955767,0.0,0.0,1319.8049593365115
2020-04-11,1.02564,323.5143336354536,3673.48000399073,535.5449237355529,297.6057093280114,297.6057093280114,764.7782240676,0.0,0.0,0.0,0.0,236.41372042345148,0.0,0.0,0.0,0.0,0.0,1920.036797338821,0.0,0.0,853.0741833117664
2020-04-18,0.499376,319.87955504775,2293.391505098658,0.0,253.99663381297069,253.99663381297069,577.4918388789895,0.0,0.0,0.0,368.927669398953,0.0,0.0,0.0,0.0,0.0,0.0,1031.7110354220756,389.5835673563611,389.5835673563611,748.0314456862136
2020-04-25,0.2849,0.0,2397.330823410948,0.0,0.0,0.0,520.9210612174072,0.0,0.0,0.0,0.0,0.0,0.0,0.0,0.0,0.0,0.0,902.1436905086052,0.0,0.0,623.3096366473922
2020-05-02,0.399315,278.8226229447643,2314.656161784288,0.0,0.0,0.0,562.8097220265861,0.0,0.0,0.0,0.0,0.0,0.0,0.0,0.0,0.0,0.0,1089.4868617340662,0.0,0.0,967.908541817069
2020-05-09,0.530973,0.0,1640.4069873539486,0.0,0.0,0.0,449.1639824305208,0.0,0.0,0.0,0.0,0.0,0.0,0.0,0.0,209.42655883072456,0.0,674.2994805034414,0.0,0.0,609.4508708683576
2020-05-16,1.10803,0.0,1700.95864204102,0.0,0.0,0.0,693.587090856265,0.0,0.0,0.0,0.0,0.0,0.0,0.0,0.0,0.0,0.0,845.6625697512196,0.0,0.0,771.1210621620087
2020-05-23,0.739881,220.63777125237175,1379.630107531923,0.0,0.0,0.0,321.86507123040684,0.0,0.0,0.0,0.0,0.0,0.0,0.0,0.0,0.0,0.0,781.0284097815149,0.0,0.0,773.8221657425854
2020-05-30,0.796367,340.7138338972844,2037.4197417837472,0.0,0.0,0.0,461.9020987913124,0.0,0.0,0.0,0.0,0.0,274.12813755369046,0.0,0.0,0.0,0.0,547.064277294085,0.0,0.0,558.8268744555025
2020-06-06,0.909547,0.0,592.4319626894885,0.0,0.0,0.0,0.0,0.0,0.0,0.0,0.0,0.0,0.0,0.0,0.0,0.0,0.0,588.6086274482777,0.0,0.0,738.2564272545363
2020-06-13,0.74148,0.0,986.2238280135472,0.0,0.0,0.0,0.0,0.0,0.0,0.0,0.0,0.0,0.0,0.0,0.0,0.0,0.0,800.5588520426054,0.0,0.0,488.347958009426
2020-06-20,0.775343,234.13367063200317,654.2414084137835,233.3727068966536,0.0,0.0,0.0,0.0,0.0,0.0,0.0,0.0,0.0,0.0,0.0,0.0,0.0,503.1398966164068,0.0,0.0,623.65604490732
2020-06-27,0.835599,0.0,903.9711965167728,0.0,352.3327755920708,352.3327755920707,297.27541485700965,0.0,0.0,0.0,0.0,0.0,0.0,0.0,0.0,0.0,0.0,865.7781597478112,0.0,0.0,942.1766638335936
