date,Delaware,the flu,flu symptoms,flu how long,symptoms of flu,how long flu,influenza a,bronchitis,the flu symptoms,contagious flu,a influenza,rsv,flu cold,flu contagious,stomach flu,flu a,pneumonia,flu fever,fever flu,how long does flu last,sinus
2010-10-09,0.100125,0.0,0.0,0.0,0.0,0.0,0.0,0.0,0.0,0.0,0.0,0.0,0.0,0.0,0.0,0.0,0.0,0.0,0.0,0.0,0.0
2010-10-16,0.36855,0.0,0.0,0.0,0.0,0.0,0.0,0.0,0.0,0.0,0.0,0.0,0.0,0.0,0.0,0.0,0.0,0.0,0.0,0.0,0.0
2010-10-23,0.337025,0.0,0.0,0.0,0.0,0.0,0.0,0.0,0.0,0.0,0.0,0.0,0.0,0.0,0.0,0.0,0.0,0.0,0.0,0.0,0.0
2010-10-30,0.460494,0.0,0.0,0.0,0.0,0.0,0.0,0.0,0.0,0.0,0.0,0.0,0.0,0.0,0.0,0.0,0.0,0.0,0.0,0.0,0.0
2010-11-06,0.222332,0.0,0.0,0.0,0.0,0.0,4308.918726981747,0.0,0.0,0.0,4308.918726981747,0.0,0.0,0.0,0.0,0.0,0.0,0.0,0.0,0.0,0.0
2010-11-13,0.79466,0.0,4533.921169125109,0.0,0.0,0.0,0.0,0.0,0.0,0.0,0.0,0.0,5996.333466475226,0.0,0.0,0.0,0.0,0.0,0.0,0.0,0.0
2010-11-20,0.390879,0.0,0.0,0.0,0.0,0.0,0.0,0.0,0.0,0.0,0.0,0.0,0.0,0.0,0.0,0.0,0.0,0.0,0.0,0.0,0.0
2010-11-27,0.503356,0.0,0.0,0.0,0.0,0.0,0.0,0.0,0.0,0.0,0.0,0.0,0.0,0.0,0.0,0.0,0.0,0.0,0.0,0.0,0.0
2010-12-04,0.270005,0.0,0.0,0.0,0.0,0.0,0.0,0.0,0.0,0.0,0.0,0.0,0.0,0.0,0.0,0.0,0.0,0.0,0.0,0.0,0.0
2010-12-11,0.361156,0.0,0.0,0.0,0.0,0.0,0.0,0.0,0.0,0.0,0.0,0.0,0.0,0.0,0.0,0.0,0.0,0.0,0.0,0.0,0.0
2010-12-18,0.293902,0.0,0.0,0.0,0.0,0.0,0.0,0.0,0.0,0.0,0.0,0.0,0.0,0.0,0.0,0.0,0.0,0.0,0.0,0.0,0.0
2010-12-25,0.504267,0.0,0.0,0.0,0.0,0.0,0.0,0.0,0.0,0.0,0.0,0.0,0.0,0.0,0.0,0.0,0.0,0.0,0.0,0.0,0.0
2011-01-01,0.508974,0.0,0.0,0.0,0.0,0.0,0.0,0.0,0.0,0.0,0.0,0.0,0.0,0.0,0.0,0.0,0.0,0.0,0.0,0.0,0.0
2011-01-08,0.783904,0.0,0.0,1940.5249224327847,0.0,0.0,0.0,0.0,0.0,0.0,0.0,0.0,0.0,0.0,0.0,0.0,0.0,0.0,0.0,0.0,2932.27412807682
2011-01-15,2.53041,0.0,0.0,0.0,1978.7085438567776,0.0,0.0,0.0,0.0,0.0,0.0,0.0,0.0,0.0,0.0,0.0,0.0,0.0,0.0,0.0,2597.594446448406
2011-01-22,1.98627,0.0,0.0,0.0,0.0,0.0,0.0,0.0,0.0,0.0,0.0,0.0,0.0,0.0,0.0,0.0,0.0,0.0,0.0,0.0,0.0
2011-01-29,1.99336,0.0,0.0,0.0,0.0,0.0,0.0,1988.6182211382848,0.0,0.0,0.0,0.0,0.0,0.0,0.0,0.0,0.0,0.0,0.0,0.0,0.0
2011-02-05,1.99868,0.0,0.0,0.0,0.0,0.0,0.0,0.0,0.0,0.0,0.0,0.0,0.0,0.0,0.0,0.0,0.0,0.0,0.0,0.0,1853.191072913181
2011-02-12,2.1037,2405.188875163307,0.0,0.0,2336.876767187832,0.0,0.0,0.0,0.0,0.0,0.0,0.0,0.0,0.0,0.0,0.0,0.0,0.0,0.0,0.0,2460.88384044646
2011-02-19,2.6928,0.0,0.0,0.0,0.0,0.0,0.0,0.0,0.0,0.0,0.0,0.0,0.0,0.0,0.0,0.0,0.0,0.0,0.0,0.0,1929.9950822728329
2011-02-26,2.32987,0.0,0.0,0.0,2065.861006642359,0.0,0.0,0.0,0.0,0.0,0.0,0.0,0.0,0.0,0.0,0.0,0.0,0.0,0.0,0.0,0.0
2011-03-05,2.14613,0.0,0.0,0.0,0.0,0.0,0.0,0.0,0.0,0.0,0.0,0.0,0.0,0.0,0.0,0.0,0.0,0.0,0.0,0.0,0.0
2011-03-12,1.68552,0.0,0.0,0.0,0.0,0.0,0.0,0.0,0.0,0.0,0.0,0.0,0.0,0.0,0.0,0.0,0.0,0.0,0.0,0.0,0.0
2011-03-19,0.947763,0.0,0.0,0.0,0.0,0.0,0.0,0.0,0.0,0.0,0.0,0.0,0.0,0.0,0.0,0.0,0.0,0.0,0.0,0.0,0.0
2011-03-26,0.526316,0.0,0.0,0.0,0.0,0.0,0.0,1720.72373961376,0.0,0.0,0.0,0.0,0.0,0.0,0.0,0.0,0.0,0.0,0.0,0.0,0.0
2011-04-02,0.96858,0.0,0.0,0.0,0.0,0.0,0.0,2159.205322337111,0.0,0.0,0.0,0.0,0.0,0.0,0.0,0.0,0.0,0.0,0.0,0.0,0.0
2011-04-09,0.475119,0.0,0.0,0.0,0.0,0.0,0.0,0.0,0.0,0.0,0.0,0.0,0.0,0.0,0.0,0.0,0.0,0.0,0.0,0.0,0.0
2011-04-16,0.11534,0.0,0.0,0.0,0.0,0.0,0.0,0.0,0.0,0.0,0.0,0.0,0.0,0.0,0.0,0.0,0.0,0.0,0.0,0.0,0.0
2011-04-23,0.082012,0.0,0.0,0.0,0.0,0.0,0.0,0.0,0.0,0.0,0.0,0.0,0.0,0.0,0.0,0.0,0.0,0.0,0.0,0.0,0.0
2011-04-30,0.0457247,0.0,0.0,0.0,0.0,0.0,0.0,0.0,0.0,0.0,0.0,0.0,0.0,0.0,0.0,0.0,0.0,0.0,0.0,0.0,0.0
2011-05-07,0.0863309,0.0,0.0,0.0,0.0,0.0,0.0,0.0,0.0,0.0,0.0,0.0,0.0,0.0,0.0,0.0,0.0,0.0,0.0,0.0,0.0
2011-05-14,0.0455996,0.0,0.0,0.0,0.0,0.0,0.0,0.0,0.0,0.0,0.0,0.0,0.0,0.0,0.0,0.0,0.0,0.0,0.0,0.0,0.0
2011-05-21,0.107643,0.0,0.0,0.0,0.0,0.0,0.0,0.0,0.0,0.0,0.0,0.0,0.0,0.0,0.0,0.0,0.0,0.0,0.0,0.0,0.0
2011-05-28,0.0,0.0,0.0,0.0,0.0,0.0,0.0,0.0,0.0,0.0,0.0,0.0,0.0,0.0,0.0,0.0,0.0,0.0,0.0,0.0,0.0
2011-06-04,0.0,0.0,0.0,0.0,0.0,0.0,0.0,0.0,0.0,0.0,0.0,0.0,0.0,0.0,0.0,0.0,0.0,0.0,0.0,0.0,0.0
2011-06-11,0.0,0.0,0.0,0.0,0.0,0.0,0.0,0.0,0.0,0.0,0.0,0.0,0.0,0.0,0.0,0.0,0.0,0.0,0.0,0.0,0.0
2011-06-18,0.0,0.0,0.0,0.0,0.0,0.0,0.0,0.0,0.0,0.0,0.0,0.0,0.0,0.0,0.0,0.0,0.0,0.0,0.0,0.0,0.0
2011-06-25,0.0,0.0,0.0,0.0,0.0,0.0,0.0,0.0,0.0,0.0,0.0,0.0,0.0,0.0,0.0,0.0,0.0,0.0,0.0,0.0,0.0
2011-07-02,0.0,0.0,0.0,0.0,0.0,0.0,0.0,0.0,0.0,0.0,0.0,0.0,0.0,0.0,0.0,0.0,0.0,0.0,0.0,0.0,0.0
2011-07-09,0.0,0.0,0.0,0.0,0.0,0.0,0.0,0.0,0.0,0.0,0.0,0.0,0.0,0.0,0.0,0.0,0.0,0.0,0.0,0.0,0.0
2011-07-16,0.0,0.0,0.0,0.0,0.0,0.0,0.0,0.0,0.0,0.0,0.0,0.0,0.0,0.0,0.0,0.0,0.0,0.0,0.0,0.0,0.0
2011-07-23,0.0,0.0,0.0,0.0,0.0,1884.4438781730703,0.0,0.0,0.0,0.0,0.0,0.0,0.0,0.0,0.0,0.0,0.0,0.0,0.0,0.0,0.0
2011-07-30,0.0,0.0,0.0,0.0,0.0,0.0,0.0,0.0,0.0,0.0,0.0,0.0,0.0,0.0,0.0,0.0,0.0,0.0,0.0,0.0,0.0
2011-08-06,0.0,0.0,0.0,0.0,0.0,0.0,0.0,0.0,0.0,0.0,0.0,0.0,0.0,0.0,0.0,0.0,0.0,0.0,0.0,0.0,0.0
2011-08-13,0.0,0.0,0.0,0.0,0.0,0.0,0.0,0.0,0.0,0.0,0.0,0.0,0.0,0.0,0.0,2193.6830201014427,0.0,0.0,0.0,0.0,2384.933943290507
2011-08-20,0.0,0.0,0.0,2394.8897219086143,0.0,0.0,0.0,0.0,0.0,0.0,0.0,0.0,0.0,0.0,0.0,0.0,0.0,0.0,0.0,0.0,0.0
2011-08-27,0.0,2491.684862995105,0.0,0.0,0.0,0.0,0.0,0.0,0.0,0.0,0.0,0.0,0.0,0.0,0.0,0.0,0.0,0.0,0.0,0.0,0.0
2011-09-03,0.0,0.0,0.0,0.0,0.0,0.0,0.0,0.0,0.0,0.0,0.0,0.0,0.0,0.0,0.0,0.0,0.0,0.0,0.0,0.0,0.0
2011-09-10,0.0,0.0,0.0,0.0,0.0,0.0,0.0,0.0,0.0,0.0,0.0,0.0,0.0,0.0,0.0,0.0,0.0,0.0,0.0,0.0,0.0
2011-09-17,0.0,0.0,2703.6769605590766,0.0,0.0,0.0,0.0,0.0,0.0,0.0,0.0,0.0,0.0,0.0,0.0,0.0,0.0,0.0,0.0,0.0,0.0
2011-09-24,0.0,0.0,0.0,0.0,0.0,0.0,0.0,0.0,0.0,0.0,0.0,0.0,0.0,0.0,0.0,0.0,0.0,0.0,0.0,0.0,0.0
2011-10-01,0.0,0.0,0.0,0.0,0.0,0.0,0.0,0.0,0.0,0.0,0.0,0.0,0.0,0.0,0.0,0.0,0.0,0.0,0.0,0.0,1722.6646303222144
2011-10-08,0.160772,0.0,0.0,0.0,0.0,0.0,0.0,0.0,0.0,0.0,0.0,0.0,0.0,0.0,0.0,0.0,0.0,0.0,0.0,0.0,0.0
2011-10-15,0.113058,0.0,0.0,0.0,0.0,0.0,0.0,0.0,0.0,0.0,0.0,0.0,0.0,0.0,0.0,0.0,0.0,0.0,0.0,0.0,1728.9668334418814
2011-10-22,0.0638162,0.0,0.0,0.0,0.0,0.0,2610.5170169309645,0.0,0.0,0.0,2610.5170169309654,0.0,0.0,0.0,0.0,0.0,0.0,0.0,0.0,0.0,0.0
2011-10-29,0.0831947,0.0,0.0,0.0,0.0,0.0,0.0,0.0,0.0,0.0,0.0,0.0,0.0,0.0,0.0,0.0,0.0,0.0,0.0,0.0,1912.97676249156
2011-11-05,0.222505,0.0,0.0,0.0,0.0,0.0,0.0,0.0,0.0,0.0,0.0,0.0,0.0,0.0,0.0,0.0,2432.789747701214,0.0,0.0,0.0,0.0
2011-11-12,0.283366,0.0,0.0,0.0,0.0,0.0,0.0,0.0,0.0,0.0,0.0,0.0,0.0,0.0,0.0,0.0,0.0,0.0,0.0,1640.1100847840328,0.0
2011-11-19,0.357143,0.0,0.0,0.0,0.0,0.0,0.0,0.0,0.0,0.0,0.0,0.0,0.0,0.0,0.0,0.0,0.0,0.0,0.0,0.0,0.0
2011-11-26,0.0957854,0.0,0.0,0.0,0.0,0.0,0.0,0.0,0.0,0.0,0.0,0.0,0.0,0.0,0.0,0.0,0.0,0.0,0.0,0.0,0.0
2011-12-03,0.4208,0.0,0.0,0.0,0.0,0.0,0.0,0.0,0.0,0.0,0.0,0.0,0.0,0.0,0.0,0.0,0.0,0.0,0.0,0.0,2725.0565082818694
2011-12-10,0.684182,0.0,1657.6656744219233,0.0,0.0,0.0,0.0,0.0,0.0,0.0,0.0,0.0,0.0,0.0,0.0,0.0,0.0,0.0,0.0,0.0,0.0
2011-12-17,0.421496,0.0,0.0,1907.475948779352,0.0,0.0,0.0,0.0,0.0,0.0,0.0,0.0,0.0,0.0,0.0,0.0,0.0,0.0,0.0,0.0,1710.264655157055
2011-12-24,0.159617,0.0,0.0,0.0,0.0,0.0,0.0,0.0,0.0,0.0,0.0,0.0,0.0,0.0,0.0,0.0,1798.5806057805637,0.0,0.0,0.0,0.0
2011-12-31,0.238663,0.0,2667.9351409241194,0.0,0.0,0.0,0.0,0.0,0.0,0.0,0.0,0.0,0.0,0.0,0.0,0.0,2435.532612249452,0.0,0.0,0.0,0.0
2012-01-07,0.512267,0.0,0.0,0.0,0.0,0.0,0.0,0.0,0.0,0.0,0.0,0.0,0.0,0.0,0.0,0.0,0.0,0.0,0.0,0.0,0.0
2012-01-14,0.313808,0.0,0.0,0.0,0.0,0.0,0.0,0.0,0.0,0.0,0.0,0.0,0.0,0.0,0.0,0.0,0.0,1944.8971258685444,0.0,0.0,1750.8774201708454
2012-01-21,0.224143,0.0,0.0,0.0,0.0,0.0,0.0,0.0,0.0,0.0,0.0,0.0,0.0,0.0,0.0,0.0,3241.4033045446386,0.0,0.0,0.0,0.0
2012-01-28,0.263366,0.0,0.0,0.0,0.0,0.0,0.0,0.0,0.0,0.0,0.0,0.0,0.0,0.0,0.0,0.0,0.0,0.0,0.0,1589.3982663157751,0.0
2012-02-04,0.407166,1721.1903928715203,0.0,0.0,0.0,0.0,1810.260566313044,0.0,0.0,0.0,1810.260566313044,0.0,0.0,0.0,0.0,0.0,0.0,0.0,0.0,0.0,2180.224455609843
2012-02-11,0.159702,0.0,0.0,0.0,0.0,0.0,0.0,0.0,0.0,0.0,0.0,0.0,0.0,0.0,0.0,0.0,0.0,0.0,0.0,0.0,1796.974679218593
2012-02-18,0.370468,0.0,0.0,0.0,0.0,0.0,0.0,0.0,0.0,0.0,0.0,0.0,0.0,0.0,0.0,0.0,0.0,0.0,0.0,0.0,0.0
2012-02-25,0.106129,0.0,0.0,0.0,0.0,0.0,0.0,0.0,0.0,0.0,0.0,1511.9807654901651,0.0,0.0,0.0,0.0,0.0,0.0,0.0,0.0,0.0
2012-03-03,0.354484,0.0,0.0,0.0,0.0,0.0,0.0,0.0,0.0,0.0,0.0,0.0,0.0,0.0,0.0,0.0,0.0,0.0,0.0,0.0,0.0
2012-03-10,0.544,0.0,0.0,0.0,0.0,0.0,0.0,0.0,0.0,0.0,0.0,0.0,0.0,0.0,0.0,0.0,0.0,0.0,0.0,0.0,0.0
2012-03-17,0.468637,0.0,0.0,0.0,0.0,1577.7230861458872,0.0,0.0,0.0,0.0,0.0,1553.7410263946497,0.0,0.0,0.0,0.0,0.0,0.0,0.0,0.0,2060.607606839371
2012-03-24,0.41958,0.0,0.0,0.0,0.0,0.0,0.0,0.0,0.0,0.0,0.0,0.0,0.0,0.0,0.0,0.0,0.0,0.0,0.0,0.0,0.0
2012-03-31,0.141093,0.0,0.0,0.0,0.0,0.0,0.0,0.0,0.0,0.0,0.0,0.0,0.0,0.0,0.0,0.0,0.0,0.0,0.0,0.0,1815.7105062747607
2012-04-07,0.45156,0.0,0.0,0.0,0.0,0.0,2370.8517348847445,0.0,0.0,0.0,2370.8517348847445,0.0,0.0,0.0,0.0,0.0,0.0,0.0,0.0,0.0,0.0
2012-04-14,0.57732,0.0,0.0,0.0,0.0,0.0,0.0,0.0,0.0,0.0,0.0,0.0,0.0,0.0,0.0,2228.316928488341,0.0,0.0,0.0,0.0,2741.44437944126
2012-04-21,0.149589,0.0,0.0,0.0,0.0,0.0,0.0,1516.1581849346787,0.0,0.0,0.0,0.0,0.0,0.0,0.0,0.0,0.0,0.0,0.0,0.0,0.0
2012-04-28,0.0,0.0,0.0,0.0,0.0,0.0,0.0,0.0,0.0,0.0,0.0,0.0,1566.6404617867418,0.0,0.0,0.0,0.0,0.0,0.0,0.0,0.0
2012-05-05,0.115785,0.0,0.0,0.0,0.0,0.0,0.0,0.0,0.0,0.0,0.0,0.0,0.0,0.0,0.0,0.0,0.0,0.0,0.0,0.0,0.0
2012-05-12,0.203749,0.0,0.0,0.0,0.0,0.0,0.0,2051.680508376224,0.0,0.0,0.0,0.0,0.0,0.0,0.0,0.0,0.0,0.0,0.0,0.0,2555.301925149717
2012-05-19,0.0913659,0.0,0.0,0.0,0.0,0.0,0.0,0.0,0.0,0.0,0.0,0.0,0.0,0.0,0.0,0.0,0.0,0.0,0.0,0.0,0.0
2012-05-26,0.0,0.0,0.0,0.0,0.0,0.0,0.0,0.0,0.0,0.0,0.0,0.0,0.0,0.0,0.0,0.0,0.0,0.0,0.0,0.0,2145.3183799937187
2012-06-02,0.184843,0.0,0.0,0.0,0.0,0.0,0.0,0.0,0.0,0.0,0.0,0.0,0.0,0.0,0.0,0.0,0.0,0.0,0.0,0.0,0.0
2012-06-09,0.0,0.0,0.0,0.0,0.0,0.0,0.0,0.0,0.0,0.0,0.0,0.0,0.0,0.0,0.0,0.0,0.0,0.0,0.0,0.0,0.0
2012-06-16,0.0,0.0,0.0,0.0,0.0,0.0,0.0,2207.582446806097,0.0,0.0,0.0,0.0,0.0,0.0,0.0,1623.4269340003289,0.0,0.0,0.0,0.0,0.0
2012-06-23,0.0,0.0,0.0,0.0,0.0,0.0,0.0,0.0,0.0,0.0,0.0,0.0,0.0,0.0,0.0,0.0,1883.793831194628,0.0,0.0,0.0,0.0
2012-06-30,0.0,0.0,0.0,0.0,0.0,0.0,0.0,0.0,0.0,2363.077696477586,0.0,0.0,0.0,2363.077696477586,0.0,0.0,0.0,0.0,1731.541744767316,0.0,0.0
2012-07-07,0.0,0.0,0.0,0.0,0.0,0.0,0.0,0.0,0.0,0.0,0.0,0.0,0.0,0.0,0.0,0.0,0.0,0.0,0.0,0.0,0.0
2012-07-14,0.0,0.0,0.0,0.0,0.0,0.0,0.0,0.0,0.0,0.0,0.0,0.0,0.0,0.0,0.0,0.0,0.0,0.0,0.0,0.0,0.0
2012-07-21,0.0,0.0,0.0,0.0,0.0,0.0,0.0,0.0,0.0,0.0,0.0,0.0,0.0,0.0,0.0,0.0,0.0,0.0,0.0,0.0,0.0
2012-07-28,0.0,0.0,0.0,0.0,0.0,0.0,0.0,0.0,0.0,0.0,0.0,0.0,0.0,0.0,0.0,0.0,0.0,0.0,0.0,0.0,0.0
2012-08-04,0.0,0.0,0.0,0.0,0.0,0.0,0.0,0.0,0.0,0.0,0.0,0.0,0.0,0.0,0.0,0.0,0.0,0.0,0.0,0.0,0.0
2012-08-11,0.0,0.0,0.0,0.0,0.0,0.0,0.0,0.0,0.0,0.0,0.0,0.0,0.0,0.0,0.0,0.0,0.0,0.0,0.0,0.0,0.0
2012-08-18,0.113507,0.0,0.0,1710.237309314647,0.0,0.0,0.0,0.0,0.0,0.0,0.0,0.0,0.0,0.0,0.0,0.0,0.0,0.0,0.0,0.0,2130.0221027319817
2012-08-25,0.2849,0.0,0.0,0.0,0.0,0.0,0.0,0.0,0.0,0.0,0.0,0.0,0.0,0.0,0.0,0.0,0.0,0.0,0.0,0.0,0.0
2012-09-01,0.56338,0.0,0.0,0.0,0.0,0.0,0.0,0.0,0.0,0.0,0.0,0.0,0.0,0.0,0.0,0.0,0.0,0.0,0.0,0.0,0.0
2012-09-08,0.174216,0.0,0.0,0.0,0.0,0.0,0.0,0.0,0.0,0.0,0.0,0.0,0.0,0.0,0.0,0.0,0.0,0.0,0.0,0.0,1513.641878651686
2012-09-15,0.0,0.0,0.0,0.0,0.0,0.0,0.0,0.0,0.0,0.0,0.0,0.0,0.0,0.0,0.0,0.0,0.0,0.0,0.0,0.0,0.0
2012-09-22,0.0,0.0,0.0,0.0,0.0,0.0,0.0,0.0,0.0,0.0,0.0,0.0,0.0,0.0,0.0,0.0,1806.4263247948295,0.0,0.0,0.0,2299.868899901968
2012-09-29,0.0,0.0,0.0,0.0,0.0,0.0,0.0,0.0,0.0,0.0,0.0,0.0,0.0,0.0,0.0,0.0,0.0,0.0,0.0,0.0,0.0
2012-10-06,0.15949,0.0,0.0,0.0,0.0,0.0,0.0,0.0,0.0,0.0,0.0,0.0,0.0,0.0,0.0,0.0,0.0,0.0,0.0,0.0,0.0
2012-10-13,0.268998,2018.68334255192,0.0,0.0,0.0,0.0,0.0,0.0,0.0,0.0,0.0,0.0,0.0,0.0,0.0,0.0,0.0,0.0,0.0,0.0,0.0
2012-10-20,0.298013,0.0,0.0,0.0,1519.8673179885125,0.0,0.0,0.0,0.0,0.0,0.0,0.0,0.0,0.0,0.0,0.0,0.0,0.0,0.0,0.0,0.0
2012-10-27,0.456621,0.0,0.0,0.0,0.0,0.0,0.0,0.0,0.0,0.0,0.0,0.0,1496.096388695065,0.0,0.0,0.0,0.0,0.0,0.0,0.0,0.0
2012-11-03,0.239349,0.0,2021.8054895826613,0.0,0.0,0.0,0.0,0.0,1480.9164767921795,0.0,0.0,0.0,0.0,0.0,0.0,0.0,1611.4941820469278,0.0,0.0,0.0,1563.3806872842958
2012-11-10,0.457516,0.0,0.0,0.0,0.0,0.0,0.0,0.0,0.0,0.0,0.0,0.0,0.0,0.0,0.0,0.0,0.0,0.0,0.0,0.0,0.0
2012-11-17,0.485909,0.0,0.0,0.0,0.0,0.0,0.0,1714.5915151969875,0.0,0.0,0.0,0.0,0.0,0.0,0.0,1778.551653553628,0.0,0.0,0.0,0.0,0.0
2012-11-24,0.905524,0.0,0.0,0.0,0.0,0.0,0.0,0.0,0.0,0.0,0.0,0.0,0.0,0.0,0.0,0.0,0.0,0.0,0.0,0.0,0.0
2012-12-01,0.837258,0.0,0.0,0.0,0.0,0.0,0.0,2350.170196704475,0.0,0.0,0.0,0.0,0.0,0.0,0.0,0.0,1503.26990588514,0.0,0.0,0.0,1764.0847804291452
2012-12-08,1.45421,0.0,0.0,0.0,0.0,0.0,0.0,0.0,0.0,0.0,0.0,2904.7886066289184,0.0,0.0,0.0,0.0,0.0,0.0,0.0,0.0,0.0
2012-12-15,2.05458,0.0,0.0,0.0,0.0,0.0,0.0,0.0,0.0,0.0,0.0,0.0,0.0,0.0,0.0,0.0,0.0,0.0,0.0,0.0,1400.9962162448564
2012-12-22,2.38636,0.0,0.0,0.0,0.0,0.0,0.0,0.0,0.0,0.0,0.0,0.0,0.0,0.0,0.0,0.0,0.0,0.0,0.0,0.0,0.0
2012-12-29,4.21053,1927.6134611751768,0.0,0.0,0.0,0.0,0.0,1777.2680416832477,0.0,0.0,0.0,0.0,0.0,0.0,0.0,0.0,0.0,0.0,0.0,0.0,0.0
2013-01-05,5.16278,0.0,0.0,0.0,0.0,0.0,0.0,1677.2271739814223,1536.1584436940682,0.0,0.0,0.0,0.0,0.0,0.0,0.0,1749.4694058515615,0.0,0.0,0.0,2390.170103700756
2013-01-12,5.11518,2812.798266652058,4139.501503994242,0.0,0.0,0.0,0.0,0.0,0.0,0.0,0.0,0.0,0.0,0.0,0.0,2408.844332523241,2107.7932314450413,0.0,0.0,0.0,1619.0690246789484
2013-01-19,5.49981,2648.8361502465978,1564.0442748785465,0.0,2275.757261122168,0.0,0.0,0.0,0.0,1243.18792107001,0.0,0.0,0.0,1243.1879210700104,0.0,1507.1002658292246,0.0,0.0,0.0,0.0,1701.2307956267316
2013-01-26,5.04705,2215.9494448915952,2233.288982101209,0.0,0.0,0.0,0.0,1842.5276564696117,0.0,0.0,0.0,0.0,0.0,0.0,0.0,0.0,1285.7145425172305,0.0,0.0,0.0,1987.8065936965704
2013-02-02,3.08789,0.0,1434.376282468617,0.0,0.0,0.0,0.0,0.0,0.0,0.0,0.0,0.0,0.0,0.0,0.0,0.0,0.0,0.0,0.0,0.0,0.0
2013-02-09,2.01085,0.0,1369.7334003005972,0.0,0.0,0.0,0.0,0.0,0.0,0.0,0.0,0.0,0.0,0.0,0.0,0.0,1410.0498258683983,0.0,0.0,0.0,1410.359123405954
2013-02-16,1.63743,0.0,0.0,0.0,0.0,0.0,0.0,0.0,0.0,0.0,0.0,0.0,0.0,0.0,0.0,0.0,1434.3963453897245,0.0,0.0,0.0,1637.19979652069
2013-02-23,1.67555,0.0,0.0,0.0,0.0,0.0,0.0,0.0,0.0,0.0,0.0,0.0,0.0,0.0,0.0,1368.4115605216962,0.0,0.0,0.0,0.0,1330.7857851563672
2013-03-02,1.11643,1221.7388598344278,0.0,0.0,0.0,0.0,0.0,0.0,0.0,0.0,0.0,0.0,0.0,0.0,0.0,0.0,1364.4756005868608,0.0,0.0,0.0,0.0
2013-03-09,1.12108,0.0,0.0,0.0,0.0,0.0,0.0,0.0,0.0,0.0,0.0,0.0,0.0,0.0,0.0,0.0,0.0,0.0,0.0,0.0,1785.4904140614258
2013-03-16,0.967492,0.0,0.0,0.0,0.0,0.0,0.0,0.0,0.0,0.0,0.0,0.0,0.0,0.0,0.0,0.0,0.0,0.0,0.0,0.0,1451.8048128100704
2013-03-23,0.858369,0.0,0.0,0.0,0.0,0.0,1401.4564485033388,1199.5874282932557,0.0,0.0,1401.4564485033388,0.0,0.0,0.0,0.0,0.0,1362.210785156651,0.0,0.0,0.0,0.0
2013-03-30,0.806045,0.0,2172.685789337506,0.0,0.0,0.0,0.0,0.0,0.0,0.0,0.0,0.0,0.0,0.0,0.0,0.0,0.0,0.0,0.0,0.0,0.0
2013-04-06,0.552741,0.0,1292.953092083495,0.0,0.0,0.0,0.0,0.0,0.0,0.0,0.0,2334.2519748311443,0.0,0.0,0.0,0.0,0.0,1417.489874415651,0.0,0.0,0.0
2013-04-13,0.243072,0.0,0.0,0.0,0.0,0.0,0.0,0.0,0.0,0.0,0.0,0.0,0.0,0.0,0.0,0.0,1945.3566348340512,0.0,0.0,0.0,1504.8122375480298
2013-04-20,0.363967,0.0,0.0,0.0,0.0,0.0,0.0,1842.25893336794,0.0,0.0,0.0,0.0,0.0,0.0,0.0,0.0,0.0,0.0,0.0,0.0,0.0
2013-04-27,0.0434028,0.0,0.0,0.0,0.0,0.0,0.0,0.0,0.0,0.0,0.0,0.0,0.0,0.0,0.0,0.0,1431.6720880216571,0.0,0.0,0.0,0.0
2013-05-04,0.0,0.0,0.0,0.0,0.0,0.0,0.0,0.0,0.0,0.0,0.0,0.0,0.0,0.0,0.0,0.0,0.0,0.0,0.0,0.0,1288.5085992469722
2013-05-11,0.0,0.0,0.0,0.0,0.0,0.0,0.0,0.0,0.0,0.0,0.0,1655.5073976805618,1862.4407852946736,0.0,0.0,0.0,0.0,0.0,0.0,0.0,1203.0540746828342
2013-05-18,0.0,0.0,0.0,0.0,0.0,0.0,0.0,0.0,0.0,0.0,0.0,0.0,0.0,0.0,0.0,0.0,1240.073819294569,0.0,0.0,0.0,1459.4844979652305
2013-05-25,0.0,0.0,0.0,0.0,0.0,0.0,0.0,0.0,0.0,0.0,0.0,0.0,0.0,0.0,0.0,0.0,0.0,0.0,0.0,0.0,1454.4774924814492
2013-06-01,0.0,1832.0696570773064,0.0,0.0,0.0,0.0,0.0,0.0,0.0,0.0,0.0,0.0,0.0,0.0,0.0,0.0,0.0,0.0,0.0,0.0,0.0
2013-06-08,0.0,0.0,0.0,0.0,0.0,0.0,0.0,0.0,0.0,0.0,0.0,0.0,0.0,0.0,0.0,0.0,0.0,0.0,0.0,0.0,0.0
2013-06-15,0.0,0.0,0.0,0.0,0.0,0.0,0.0,0.0,0.0,0.0,0.0,0.0,0.0,0.0,0.0,0.0,0.0,0.0,0.0,0.0,0.0
2013-06-22,0.0,0.0,0.0,0.0,0.0,0.0,0.0,0.0,0.0,0.0,0.0,0.0,0.0,0.0,0.0,0.0,0.0,0.0,0.0,0.0,0.0
2013-06-29,0.0,0.0,0.0,0.0,0.0,0.0,0.0,0.0,0.0,0.0,0.0,0.0,0.0,0.0,0.0,0.0,0.0,0.0,0.0,0.0,0.0
2013-07-06,0.0,0.0,0.0,0.0,0.0,0.0,0.0,0.0,0.0,0.0,0.0,0.0,0.0,0.0,0.0,0.0,0.0,0.0,0.0,0.0,2326.2622751216786
2013-07-13,0.0,0.0,0.0,0.0,0.0,1548.5917567288784,0.0,0.0,0.0,0.0,0.0,0.0,0.0,0.0,0.0,0.0,0.0,0.0,0.0,0.0,0.0
2013-07-20,0.0,0.0,0.0,0.0,0.0,0.0,0.0,0.0,0.0,0.0,0.0,0.0,0.0,0.0,0.0,0.0,1852.507575268036,0.0,0.0,0.0,0.0
2013-07-27,0.0,0.0,0.0,1632.289823935046,0.0,0.0,0.0,0.0,0.0,1542.5584969260303,0.0,0.0,0.0,1542.55849692603,0.0,0.0,0.0,0.0,0.0,0.0,0.0
2013-08-03,0.0,0.0,0.0,0.0,0.0,0.0,0.0,0.0,0.0,0.0,0.0,0.0,0.0,0.0,0.0,0.0,0.0,0.0,0.0,0.0,0.0
2013-08-10,0.0,0.0,1947.5960592483216,0.0,0.0,0.0,0.0,0.0,0.0,0.0,0.0,0.0,0.0,0.0,0.0,0.0,0.0,0.0,0.0,0.0,1561.435866562104
2013-08-17,0.0,0.0,0.0,0.0,0.0,0.0,0.0,0.0,0.0,0.0,0.0,0.0,0.0,0.0,0.0,0.0,0.0,0.0,0.0,0.0,0.0
2013-08-24,0.0,0.0,0.0,0.0,0.0,0.0,0.0,0.0,0.0,0.0,0.0,0.0,0.0,0.0,0.0,0.0,0.0,0.0,0.0,0.0,0.0
2013-08-31,0.0,0.0,0.0,0.0,0.0,0.0,0.0,0.0,0.0,0.0,0.0,0.0,0.0,0.0,0.0,0.0,0.0,0.0,0.0,0.0,2550.445037953089
2013-09-07,0.0,0.0,0.0,0.0,0.0,0.0,0.0,0.0,0.0,0.0,0.0,0.0,0.0,0.0,0.0,0.0,0.0,0.0,0.0,0.0,0.0
2013-09-14,0.0,0.0,0.0,0.0,0.0,0.0,0.0,0.0,0.0,0.0,0.0,0.0,0.0,0.0,0.0,0.0,0.0,0.0,0.0,0.0,2102.183616112668
2013-09-21,0.0,0.0,2732.8495491648755,0.0,0.0,0.0,0.0,0.0,0.0,0.0,0.0,0.0,0.0,0.0,0.0,0.0,1727.6498685603192,0.0,1611.6209957896494,0.0,0.0
2013-09-28,0.0,0.0,0.0,0.0,0.0,0.0,0.0,0.0,0.0,0.0,0.0,0.0,0.0,0.0,0.0,0.0,0.0,0.0,0.0,0.0,1376.6720988266416
2013-10-05,0.49636,0.0,0.0,0.0,0.0,0.0,0.0,0.0,0.0,0.0,0.0,0.0,0.0,0.0,0.0,0.0,0.0,0.0,0.0,2417.034354104376,1776.3028475483925
2013-10-12,0.0378215,1332.8173621251046,0.0,0.0,0.0,0.0,0.0,0.0,0.0,0.0,0.0,0.0,0.0,0.0,0.0,0.0,1815.3647322131071,0.0,0.0,0.0,0.0
2013-10-19,0.758725,0.0,0.0,0.0,0.0,0.0,0.0,0.0,0.0,0.0,0.0,0.0,0.0,0.0,0.0,0.0,0.0,0.0,0.0,1548.6749358623804,0.0
2013-10-26,1.43247,0.0,0.0,0.0,0.0,0.0,0.0,0.0,0.0,0.0,0.0,0.0,0.0,0.0,0.0,0.0,0.0,0.0,0.0,0.0,0.0
2013-11-02,1.11441,0.0,0.0,0.0,0.0,0.0,0.0,2266.9302954917343,0.0,0.0,0.0,0.0,0.0,0.0,0.0,0.0,0.0,0.0,0.0,0.0,2353.997231705411
2013-11-09,1.22997,0.0,0.0,0.0,0.0,0.0,0.0,0.0,0.0,0.0,0.0,0.0,0.0,0.0,0.0,0.0,0.0,0.0,0.0,0.0,2206.8503065230016
2013-11-16,1.28205,0.0,0.0,0.0,0.0,0.0,0.0,0.0,0.0,0.0,0.0,0.0,0.0,0.0,0.0,0.0,0.0,0.0,0.0,0.0,0.0
2013-11-23,0.840598,0.0,0.0,0.0,0.0,0.0,0.0,0.0,0.0,0.0,0.0,0.0,0.0,0.0,1312.5213724722903,0.0,0.0,0.0,0.0,0.0,2059.6032604527327
2013-11-30,1.12896,0.0,0.0,0.0,0.0,0.0,0.0,0.0,0.0,0.0,0.0,0.0,1686.9020750918096,0.0,0.0,0.0,1251.512871642194,0.0,0.0,0.0,0.0
2013-12-07,1.29994,1293.2804773828475,0.0,0.0,0.0,0.0,0.0,0.0,0.0,0.0,0.0,0.0,0.0,0.0,0.0,0.0,1480.5945206665187,0.0,0.0,0.0,0.0
2013-12-14,1.08902,0.0,0.0,0.0,0.0,0.0,0.0,0.0,0.0,0.0,0.0,0.0,0.0,0.0,0.0,0.0,0.0,0.0,0.0,0.0,0.0
2013-12-21,1.78201,0.0,0.0,0.0,0.0,0.0,0.0,0.0,1349.8760252686368,0.0,0.0,0.0,0.0,0.0,0.0,0.0,1516.1867865554752,0.0,0.0,0.0,0.0
2013-12-28,3.23232,0.0,0.0,0.0,0.0,0.0,0.0,0.0,0.0,0.0,0.0,0.0,0.0,0.0,0.0,0.0,3018.221678809421,0.0,0.0,0.0,1233.249906245462
2014-01-04,1.84014,0.0,1689.872830111954,0.0,0.0,0.0,0.0,0.0,0.0,0.0,0.0,1991.2858347968927,0.0,0.0,0.0,0.0,0.0,0.0,0.0,0.0,0.0
2014-01-11,2.02367,1057.2011849815894,0.0,0.0,0.0,0.0,0.0,0.0,0.0,0.0,0.0,0.0,0.0,0.0,0.0,0.0,2333.34841180132,991.4892302125496,0.0,0.0,1194.264516195933
2014-01-18,2.40964,1408.1501367538688,1030.2259389234434,0.0,0.0,0.0,0.0,1113.4542662727783,0.0,0.0,0.0,0.0,0.0,0.0,0.0,0.0,1212.7816795921494,0.0,0.0,0.0,1083.4487026829258
2014-01-25,3.70828,0.0,1762.3522610183163,0.0,0.0,1583.6686552773947,0.0,0.0,0.0,0.0,0.0,1880.3111522246345,1184.6228786136317,0.0,0.0,0.0,1204.2615764217164,0.0,0.0,0.0,2060.6116055436173
2014-02-01,2.48214,0.0,0.0,0.0,0.0,0.0,0.0,0.0,0.0,0.0,0.0,0.0,0.0,0.0,0.0,0.0,2141.404053842599,0.0,0.0,0.0,1484.6639944726155
2014-02-08,2.98507,0.0,0.0,0.0,0.0,0.0,0.0,1281.536700033219,0.0,1347.1531367611285,0.0,0.0,0.0,1347.1531367611287,0.0,0.0,1706.1762330637905,0.0,0.0,0.0,1153.3215700759624
2014-02-15,2.2707,0.0,0.0,0.0,0.0,0.0,0.0,0.0,0.0,0.0,0.0,0.0,0.0,0.0,0.0,0.0,0.0,0.0,0.0,0.0,1748.4797829724748
2014-02-22,1.72612,0.0,0.0,0.0,0.0,0.0,1573.006621686016,1140.191140948598,0.0,0.0,1573.006621686016,0.0,0.0,0.0,0.0,0.0,1455.857585413583,0.0,0.0,0.0,1340.1650777151212
2014-03-01,1.86263,0.0,0.0,0.0,0.0,0.0,0.0,0.0,0.0,0.0,0.0,0.0,0.0,0.0,0.0,0.0,1337.6457703845886,0.0,0.0,0.0,0.0
2014-03-08,1.95587,0.0,0.0,0.0,0.0,0.0,0.0,0.0,0.0,0.0,0.0,0.0,0.0,0.0,1271.6451550632903,0.0,1072.0287782194978,0.0,0.0,0.0,1261.9606492040807
2014-03-15,1.18017,0.0,0.0,0.0,0.0,0.0,0.0,1282.3966310478372,0.0,0.0,0.0,0.0,0.0,0.0,0.0,0.0,0.0,0.0,0.0,0.0,2454.659496509134
2014-03-22,1.29005,0.0,1176.845694984631,0.0,0.0,0.0,0.0,1620.043931229254,0.0,0.0,0.0,0.0,0.0,0.0,1445.3688788013656,1751.7557435514775,0.0,0.0,0.0,0.0,1855.692137982388
2014-03-29,1.51104,0.0,0.0,0.0,0.0,0.0,0.0,0.0,0.0,0.0,0.0,0.0,0.0,0.0,0.0,0.0,0.0,0.0,0.0,0.0,2150.6686257381616
2014-04-05,1.72552,1187.0249872392185,0.0,0.0,0.0,0.0,0.0,0.0,0.0,1480.3384259384193,0.0,0.0,0.0,1480.3384259384195,0.0,1327.3559143889645,1870.1873516946769,0.0,0.0,0.0,1670.024265792382
2014-04-12,1.48209,1215.7499998937312,0.0,0.0,0.0,0.0,0.0,0.0,0.0,0.0,0.0,0.0,0.0,0.0,0.0,0.0,0.0,0.0,0.0,0.0,0.0
2014-04-19,0.274977,0.0,0.0,0.0,0.0,0.0,0.0,0.0,0.0,0.0,0.0,0.0,0.0,0.0,0.0,0.0,1317.5022203377632,0.0,0.0,0.0,1266.9310741233635
2014-04-26,0.097229,0.0,0.0,0.0,0.0,0.0,0.0,0.0,0.0,0.0,0.0,0.0,0.0,0.0,0.0,0.0,0.0,0.0,0.0,0.0,0.0
2014-05-03,0.0514403,0.0,0.0,0.0,0.0,0.0,0.0,0.0,0.0,0.0,0.0,0.0,0.0,0.0,0.0,0.0,0.0,0.0,0.0,0.0,1226.1172147991826
2014-05-10,0.0,0.0,0.0,0.0,0.0,0.0,0.0,0.0,0.0,0.0,0.0,0.0,0.0,0.0,0.0,0.0,0.0,0.0,0.0,0.0,1713.6807086861866
2014-05-17,0.0,0.0,0.0,0.0,0.0,0.0,0.0,0.0,0.0,1223.3148411764414,0.0,0.0,0.0,1223.3148411764416,0.0,0.0,1284.2186301033478,0.0,0.0,0.0,0.0
2014-05-24,0.0,0.0,0.0,0.0,0.0,0.0,0.0,0.0,0.0,0.0,0.0,0.0,0.0,0.0,0.0,0.0,1365.801495187604,0.0,0.0,0.0,0.0
2014-05-31,0.0,0.0,0.0,0.0,0.0,0.0,0.0,0.0,0.0,0.0,0.0,0.0,0.0,0.0,0.0,0.0,0.0,0.0,0.0,0.0,1660.476256254384
2014-06-07,0.0675676,0.0,0.0,0.0,0.0,0.0,0.0,1906.567863322597,0.0,0.0,0.0,0.0,0.0,0.0,0.0,1734.160588771338,0.0,0.0,0.0,0.0,0.0
2014-06-14,0.074239,0.0,0.0,0.0,0.0,0.0,1892.9953550771536,1508.5995804404934,0.0,0.0,1892.995355077153,0.0,0.0,0.0,0.0,0.0,0.0,0.0,0.0,0.0,0.0
2014-06-21,0.137741,0.0,0.0,0.0,0.0,0.0,0.0,0.0,0.0,0.0,0.0,0.0,0.0,0.0,0.0,0.0,0.0,0.0,0.0,0.0,0.0
2014-06-28,0.0,0.0,0.0,0.0,0.0,0.0,0.0,0.0,0.0,0.0,0.0,0.0,0.0,0.0,0.0,0.0,0.0,0.0,0.0,0.0,1961.801890486321
2014-07-05,0.0,0.0,0.0,0.0,0.0,0.0,0.0,0.0,2057.027424901861,0.0,0.0,0.0,0.0,0.0,0.0,0.0,0.0,0.0,0.0,1789.3755663395352,1906.255431144637
2014-07-12,0.0,0.0,0.0,0.0,1473.5591656792112,0.0,0.0,0.0,0.0,0.0,0.0,0.0,0.0,0.0,0.0,0.0,0.0,0.0,0.0,0.0,0.0
2014-07-19,0.0,0.0,0.0,0.0,0.0,0.0,0.0,0.0,0.0,0.0,0.0,0.0,0.0,0.0,0.0,0.0,0.0,0.0,0.0,0.0,0.0
2014-07-26,0.0,0.0,0.0,0.0,0.0,0.0,0.0,0.0,0.0,0.0,0.0,0.0,0.0,0.0,0.0,0.0,0.0,0.0,0.0,0.0,2262.135603133692
2014-08-02,0.0,0.0,0.0,0.0,0.0,0.0,0.0,0.0,0.0,0.0,0.0,0.0,2632.069643256368,0.0,0.0,0.0,0.0,1854.9498162085708,0.0,0.0,0.0
2014-08-09,0.0,0.0,0.0,0.0,0.0,0.0,0.0,0.0,0.0,0.0,0.0,0.0,0.0,0.0,0.0,0.0,0.0,0.0,0.0,0.0,2258.387654213512
2014-08-16,0.0,0.0,0.0,0.0,0.0,0.0,0.0,0.0,0.0,0.0,0.0,0.0,0.0,0.0,0.0,0.0,0.0,0.0,0.0,0.0,2543.1062024369708
2014-08-23,0.0,0.0,0.0,0.0,0.0,0.0,0.0,0.0,0.0,0.0,0.0,0.0,0.0,0.0,0.0,0.0,0.0,0.0,0.0,0.0,2287.431661068676
2014-08-30,0.0,0.0,0.0,0.0,0.0,0.0,0.0,0.0,0.0,0.0,0.0,0.0,0.0,0.0,0.0,0.0,0.0,0.0,0.0,0.0,2054.956856003677
2014-09-06,0.0,0.0,0.0,0.0,1265.5460801795275,0.0,0.0,0.0,0.0,0.0,0.0,0.0,0.0,0.0,0.0,0.0,0.0,0.0,0.0,1290.1111015706251,1782.9418411802094
2014-09-13,0.134771,0.0,0.0,0.0,0.0,0.0,0.0,0.0,0.0,0.0,0.0,0.0,0.0,0.0,0.0,0.0,0.0,0.0,0.0,0.0,2400.725825635967
2014-09-20,0.0,0.0,0.0,0.0,0.0,0.0,0.0,0.0,0.0,0.0,0.0,0.0,0.0,0.0,0.0,1382.5992186985789,0.0,0.0,0.0,0.0,0.0
2014-09-27,0.144092,0.0,0.0,0.0,0.0,2434.354590814839,0.0,0.0,0.0,0.0,0.0,0.0,0.0,0.0,0.0,0.0,2286.907033438137,0.0,0.0,0.0,0.0
2014-10-04,0.0629723,2066.756066336184,0.0,0.0,0.0,0.0,0.0,0.0,0.0,0.0,0.0,0.0,0.0,0.0,0.0,0.0,0.0,0.0,0.0,0.0,0.0
2014-10-11,0.113314,0.0,0.0,0.0,0.0,0.0,0.0,0.0,0.0,0.0,0.0,0.0,0.0,0.0,0.0,0.0,2067.5593244302127,0.0,0.0,0.0,0.0
2014-10-18,0.0,1697.2564497756416,0.0,0.0,0.0,0.0,0.0,0.0,0.0,0.0,0.0,0.0,0.0,0.0,0.0,1919.1399274099624,0.0,0.0,0.0,0.0,0.0
2014-10-25,0.0,0.0,0.0,0.0,0.0,0.0,0.0,0.0,0.0,0.0,0.0,0.0,0.0,0.0,0.0,0.0,1307.728293020855,0.0,0.0,0.0,0.0
2014-11-01,0.0538213,0.0,0.0,0.0,0.0,0.0,0.0,0.0,0.0,0.0,0.0,0.0,0.0,0.0,0.0,0.0,0.0,0.0,0.0,0.0,1519.567863374119
2014-11-08,0.0993542,0.0,0.0,0.0,0.0,0.0,0.0,0.0,0.0,0.0,0.0,0.0,0.0,0.0,1310.724497125071,0.0,0.0,0.0,0.0,0.0,1419.4635278423564
2014-11-15,0.0569801,0.0,0.0,0.0,0.0,0.0,0.0,0.0,0.0,0.0,0.0,0.0,0.0,0.0,0.0,0.0,2058.920165945319,0.0,0.0,0.0,0.0
2014-11-22,0.0557103,0.0,0.0,0.0,0.0,0.0,0.0,0.0,0.0,0.0,0.0,0.0,0.0,0.0,0.0,0.0,1522.6670916879984,0.0,0.0,0.0,1761.3627288913249
2014-11-29,0.162338,0.0,0.0,0.0,0.0,0.0,0.0,0.0,0.0,0.0,0.0,0.0,0.0,0.0,0.0,0.0,0.0,0.0,0.0,0.0,1440.2684998353218
2014-12-06,0.281215,0.0,0.0,0.0,0.0,0.0,0.0,0.0,0.0,0.0,0.0,0.0,0.0,0.0,1736.0210863066543,0.0,1186.949199059949,0.0,0.0,0.0,1552.2576929320096
2014-12-13,0.111421,0.0,0.0,0.0,0.0,0.0,0.0,1356.114732792292,0.0,0.0,0.0,0.0,0.0,0.0,0.0,0.0,0.0,0.0,0.0,0.0,1758.5910901053708
2014-12-20,0.660793,1458.0317259453905,0.0,0.0,0.0,0.0,0.0,0.0,0.0,0.0,0.0,0.0,0.0,0.0,0.0,1984.9967183549304,0.0,0.0,0.0,0.0,0.0
2014-12-27,1.16183,1674.0005048362364,3010.4996392653475,0.0,0.0,0.0,0.0,0.0,0.0,0.0,0.0,0.0,0.0,0.0,0.0,0.0,0.0,0.0,0.0,0.0,1729.3399395863505
2015-01-03,1.65687,2933.22558337844,3600.1472547022017,0.0,0.0,0.0,0.0,2357.4334790256853,0.0,0.0,0.0,0.0,0.0,0.0,0.0,0.0,1648.2226340049922,0.0,0.0,0.0,0.0
2015-01-10,1.35514,2657.638270381864,3464.1661846941706,0.0,0.0,0.0,0.0,0.0,0.0,0.0,0.0,0.0,0.0,0.0,0.0,1693.2158834799625,1421.4905907185437,0.0,0.0,0.0,1742.9391358683242
2015-01-17,4.00863,1729.591344404602,2397.3407552254253,0.0,0.0,0.0,0.0,0.0,0.0,0.0,0.0,2232.326642214398,0.0,0.0,0.0,0.0,1395.976714230788,0.0,0.0,0.0,2146.3331062153684
2015-01-24,3.54913,0.0,2453.3612733409104,0.0,0.0,0.0,0.0,0.0,0.0,0.0,0.0,1504.4522318718512,0.0,0.0,0.0,0.0,0.0,0.0,1370.4702885619197,0.0,2592.035145624007
2015-01-31,2.77865,0.0,0.0,0.0,1673.5643395955335,0.0,0.0,0.0,0.0,0.0,0.0,0.0,0.0,0.0,0.0,0.0,1893.8754205012,0.0,0.0,0.0,3057.732061012723
2015-02-07,1.95035,1357.8151489853622,0.0,0.0,0.0,0.0,0.0,0.0,0.0,0.0,0.0,0.0,0.0,0.0,0.0,0.0,1414.3535525998564,0.0,0.0,0.0,1371.0919352472151
2015-02-14,1.23839,0.0,0.0,0.0,0.0,0.0,0.0,0.0,0.0,0.0,0.0,0.0,0.0,0.0,0.0,0.0,0.0,0.0,0.0,0.0,1630.0555588543482
2015-02-21,0.895639,0.0,0.0,0.0,0.0,0.0,0.0,0.0,0.0,0.0,0.0,0.0,0.0,0.0,0.0,0.0,2213.797546958144,0.0,0.0,0.0,1905.7463061087296
2015-02-28,0.86741,0.0,1438.277088036744,0.0,0.0,0.0,0.0,0.0,0.0,0.0,0.0,0.0,0.0,0.0,0.0,0.0,2165.187636956914,0.0,0.0,0.0,2467.362730137864
2015-03-07,0.790663,0.0,0.0,0.0,0.0,0.0,0.0,0.0,0.0,0.0,0.0,0.0,0.0,0.0,2820.418256934004,0.0,0.0,0.0,0.0,0.0,0.0
2015-03-14,0.418545,0.0,0.0,0.0,0.0,0.0,0.0,0.0,0.0,0.0,0.0,0.0,0.0,0.0,0.0,0.0,1500.1310652827392,0.0,0.0,0.0,1669.914181116434
2015-03-21,0.242204,0.0,0.0,0.0,0.0,1380.802239945756,0.0,0.0,0.0,0.0,0.0,0.0,0.0,0.0,0.0,0.0,1513.452598370106,0.0,0.0,0.0,0.0
2015-03-28,0.384862,0.0,0.0,0.0,0.0,0.0,0.0,1517.2981522826813,0.0,0.0,0.0,0.0,0.0,0.0,0.0,0.0,0.0,0.0,1388.9869287980289,0.0,2801.561840933298
2015-04-04,0.239973,2689.342614189183,1503.5026207620815,0.0,0.0,0.0,0.0,0.0,0.0,0.0,0.0,0.0,0.0,0.0,0.0,0.0,0.0,0.0,0.0,0.0,2716.3054318394
2015-04-11,0.196657,0.0,0.0,0.0,0.0,0.0,0.0,1556.9755389931554,0.0,0.0,0.0,0.0,0.0,0.0,0.0,0.0,1339.2491711257296,0.0,0.0,0.0,1796.4699189242065
2015-04-18,0.191205,0.0,0.0,0.0,0.0,0.0,0.0,0.0,0.0,0.0,0.0,0.0,0.0,0.0,0.0,0.0,0.0,0.0,0.0,0.0,1600.4916745458438
2015-04-25,0.0954198,0.0,0.0,0.0,0.0,0.0,0.0,0.0,0.0,0.0,0.0,0.0,0.0,0.0,0.0,0.0,0.0,0.0,0.0,0.0,1318.154769902315
2015-05-02,0.0484496,0.0,0.0,0.0,0.0,0.0,0.0,0.0,0.0,0.0,0.0,0.0,0.0,0.0,0.0,0.0,0.0,0.0,0.0,0.0,2145.643179377348
2015-05-09,0.0462107,0.0,0.0,0.0,0.0,0.0,0.0,0.0,0.0,0.0,0.0,0.0,0.0,0.0,0.0,0.0,0.0,0.0,0.0,0.0,1414.6990172367018
2015-05-16,0.0,0.0,0.0,0.0,0.0,0.0,0.0,0.0,0.0,0.0,0.0,0.0,0.0,0.0,0.0,0.0,0.0,0.0,0.0,0.0,0.0
2015-05-23,0.0,0.0,0.0,0.0,0.0,0.0,0.0,0.0,0.0,0.0,0.0,0.0,0.0,0.0,0.0,0.0,0.0,0.0,0.0,0.0,0.0
2015-05-30,0.0761035,0.0,0.0,0.0,0.0,0.0,0.0,1795.999300276886,0.0,0.0,0.0,0.0,0.0,0.0,0.0,0.0,0.0,0.0,0.0,0.0,0.0
2015-06-06,0.0,0.0,0.0,0.0,0.0,0.0,0.0,0.0,0.0,0.0,0.0,0.0,0.0,0.0,0.0,0.0,0.0,0.0,0.0,0.0,0.0
2015-06-13,0.068918,0.0,0.0,0.0,0.0,0.0,0.0,0.0,0.0,0.0,0.0,0.0,0.0,0.0,0.0,0.0,0.0,0.0,0.0,0.0,0.0
2015-06-20,0.0,0.0,0.0,0.0,0.0,0.0,0.0,0.0,0.0,0.0,0.0,0.0,0.0,0.0,0.0,0.0,0.0,0.0,0.0,0.0,0.0
2015-06-27,0.0,0.0,0.0,0.0,0.0,0.0,0.0,0.0,0.0,0.0,0.0,0.0,0.0,0.0,0.0,0.0,0.0,0.0,0.0,0.0,0.0
2015-07-04,0.0,0.0,0.0,0.0,0.0,0.0,0.0,0.0,0.0,0.0,0.0,0.0,1648.409234768494,0.0,0.0,0.0,0.0,0.0,0.0,0.0,0.0
2015-07-11,0.0,0.0,0.0,0.0,0.0,0.0,0.0,0.0,0.0,0.0,0.0,0.0,0.0,0.0,0.0,0.0,1945.0906309466172,0.0,0.0,0.0,0.0
2015-07-18,0.0,0.0,0.0,0.0,0.0,0.0,0.0,0.0,0.0,0.0,0.0,0.0,0.0,0.0,0.0,1686.0310313268562,0.0,0.0,0.0,0.0,0.0
2015-07-25,0.0,0.0,0.0,0.0,0.0,0.0,0.0,0.0,0.0,0.0,0.0,0.0,0.0,0.0,0.0,0.0,0.0,0.0,0.0,0.0,0.0
2015-08-01,0.0,0.0,0.0,0.0,0.0,0.0,0.0,0.0,0.0,0.0,0.0,0.0,0.0,0.0,0.0,0.0,0.0,0.0,0.0,0.0,0.0
2015-08-08,0.0,0.0,2479.82386543804,0.0,0.0,0.0,0.0,0.0,0.0,0.0,0.0,0.0,0.0,0.0,0.0,0.0,1640.818688136182,0.0,0.0,0.0,0.0
2015-08-15,0.0,0.0,0.0,0.0,0.0,0.0,0.0,0.0,0.0,0.0,0.0,0.0,0.0,0.0,0.0,0.0,0.0,0.0,0.0,1538.184196818146,0.0
2015-08-22,0.0,0.0,0.0,0.0,0.0,0.0,0.0,0.0,0.0,0.0,0.0,0.0,0.0,0.0,0.0,0.0,0.0,1383.1150050158271,0.0,0.0,0.0
2015-08-29,0.0,0.0,0.0,0.0,0.0,0.0,0.0,0.0,0.0,0.0,0.0,0.0,0.0,0.0,0.0,0.0,1534.61913381812,0.0,0.0,0.0,2073.650189031591
2015-09-05,0.0,0.0,0.0,0.0,0.0,0.0,0.0,0.0,0.0,0.0,0.0,0.0,0.0,0.0,0.0,0.0,1559.4837086730165,0.0,0.0,0.0,1768.6458704654356
2015-09-12,0.0,0.0,0.0,0.0,0.0,0.0,0.0,0.0,0.0,0.0,0.0,0.0,0.0,0.0,0.0,0.0,0.0,0.0,0.0,0.0,0.0
2015-09-19,0.0,0.0,0.0,0.0,0.0,0.0,0.0,0.0,0.0,0.0,0.0,0.0,0.0,0.0,0.0,0.0,2086.7625903600624,0.0,0.0,0.0,1629.155583650013
2015-09-26,0.0602773,0.0,0.0,0.0,0.0,0.0,0.0,0.0,0.0,0.0,0.0,0.0,0.0,0.0,1412.6212440712636,0.0,1585.842767085133,0.0,0.0,0.0,1828.6833815635357
2015-10-03,0.0,0.0,0.0,0.0,0.0,0.0,0.0,0.0,0.0,0.0,0.0,0.0,0.0,0.0,0.0,0.0,2422.3327845721624,0.0,0.0,0.0,0.0
2015-10-10,0.0994777,0.0,0.0,0.0,0.0,0.0,0.0,0.0,0.0,0.0,0.0,0.0,0.0,0.0,0.0,0.0,0.0,0.0,0.0,0.0,0.0
2015-10-17,0.0235738,0.0,0.0,0.0,0.0,0.0,0.0,0.0,0.0,0.0,0.0,0.0,0.0,0.0,0.0,0.0,1715.787536688288,0.0,0.0,0.0,1293.9592882571792
2015-10-24,0.0697188,2183.603923834932,0.0,0.0,0.0,0.0,0.0,0.0,0.0,0.0,0.0,0.0,0.0,0.0,0.0,0.0,0.0,0.0,0.0,0.0,1939.7608197820664
2015-10-31,0.123885,1460.5611519626473,0.0,0.0,0.0,0.0,0.0,0.0,0.0,0.0,0.0,0.0,0.0,0.0,0.0,0.0,1252.000362397065,0.0,0.0,0.0,1388.7960901890904
2015-11-07,0.204918,0.0,0.0,0.0,0.0,0.0,0.0,1792.1824988866902,0.0,0.0,0.0,0.0,0.0,0.0,0.0,0.0,1245.0733951983811,0.0,0.0,0.0,1851.635239391572
2015-11-14,0.167866,0.0,0.0,0.0,0.0,0.0,0.0,0.0,0.0,0.0,0.0,0.0,0.0,0.0,0.0,0.0,0.0,0.0,0.0,0.0,1630.7079849435222
2015-11-21,0.273496,0.0,0.0,0.0,0.0,0.0,0.0,0.0,0.0,0.0,0.0,0.0,0.0,0.0,0.0,0.0,0.0,0.0,0.0,0.0,1603.1722901220594
2015-11-28,0.261292,0.0,0.0,1405.5410146349498,0.0,0.0,0.0,0.0,0.0,0.0,0.0,0.0,0.0,0.0,0.0,0.0,0.0,0.0,0.0,0.0,0.0
2015-12-05,0.148588,0.0,0.0,0.0,0.0,0.0,0.0,0.0,0.0,0.0,0.0,0.0,0.0,0.0,0.0,0.0,0.0,0.0,0.0,0.0,2621.4311014314426
2015-12-12,0.148331,0.0,0.0,0.0,0.0,0.0,0.0,0.0,0.0,0.0,0.0,0.0,0.0,0.0,0.0,0.0,1354.5453725795198,0.0,0.0,1304.221468026924,2899.629103563548
2015-12-19,0.144265,0.0,0.0,0.0,0.0,0.0,0.0,0.0,0.0,0.0,0.0,0.0,0.0,0.0,0.0,0.0,2140.57021008683,0.0,0.0,0.0,1705.5527587139677
2015-12-26,0.0,0.0,0.0,0.0,0.0,0.0,0.0,0.0,0.0,1621.2559632931457,0.0,0.0,0.0,1621.255963293146,0.0,0.0,1723.9193427553976,0.0,0.0,0.0,2289.627639140333
2016-01-02,0.202634,0.0,0.0,0.0,0.0,0.0,0.0,0.0,0.0,0.0,0.0,0.0,0.0,0.0,0.0,0.0,1947.6108168919889,0.0,0.0,0.0,1905.2715323898628
2016-01-09,0.266351,0.0,0.0,0.0,0.0,0.0,0.0,0.0,0.0,0.0,0.0,0.0,0.0,0.0,0.0,825.1733942392781,1892.1236943994445,0.0,0.0,0.0,1042.352361532232
2016-01-16,0.214988,0.0,0.0,1306.5479711889584,0.0,0.0,0.0,804.4972559691452,0.0,0.0,0.0,820.1006715207475,0.0,0.0,0.0,0.0,1646.50259170095,0.0,0.0,0.0,1250.0736952581
2016-01-23,0.0820008,0.0,0.0,0.0,0.0,0.0,0.0,966.9983595399538,0.0,1140.5566640895154,0.0,0.0,0.0,1140.5566640895154,0.0,0.0,881.5363361626664,0.0,0.0,0.0,0.0
2016-01-30,0.10101,0.0,0.0,0.0,0.0,0.0,0.0,1286.6857117606662,0.0,0.0,0.0,0.0,1086.5464640899982,0.0,0.0,0.0,2078.502493375669,0.0,0.0,0.0,2169.5238277348176
2016-02-06,0.186625,0.0,0.0,0.0,0.0,0.0,0.0,0.0,0.0,0.0,0.0,1084.345465601248,0.0,0.0,0.0,0.0,988.8993319621804,0.0,0.0,0.0,2687.7104200678523
2016-02-13,0.0978793,0.0,0.0,0.0,0.0,0.0,0.0,899.0355229552375,0.0,0.0,0.0,0.0,0.0,0.0,0.0,0.0,926.224779706684,0.0,0.0,0.0,0.0
2016-02-20,0.0641643,0.0,0.0,0.0,0.0,0.0,0.0,0.0,0.0,0.0,0.0,0.0,0.0,0.0,0.0,0.0,1414.3791169776712,0.0,0.0,0.0,1106.0245783904377
2016-02-27,0.658307,0.0,0.0,0.0,1022.0567277994364,0.0,0.0,0.0,0.0,0.0,0.0,0.0,0.0,0.0,0.0,0.0,1674.2138107585884,0.0,0.0,0.0,1471.5616572694346
2016-03-05,1.03028,0.0,0.0,0.0,0.0,0.0,0.0,0.0,0.0,0.0,0.0,0.0,0.0,0.0,0.0,0.0,958.7689258796272,0.0,0.0,0.0,1692.2645132429363
2016-03-12,1.73697,1636.5225362453773,0.0,0.0,0.0,0.0,0.0,1269.015929305334,0.0,0.0,0.0,0.0,0.0,0.0,0.0,0.0,1129.5342352536004,0.0,0.0,0.0,1491.0318388195449
2016-03-19,1.35218,1543.1310055986596,1034.0000799314184,0.0,0.0,0.0,0.0,1332.2850345155075,0.0,0.0,0.0,0.0,0.0,0.0,0.0,1244.4271741950593,1470.0184270555333,0.0,0.0,0.0,1546.0575874466715
2016-03-26,1.53739,962.418205556686,0.0,0.0,0.0,0.0,0.0,0.0,0.0,0.0,0.0,0.0,0.0,0.0,0.0,0.0,0.0,0.0,0.0,0.0,1685.3549884070364
2016-04-02,0.867152,0.0,0.0,0.0,0.0,0.0,0.0,0.0,0.0,0.0,0.0,0.0,0.0,0.0,0.0,0.0,1213.8530924694576,0.0,0.0,0.0,0.0
2016-04-09,0.747238,1184.3677092796106,0.0,0.0,0.0,0.0,0.0,1042.4058451515598,0.0,0.0,0.0,0.0,0.0,0.0,0.0,0.0,1492.374139539229,0.0,0.0,0.0,958.971787386474
2016-04-16,0.280199,0.0,1399.6473842419982,0.0,0.0,0.0,0.0,0.0,0.0,0.0,0.0,0.0,0.0,0.0,0.0,0.0,1000.9280126169004,0.0,0.0,0.0,979.9170203028394
2016-04-23,0.30656,0.0,0.0,0.0,0.0,0.0,0.0,0.0,0.0,0.0,0.0,0.0,0.0,0.0,0.0,0.0,0.0,0.0,0.0,0.0,1017.961896479283
2016-04-30,0.570853,0.0,951.2090988436036,0.0,0.0,0.0,0.0,0.0,0.0,0.0,0.0,0.0,1033.9792718109395,0.0,0.0,0.0,0.0,0.0,0.0,0.0,1244.8871778856817
2016-05-07,0.336474,0.0,0.0,0.0,0.0,0.0,0.0,0.0,0.0,0.0,0.0,0.0,0.0,0.0,0.0,0.0,0.0,0.0,0.0,0.0,1013.5044585763608
2016-05-14,0.163666,0.0,916.0009551454664,0.0,0.0,0.0,0.0,0.0,0.0,0.0,0.0,0.0,0.0,0.0,0.0,0.0,1284.829313752675,0.0,1494.4832109768352,0.0,1492.1709593853184
2016-05-21,0.112486,0.0,0.0,0.0,0.0,973.0591298318624,0.0,0.0,0.0,1063.94735210333,0.0,0.0,0.0,1063.94735210333,0.0,0.0,905.8445419476272,0.0,0.0,0.0,1704.8366573264266
2016-05-28,0.0,0.0,0.0,0.0,0.0,0.0,0.0,0.0,0.0,0.0,0.0,0.0,0.0,0.0,0.0,0.0,0.0,0.0,0.0,0.0,1939.952321775896
2016-06-04,0.275356,0.0,0.0,0.0,0.0,0.0,0.0,1080.8594888785212,0.0,0.0,0.0,0.0,0.0,0.0,0.0,0.0,1059.2420532693789,0.0,0.0,0.0,1115.958276783509
2016-06-11,0.134544,0.0,0.0,0.0,0.0,0.0,0.0,0.0,0.0,0.0,0.0,0.0,0.0,0.0,0.0,0.0,0.0,0.0,0.0,0.0,1595.4362844919335
2016-06-18,0.0,0.0,0.0,0.0,0.0,0.0,947.0950020652188,0.0,0.0,0.0,947.0950020652192,0.0,0.0,0.0,0.0,0.0,0.0,0.0,0.0,0.0,1836.1768536127809
2016-06-25,0.0,0.0,0.0,0.0,0.0,0.0,0.0,0.0,0.0,0.0,0.0,0.0,0.0,0.0,0.0,0.0,0.0,0.0,0.0,0.0,1567.9176490177554
2016-07-02,0.0,0.0,0.0,0.0,0.0,0.0,0.0,0.0,0.0,0.0,0.0,0.0,0.0,0.0,0.0,0.0,986.4809208116552,0.0,0.0,0.0,0.0
2016-07-09,0.0,0.0,0.0,0.0,0.0,0.0,0.0,0.0,0.0,0.0,0.0,0.0,0.0,0.0,0.0,0.0,0.0,0.0,0.0,0.0,1022.0791627982647
2016-07-16,0.10803,0.0,0.0,0.0,0.0,0.0,0.0,0.0,0.0,889.3173765688127,0.0,0.0,0.0,889.3173765688127,0.0,1150.8790296430257,891.2111781051929,0.0,0.0,0.0,1307.000239174301
2016-07-23,0.102951,0.0,0.0,0.0,0.0,0.0,0.0,0.0,0.0,0.0,0.0,0.0,0.0,0.0,0.0,0.0,1034.6992921702954,0.0,0.0,0.0,1918.9704843027569
2016-07-30,0.0,0.0,0.0,0.0,0.0,0.0,0.0,0.0,0.0,0.0,0.0,0.0,0.0,0.0,0.0,0.0,0.0,0.0,0.0,0.0,1260.7593998580546
2016-08-06,0.0738825,0.0,0.0,0.0,0.0,0.0,0.0,0.0,0.0,0.0,0.0,0.0,0.0,0.0,0.0,0.0,987.6349885937904,0.0,0.0,0.0,1156.2438282371252
2016-08-13,0.0747943,0.0,0.0,0.0,0.0,0.0,0.0,0.0,0.0,0.0,0.0,0.0,0.0,0.0,0.0,0.0,0.0,0.0,0.0,0.0,1919.2258800931704
2016-08-20,0.0,0.0,0.0,0.0,0.0,0.0,0.0,0.0,0.0,0.0,0.0,0.0,0.0,0.0,0.0,0.0,0.0,935.2757519828382,0.0,0.0,0.0
2016-08-27,0.19861,0.0,0.0,0.0,0.0,0.0,0.0,0.0,0.0,0.0,0.0,0.0,0.0,0.0,0.0,0.0,1047.8809827611203,0.0,0.0,0.0,1311.312046398349
2016-09-03,0.0363769,0.0,0.0,0.0,0.0,0.0,0.0,0.0,0.0,0.0,0.0,0.0,0.0,0.0,938.6160250417018,0.0,0.0,0.0,0.0,0.0,1847.5840645234748
2016-09-10,0.0978474,0.0,0.0,0.0,0.0,0.0,0.0,0.0,0.0,0.0,0.0,0.0,0.0,0.0,0.0,0.0,0.0,0.0,0.0,0.0,1401.5411402132493
2016-09-17,0.215363,0.0,0.0,0.0,0.0,0.0,0.0,0.0,0.0,0.0,0.0,0.0,0.0,0.0,0.0,0.0,3143.705859925762,0.0,0.0,0.0,0.0
2016-09-24,0.0,0.0,0.0,0.0,0.0,0.0,0.0,0.0,0.0,0.0,0.0,0.0,0.0,0.0,0.0,0.0,0.0,0.0,0.0,0.0,1088.3258847546822
2016-10-01,0.0,0.0,0.0,0.0,0.0,0.0,0.0,0.0,0.0,0.0,0.0,0.0,0.0,0.0,0.0,0.0,0.0,0.0,0.0,0.0,2126.964407447704
2016-10-08,0.104858,0.0,0.0,0.0,0.0,0.0,0.0,1148.1799327568426,0.0,0.0,0.0,1410.5102945138372,0.0,0.0,0.0,1111.4993470915028,1593.3328429882,0.0,0.0,0.0,1975.1597787925068
2016-10-15,0.0687285,0.0,0.0,0.0,0.0,0.0,0.0,0.0,0.0,0.0,0.0,0.0,0.0,0.0,0.0,0.0,0.0,0.0,0.0,0.0,1446.5114786769886
2016-10-22,0.171703,0.0,0.0,0.0,0.0,0.0,0.0,967.6620528345308,0.0,0.0,0.0,0.0,0.0,0.0,0.0,0.0,1139.3763111370138,0.0,0.0,0.0,1473.5439175049798
2016-10-29,0.281591,1255.8261533099587,0.0,0.0,0.0,0.0,0.0,1507.415189814337,0.0,0.0,0.0,0.0,0.0,0.0,0.0,0.0,1267.282381386537,0.0,0.0,0.0,1320.4197110303012
2016-11-05,0.40293,0.0,0.0,0.0,0.0,0.0,1491.7632967148097,958.6059675101852,0.0,0.0,1491.7632967148097,0.0,0.0,0.0,0.0,0.0,994.4664880523924,0.0,0.0,0.0,1445.1830285658202
2016-11-12,0.0359324,0.0,0.0,0.0,0.0,0.0,0.0,0.0,0.0,0.0,0.0,0.0,0.0,0.0,0.0,0.0,1153.2524088182545,0.0,0.0,0.0,0.0
2016-11-19,0.138169,1160.9805694391982,0.0,0.0,0.0,0.0,0.0,0.0,0.0,0.0,0.0,0.0,886.0148602571085,0.0,0.0,0.0,1533.153104047326,0.0,0.0,0.0,2107.90735338302
2016-11-26,0.0496032,0.0,0.0,0.0,0.0,0.0,0.0,0.0,0.0,0.0,0.0,0.0,0.0,0.0,0.0,0.0,938.4238425824674,0.0,0.0,0.0,987.6841256488916
2016-12-03,0.0350018,844.1310246820226,0.0,0.0,0.0,0.0,0.0,0.0,0.0,0.0,0.0,0.0,0.0,0.0,0.0,0.0,0.0,860.196889981116,0.0,0.0,1314.7665357606209
2016-12-10,0.177179,0.0,883.6572115778732,0.0,0.0,0.0,0.0,1089.349176328452,0.0,0.0,0.0,0.0,0.0,0.0,0.0,0.0,1920.5745297877825,0.0,0.0,0.0,789.4339059597305
2016-12-17,0.145826,0.0,0.0,0.0,0.0,0.0,0.0,1480.781497447006,0.0,0.0,0.0,1176.5217773235574,0.0,0.0,0.0,0.0,0.0,0.0,0.0,0.0,1365.9626171280242
2016-12-24,0.0785855,0.0,0.0,0.0,0.0,0.0,0.0,1211.7414159349364,0.0,0.0,0.0,936.928108488169,0.0,0.0,0.0,0.0,1080.7655917026227,0.0,0.0,0.0,2394.193208991732
2016-12-31,0.106952,0.0,0.0,0.0,0.0,0.0,0.0,0.0,0.0,0.0,0.0,1137.9881973634783,0.0,0.0,0.0,0.0,1312.164120114116,0.0,0.0,0.0,2309.301919382147
2017-01-07,0.185014,0.0,0.0,0.0,0.0,0.0,0.0,789.2502987224259,0.0,0.0,0.0,961.1181521936412,0.0,0.0,0.0,0.0,922.8277872151332,0.0,0.0,0.0,2543.6645964735108
2017-01-14,0.633357,0.0,0.0,0.0,0.0,0.0,0.0,0.0,0.0,0.0,0.0,830.5066266466218,0.0,0.0,0.0,0.0,1343.4193969254648,0.0,0.0,0.0,1584.2436547259954
2017-01-21,0.406688,0.0,0.0,0.0,0.0,0.0,0.0,1188.3349314315808,0.0,0.0,0.0,0.0,0.0,0.0,0.0,0.0,1246.3020442611974,0.0,0.0,0.0,2639.4614788832537
2017-01-28,0.356761,1425.4140970003173,0.0,0.0,0.0,0.0,0.0,951.844140179263,0.0,0.0,0.0,1030.325320107777,0.0,0.0,0.0,0.0,1194.8178172107596,0.0,0.0,0.0,1379.86112186463
2017-02-04,0.726644,1568.382828431121,0.0,0.0,0.0,0.0,0.0,0.0,0.0,0.0,0.0,0.0,0.0,0.0,0.0,0.0,920.532828602472,0.0,0.0,0.0,2600.7248993939324
2017-02-11,0.638468,1704.4743753539683,1659.1330192250314,0.0,889.3402866901127,0.0,0.0,1658.3762948424474,0.0,0.0,0.0,0.0,987.5221797086756,0.0,0.0,0.0,1417.0975321442413,0.0,0.0,0.0,1163.3637268309608
2017-02-18,1.28824,843.0125306585825,1296.3030184718532,0.0,0.0,1063.7514884600914,0.0,893.4234055544794,0.0,0.0,0.0,0.0,0.0,0.0,1350.8739220850584,994.8299968175772,1754.2153761346003,0.0,0.0,0.0,1712.012671452225
2017-02-25,1.14424,1651.8686033561687,1654.0774278825654,0.0,1175.9800896161478,0.0,0.0,985.250727091744,0.0,0.0,0.0,0.0,0.0,0.0,0.0,948.47122526933,1198.563888938589,0.0,0.0,946.6176978115368,1891.3184230703323
2017-03-04,0.596421,752.6691271697855,0.0,0.0,771.6507481814783,0.0,0.0,1034.2073994621564,0.0,0.0,0.0,0.0,0.0,0.0,0.0,0.0,0.0,0.0,0.0,0.0,1788.0142041277404
2017-03-11,0.790254,1194.9578280614276,777.174094257493,0.0,0.0,0.0,0.0,0.0,0.0,0.0,0.0,0.0,0.0,0.0,0.0,0.0,1451.273489631583,0.0,0.0,0.0,1229.9243637402317
2017-03-18,0.526316,0.0,716.926481981197,0.0,0.0,0.0,0.0,0.0,0.0,0.0,0.0,0.0,0.0,0.0,0.0,0.0,0.0,0.0,0.0,0.0,1722.692423530115
2017-03-25,0.336247,1098.3944481464289,0.0,0.0,0.0,0.0,0.0,0.0,0.0,0.0,0.0,0.0,0.0,0.0,0.0,0.0,1311.7403205984615,0.0,0.0,0.0,2026.889341606549
2017-04-01,0.570661,0.0,0.0,0.0,0.0,0.0,0.0,1144.5454245913763,0.0,0.0,0.0,0.0,0.0,0.0,0.0,0.0,1502.7024523222976,0.0,0.0,0.0,1163.1503715079832
2017-04-08,0.464618,949.8623656659032,0.0,0.0,0.0,0.0,0.0,0.0,0.0,0.0,0.0,0.0,0.0,0.0,0.0,0.0,1046.665092312765,0.0,0.0,0.0,1899.68470016101
2017-04-15,0.520416,0.0,0.0,0.0,0.0,0.0,0.0,0.0,0.0,0.0,0.0,0.0,0.0,0.0,0.0,0.0,1910.0988149360696,0.0,0.0,770.6610584992578,1624.9742302767338
2017-04-22,0.222469,0.0,0.0,0.0,0.0,0.0,0.0,0.0,0.0,0.0,0.0,0.0,0.0,0.0,0.0,0.0,1251.1729380630316,0.0,0.0,0.0,1512.7408200933874
2017-04-29,0.0366032,0.0,0.0,0.0,0.0,0.0,0.0,0.0,0.0,0.0,0.0,0.0,0.0,0.0,0.0,0.0,1050.8527605130955,0.0,0.0,0.0,1036.5867723070137
2017-05-06,0.0703235,1263.109312527065,0.0,0.0,0.0,0.0,0.0,0.0,0.0,0.0,0.0,0.0,0.0,0.0,0.0,0.0,0.0,0.0,0.0,0.0,966.4982966012096
2017-05-13,0.0,0.0,0.0,0.0,0.0,0.0,0.0,1088.4038714193166,0.0,0.0,0.0,0.0,0.0,0.0,0.0,0.0,0.0,0.0,0.0,0.0,1369.5478442385222
2017-05-20,0.145349,0.0,0.0,0.0,0.0,0.0,0.0,0.0,0.0,0.0,0.0,0.0,0.0,0.0,0.0,0.0,1458.754831260664,0.0,0.0,0.0,1852.736824706322
2017-05-27,0.0738552,0.0,0.0,0.0,0.0,0.0,0.0,0.0,0.0,0.0,0.0,0.0,0.0,0.0,0.0,0.0,0.0,0.0,0.0,0.0,1599.8751657761632
2017-06-03,0.175593,0.0,0.0,0.0,0.0,0.0,0.0,0.0,0.0,0.0,0.0,0.0,0.0,0.0,0.0,0.0,0.0,0.0,0.0,0.0,0.0
2017-06-10,0.0,0.0,0.0,0.0,0.0,0.0,0.0,0.0,0.0,0.0,0.0,0.0,0.0,0.0,0.0,0.0,960.69138677921,0.0,0.0,0.0,832.5238761576519
2017-06-17,0.58873,0.0,0.0,0.0,0.0,0.0,0.0,0.0,0.0,0.0,0.0,0.0,0.0,0.0,0.0,0.0,816.7508633400279,0.0,0.0,0.0,895.6721585691814
2017-06-24,0.0,0.0,0.0,0.0,0.0,0.0,0.0,0.0,0.0,0.0,0.0,0.0,0.0,0.0,0.0,0.0,822.1477323316659,0.0,0.0,0.0,1219.5487697660585
2017-07-01,0.0,0.0,0.0,0.0,0.0,0.0,0.0,904.608615924656,0.0,0.0,0.0,0.0,0.0,0.0,0.0,0.0,0.0,0.0,0.0,0.0,1781.7842006252931
2017-07-08,0.0,0.0,0.0,0.0,0.0,0.0,0.0,0.0,0.0,0.0,0.0,0.0,0.0,0.0,0.0,0.0,816.207077154305,0.0,0.0,0.0,1172.2642562436654
2017-07-15,0.0,0.0,0.0,0.0,0.0,0.0,0.0,0.0,0.0,0.0,0.0,0.0,0.0,0.0,0.0,0.0,0.0,0.0,0.0,0.0,1356.3508725987083
2017-07-22,0.145402,0.0,0.0,0.0,0.0,0.0,0.0,0.0,0.0,0.0,0.0,0.0,0.0,0.0,0.0,0.0,1191.9383942246277,0.0,0.0,0.0,0.0
2017-07-29,0.0,0.0,0.0,0.0,0.0,893.6520948623634,0.0,0.0,0.0,0.0,0.0,0.0,0.0,0.0,0.0,0.0,1103.6087631625846,0.0,0.0,0.0,1339.3689341991458
2017-08-05,0.0,0.0,0.0,0.0,0.0,0.0,0.0,0.0,0.0,0.0,0.0,0.0,0.0,0.0,0.0,0.0,0.0,0.0,0.0,0.0,1501.607829693668
2017-08-12,0.0,0.0,0.0,0.0,0.0,0.0,0.0,0.0,0.0,0.0,0.0,0.0,0.0,0.0,0.0,0.0,749.2544741087451,0.0,0.0,0.0,1154.8195219291351
2017-08-19,0.076864,0.0,0.0,0.0,0.0,0.0,0.0,0.0,0.0,0.0,0.0,0.0,0.0,0.0,0.0,0.0,0.0,0.0,0.0,0.0,934.6797569203886
2017-08-26,0.114329,0.0,0.0,0.0,0.0,0.0,0.0,0.0,0.0,0.0,0.0,0.0,0.0,0.0,0.0,0.0,0.0,0.0,0.0,0.0,1305.0477475492023
2017-09-02,0.0,0.0,0.0,0.0,0.0,0.0,0.0,0.0,0.0,0.0,0.0,0.0,0.0,0.0,0.0,0.0,1261.6123139296142,0.0,0.0,0.0,1343.5450259126071
2017-09-09,0.0987654,0.0,0.0,0.0,0.0,0.0,0.0,0.0,0.0,0.0,0.0,0.0,0.0,0.0,0.0,0.0,0.0,0.0,0.0,0.0,913.4038736697198
2017-09-16,0.0,0.0,0.0,0.0,0.0,0.0,0.0,1263.409884044033,0.0,0.0,0.0,0.0,0.0,0.0,0.0,737.9026684676445,0.0,0.0,0.0,0.0,1342.6865573727064
2017-09-23,0.0,0.0,0.0,0.0,0.0,0.0,0.0,0.0,0.0,0.0,0.0,0.0,808.0060963589045,0.0,0.0,0.0,1101.028418674288,0.0,0.0,0.0,933.087841673284
2017-09-30,0.101557,0.0,0.0,0.0,0.0,0.0,0.0,0.0,0.0,0.0,0.0,0.0,0.0,0.0,0.0,0.0,902.7448083041694,0.0,0.0,0.0,1546.3827945162377
2017-10-07,0.0717875,0.0,0.0,0.0,0.0,0.0,0.0,0.0,0.0,0.0,0.0,0.0,0.0,0.0,0.0,1079.7396679600145,1343.7095552773746,0.0,0.0,0.0,1816.2871221307023
2017-10-14,0.0703235,915.041293700278,0.0,0.0,0.0,0.0,0.0,0.0,0.0,0.0,0.0,0.0,0.0,0.0,0.0,0.0,1284.554727689419,0.0,0.0,0.0,1437.398384265879
2017-10-21,0.0327869,796.9435286011112,0.0,0.0,813.1078360582637,0.0,0.0,0.0,0.0,0.0,0.0,0.0,0.0,0.0,0.0,1118.7988249275045,774.9318758170504,0.0,0.0,0.0,1430.602515920133
2017-10-28,0.104603,0.0,0.0,0.0,0.0,0.0,0.0,0.0,0.0,0.0,0.0,0.0,0.0,0.0,857.9863968834981,0.0,950.2259786451922,0.0,0.0,0.0,1196.15768960566
2017-11-04,0.529501,0.0,0.0,0.0,0.0,0.0,0.0,0.0,0.0,0.0,0.0,0.0,0.0,0.0,0.0,0.0,1104.9123537294508,0.0,0.0,0.0,1088.6953952001663
2017-11-11,0.186081,0.0,0.0,0.0,0.0,0.0,0.0,0.0,0.0,0.0,0.0,0.0,0.0,0.0,0.0,0.0,0.0,0.0,0.0,0.0,1973.838944880178
2017-11-18,0.106308,0.0,797.5098636284021,0.0,0.0,0.0,0.0,0.0,0.0,0.0,0.0,0.0,0.0,0.0,0.0,0.0,1146.3160068534482,0.0,0.0,0.0,791.5976529537346
2017-11-25,0.0542299,0.0,765.2312812359105,0.0,0.0,0.0,0.0,785.258669230102,0.0,0.0,0.0,0.0,0.0,0.0,0.0,0.0,900.3709178798791,0.0,0.0,0.0,909.3311133369436
2017-12-02,0.182349,0.0,1053.4924112872686,0.0,0.0,0.0,0.0,1106.1600875239697,0.0,0.0,0.0,0.0,1142.7247102455924,0.0,0.0,0.0,793.3512010986012,0.0,0.0,0.0,1112.6728961025717
2017-12-09,0.189251,1140.7960843091514,0.0,0.0,0.0,0.0,0.0,0.0,0.0,0.0,0.0,0.0,0.0,0.0,0.0,0.0,1211.2348293153598,0.0,0.0,0.0,1905.058002773394
2017-12-16,0.267584,757.182337481186,0.0,0.0,0.0,0.0,0.0,0.0,788.6175149575121,0.0,0.0,1150.7428030162405,0.0,0.0,841.7052726302603,0.0,2252.6700991113853,0.0,0.0,0.0,2211.706620424157
2017-12-23,0.503876,0.0,0.0,0.0,0.0,0.0,0.0,904.1842900273872,0.0,0.0,0.0,1375.59836386356,0.0,0.0,0.0,0.0,1936.023144569664,0.0,0.0,0.0,1701.0121578513788
2017-12-30,0.278164,913.7721895401928,1854.391746809082,0.0,908.1050755639404,0.0,0.0,1089.259506404488,0.0,0.0,0.0,1325.735257699965,0.0,0.0,907.8134519110688,0.0,1755.6778505677537,0.0,0.0,0.0,3191.7116839299347
2018-01-06,0.599201,1632.033563011055,895.483130278032,0.0,0.0,0.0,0.0,808.2621761920205,0.0,0.0,0.0,968.3858635083476,0.0,0.0,1219.563001798842,0.0,3168.8302763005045,0.0,0.0,0.0,1771.4904595457515
2018-01-13,0.843289,1406.0798068902825,2103.159010586496,720.8546983961893,0.0,0.0,0.0,0.0,0.0,0.0,0.0,854.2532158595753,0.0,0.0,0.0,0.0,1579.4900567784923,0.0,0.0,0.0,1867.2390999057
2018-01-20,1.22518,3048.027746951954,3888.26609483387,0.0,906.4478672040576,0.0,0.0,0.0,0.0,0.0,0.0,1326.5035203462094,0.0,0.0,0.0,1666.5101912294865,1552.7451273880577,0.0,828.3314048497616,0.0,2264.8798561403
2018-01-27,2.34146,4600.312031516706,5371.059560160368,862.8540281991344,1204.8988072561226,741.8851987121797,0.0,928.3708565601776,0.0,847.4763616398525,0.0,932.6665203556116,0.0,847.4763616398525,1047.9763334592508,1037.150226062403,1577.0656506407167,0.0,0.0,0.0,1020.0304316136828
2018-02-03,3.46306,5136.719456772469,5912.294578757257,0.0,835.8407692796077,922.0679167214244,0.0,782.3164513172386,0.0,0.0,0.0,774.3448769664113,0.0,0.0,750.6016916472462,940.5748828537714,1600.1839593121986,0.0,0.0,0.0,1516.654433754289
2018-02-10,6.28149,6058.495115779048,5735.1186844520025,1321.9399292038086,1676.1343214926803,1243.2360809896782,0.0,1628.1093486828015,756.8952282076644,0.0,0.0,790.0651611587875,1085.5381927240023,0.0,0.0,1779.650390354417,1361.0650732163726,823.8264051446033,824.2849133305149,0.0,2005.2578516522628
2018-02-17,4.70395,7895.020081648545,4786.564117531268,2095.36168864309,1157.3062351829426,1165.1443070603991,0.0,781.6750812176169,709.4321629980399,0.0,0.0,744.500521057416,1271.0405928533444,0.0,824.5911200461203,2768.580149883732,1598.3887676861602,1003.4060693678048,751.4735450125002,0.0,1606.7170045247813
2018-02-24,2.69906,3352.0690414983706,3343.760227960971,1118.4320179897022,1376.0851830096408,0.0,0.0,1378.058970630929,0.0,0.0,0.0,0.0,0.0,0.0,0.0,1400.6547322152703,1601.9875558612011,0.0,883.6576585349189,0.0,2996.7511634958355
2018-03-03,2.15569,1976.196213640116,1468.817694410924,0.0,0.0,0.0,0.0,1007.4449679380132,0.0,0.0,0.0,0.0,0.0,0.0,0.0,0.0,1893.6643027087237,0.0,0.0,0.0,1531.9471063102549
2018-03-10,0.958957,1172.336946948947,1903.102818720162,0.0,0.0,897.1347629658381,0.0,2158.4133244472227,0.0,0.0,0.0,0.0,0.0,0.0,0.0,0.0,1754.3607635515204,0.0,0.0,0.0,2181.005128294752
2018-03-17,1.38642,1702.7386610637886,1029.594420380857,0.0,0.0,0.0,0.0,808.1144778310653,0.0,0.0,0.0,891.1419957127546,0.0,0.0,0.0,0.0,1059.4669651784886,0.0,0.0,0.0,1898.231699205087
2018-03-24,1.33038,1444.9410595379609,709.4940988251104,0.0,0.0,0.0,0.0,1029.8530188866882,0.0,0.0,0.0,0.0,0.0,0.0,0.0,0.0,863.2003657409393,0.0,0.0,0.0,2082.518643613113
2018-03-31,0.990952,1044.280751312392,0.0,0.0,0.0,0.0,0.0,0.0,0.0,0.0,0.0,0.0,0.0,0.0,0.0,0.0,1386.6521980094476,0.0,0.0,0.0,1882.804978220439
2018-04-07,0.157916,0.0,0.0,0.0,0.0,0.0,0.0,845.7551788348793,776.7418551712668,0.0,0.0,0.0,0.0,0.0,0.0,0.0,1067.1855770565526,0.0,0.0,0.0,1820.4618289312584
2018-04-14,0.280224,918.3362034104316,787.8829923064715,0.0,0.0,0.0,0.0,0.0,0.0,0.0,0.0,0.0,0.0,0.0,769.3157191122742,0.0,949.4248651878688,0.0,0.0,0.0,2439.708361997195
2018-04-21,0.335445,982.968156307046,0.0,0.0,0.0,754.0506656585329,0.0,0.0,0.0,0.0,0.0,0.0,0.0,0.0,852.4892068608311,0.0,752.5290389637925,0.0,0.0,0.0,1455.1228812299794
2018-04-28,0.10917,0.0,0.0,0.0,0.0,0.0,0.0,0.0,0.0,0.0,0.0,0.0,0.0,0.0,0.0,0.0,0.0,0.0,0.0,0.0,1597.3097500111082
2018-05-05,0.251346,0.0,0.0,0.0,0.0,0.0,0.0,0.0,0.0,0.0,0.0,0.0,0.0,0.0,1465.056705737124,0.0,889.6375434065322,0.0,0.0,710.2402936163008,1841.6885012838168
2018-05-12,0.117786,727.1205864028491,825.3691297140839,0.0,0.0,0.0,0.0,0.0,0.0,0.0,0.0,0.0,0.0,0.0,0.0,0.0,1278.7594170729976,0.0,0.0,0.0,1695.2744621850943
2018-05-19,0.0381098,0.0,0.0,0.0,0.0,0.0,0.0,0.0,0.0,0.0,0.0,0.0,0.0,0.0,0.0,0.0,934.8583763255574,0.0,0.0,0.0,1302.7671873764407
2018-05-26,0.0417014,0.0,0.0,0.0,0.0,0.0,0.0,0.0,0.0,0.0,0.0,0.0,0.0,0.0,0.0,0.0,0.0,0.0,0.0,0.0,1830.0927123784925
2018-06-02,0.0,0.0,0.0,0.0,0.0,0.0,0.0,768.0796394419432,0.0,0.0,0.0,0.0,0.0,0.0,0.0,0.0,0.0,0.0,0.0,0.0,1124.7216967984325
2018-06-09,0.0,0.0,0.0,0.0,0.0,0.0,0.0,0.0,0.0,0.0,0.0,0.0,0.0,0.0,0.0,0.0,0.0,0.0,0.0,0.0,2151.880995301446
2018-06-16,0.042517,0.0,0.0,0.0,0.0,0.0,0.0,0.0,0.0,0.0,0.0,0.0,0.0,0.0,0.0,0.0,0.0,0.0,810.2466915393444,0.0,1284.1968939487135
2018-06-23,0.0469484,0.0,0.0,0.0,0.0,0.0,0.0,0.0,0.0,0.0,0.0,0.0,0.0,0.0,0.0,0.0,761.4591269051626,0.0,0.0,0.0,1259.201827232783
2018-06-30,0.369174,0.0,0.0,0.0,0.0,0.0,0.0,0.0,0.0,0.0,0.0,0.0,0.0,0.0,0.0,0.0,989.0205097072644,0.0,0.0,0.0,970.4139316596172
2018-07-07,0.0,0.0,0.0,0.0,0.0,0.0,0.0,711.0105456678392,0.0,0.0,0.0,0.0,0.0,0.0,0.0,0.0,0.0,0.0,0.0,0.0,1493.004826400815
2018-07-14,0.0,0.0,0.0,0.0,0.0,0.0,0.0,0.0,0.0,0.0,0.0,0.0,0.0,0.0,0.0,0.0,0.0,0.0,0.0,0.0,1461.0979878731316
2018-07-21,0.302637,0.0,0.0,0.0,0.0,0.0,0.0,0.0,0.0,0.0,0.0,804.5516391169801,0.0,0.0,831.4208437067588,0.0,0.0,0.0,0.0,0.0,1783.0205841374118
2018-07-28,0.131868,0.0,0.0,0.0,0.0,0.0,0.0,0.0,0.0,0.0,0.0,0.0,0.0,0.0,0.0,0.0,0.0,0.0,0.0,0.0,1042.759728109118
2018-08-04,0.0,0.0,0.0,0.0,0.0,0.0,0.0,0.0,0.0,0.0,0.0,0.0,0.0,0.0,0.0,0.0,914.0945830216392,0.0,0.0,0.0,1223.9611110260755
2018-08-11,0.0,0.0,0.0,0.0,0.0,0.0,0.0,0.0,0.0,0.0,0.0,0.0,0.0,0.0,0.0,0.0,0.0,0.0,0.0,0.0,1649.817750463155
2018-08-18,0.0,887.9365132887806,0.0,0.0,0.0,0.0,0.0,940.0914698526708,0.0,719.027008617373,0.0,0.0,0.0,719.027008617373,0.0,0.0,0.0,0.0,0.0,0.0,1334.0918413132335
2018-08-25,0.0,0.0,0.0,0.0,0.0,0.0,0.0,0.0,0.0,0.0,0.0,0.0,0.0,0.0,0.0,0.0,749.3283404953534,0.0,0.0,0.0,0.0
2018-09-01,0.0,0.0,0.0,0.0,0.0,0.0,0.0,0.0,0.0,0.0,0.0,0.0,0.0,0.0,0.0,0.0,0.0,0.0,0.0,0.0,1420.199942106117
2018-09-08,0.0,0.0,765.7171249642889,0.0,0.0,0.0,0.0,0.0,0.0,0.0,0.0,0.0,0.0,0.0,0.0,0.0,691.4637469765084,0.0,0.0,0.0,2081.7085385522346
2018-09-15,0.0848176,1009.8365223111967,882.8298352534484,0.0,0.0,0.0,0.0,1032.6893664440906,0.0,0.0,0.0,0.0,0.0,0.0,0.0,1205.4154230823135,963.0327082579028,960.9387344507224,0.0,0.0,1325.2264596337789
2018-09-22,0.0713267,0.0,0.0,0.0,0.0,0.0,0.0,0.0,0.0,0.0,0.0,0.0,0.0,0.0,0.0,0.0,737.6610183493325,0.0,0.0,0.0,1388.683362809565
2018-09-29,0.12024,926.6537690550332,0.0,0.0,811.5927237310585,0.0,0.0,0.0,0.0,0.0,0.0,0.0,0.0,0.0,0.0,718.4775155190205,868.25188243336,0.0,0.0,0.0,1888.596886599215
2018-10-06,0.0,804.4942746455735,0.0,884.5176403184545,0.0,0.0,0.0,0.0,0.0,0.0,0.0,0.0,0.0,0.0,1134.6452891937145,0.0,1364.579411745044,0.0,0.0,0.0,1526.358857931471
2018-10-13,0.0872981,1772.839255507795,0.0,0.0,0.0,0.0,0.0,0.0,0.0,0.0,0.0,0.0,0.0,0.0,0.0,1003.9247226402566,1925.2623588870435,0.0,0.0,0.0,1144.4660833661992
2018-10-20,0.113679,1717.94403806981,0.0,0.0,0.0,0.0,0.0,0.0,0.0,898.9199938601356,0.0,0.0,0.0,898.9199938601356,0.0,0.0,909.1388613077014,0.0,0.0,0.0,937.9324459775636
2018-10-27,0.155521,1795.267684316105,0.0,0.0,0.0,0.0,0.0,809.9002797290558,0.0,0.0,0.0,0.0,0.0,0.0,0.0,0.0,1336.912980049515,0.0,0.0,0.0,1108.2455042926972
2018-11-03,0.152091,0.0,0.0,0.0,0.0,1070.8722334613096,0.0,1051.968968925224,0.0,0.0,0.0,0.0,0.0,0.0,0.0,0.0,1392.1101469646662,0.0,0.0,0.0,1452.400762207947
2018-11-10,0.530179,0.0,0.0,0.0,0.0,0.0,0.0,0.0,0.0,0.0,0.0,0.0,0.0,0.0,0.0,0.0,757.6842332147278,0.0,0.0,0.0,1460.1916692659065
2018-11-17,0.41511,0.0,0.0,0.0,0.0,0.0,0.0,0.0,0.0,0.0,0.0,0.0,0.0,0.0,0.0,730.7134011772033,1843.8642426801127,0.0,0.0,0.0,1043.9487030249225
2018-11-24,0.256082,0.0,0.0,0.0,0.0,990.8445059349116,0.0,0.0,0.0,0.0,0.0,806.7635716488944,0.0,0.0,0.0,0.0,1472.262329953542,0.0,0.0,0.0,1448.5373731575817
2018-12-01,0.199681,889.2261833802334,0.0,0.0,0.0,0.0,0.0,954.4029847484362,0.0,0.0,0.0,0.0,0.0,0.0,0.0,0.0,753.2941987681163,0.0,0.0,0.0,1249.7175739289169
2018-12-08,0.649652,0.0,0.0,0.0,0.0,0.0,0.0,1104.344816538223,0.0,0.0,0.0,813.5086473103368,0.0,0.0,0.0,0.0,1311.4839406090146,0.0,0.0,0.0,2309.42348724298
2018-12-15,0.655881,938.8912451829544,0.0,0.0,0.0,0.0,0.0,700.4682964465627,0.0,0.0,0.0,0.0,0.0,0.0,0.0,0.0,1672.673130098578,0.0,0.0,0.0,2412.5625230430123
2018-12-22,1.24648,1135.8060988766767,0.0,0.0,0.0,0.0,0.0,0.0,0.0,0.0,0.0,1088.1394722101177,865.160831603491,0.0,0.0,0.0,1341.5201232252507,0.0,0.0,0.0,2009.7405870807204
2018-12-29,0.805802,1446.0301479782686,0.0,0.0,0.0,0.0,0.0,0.0,0.0,0.0,0.0,1818.2276654440795,0.0,0.0,0.0,0.0,2065.0286267735005,0.0,0.0,0.0,2292.017654133233
2019-01-05,0.745841,1544.0070518514483,1423.8823493637587,0.0,0.0,0.0,0.0,0.0,0.0,0.0,0.0,2452.3927167803213,0.0,0.0,0.0,0.0,2248.876637563108,0.0,0.0,0.0,2263.4764159309125
2019-01-12,0.686416,1736.9229421112386,1063.3124962244203,0.0,944.219784987031,0.0,0.0,1333.0534408115311,0.0,0.0,0.0,0.0,0.0,0.0,0.0,0.0,1865.9101767305283,0.0,0.0,0.0,879.4871884036676
2019-01-19,0.813376,1374.9311069126456,1107.7529729812431,0.0,0.0,0.0,0.0,1068.2994874331976,0.0,0.0,0.0,800.5060986574649,0.0,0.0,0.0,0.0,2132.4685364842426,0.0,0.0,0.0,1619.4881641725092
2019-01-26,1.03194,996.8088858838267,1208.988441838275,0.0,0.0,0.0,0.0,713.7609225170324,0.0,0.0,0.0,0.0,0.0,0.0,0.0,0.0,2146.45910044613,0.0,0.0,0.0,2019.8683093277969
2019-02-02,1.6381,844.5540282721794,0.0,0.0,0.0,711.8578344459643,0.0,849.0792014517995,0.0,0.0,0.0,0.0,0.0,0.0,0.0,735.3690141477565,1436.9297506389669,0.0,0.0,0.0,2116.9399141114527
2019-02-09,2.31047,1952.3351485972807,1318.3263558605083,1113.7103844463638,0.0,733.0318641193988,0.0,1024.1078961417118,0.0,0.0,0.0,0.0,0.0,0.0,0.0,0.0,2259.1167457856336,0.0,0.0,0.0,1118.470237284936
2019-02-16,2.2886,880.7554835928979,1191.6029190961965,694.8469012758767,0.0,823.6048077607985,0.0,1181.1098751524505,0.0,0.0,0.0,0.0,784.7173909238048,0.0,0.0,994.2371083319516,883.8229041697617,0.0,0.0,0.0,1694.5918612666408
2019-02-23,1.77706,2179.127341761846,1634.5794326173489,0.0,800.6638945150485,0.0,0.0,1005.3544788936734,0.0,0.0,0.0,0.0,0.0,0.0,0.0,916.9239800572188,785.4759494539837,0.0,0.0,0.0,2138.148516556092
2019-03-02,1.11753,1740.6360512800077,1290.683713855482,0.0,0.0,0.0,684.4271846649959,760.3432169456157,0.0,0.0,684.4271846649962,672.3272802088503,0.0,0.0,0.0,0.0,2085.916965967624,0.0,0.0,0.0,1769.5887720026385
2019-03-09,1.28294,1915.839565009,1051.156358031512,0.0,0.0,0.0,0.0,0.0,0.0,0.0,0.0,0.0,0.0,0.0,0.0,0.0,1228.211133759496,0.0,767.7013572139226,0.0,1429.9516433040376
2019-03-16,0.951294,0.0,992.7442380528772,0.0,0.0,0.0,0.0,1645.0766556598624,0.0,0.0,0.0,0.0,0.0,0.0,0.0,739.4212948933831,1165.1117659820763,0.0,0.0,0.0,1221.0995719142447
2019-03-23,0.802512,1139.4151730593164,0.0,0.0,0.0,786.3616535245878,0.0,0.0,0.0,0.0,0.0,0.0,0.0,0.0,0.0,0.0,1489.1006120586414,0.0,0.0,0.0,1895.489876834351
2019-03-30,0.744153,830.6904123088651,0.0,0.0,0.0,0.0,0.0,871.5027677053785,0.0,0.0,0.0,0.0,0.0,0.0,0.0,916.235512419061,1139.0639801193397,0.0,0.0,0.0,2108.591378637632
2019-04-06,0.662495,0.0,0.0,0.0,0.0,0.0,0.0,0.0,0.0,0.0,0.0,0.0,0.0,0.0,0.0,0.0,1331.7894091547437,0.0,0.0,0.0,1537.1823310278362
2019-04-13,0.35461,821.3296143310325,0.0,0.0,0.0,964.864249658961,0.0,0.0,0.0,0.0,0.0,0.0,0.0,0.0,0.0,0.0,1050.357143593707,0.0,0.0,0.0,1535.9877851073568
2019-04-20,0.225023,0.0,0.0,0.0,0.0,0.0,0.0,0.0,0.0,0.0,0.0,0.0,0.0,0.0,0.0,0.0,0.0,0.0,0.0,0.0,736.770332881213
2019-04-27,0.202922,0.0,0.0,1344.202446708337,0.0,0.0,0.0,0.0,0.0,0.0,0.0,0.0,0.0,0.0,0.0,0.0,1399.5423677404167,0.0,0.0,0.0,2047.470929972408
2019-05-04,0.11194,0.0,0.0,0.0,0.0,0.0,0.0,0.0,0.0,0.0,0.0,0.0,0.0,0.0,0.0,0.0,1076.746857095758,0.0,0.0,0.0,1465.4023660048006
2019-05-11,0.09995,0.0,0.0,0.0,0.0,0.0,0.0,0.0,0.0,0.0,0.0,0.0,0.0,0.0,1035.1278799257132,0.0,1072.1397467780043,0.0,0.0,0.0,1772.4211280918314
2019-05-18,0.154381,0.0,0.0,0.0,0.0,0.0,0.0,700.5509195385229,0.0,0.0,0.0,0.0,0.0,0.0,0.0,0.0,1282.810714183889,0.0,0.0,0.0,1312.1020270341571
2019-05-25,0.0,0.0,0.0,0.0,0.0,0.0,0.0,0.0,0.0,0.0,0.0,0.0,0.0,0.0,0.0,0.0,1080.2998499656392,0.0,0.0,0.0,1656.0884397468262
2019-06-01,0.0,0.0,0.0,0.0,0.0,0.0,0.0,0.0,0.0,0.0,0.0,0.0,0.0,0.0,0.0,0.0,0.0,0.0,0.0,0.0,1152.3679380841024
2019-06-08,0.0,0.0,0.0,0.0,0.0,0.0,0.0,0.0,0.0,0.0,0.0,0.0,0.0,0.0,0.0,0.0,969.3788582298862,0.0,0.0,0.0,1461.730386019452
2019-06-15,0.0762195,1087.6042480072583,0.0,0.0,0.0,0.0,0.0,832.8692705168017,0.0,0.0,0.0,0.0,0.0,0.0,0.0,740.0876768453309,0.0,0.0,0.0,0.0,1030.9935816961745
2019-06-22,0.0,0.0,0.0,0.0,0.0,0.0,0.0,871.7035600102095,0.0,0.0,0.0,0.0,0.0,0.0,0.0,0.0,1022.6575062798516,0.0,0.0,0.0,0.0
2019-06-29,0.0,0.0,0.0,0.0,0.0,0.0,0.0,0.0,0.0,0.0,0.0,0.0,0.0,0.0,0.0,0.0,1378.7804450955516,0.0,0.0,0.0,850.4882080270834
2019-07-06,0.0,0.0,0.0,0.0,0.0,0.0,0.0,0.0,0.0,0.0,0.0,0.0,0.0,0.0,0.0,0.0,790.9430726982537,0.0,0.0,0.0,1402.675320252913
2019-07-13,0.0,0.0,0.0,0.0,0.0,0.0,0.0,0.0,0.0,0.0,0.0,0.0,0.0,0.0,0.0,0.0,0.0,0.0,0.0,0.0,1135.391409827629
2019-07-20,0.0,0.0,0.0,0.0,0.0,0.0,0.0,0.0,0.0,0.0,0.0,0.0,0.0,0.0,0.0,0.0,1376.7154207003036,0.0,0.0,0.0,784.3919049522151
2019-07-27,0.0,0.0,0.0,0.0,0.0,0.0,0.0,0.0,0.0,0.0,0.0,0.0,0.0,0.0,0.0,0.0,900.926838457616,0.0,0.0,0.0,1036.707654122188
2019-08-03,0.0,0.0,0.0,0.0,0.0,0.0,0.0,978.5574796117172,0.0,0.0,0.0,0.0,0.0,0.0,0.0,0.0,0.0,0.0,0.0,0.0,1245.9550203726171
2019-08-10,0.0,0.0,0.0,0.0,0.0,0.0,0.0,0.0,0.0,0.0,0.0,0.0,0.0,0.0,0.0,0.0,0.0,0.0,0.0,0.0,909.2367690356772
2019-08-17,0.0,0.0,0.0,0.0,0.0,0.0,0.0,0.0,0.0,0.0,0.0,0.0,0.0,0.0,0.0,0.0,919.5139805419138,0.0,0.0,0.0,1085.7801139613446
2019-08-24,0.0,0.0,0.0,0.0,0.0,0.0,0.0,0.0,0.0,0.0,0.0,0.0,0.0,0.0,0.0,0.0,746.2649096943417,0.0,697.7343618688611,0.0,2055.1037964905327
2019-08-31,0.0,704.9210847202195,0.0,0.0,0.0,0.0,0.0,0.0,0.0,0.0,0.0,0.0,0.0,0.0,0.0,0.0,1037.1374153272563,0.0,0.0,0.0,1118.4838617172545
2019-09-07,0.0,0.0,0.0,0.0,0.0,0.0,0.0,0.0,0.0,0.0,0.0,0.0,0.0,0.0,0.0,0.0,1250.9321521853296,0.0,0.0,0.0,0.0
2019-09-14,0.0,1152.375671604441,0.0,0.0,0.0,0.0,0.0,0.0,0.0,0.0,0.0,0.0,0.0,0.0,0.0,0.0,1445.8539398713642,0.0,0.0,0.0,1638.0319543087944
2019-09-21,0.0,0.0,820.7046788104342,0.0,0.0,0.0,0.0,0.0,0.0,0.0,0.0,0.0,0.0,0.0,0.0,0.0,824.016729946082,0.0,0.0,0.0,2336.928243472777
2019-09-28,0.161681,832.954671996017,0.0,0.0,0.0,0.0,0.0,907.5248632703853,0.0,0.0,0.0,0.0,0.0,0.0,0.0,0.0,1293.801951160625,0.0,0.0,0.0,1152.8397247345697
2019-10-05,0.0,768.0294318957467,0.0,0.0,0.0,0.0,0.0,970.5415159738092,0.0,0.0,0.0,0.0,0.0,0.0,0.0,873.3431229730824,1295.2503265069215,0.0,0.0,0.0,1382.464466845629
2019-10-12,0.0737463,1121.470860721932,0.0,0.0,0.0,0.0,0.0,0.0,0.0,0.0,0.0,0.0,0.0,0.0,0.0,0.0,702.7946636879967,0.0,0.0,0.0,738.1816275054321
2019-10-19,0.0,1610.8245535673543,644.1763303635067,0.0,0.0,0.0,0.0,0.0,0.0,0.0,0.0,0.0,0.0,0.0,0.0,0.0,1097.452978138359,0.0,0.0,0.0,1547.7986149041378
2019-10-26,0.0747943,674.8093768312289,0.0,0.0,0.0,0.0,0.0,0.0,0.0,0.0,0.0,0.0,661.0547630519798,0.0,0.0,1011.6437947310168,1884.7904662274093,0.0,0.0,0.0,1465.6954556564892
2019-11-02,0.437318,843.8730678180298,0.0,0.0,0.0,0.0,0.0,0.0,0.0,0.0,0.0,0.0,0.0,0.0,0.0,925.2577753915082,2113.194210420966,0.0,0.0,0.0,1904.7258747653304
2019-11-09,0.1554,1191.7191236322278,0.0,0.0,0.0,0.0,0.0,0.0,0.0,0.0,0.0,0.0,0.0,0.0,0.0,804.4551040681281,2040.374822310751,0.0,0.0,0.0,1152.8974264593126
2019-11-16,0.0795545,1185.5126676085035,0.0,0.0,0.0,0.0,0.0,1419.8845070740497,0.0,0.0,0.0,0.0,0.0,0.0,0.0,0.0,842.8501392281835,0.0,0.0,0.0,2202.1477057450925
2019-11-23,0.142959,816.8350808689125,896.1870258031643,663.0651751866715,0.0,0.0,0.0,1157.5466731832944,0.0,0.0,0.0,640.9774214647158,967.7543204714224,0.0,0.0,0.0,2083.600412667855,0.0,0.0,0.0,1790.7132420247035
2019-11-30,0.614125,1198.283510374361,0.0,0.0,0.0,0.0,0.0,0.0,0.0,0.0,0.0,0.0,0.0,0.0,0.0,0.0,1820.4799188363052,0.0,678.4074207665586,0.0,1682.7662750100626
2019-12-07,0.353607,1673.1487729741962,0.0,0.0,0.0,0.0,0.0,0.0,0.0,0.0,0.0,977.2234277199271,0.0,0.0,0.0,632.0712007264264,1024.186810078989,0.0,0.0,0.0,965.5678831188544
2019-12-14,0.507614,1174.6538125199595,1195.3661817269258,0.0,0.0,0.0,0.0,0.0,0.0,0.0,0.0,0.0,0.0,0.0,0.0,0.0,1414.9832162311045,0.0,0.0,0.0,1339.5849615146512
2019-12-21,1.32353,740.883806764449,0.0,0.0,0.0,0.0,0.0,943.1566938780118,0.0,0.0,0.0,1380.1709868677874,0.0,0.0,0.0,1417.4228388412334,921.2401748181376,0.0,0.0,0.0,2252.65657047714
2019-12-28,4.06504,1779.2660927679583,1530.939855465968,746.2232215280522,0.0,0.0,0.0,1168.0273435245292,0.0,0.0,0.0,1897.503216756412,0.0,0.0,0.0,0.0,2015.618806005996,0.0,0.0,0.0,2178.900794304795
2020-01-04,2.56148,1928.0842529881536,1979.458727318514,719.9237014721755,0.0,891.967755705937,0.0,852.5500260479391,0.0,0.0,0.0,1405.7778033636694,0.0,0.0,0.0,0.0,2500.0514239436056,0.0,0.0,763.8345879746437,2767.959003977175
2020-01-11,1.9424,1943.9327060418484,923.914540073852,0.0,0.0,847.1129876461723,0.0,640.9482436124318,0.0,0.0,0.0,1230.8129711789595,0.0,0.0,0.0,744.7310148863711,1576.2625139854956,0.0,0.0,0.0,3242.6447492956595
2020-01-18,2.30216,1762.4480228612288,1343.66072679973,694.5729529250606,0.0,1065.0958918332612,0.0,0.0,0.0,0.0,0.0,1198.3885049966634,0.0,0.0,0.0,819.5890525164662,1541.9071165646092,0.0,0.0,0.0,2212.800168492912
2020-01-25,1.72884,2000.169110708205,2023.3144480549847,0.0,0.0,0.0,0.0,777.6761804330758,0.0,0.0,0.0,0.0,0.0,0.0,0.0,776.1450454375073,1725.2968959588786,0.0,0.0,0.0,3231.0199576127698
2020-02-01,2.60014,2521.723300893601,1333.257658607812,1322.5214891932649,0.0,724.1303905262165,0.0,1326.0239918685702,0.0,0.0,0.0,666.1303171302881,823.8809519842222,0.0,629.6740172826915,0.0,1652.2154868917269,0.0,0.0,0.0,2038.085781714767
2020-02-08,1.05914,2542.730459543986,1699.2487730530245,887.369364964897,610.441042154938,0.0,0.0,664.2194528813382,0.0,0.0,0.0,780.6980827459677,0.0,0.0,0.0,1447.0766915378863,1825.496269245551,0.0,0.0,0.0,2147.032411249126
2020-02-15,2.70078,2237.490941437191,1337.9681943711405,0.0,0.0,614.2770310316245,0.0,0.0,0.0,0.0,0.0,882.8104765397774,612.7443952658653,0.0,0.0,1020.6465352819764,1518.1303555439436,0.0,0.0,0.0,2211.0352097692976
2020-02-22,3.74065,3041.32295896719,1817.472827517996,0.0,969.0584065645982,0.0,0.0,775.0620498919908,0.0,0.0,0.0,0.0,0.0,0.0,597.5162722082965,1018.903703383198,2365.371235919696,616.2440453257723,0.0,0.0,1535.211507825644
2020-02-29,3.51482,4365.474794095413,1621.4752662946958,1014.1686493502848,0.0,983.5037028588658,0.0,1400.496922083341,1022.2832249473564,0.0,0.0,0.0,0.0,0.0,0.0,1714.081736481643,2729.306354218868,0.0,0.0,0.0,2081.813170136775
2020-03-07,2.46723,4163.825631876151,2119.45954462761,0.0,0.0,855.7749227616811,0.0,1337.359133690285,0.0,0.0,0.0,0.0,0.0,0.0,0.0,790.8791232241538,2062.229783392113,0.0,0.0,636.5229735929228,2197.485829754809
2020-03-14,2.27894,9573.471233120435,3584.9202753053414,1253.8809461105916,0.0,1237.2870925703376,0.0,1412.5615650487564,843.0271884898565,0.0,0.0,0.0,743.2181361664661,0.0,0.0,2703.797037386018,1719.4934830017771,0.0,0.0,0.0,2317.835367800076
2020-03-21,3.38346,6675.648063713001,1510.6150056139438,1212.8591161484994,0.0,923.0801980076316,0.0,1135.859402812638,0.0,0.0,0.0,0.0,0.0,0.0,0.0,1050.8921345660865,2664.516318732142,0.0,0.0,0.0,2333.837386722138
2020-03-28,0.595238,5290.234375607077,1117.2816316370252,0.0,534.6216616601057,0.0,0.0,1282.583173037928,0.0,0.0,0.0,0.0,0.0,0.0,0.0,937.9841092578288,2954.5700651352845,0.0,0.0,0.0,1881.4946289356287
2020-04-04,0.267023,4551.6144282347805,0.0,0.0,0.0,585.6405389000345,621.8893406351905,0.0,0.0,0.0,621.8893406351904,0.0,0.0,0.0,0.0,704.153151231563,2149.432870686829,0.0,0.0,0.0,1921.5838303906585
2020-04-11,0.0,3602.8788534953387,536.7619821148435,605.569900603291,0.0,0.0,0.0,565.3847383047221,0.0,0.0,0.0,0.0,0.0,0.0,0.0,0.0,2298.822842404932,0.0,0.0,0.0,1788.03656882806
2020-04-18,0.0,2006.3490004827568,0.0,0.0,0.0,0.0,0.0,0.0,0.0,0.0,0.0,0.0,0.0,0.0,0.0,518.0737594127228,1439.6297679151264,0.0,0.0,0.0,1202.80197081878
2020-04-25,0.111607,2522.185860693453,0.0,631.3896796941003,0.0,0.0,0.0,573.3717334890919,0.0,0.0,0.0,0.0,0.0,0.0,0.0,708.8022175221604,1290.3470042377696,0.0,0.0,0.0,1613.3437253795753
2020-05-02,0.0,2371.8260511359817,0.0,0.0,0.0,885.2868961194991,0.0,0.0,0.0,0.0,0.0,0.0,0.0,0.0,0.0,0.0,618.8217926346791,691.9723877065876,0.0,0.0,1447.479118209254
2020-05-09,0.0,1404.7567537926354,0.0,0.0,0.0,0.0,0.0,0.0,0.0,0.0,0.0,698.3120403164336,0.0,0.0,0.0,0.0,1130.7290898487329,0.0,0.0,0.0,1288.8780432309818
2020-05-16,0.0,1113.7786105042717,0.0,0.0,0.0,0.0,0.0,0.0,0.0,0.0,0.0,0.0,0.0,0.0,0.0,0.0,0.0,0.0,0.0,0.0,1532.5621395682292
2020-05-23,0.0,1206.2508688580915,0.0,0.0,0.0,0.0,0.0,0.0,0.0,0.0,0.0,0.0,0.0,0.0,0.0,0.0,668.0026489733249,0.0,0.0,0.0,832.275485968458
2020-05-30,0.0,1405.7224460907923,0.0,0.0,0.0,0.0,0.0,0.0,0.0,0.0,0.0,0.0,0.0,0.0,0.0,0.0,1211.217836962159,0.0,896.2101310099976,0.0,1646.4114156249998
2020-06-06,0.0,508.4696497154844,0.0,0.0,506.4696161357904,0.0,0.0,0.0,0.0,0.0,0.0,0.0,0.0,0.0,0.0,0.0,614.176582346505,500.9648038210072,0.0,0.0,645.4327892809018
2020-06-13,0.0,0.0,0.0,0.0,0.0,0.0,0.0,0.0,0.0,0.0,0.0,0.0,0.0,0.0,0.0,0.0,0.0,0.0,0.0,0.0,667.9887979044062
2020-06-20,0.0,692.7856571719283,0.0,0.0,0.0,0.0,0.0,0.0,0.0,0.0,0.0,0.0,0.0,0.0,0.0,0.0,996.7173799028038,0.0,0.0,0.0,892.8945004968361
2020-06-27,0.0,656.49992347273,0.0,0.0,0.0,0.0,0.0,0.0,0.0,0.0,0.0,0.0,0.0,0.0,0.0,0.0,0.0,0.0,0.0,0.0,1418.8476549221052
