date,Hawaii,flu symptoms,the flu,how long flu,flu how long,symptoms of flu,influenza a,bronchitis,the flu symptoms,contagious flu,a influenza,rsv,flu cold,flu contagious,stomach flu,flu a,pneumonia,flu fever,fever flu,how long does flu last,sinus
2010-10-09,1.02934,0.0,0.0,0.0,0.0,0.0,0.0,0.0,0.0,0.0,0.0,0.0,0.0,0.0,0.0,0.0,0.0,0.0,0.0,0.0,0.0
2010-10-16,1.75246,0.0,0.0,0.0,0.0,1950.04657939231,0.0,0.0,0.0,0.0,0.0,0.0,0.0,0.0,0.0,0.0,0.0,0.0,0.0,0.0,0.0
2010-10-23,0.755124,0.0,0.0,0.0,1580.6753820445413,0.0,0.0,0.0,0.0,0.0,0.0,0.0,0.0,0.0,0.0,0.0,0.0,0.0,0.0,0.0,0.0
2010-10-30,1.57434,0.0,0.0,0.0,0.0,0.0,0.0,0.0,0.0,0.0,0.0,0.0,0.0,0.0,0.0,0.0,0.0,0.0,0.0,0.0,0.0
2010-11-06,1.77398,0.0,0.0,0.0,0.0,0.0,0.0,0.0,0.0,0.0,0.0,0.0,0.0,0.0,0.0,0.0,0.0,0.0,0.0,0.0,0.0
2010-11-13,1.17429,0.0,0.0,0.0,0.0,0.0,0.0,0.0,0.0,0.0,0.0,2095.4298594688285,0.0,0.0,0.0,0.0,0.0,0.0,0.0,0.0,0.0
2010-11-20,1.31204,0.0,0.0,0.0,0.0,0.0,0.0,0.0,0.0,0.0,0.0,0.0,0.0,0.0,0.0,0.0,0.0,0.0,0.0,0.0,0.0
2010-11-27,1.57422,0.0,0.0,0.0,0.0,0.0,0.0,0.0,0.0,0.0,0.0,0.0,0.0,0.0,0.0,0.0,0.0,0.0,0.0,0.0,1600.2592319140456
2010-12-04,1.96305,0.0,0.0,0.0,0.0,0.0,0.0,0.0,0.0,0.0,0.0,0.0,0.0,0.0,0.0,0.0,0.0,0.0,0.0,1730.6822165663425,0.0
2010-12-11,2.42215,0.0,0.0,0.0,0.0,0.0,0.0,0.0,0.0,0.0,0.0,0.0,0.0,0.0,0.0,0.0,1708.046256915448,0.0,0.0,0.0,0.0
2010-12-18,2.51225,0.0,0.0,0.0,0.0,0.0,0.0,0.0,0.0,0.0,0.0,0.0,0.0,0.0,0.0,0.0,0.0,0.0,0.0,0.0,2574.0403345098275
2010-12-25,2.21704,0.0,0.0,0.0,0.0,0.0,0.0,1743.4247688415908,0.0,0.0,0.0,0.0,0.0,0.0,0.0,0.0,0.0,0.0,0.0,0.0,0.0
2011-01-01,3.34378,0.0,0.0,0.0,0.0,0.0,0.0,0.0,0.0,0.0,0.0,0.0,0.0,0.0,0.0,0.0,0.0,0.0,0.0,0.0,0.0
2011-01-08,2.44275,0.0,0.0,0.0,0.0,0.0,0.0,0.0,1180.7821128665043,0.0,0.0,0.0,0.0,0.0,0.0,0.0,0.0,0.0,0.0,0.0,1073.5745095434268
2011-01-15,2.01871,0.0,0.0,0.0,0.0,0.0,0.0,0.0,0.0,0.0,0.0,0.0,0.0,0.0,0.0,0.0,0.0,0.0,0.0,0.0,1596.301293519395
2011-01-22,3.2167,1054.1128145110513,0.0,0.0,0.0,0.0,0.0,0.0,0.0,0.0,0.0,0.0,0.0,0.0,0.0,0.0,0.0,0.0,0.0,0.0,1210.8649622086036
2011-01-29,3.9489,0.0,0.0,0.0,0.0,0.0,0.0,0.0,0.0,0.0,0.0,0.0,0.0,0.0,0.0,0.0,0.0,0.0,0.0,0.0,1413.9911957672548
2011-02-05,3.73887,0.0,0.0,0.0,0.0,0.0,0.0,0.0,0.0,0.0,0.0,0.0,0.0,0.0,0.0,0.0,983.0036324349796,0.0,0.0,0.0,973.5397600074105
2011-02-12,4.71753,0.0,0.0,0.0,0.0,0.0,0.0,0.0,0.0,0.0,0.0,0.0,0.0,0.0,0.0,0.0,1325.9923665254278,0.0,0.0,0.0,993.2194799600414
2011-02-19,5.72271,0.0,0.0,0.0,0.0,1225.6436660919849,0.0,0.0,0.0,0.0,0.0,0.0,0.0,0.0,0.0,0.0,999.503753971616,0.0,0.0,0.0,0.0
2011-02-26,5.54855,0.0,0.0,0.0,0.0,0.0,0.0,0.0,0.0,0.0,0.0,0.0,0.0,0.0,0.0,0.0,1237.9566494834266,0.0,0.0,0.0,0.0
2011-03-05,5.25433,0.0,0.0,0.0,0.0,0.0,0.0,996.877600703964,0.0,0.0,0.0,0.0,0.0,0.0,0.0,0.0,1336.575601163224,0.0,0.0,0.0,1276.4449668607406
2011-03-12,5.17388,0.0,0.0,0.0,0.0,0.0,0.0,1087.4399849425631,0.0,0.0,0.0,0.0,0.0,0.0,0.0,0.0,1495.8938492463626,0.0,0.0,0.0,0.0
2011-03-19,4.2368,0.0,0.0,0.0,0.0,0.0,0.0,0.0,1261.5885516141427,0.0,0.0,0.0,0.0,0.0,0.0,0.0,0.0,0.0,0.0,0.0,1240.0156457951296
2011-03-26,1.97368,0.0,0.0,0.0,955.9365354281704,0.0,0.0,0.0,0.0,0.0,0.0,0.0,0.0,0.0,0.0,0.0,1346.8123154327548,0.0,0.0,0.0,0.0
2011-04-02,2.75953,0.0,0.0,0.0,0.0,0.0,0.0,0.0,0.0,0.0,1076.184865264216,0.0,0.0,0.0,1214.190016727856,0.0,943.1542170557834,0.0,0.0,0.0,0.0
2011-04-09,2.79948,0.0,0.0,0.0,0.0,0.0,0.0,0.0,0.0,0.0,0.0,0.0,0.0,0.0,0.0,0.0,1055.079599050693,0.0,0.0,0.0,1302.8071887315489
2011-04-16,1.85053,0.0,0.0,0.0,0.0,0.0,0.0,0.0,0.0,0.0,0.0,0.0,0.0,0.0,0.0,0.0,1386.953881770115,0.0,0.0,0.0,1107.3292924549958
2011-04-23,2.55447,970.8481981851332,0.0,0.0,0.0,0.0,0.0,0.0,0.0,0.0,0.0,0.0,0.0,0.0,0.0,0.0,0.0,971.5672262363196,0.0,0.0,0.0
2011-04-30,1.77134,0.0,0.0,0.0,0.0,0.0,0.0,0.0,0.0,0.0,1093.118538179038,0.0,0.0,0.0,0.0,0.0,0.0,1050.7742322148824,0.0,0.0,1660.140763169804
2011-05-07,0.603774,0.0,0.0,0.0,0.0,0.0,0.0,921.9928881996024,0.0,0.0,0.0,0.0,0.0,0.0,0.0,0.0,1031.1816589436169,0.0,0.0,0.0,0.0
2011-05-14,1.41176,0.0,0.0,0.0,0.0,0.0,0.0,0.0,0.0,0.0,0.0,0.0,0.0,0.0,940.417933633462,0.0,0.0,0.0,0.0,0.0,985.1161038191108
2011-05-21,1.40741,0.0,0.0,0.0,0.0,0.0,0.0,0.0,0.0,0.0,0.0,0.0,0.0,0.0,0.0,1335.44345317169,0.0,0.0,0.0,0.0,0.0
2011-05-28,1.86625,0.0,0.0,0.0,0.0,0.0,0.0,0.0,0.0,0.0,0.0,0.0,0.0,0.0,0.0,0.0,0.0,0.0,0.0,0.0,0.0
2011-06-04,1.13754,0.0,0.0,0.0,0.0,0.0,0.0,0.0,0.0,0.0,0.0,0.0,0.0,0.0,0.0,0.0,0.0,0.0,0.0,0.0,0.0
2011-06-11,1.2334,0.0,0.0,0.0,0.0,0.0,0.0,0.0,0.0,0.0,0.0,0.0,0.0,0.0,0.0,0.0,0.0,0.0,0.0,0.0,1004.4261336506196
2011-06-18,0.756534,0.0,0.0,0.0,0.0,0.0,0.0,0.0,0.0,0.0,0.0,0.0,0.0,0.0,0.0,0.0,1307.8866431097829,0.0,0.0,0.0,1065.306796864705
2011-06-25,1.1612,0.0,0.0,0.0,0.0,0.0,0.0,0.0,0.0,0.0,0.0,0.0,0.0,0.0,0.0,0.0,0.0,0.0,0.0,0.0,0.0
2011-07-02,1.57618,0.0,0.0,1110.292967027192,0.0,0.0,0.0,0.0,0.0,0.0,0.0,0.0,0.0,0.0,0.0,0.0,0.0,0.0,0.0,0.0,1105.3436492137716
2011-07-09,2.35097,0.0,0.0,0.0,0.0,0.0,0.0,0.0,0.0,0.0,0.0,0.0,0.0,0.0,0.0,0.0,0.0,0.0,0.0,0.0,0.0
2011-07-16,1.63205,0.0,0.0,0.0,0.0,0.0,0.0,0.0,0.0,0.0,0.0,0.0,0.0,0.0,0.0,0.0,0.0,0.0,0.0,0.0,0.0
2011-07-23,1.12755,0.0,0.0,0.0,0.0,0.0,0.0,0.0,0.0,0.0,0.0,0.0,0.0,0.0,0.0,0.0,0.0,0.0,0.0,0.0,1536.6915095513027
2011-07-30,1.51976,0.0,0.0,0.0,0.0,0.0,0.0,0.0,0.0,0.0,0.0,0.0,0.0,0.0,0.0,0.0,1008.0709415724468,0.0,0.0,0.0,0.0
2011-08-06,0.143062,0.0,0.0,0.0,1149.9405267043494,0.0,0.0,0.0,0.0,0.0,0.0,1257.9180639914216,0.0,0.0,0.0,0.0,1082.6773361028006,0.0,0.0,1166.268905531225,0.0
2011-08-13,0.468933,0.0,0.0,0.0,0.0,0.0,0.0,0.0,0.0,0.0,0.0,0.0,0.0,0.0,0.0,0.0,0.0,0.0,0.0,0.0,0.0
2011-08-20,0.736842,0.0,0.0,0.0,0.0,0.0,0.0,0.0,0.0,0.0,0.0,0.0,0.0,0.0,0.0,0.0,0.0,0.0,0.0,0.0,0.0
2011-08-27,0.97032,0.0,0.0,0.0,0.0,0.0,0.0,0.0,0.0,0.0,0.0,0.0,0.0,0.0,0.0,0.0,0.0,0.0,0.0,0.0,0.0
2011-09-03,0.643317,0.0,0.0,0.0,0.0,0.0,0.0,0.0,0.0,0.0,0.0,0.0,0.0,0.0,0.0,0.0,0.0,0.0,0.0,0.0,0.0
2011-09-10,0.887574,0.0,0.0,0.0,0.0,0.0,0.0,0.0,0.0,0.0,0.0,0.0,0.0,0.0,0.0,0.0,0.0,0.0,0.0,0.0,0.0
2011-09-17,1.28552,1335.9942971140551,0.0,0.0,1210.9701821550298,0.0,0.0,0.0,0.0,0.0,0.0,0.0,0.0,0.0,0.0,0.0,996.7102069058752,0.0,0.0,0.0,0.0
2011-09-24,0.815217,0.0,0.0,0.0,0.0,0.0,0.0,0.0,0.0,0.0,0.0,0.0,0.0,0.0,0.0,0.0,0.0,0.0,0.0,0.0,0.0
2011-10-01,0.914962,0.0,0.0,0.0,0.0,0.0,0.0,0.0,0.0,0.0,0.0,0.0,0.0,0.0,0.0,0.0,0.0,0.0,0.0,0.0,2037.2451735630443
2011-10-08,0.726625,0.0,0.0,0.0,0.0,0.0,0.0,0.0,0.0,0.0,0.0,0.0,0.0,0.0,979.6842700297605,0.0,0.0,0.0,0.0,0.0,1752.966635868324
2011-10-15,0.466828,0.0,0.0,0.0,0.0,0.0,0.0,0.0,0.0,0.0,0.0,0.0,0.0,0.0,0.0,0.0,1170.6321377382997,0.0,0.0,0.0,1195.389787032448
2011-10-22,0.737279,0.0,0.0,0.0,0.0,0.0,0.0,1016.4169493224229,0.0,0.0,0.0,0.0,0.0,0.0,0.0,0.0,0.0,0.0,0.0,0.0,0.0
2011-10-29,0.830454,0.0,0.0,0.0,0.0,0.0,0.0,0.0,0.0,0.0,0.0,0.0,0.0,0.0,0.0,0.0,0.0,0.0,0.0,0.0,0.0
2011-11-05,1.00836,0.0,0.0,0.0,0.0,0.0,0.0,0.0,0.0,0.0,0.0,0.0,0.0,0.0,0.0,0.0,0.0,0.0,0.0,0.0,0.0
2011-11-12,0.955864,0.0,0.0,0.0,0.0,0.0,0.0,0.0,0.0,0.0,0.0,0.0,0.0,0.0,1144.973904944607,0.0,1277.4397545382542,0.0,0.0,0.0,858.4833007514708
2011-11-19,0.910101,0.0,0.0,0.0,0.0,0.0,0.0,0.0,0.0,0.0,0.0,0.0,0.0,0.0,0.0,0.0,957.2418273310684,0.0,0.0,0.0,1021.8800879439352
2011-11-26,0.95725,0.0,0.0,0.0,0.0,0.0,0.0,0.0,0.0,0.0,0.0,0.0,0.0,0.0,0.0,0.0,1196.3673162099365,0.0,0.0,0.0,0.0
2011-12-03,0.931267,0.0,0.0,0.0,0.0,0.0,0.0,0.0,0.0,0.0,0.0,0.0,0.0,0.0,0.0,0.0,1354.6037274918003,0.0,0.0,0.0,2066.941683623103
2011-12-10,0.889587,1257.6999275459027,0.0,0.0,0.0,0.0,0.0,0.0,0.0,0.0,0.0,0.0,0.0,0.0,0.0,0.0,1146.2558216107377,0.0,0.0,0.0,1462.0179524175412
2011-12-17,0.946826,0.0,0.0,0.0,0.0,0.0,0.0,0.0,0.0,0.0,0.0,0.0,0.0,0.0,1076.9115818183418,0.0,0.0,0.0,0.0,0.0,888.8961271815541
2011-12-24,0.854254,0.0,0.0,0.0,1032.5095194920343,0.0,0.0,0.0,0.0,0.0,897.313406908819,0.0,0.0,0.0,1042.872133765561,0.0,0.0,0.0,0.0,0.0,866.5542027204269
2011-12-31,1.08755,0.0,0.0,0.0,0.0,0.0,0.0,1108.0425500683882,0.0,0.0,0.0,0.0,0.0,0.0,982.3625651607928,0.0,0.0,0.0,0.0,0.0,0.0
2012-01-07,1.14798,859.6806196423986,0.0,0.0,0.0,0.0,0.0,0.0,0.0,0.0,0.0,0.0,0.0,0.0,0.0,0.0,1130.5110848805682,0.0,0.0,0.0,980.3718133274195
2012-01-14,0.893751,0.0,0.0,818.9876911576196,0.0,0.0,0.0,1232.7927312403522,0.0,0.0,0.0,0.0,0.0,0.0,0.0,0.0,1038.12460841612,0.0,0.0,0.0,863.338136940806
2012-01-21,1.27564,0.0,0.0,0.0,888.7087905591486,0.0,0.0,0.0,0.0,0.0,0.0,0.0,0.0,0.0,0.0,0.0,1348.9583830303666,0.0,0.0,0.0,1782.7358745297922
2012-01-28,1.01896,0.0,0.0,0.0,815.8184870245029,0.0,0.0,820.3022464707182,0.0,0.0,0.0,0.0,0.0,0.0,0.0,0.0,915.2482298464608,0.0,0.0,0.0,1314.6812855563714
2012-02-04,1.10465,0.0,0.0,0.0,0.0,0.0,0.0,0.0,0.0,0.0,0.0,0.0,0.0,0.0,0.0,0.0,835.8531963895078,0.0,0.0,0.0,998.5023719523928
2012-02-11,0.926658,0.0,0.0,0.0,0.0,0.0,0.0,0.0,0.0,0.0,0.0,0.0,0.0,0.0,837.1732420394295,0.0,953.8578549117794,0.0,0.0,0.0,1046.2711141956172
2012-02-18,1.09158,0.0,0.0,0.0,0.0,0.0,0.0,0.0,0.0,0.0,0.0,0.0,0.0,0.0,876.9903266210088,0.0,826.5663461220789,0.0,0.0,0.0,0.0
2012-02-25,1.06421,1755.7712857895538,0.0,0.0,0.0,0.0,0.0,0.0,0.0,0.0,0.0,0.0,0.0,0.0,841.1447960759667,0.0,1272.1298509636656,0.0,0.0,0.0,907.5857278268422
2012-03-03,1.2074,0.0,0.0,0.0,0.0,0.0,0.0,0.0,0.0,0.0,0.0,0.0,0.0,0.0,0.0,0.0,895.5802255344489,0.0,0.0,0.0,1023.7521645153824
2012-03-10,1.27213,0.0,0.0,0.0,0.0,0.0,0.0,966.36466682883,0.0,0.0,0.0,0.0,0.0,0.0,0.0,1688.4774985547997,1434.6332858426947,0.0,0.0,0.0,1261.7210110747246
2012-03-17,1.57938,0.0,0.0,0.0,0.0,0.0,0.0,818.9513523543997,0.0,0.0,0.0,0.0,0.0,0.0,0.0,0.0,0.0,0.0,0.0,0.0,0.0
2012-03-24,2.30525,0.0,0.0,0.0,0.0,0.0,0.0,1125.4918450444288,0.0,0.0,0.0,0.0,0.0,0.0,0.0,0.0,1592.00076384837,0.0,0.0,0.0,873.137588564813
2012-03-31,2.89528,0.0,1213.087455394687,0.0,0.0,0.0,0.0,0.0,0.0,0.0,0.0,0.0,0.0,0.0,0.0,0.0,0.0,0.0,0.0,0.0,1439.196037864583
2012-04-07,2.75811,998.8526681055844,0.0,0.0,0.0,0.0,0.0,0.0,0.0,0.0,0.0,0.0,0.0,0.0,0.0,0.0,1707.54018676371,0.0,0.0,0.0,0.0
2012-04-14,2.88608,0.0,0.0,0.0,0.0,900.5872884548785,0.0,0.0,0.0,0.0,0.0,0.0,0.0,0.0,1277.274128321778,0.0,900.1045637942472,0.0,0.0,0.0,1052.885622558042
2012-04-21,2.90607,0.0,0.0,0.0,0.0,0.0,0.0,0.0,0.0,0.0,0.0,0.0,1639.2096542242662,0.0,0.0,0.0,1089.8815426771655,0.0,0.0,0.0,1009.012394046672
2012-04-28,2.50523,0.0,803.6166206596799,0.0,0.0,0.0,0.0,0.0,0.0,0.0,0.0,0.0,0.0,0.0,0.0,0.0,1078.9792485518276,0.0,0.0,0.0,0.0
2012-05-05,2.54814,0.0,0.0,0.0,0.0,0.0,0.0,0.0,0.0,0.0,0.0,0.0,0.0,0.0,0.0,0.0,0.0,0.0,0.0,0.0,0.0
2012-05-12,2.738,0.0,0.0,0.0,0.0,0.0,0.0,0.0,0.0,0.0,0.0,0.0,0.0,0.0,0.0,0.0,0.0,0.0,0.0,0.0,0.0
2012-05-19,2.67055,0.0,0.0,0.0,0.0,0.0,0.0,0.0,0.0,0.0,0.0,0.0,0.0,0.0,0.0,0.0,877.7505127714932,0.0,0.0,0.0,0.0
2012-05-26,2.70538,0.0,0.0,0.0,1161.6671324825577,0.0,0.0,0.0,0.0,0.0,0.0,0.0,0.0,0.0,0.0,0.0,0.0,0.0,0.0,0.0,0.0
2012-06-02,2.81913,0.0,0.0,0.0,0.0,0.0,0.0,0.0,0.0,0.0,0.0,0.0,0.0,0.0,868.9409680089603,0.0,0.0,0.0,0.0,0.0,1743.23070909083
2012-06-09,1.87505,0.0,0.0,0.0,0.0,0.0,0.0,0.0,0.0,0.0,0.0,0.0,0.0,0.0,0.0,0.0,1084.1822499540706,0.0,0.0,0.0,0.0
2012-06-16,1.70995,0.0,0.0,0.0,0.0,0.0,0.0,0.0,0.0,0.0,0.0,0.0,0.0,0.0,0.0,0.0,1210.449400580669,0.0,0.0,1102.4484492946483,0.0
2012-06-23,1.39322,0.0,0.0,0.0,0.0,0.0,0.0,0.0,0.0,0.0,0.0,0.0,0.0,0.0,0.0,0.0,0.0,0.0,0.0,0.0,1221.8588889905927
2012-06-30,1.21387,0.0,0.0,0.0,0.0,0.0,0.0,0.0,0.0,0.0,0.0,0.0,0.0,0.0,0.0,0.0,969.8725576159038,0.0,0.0,0.0,1011.2971602457268
2012-07-07,1.45957,0.0,0.0,0.0,0.0,0.0,0.0,0.0,0.0,0.0,0.0,0.0,0.0,0.0,0.0,0.0,0.0,0.0,0.0,0.0,1151.3003564284495
2012-07-14,0.936373,0.0,0.0,0.0,0.0,0.0,0.0,0.0,0.0,0.0,0.0,0.0,0.0,0.0,868.3335712813331,0.0,0.0,0.0,0.0,0.0,963.6772976798168
2012-07-21,1.23042,0.0,0.0,0.0,0.0,0.0,0.0,0.0,0.0,0.0,0.0,0.0,0.0,0.0,0.0,0.0,1018.4042874492015,0.0,0.0,0.0,987.739926213132
2012-07-28,1.58856,828.1659579378274,0.0,0.0,0.0,0.0,0.0,0.0,0.0,0.0,0.0,0.0,0.0,0.0,0.0,0.0,886.2911067005367,0.0,0.0,0.0,0.0
2012-08-04,1.76282,0.0,0.0,0.0,0.0,0.0,0.0,0.0,0.0,0.0,0.0,0.0,0.0,0.0,0.0,715.6154011239892,0.0,0.0,0.0,0.0,1616.9087347184231
2012-08-11,1.80966,0.0,0.0,0.0,0.0,0.0,0.0,0.0,0.0,0.0,0.0,0.0,0.0,0.0,0.0,0.0,866.4722593473849,0.0,0.0,0.0,707.8583145877561
2012-08-18,1.74881,0.0,0.0,0.0,0.0,0.0,0.0,0.0,685.4365930128919,0.0,0.0,0.0,0.0,0.0,0.0,0.0,867.51396302072,768.7498572019412,0.0,0.0,878.9858526501337
2012-08-25,1.7048,0.0,0.0,0.0,0.0,0.0,0.0,1372.981422472138,0.0,0.0,0.0,0.0,0.0,0.0,0.0,0.0,733.545131533339,0.0,0.0,0.0,1090.9740983150823
2012-09-01,1.53789,0.0,0.0,0.0,0.0,819.3566625117843,0.0,0.0,0.0,0.0,0.0,0.0,0.0,0.0,0.0,0.0,896.5987587903566,0.0,0.0,0.0,1027.4344331177597
2012-09-08,1.53008,0.0,0.0,0.0,0.0,0.0,0.0,0.0,0.0,0.0,0.0,0.0,0.0,0.0,0.0,0.0,0.0,0.0,0.0,0.0,1428.3113591589438
2012-09-15,1.23419,0.0,0.0,0.0,0.0,0.0,0.0,0.0,0.0,0.0,0.0,0.0,0.0,0.0,0.0,0.0,1610.2590084004528,0.0,0.0,0.0,1068.461210886246
2012-09-22,1.26986,0.0,0.0,0.0,0.0,0.0,0.0,620.4904869210558,0.0,0.0,0.0,0.0,0.0,0.0,0.0,0.0,799.7831974388564,0.0,0.0,0.0,848.4125832027181
2012-09-29,1.34981,0.0,915.8867789040576,0.0,0.0,0.0,0.0,0.0,0.0,0.0,0.0,0.0,0.0,0.0,0.0,0.0,1290.1866419758885,0.0,0.0,0.0,1027.5386797299705
2012-10-06,1.40314,0.0,0.0,0.0,0.0,0.0,0.0,0.0,0.0,0.0,992.9175944408034,949.3806989167884,0.0,0.0,0.0,0.0,0.0,0.0,0.0,0.0,0.0
2012-10-13,1.44613,0.0,0.0,0.0,0.0,0.0,0.0,1070.3126680817488,0.0,0.0,0.0,1194.1928375498662,0.0,0.0,0.0,0.0,751.45079487631,0.0,0.0,0.0,0.0
2012-10-20,1.24869,0.0,0.0,0.0,0.0,0.0,0.0,0.0,0.0,0.0,0.0,0.0,0.0,0.0,0.0,0.0,930.254944433202,0.0,0.0,0.0,886.2389020295623
2012-10-27,1.40326,0.0,0.0,0.0,0.0,0.0,0.0,0.0,0.0,0.0,0.0,0.0,1343.9517963854717,0.0,0.0,0.0,1031.630996070681,0.0,0.0,0.0,0.0
2012-11-03,1.25823,917.104594534974,0.0,0.0,0.0,0.0,0.0,0.0,0.0,0.0,0.0,0.0,0.0,0.0,0.0,0.0,0.0,0.0,0.0,0.0,0.0
2012-11-10,1.3894,1008.8336881451712,824.051461020135,0.0,0.0,0.0,0.0,0.0,0.0,0.0,0.0,0.0,0.0,0.0,0.0,0.0,879.9897362609141,0.0,0.0,0.0,997.8841624270746
2012-11-17,1.48123,0.0,0.0,0.0,0.0,0.0,0.0,0.0,0.0,0.0,0.0,0.0,0.0,0.0,0.0,0.0,1480.7439851192069,0.0,0.0,0.0,0.0
2012-11-24,1.96122,0.0,0.0,0.0,0.0,0.0,0.0,0.0,0.0,0.0,0.0,0.0,0.0,0.0,0.0,0.0,0.0,0.0,0.0,0.0,901.9175668813508
2012-12-01,1.37343,0.0,0.0,0.0,0.0,0.0,0.0,0.0,0.0,0.0,0.0,0.0,0.0,0.0,0.0,0.0,1194.973496617901,0.0,0.0,0.0,1211.2804402024854
2012-12-08,1.59971,0.0,0.0,0.0,0.0,0.0,0.0,0.0,0.0,0.0,0.0,0.0,892.6811744624749,799.3986355928049,896.2641274061733,0.0,1063.4288192131646,0.0,0.0,0.0,940.9263020591984
2012-12-15,1.86986,0.0,0.0,0.0,0.0,0.0,0.0,0.0,0.0,0.0,0.0,0.0,0.0,0.0,0.0,0.0,889.7432228299364,0.0,0.0,0.0,0.0
2012-12-22,1.87202,1014.786914276526,1252.2685682218375,0.0,0.0,0.0,0.0,0.0,0.0,0.0,0.0,0.0,0.0,0.0,844.6115538859273,0.0,1595.2654797986856,0.0,0.0,0.0,0.0
2012-12-29,1.63839,1112.6388748520014,0.0,1042.4305384116344,0.0,1119.6647311098825,0.0,0.0,0.0,0.0,0.0,0.0,0.0,0.0,0.0,0.0,1385.4531680716652,0.0,0.0,0.0,916.1074406784109
2013-01-05,2.52944,0.0,0.0,0.0,0.0,0.0,0.0,0.0,0.0,0.0,0.0,0.0,0.0,0.0,893.8462046487965,0.0,1421.3867808308464,0.0,0.0,0.0,1464.51565588003
2013-01-12,2.8331,2267.3256651788247,1882.048102269354,739.6133607559909,0.0,0.0,0.0,948.2048316489016,0.0,0.0,0.0,1035.8106689665542,0.0,0.0,1133.6320132784294,0.0,946.1330838722732,0.0,0.0,0.0,1135.1629422725755
2013-01-19,3.35174,1831.8267403051825,1244.2158932109176,0.0,0.0,0.0,0.0,0.0,0.0,1100.4946589720228,0.0,0.0,0.0,0.0,1662.931488736637,0.0,759.5409529721369,0.0,0.0,0.0,0.0
2013-01-26,4.84493,1997.6514172061964,1549.2896689371282,0.0,0.0,0.0,0.0,1226.0369266608511,0.0,0.0,0.0,0.0,860.2718122671995,0.0,848.9913167258761,0.0,1507.675231322709,0.0,0.0,0.0,1853.4691782400585
2013-02-02,3.77211,1100.934694807784,1017.2231340481378,0.0,0.0,0.0,0.0,0.0,0.0,0.0,0.0,0.0,707.6524549036307,0.0,777.2003099953266,665.3511876282067,1109.3350330431574,0.0,0.0,0.0,1170.3461064156
2013-02-09,4.02789,993.0042676627788,0.0,0.0,0.0,0.0,0.0,703.7058972541322,0.0,0.0,0.0,0.0,0.0,0.0,0.0,0.0,1399.0744424072257,0.0,0.0,0.0,947.3590934159143
2013-02-16,3.20233,914.72236203732,925.7773229834388,0.0,0.0,0.0,0.0,0.0,0.0,0.0,0.0,0.0,0.0,0.0,0.0,0.0,1061.1435434053658,0.0,0.0,0.0,738.471625509718
2013-02-23,3.14626,1168.5233433508154,724.5533746625968,0.0,0.0,0.0,0.0,0.0,0.0,0.0,0.0,0.0,0.0,0.0,851.9806745017489,0.0,1165.1394013594886,0.0,0.0,0.0,1241.3628152771096
2013-03-02,4.05101,632.5442135306577,715.3550533612797,0.0,0.0,0.0,0.0,713.9605385477292,0.0,0.0,818.5172449046559,0.0,0.0,0.0,1089.3606999606616,0.0,896.1567631272527,0.0,603.1968349975058,0.0,1006.6585873300346
2013-03-09,4.51183,0.0,0.0,686.6622272320546,0.0,0.0,0.0,759.5346029499182,0.0,0.0,0.0,0.0,0.0,0.0,0.0,0.0,706.0472189847953,0.0,0.0,0.0,1194.4168342230646
2013-03-16,3.08503,741.8184102671647,797.8636867198898,0.0,0.0,0.0,0.0,0.0,0.0,0.0,0.0,0.0,0.0,0.0,0.0,0.0,662.9541081735184,0.0,0.0,0.0,0.0
2013-03-23,3.17965,940.1805660866976,0.0,0.0,0.0,0.0,0.0,911.434149383168,0.0,0.0,0.0,0.0,0.0,0.0,0.0,0.0,860.5607639357062,0.0,0.0,0.0,1350.7986875387
2013-03-30,2.45536,0.0,0.0,0.0,0.0,0.0,0.0,0.0,0.0,0.0,691.643435315505,0.0,0.0,0.0,0.0,738.3627354808756,0.0,0.0,0.0,0.0,0.0
2013-04-06,1.95695,0.0,0.0,0.0,0.0,678.1176408660687,0.0,0.0,0.0,0.0,0.0,0.0,0.0,996.5248629295194,0.0,0.0,1169.2491515092563,0.0,0.0,0.0,876.2089078703117
2013-04-13,3.45588,0.0,0.0,0.0,0.0,0.0,0.0,757.4281944461704,0.0,0.0,0.0,0.0,0.0,0.0,720.4154654713423,0.0,868.6457524996944,0.0,0.0,0.0,0.0
2013-04-20,2.45098,0.0,0.0,0.0,0.0,0.0,0.0,0.0,0.0,0.0,0.0,755.7880761677824,0.0,0.0,0.0,0.0,1169.3212001702711,0.0,775.4698009242567,0.0,1365.4143333416416
2013-04-27,3.50584,0.0,681.6620074106116,0.0,0.0,0.0,0.0,0.0,0.0,0.0,0.0,0.0,0.0,0.0,0.0,0.0,969.7153841693,0.0,0.0,0.0,954.8098339467448
2013-05-04,2.866,0.0,0.0,0.0,0.0,0.0,0.0,0.0,0.0,0.0,0.0,0.0,0.0,0.0,0.0,0.0,986.6232644496138,0.0,0.0,0.0,1512.9611253226012
2013-05-11,3.93836,953.5737321427569,622.9270452757943,0.0,0.0,0.0,0.0,0.0,0.0,0.0,0.0,0.0,0.0,0.0,694.9171794632598,0.0,1134.4360932417264,0.0,0.0,0.0,828.9614179133606
2013-05-18,3.79464,0.0,0.0,0.0,0.0,0.0,0.0,0.0,0.0,0.0,1055.3489451518517,0.0,0.0,0.0,0.0,0.0,0.0,0.0,0.0,0.0,0.0
2013-05-25,1.51844,0.0,0.0,0.0,0.0,0.0,0.0,0.0,0.0,0.0,0.0,0.0,0.0,0.0,0.0,0.0,848.5021167729633,0.0,0.0,0.0,1247.2145921600877
2013-06-01,2.56696,0.0,0.0,0.0,0.0,0.0,0.0,0.0,0.0,0.0,0.0,0.0,0.0,0.0,0.0,0.0,995.608914551342,0.0,0.0,0.0,1035.7645172458365
2013-06-08,2.24949,1031.1106034578731,0.0,0.0,0.0,0.0,0.0,0.0,0.0,0.0,0.0,0.0,0.0,0.0,0.0,0.0,927.2431749793564,0.0,0.0,0.0,775.0159927022439
2013-06-15,3.41297,0.0,0.0,0.0,0.0,0.0,0.0,675.8955639917988,0.0,0.0,0.0,0.0,0.0,0.0,0.0,0.0,855.0074334398297,0.0,0.0,0.0,1781.5230806090249
2013-06-22,1.40187,771.9314054470597,0.0,0.0,0.0,0.0,0.0,0.0,0.0,627.4013615291608,0.0,0.0,0.0,0.0,0.0,0.0,931.8650128649248,0.0,0.0,0.0,1304.2106967413458
2013-06-29,1.40977,756.9487703451391,0.0,0.0,0.0,0.0,0.0,0.0,0.0,0.0,0.0,0.0,0.0,0.0,0.0,0.0,0.0,0.0,0.0,0.0,1558.1831781259611
2013-07-06,0.753498,0.0,0.0,0.0,0.0,0.0,0.0,836.6866811155874,0.0,0.0,1017.2608582865744,0.0,0.0,0.0,0.0,0.0,0.0,0.0,0.0,0.0,0.0
2013-07-13,0.551181,0.0,0.0,0.0,748.3433702460469,0.0,0.0,0.0,0.0,0.0,0.0,0.0,0.0,0.0,0.0,0.0,722.8073693005895,0.0,0.0,0.0,825.2691797409257
2013-07-20,0.508906,0.0,0.0,0.0,0.0,0.0,0.0,0.0,0.0,0.0,0.0,0.0,0.0,0.0,0.0,0.0,0.0,0.0,0.0,0.0,602.9815498605137
2013-07-27,0.567721,0.0,0.0,0.0,0.0,0.0,0.0,0.0,0.0,0.0,0.0,0.0,0.0,0.0,0.0,0.0,0.0,0.0,0.0,0.0,630.329048148174
2013-08-03,0.587248,0.0,0.0,0.0,0.0,0.0,0.0,0.0,0.0,0.0,0.0,0.0,0.0,0.0,0.0,0.0,0.0,0.0,0.0,0.0,600.7431214444492
2013-08-10,0.160128,0.0,0.0,0.0,0.0,0.0,0.0,0.0,0.0,0.0,0.0,0.0,0.0,0.0,0.0,0.0,0.0,0.0,0.0,0.0,828.2192772733597
2013-08-17,0.613497,0.0,0.0,0.0,0.0,0.0,0.0,0.0,0.0,0.0,0.0,0.0,0.0,0.0,0.0,0.0,698.1246729584052,0.0,0.0,0.0,857.2571328434785
2013-08-24,0.527357,0.0,852.0912392019227,0.0,0.0,0.0,0.0,0.0,0.0,0.0,0.0,0.0,0.0,0.0,0.0,0.0,0.0,0.0,0.0,0.0,1301.3588260916054
2013-08-31,1.33983,0.0,0.0,0.0,0.0,0.0,0.0,0.0,0.0,0.0,0.0,0.0,0.0,0.0,0.0,0.0,690.0853825919644,0.0,0.0,0.0,1018.1969967765136
2013-09-07,1.427,0.0,0.0,0.0,0.0,0.0,0.0,616.72616437832,0.0,0.0,0.0,0.0,0.0,0.0,0.0,0.0,930.1330008225326,0.0,0.0,0.0,1104.5868799022082
2013-09-14,1.61663,0.0,0.0,0.0,0.0,0.0,0.0,0.0,0.0,0.0,0.0,0.0,0.0,0.0,0.0,0.0,1156.6148014549813,0.0,0.0,0.0,1041.140232829689
2013-09-21,1.37195,0.0,0.0,0.0,0.0,703.4690002218524,0.0,0.0,0.0,0.0,0.0,0.0,0.0,0.0,0.0,0.0,0.0,0.0,0.0,0.0,1071.9598392206954
2013-09-28,1.77353,0.0,0.0,0.0,0.0,0.0,0.0,1234.5253844783454,0.0,0.0,0.0,0.0,0.0,0.0,0.0,623.2182925877654,0.0,0.0,0.0,0.0,1059.214295442261
2013-10-05,1.25261,607.4448381454434,0.0,0.0,0.0,0.0,0.0,0.0,0.0,0.0,0.0,0.0,0.0,0.0,0.0,0.0,0.0,0.0,0.0,632.8382194536797,843.2643946344538
2013-10-12,1.98556,0.0,0.0,0.0,0.0,0.0,0.0,0.0,0.0,0.0,0.0,0.0,650.8495800322562,0.0,0.0,0.0,0.0,0.0,0.0,0.0,0.0
2013-10-19,1.98925,0.0,0.0,0.0,0.0,0.0,0.0,0.0,0.0,659.2188849909816,0.0,0.0,0.0,0.0,0.0,851.3668644747448,681.025214076813,659.5734208021379,0.0,0.0,1219.298498608351
2013-10-26,1.95767,724.0089972635916,743.6006857435511,0.0,0.0,0.0,0.0,0.0,0.0,0.0,0.0,0.0,0.0,0.0,0.0,0.0,686.0393174219529,0.0,0.0,0.0,1002.4162093807778
2013-11-02,2.10403,0.0,1532.361260552688,0.0,0.0,0.0,0.0,0.0,0.0,0.0,0.0,0.0,0.0,0.0,0.0,933.4969064216574,935.6872947208626,0.0,0.0,0.0,1424.1015705775742
2013-11-09,2.20936,0.0,603.9673295420533,0.0,0.0,0.0,0.0,0.0,0.0,0.0,0.0,0.0,0.0,0.0,0.0,0.0,1524.4367834883187,0.0,0.0,0.0,1197.5597992089324
2013-11-16,2.1264,0.0,950.86536126008,0.0,0.0,0.0,0.0,990.4144333085932,0.0,0.0,0.0,0.0,0.0,0.0,0.0,0.0,0.0,0.0,0.0,0.0,0.0
2013-11-23,2.53583,0.0,0.0,0.0,0.0,0.0,0.0,0.0,0.0,0.0,0.0,0.0,0.0,0.0,0.0,0.0,734.6787415555607,0.0,0.0,0.0,1872.2073734330936
2013-11-30,1.74064,0.0,0.0,0.0,0.0,0.0,0.0,0.0,0.0,0.0,0.0,0.0,0.0,0.0,0.0,0.0,655.0742802543103,0.0,0.0,0.0,0.0
2013-12-07,2.10035,0.0,0.0,0.0,0.0,0.0,0.0,627.6298140848279,0.0,0.0,0.0,0.0,0.0,0.0,0.0,0.0,782.7032922669586,0.0,0.0,0.0,1263.12811971237
2013-12-14,2.86248,0.0,1135.1522723923435,0.0,0.0,0.0,0.0,0.0,0.0,0.0,0.0,0.0,0.0,0.0,0.0,0.0,1118.0305563768632,0.0,0.0,0.0,1025.0337469009835
2013-12-21,3.265,0.0,0.0,0.0,0.0,0.0,0.0,0.0,667.8161466983478,0.0,0.0,0.0,0.0,0.0,0.0,0.0,950.931203800018,0.0,0.0,0.0,1191.3313468363435
2013-12-28,2.06044,781.3129273602586,0.0,0.0,0.0,0.0,0.0,0.0,0.0,0.0,0.0,0.0,0.0,0.0,0.0,0.0,798.8623512322209,0.0,0.0,0.0,1099.5217902055542
2014-01-04,2.95858,812.8856774592858,0.0,0.0,0.0,0.0,0.0,0.0,0.0,0.0,0.0,0.0,0.0,0.0,849.1213120728247,0.0,1024.778760036735,0.0,0.0,0.0,1812.4019258167611
2014-01-11,3.61589,1025.285732523538,838.0704707513262,0.0,0.0,0.0,0.0,754.8346723248748,0.0,0.0,0.0,0.0,0.0,715.397726502756,0.0,0.0,1225.2695912581387,0.0,0.0,0.0,1457.1337136272975
2014-01-18,3.38421,0.0,0.0,0.0,0.0,0.0,0.0,785.0140562693207,0.0,0.0,0.0,756.1064658544967,0.0,0.0,0.0,0.0,1328.5574291914988,0.0,968.8054727026412,0.0,886.5511397652743
2014-01-25,5.30303,0.0,799.9355980800156,0.0,0.0,0.0,0.0,0.0,0.0,0.0,0.0,0.0,0.0,0.0,1190.2509213368296,0.0,1145.2783424459892,0.0,0.0,0.0,1210.334233750068
2014-02-01,4.99376,868.8044478922703,1031.94822517697,0.0,0.0,0.0,0.0,817.6654432539601,0.0,0.0,0.0,0.0,0.0,0.0,959.184397314316,0.0,1215.8146661990286,0.0,0.0,0.0,1226.2486786166155
2014-02-08,5.58968,0.0,0.0,0.0,0.0,0.0,0.0,836.0897468361474,0.0,0.0,0.0,0.0,0.0,0.0,740.2018850157259,0.0,813.2562347967337,0.0,0.0,0.0,1045.7842262842098
2014-02-15,5.77617,0.0,0.0,0.0,0.0,0.0,0.0,620.042230969379,0.0,0.0,0.0,0.0,0.0,0.0,692.4753112308654,0.0,1042.1525445256275,0.0,0.0,0.0,842.1714548674628
2014-02-22,8.10466,0.0,529.6667944386696,0.0,0.0,0.0,0.0,0.0,0.0,0.0,0.0,0.0,0.0,0.0,621.4208332303147,0.0,1575.4651339393415,0.0,0.0,0.0,1144.122825316021
2014-03-01,6.84524,0.0,0.0,0.0,0.0,0.0,0.0,0.0,0.0,0.0,0.0,0.0,0.0,0.0,0.0,0.0,1288.6893753581037,0.0,0.0,0.0,948.4281790200428
2014-03-08,6.30225,0.0,0.0,0.0,0.0,0.0,0.0,0.0,0.0,0.0,0.0,0.0,0.0,0.0,853.0621569328264,0.0,1604.1405819050462,0.0,0.0,0.0,1422.4291354384704
2014-03-15,4.625,568.3944563906193,685.9781045849332,0.0,0.0,0.0,0.0,0.0,0.0,0.0,586.4600559281738,0.0,0.0,0.0,872.1896810061154,0.0,1333.1169498461506,0.0,0.0,0.0,1183.473781687695
2014-03-22,2.62123,640.9778917013871,0.0,0.0,0.0,0.0,0.0,973.0797468235288,0.0,0.0,0.0,0.0,0.0,0.0,819.8370974972254,0.0,851.1022924207907,0.0,0.0,0.0,1469.1401137664243
2014-03-29,3.03721,0.0,0.0,0.0,0.0,0.0,0.0,0.0,0.0,0.0,0.0,0.0,0.0,0.0,0.0,0.0,883.5109802883392,0.0,0.0,0.0,1614.891064581903
2014-04-05,3.0303,0.0,1199.1435261688282,0.0,0.0,0.0,0.0,1006.6896386911789,0.0,0.0,0.0,0.0,0.0,674.2403742761741,0.0,0.0,670.2761060348159,0.0,0.0,0.0,1637.7088196266557
2014-04-12,2.15783,718.4111192855189,0.0,1009.275540048612,593.2546415878326,0.0,0.0,768.2166695338743,0.0,0.0,0.0,0.0,0.0,0.0,891.2103476594016,0.0,1810.535568727623,0.0,0.0,0.0,1035.6173625443464
2014-04-19,3.24977,0.0,0.0,0.0,0.0,0.0,0.0,0.0,0.0,0.0,0.0,0.0,850.9927852131955,0.0,0.0,0.0,1073.1515749524378,0.0,0.0,0.0,800.0819253032741
2014-04-26,2.49844,0.0,847.4978338652624,0.0,0.0,0.0,0.0,0.0,0.0,0.0,0.0,0.0,0.0,0.0,0.0,0.0,1050.943121898039,0.0,0.0,0.0,1478.885305046957
2014-05-03,1.78462,0.0,0.0,0.0,0.0,0.0,0.0,788.4024447398958,0.0,0.0,0.0,0.0,0.0,0.0,0.0,0.0,680.9908861553985,0.0,0.0,0.0,1433.596608508983
2014-05-10,1.81932,0.0,0.0,0.0,0.0,0.0,0.0,697.2764544349644,0.0,0.0,0.0,0.0,0.0,0.0,0.0,0.0,1293.2814642956816,0.0,0.0,0.0,1139.544748004217
2014-05-17,2.41477,670.9325962504568,0.0,0.0,0.0,0.0,0.0,737.4176975134495,0.0,0.0,0.0,0.0,0.0,0.0,756.4861209906115,0.0,1805.1187035931664,0.0,0.0,0.0,1676.2863466609904
2014-05-24,3.3213,0.0,0.0,0.0,0.0,0.0,0.0,713.4441177204714,0.0,0.0,0.0,0.0,0.0,0.0,0.0,0.0,0.0,0.0,0.0,0.0,1053.336587652759
2014-05-31,2.83286,0.0,0.0,0.0,0.0,0.0,0.0,0.0,0.0,0.0,0.0,0.0,0.0,0.0,0.0,0.0,1386.5405580230597,0.0,0.0,0.0,1509.4923974788142
2014-06-07,1.30971,0.0,0.0,0.0,0.0,0.0,0.0,1106.8568936078975,0.0,0.0,0.0,0.0,0.0,0.0,0.0,0.0,695.6515255541791,0.0,0.0,0.0,873.8492794365394
2014-06-14,2.92154,0.0,0.0,0.0,0.0,0.0,0.0,0.0,0.0,0.0,0.0,0.0,0.0,0.0,0.0,0.0,0.0,0.0,0.0,0.0,968.1527378145786
2014-06-21,1.61638,0.0,0.0,0.0,0.0,0.0,0.0,1496.5400367097332,0.0,0.0,0.0,0.0,0.0,0.0,727.4198030709185,0.0,1492.7738950685657,0.0,0.0,0.0,1055.4778629336784
2014-06-28,2.82609,0.0,0.0,1122.144927921215,0.0,0.0,0.0,0.0,0.0,0.0,0.0,0.0,0.0,0.0,0.0,0.0,1472.96328758012,0.0,0.0,0.0,749.468822029061
2014-07-05,1.67286,0.0,0.0,0.0,0.0,0.0,0.0,704.2751446702351,0.0,0.0,0.0,0.0,0.0,0.0,0.0,0.0,1093.101081011607,0.0,0.0,0.0,1394.577265740661
2014-07-12,1.68577,0.0,0.0,0.0,0.0,0.0,0.0,0.0,0.0,0.0,0.0,0.0,0.0,0.0,0.0,0.0,998.2541950283728,0.0,725.4607220067887,0.0,0.0
2014-07-19,1.61064,0.0,0.0,0.0,0.0,0.0,0.0,657.6218413320753,0.0,0.0,0.0,0.0,0.0,0.0,822.1598915200043,0.0,0.0,0.0,0.0,0.0,0.0
2014-07-26,1.7673,0.0,0.0,0.0,0.0,0.0,0.0,0.0,0.0,0.0,0.0,0.0,0.0,0.0,0.0,0.0,861.5187413370617,0.0,0.0,0.0,965.2363677183216
2014-08-02,1.03774,0.0,0.0,0.0,0.0,0.0,0.0,0.0,0.0,0.0,0.0,0.0,0.0,0.0,0.0,0.0,1012.5553986860086,0.0,0.0,0.0,1023.4142005303522
2014-08-09,1.07875,386.97026029230193,0.0,0.0,0.0,0.0,0.0,610.7228341672726,0.0,0.0,0.0,0.0,0.0,386.6002868171756,0.0,0.0,681.6616792546557,0.0,0.0,0.0,907.7106855724686
2014-08-16,1.41176,367.7693409577168,0.0,0.0,0.0,0.0,0.0,0.0,0.0,0.0,0.0,0.0,0.0,0.0,0.0,0.0,875.9007224041659,0.0,0.0,0.0,906.1918453962784
2014-08-23,0.566251,0.0,0.0,0.0,0.0,0.0,0.0,453.82175087099705,0.0,0.0,0.0,0.0,0.0,0.0,409.2504436989868,0.0,525.4126461258301,0.0,0.0,0.0,685.0721892351193
2014-08-30,1.32626,424.89607228627744,0.0,0.0,0.0,0.0,0.0,0.0,0.0,0.0,0.0,0.0,0.0,0.0,0.0,0.0,804.1895699986364,0.0,0.0,0.0,898.184042022675
2014-09-06,2.32198,326.07726368222643,0.0,0.0,0.0,0.0,0.0,466.7068196991491,0.0,0.0,0.0,0.0,0.0,0.0,0.0,0.0,518.640441519462,0.0,0.0,0.0,703.6489994737962
2014-09-13,2.53502,0.0,467.2251938553266,0.0,0.0,0.0,0.0,418.27579096577057,0.0,0.0,0.0,0.0,0.0,0.0,500.4354165089367,0.0,1127.9682680960357,0.0,0.0,0.0,1482.6946240682444
2014-09-20,3.02419,0.0,0.0,450.02721021972144,0.0,0.0,0.0,636.2188467335011,0.0,0.0,0.0,0.0,0.0,0.0,0.0,0.0,614.5916913225343,0.0,0.0,0.0,954.4202311564368
2014-09-27,1.9385,331.041560625775,511.2688916844106,0.0,0.0,0.0,0.0,571.0737170044953,0.0,0.0,0.0,0.0,0.0,0.0,0.0,0.0,689.4691159573672,0.0,0.0,0.0,1198.4634418828082
2014-10-04,4.81841,0.0,0.0,0.0,0.0,0.0,0.0,469.9844348874596,0.0,0.0,0.0,0.0,0.0,0.0,0.0,0.0,898.2874042446358,0.0,0.0,0.0,991.4896882153516
2014-10-11,4.95225,459.4284455085105,465.08338482725065,0.0,0.0,0.0,0.0,0.0,0.0,0.0,0.0,0.0,0.0,0.0,357.9371471950892,0.0,834.3949450302778,0.0,0.0,0.0,1273.6804000164516
2014-10-18,4.42924,0.0,629.0260762133678,0.0,0.0,0.0,0.0,328.12127160192307,0.0,0.0,0.0,0.0,0.0,0.0,0.0,414.3858238104113,972.074258096402,0.0,0.0,0.0,1097.074196998734
2014-10-25,4.43332,350.4574246995776,627.9753294161827,0.0,0.0,0.0,0.0,0.0,0.0,0.0,0.0,0.0,461.35582397622807,0.0,434.2250490816664,501.8315119216409,779.3767213071387,0.0,0.0,0.0,1011.43827079091
2014-11-01,4.48448,539.2820124369558,445.2049857959829,0.0,0.0,0.0,0.0,553.9384373640405,0.0,0.0,0.0,0.0,0.0,0.0,0.0,0.0,460.3511752026391,0.0,0.0,0.0,697.910621852588
2014-11-08,5.23318,0.0,465.5190792019187,0.0,0.0,0.0,0.0,0.0,0.0,0.0,0.0,0.0,0.0,0.0,0.0,0.0,921.9229857586556,0.0,0.0,0.0,772.327917403385
2014-11-15,5.19622,0.0,606.3108183644358,0.0,0.0,0.0,0.0,0.0,0.0,0.0,0.0,0.0,438.52997133087024,0.0,0.0,643.7422196044125,1164.5079129482017,0.0,0.0,0.0,891.533634489073
2014-11-22,3.79275,0.0,449.7720914107727,0.0,0.0,0.0,0.0,0.0,0.0,0.0,0.0,0.0,0.0,0.0,0.0,0.0,1033.573159240723,0.0,0.0,0.0,852.1358384802608
2014-11-29,3.86473,0.0,0.0,0.0,0.0,0.0,0.0,465.5270641006877,0.0,0.0,0.0,440.6251937153439,0.0,0.0,706.0850904637024,0.0,0.0,0.0,0.0,0.0,1047.58827804932
2014-12-06,4.66793,0.0,434.3085027563083,0.0,0.0,0.0,436.2516784722603,568.2893449534805,0.0,0.0,0.0,0.0,0.0,0.0,551.3429181236337,0.0,534.1170341528148,0.0,0.0,0.0,1105.8921047134893
2014-12-13,4.77601,1137.20197951489,492.41677818682126,0.0,0.0,509.486088873708,0.0,0.0,0.0,0.0,0.0,500.2515967883319,0.0,0.0,0.0,0.0,909.5155219967796,0.0,0.0,0.0,1083.6972334461047
2014-12-20,6.84982,0.0,498.4776117029141,0.0,0.0,0.0,0.0,0.0,0.0,0.0,0.0,447.6247186604045,0.0,0.0,0.0,460.9148126621528,1486.7783875415228,0.0,0.0,0.0,1100.4367010370838
2014-12-27,10.3704,607.1439556496119,0.0,0.0,0.0,0.0,0.0,895.482701895089,0.0,0.0,0.0,0.0,0.0,0.0,502.8526181418673,0.0,1155.1759378407326,0.0,0.0,0.0,1166.742834594883
2015-01-03,13.8313,736.1578504050677,615.569410314498,0.0,0.0,0.0,0.0,592.1818865016971,0.0,0.0,0.0,0.0,0.0,0.0,488.412840135624,0.0,1251.2066788862555,0.0,0.0,0.0,1437.3653851654765
2015-01-10,11.99,927.6340492428252,1287.9826267725646,643.8730008324634,518.9202599403941,0.0,0.0,984.4345628107756,0.0,0.0,0.0,602.6107490928068,0.0,0.0,0.0,0.0,1682.2448692083294,0.0,0.0,0.0,1286.1794324062414
2015-01-17,16.1445,852.937462343815,1359.5685754661654,0.0,0.0,0.0,0.0,570.1473320906407,822.7525553265227,0.0,0.0,701.8744692033367,0.0,0.0,687.3642746411011,470.9446952646513,1403.0657199585685,0.0,446.94525292440807,0.0,1728.181670283926
2015-01-24,15.7855,995.5979067812956,682.3251478242547,0.0,0.0,0.0,0.0,1385.095395879896,0.0,0.0,0.0,489.1791912477718,574.1343341112772,0.0,677.3035331712659,577.5699383537413,1486.105741221895,0.0,0.0,0.0,1349.9459326406547
2015-01-31,15.5854,1137.2645253065766,1163.2295278488398,483.91975649480906,587.0836023919853,0.0,0.0,825.6092229353557,0.0,0.0,0.0,680.6398042322298,0.0,0.0,545.0282293302173,537.9706424089782,1681.6474467372052,417.15374154324223,0.0,0.0,1450.0378631192714
2015-02-07,13.8272,617.0567216719604,775.8097518485163,0.0,0.0,0.0,0.0,752.4481311305192,0.0,0.0,0.0,406.6421546828422,830.3901564569355,0.0,496.6771256548573,0.0,852.3254969681362,0.0,0.0,0.0,1079.3216430760508
2015-02-14,11.6471,963.4925144095628,943.8095819983306,610.5226019111618,464.4828003284762,0.0,0.0,676.6459466959628,0.0,0.0,0.0,441.7184828134364,0.0,0.0,0.0,406.0486857226867,1464.5096333102397,0.0,0.0,0.0,1026.8044518992338
2015-02-21,10.6383,0.0,666.8875139405145,0.0,1012.422599245094,0.0,0.0,794.1123515858606,0.0,0.0,0.0,0.0,0.0,0.0,744.925778399253,0.0,1593.0661966773423,0.0,0.0,0.0,1374.4214212779054
2015-02-28,8.05215,0.0,705.4694698862618,0.0,0.0,0.0,0.0,0.0,0.0,0.0,0.0,0.0,0.0,0.0,805.0025449879059,0.0,1529.2616018441415,0.0,0.0,0.0,1118.436157589726
2015-03-07,8.73866,0.0,0.0,0.0,0.0,0.0,0.0,549.8273199833865,0.0,0.0,0.0,0.0,0.0,0.0,0.0,0.0,1601.4725224903018,0.0,0.0,0.0,1078.6404088378754
2015-03-14,8.16012,0.0,473.310435287735,0.0,0.0,0.0,0.0,1018.1667367363218,0.0,0.0,0.0,513.5739923815693,529.0531977533293,0.0,0.0,0.0,1260.109989691221,0.0,0.0,0.0,1422.925637730452
2015-03-21,4.90196,433.20807356166745,678.4131767818765,0.0,0.0,0.0,0.0,556.1831810891404,0.0,0.0,0.0,0.0,0.0,0.0,0.0,0.0,842.755697685267,467.8780619252177,0.0,0.0,1659.5004754902366
2015-03-28,6.49029,0.0,0.0,0.0,0.0,0.0,0.0,0.0,632.8381230460873,0.0,0.0,0.0,0.0,0.0,0.0,0.0,862.8326388161985,0.0,0.0,0.0,811.2244767798229
2015-04-04,6.16184,521.208047347893,0.0,0.0,0.0,0.0,0.0,0.0,0.0,0.0,0.0,0.0,0.0,0.0,0.0,0.0,868.0920926209513,0.0,0.0,0.0,1658.5057998700254
2015-04-11,6.63667,0.0,0.0,0.0,0.0,0.0,0.0,896.4394058774249,0.0,0.0,0.0,0.0,0.0,0.0,0.0,0.0,1002.3719454276644,962.0885590080828,0.0,0.0,519.4212441913324
2015-04-18,6.00693,0.0,0.0,0.0,0.0,0.0,0.0,0.0,0.0,0.0,0.0,0.0,0.0,0.0,0.0,0.0,834.6327780323705,0.0,0.0,0.0,931.7898070152612
2015-04-25,4.33333,0.0,0.0,569.0167395175577,0.0,0.0,0.0,650.0125894691906,562.4460748801548,0.0,0.0,0.0,0.0,0.0,795.9428803592299,0.0,1693.3553001564496,0.0,0.0,553.512930108629,1001.9140844320478
2015-05-02,4.70639,0.0,0.0,0.0,509.0104878349549,0.0,0.0,534.0683276326514,0.0,0.0,0.0,0.0,0.0,0.0,593.4867732980875,0.0,1045.8545216586851,0.0,0.0,0.0,698.8828244489821
2015-05-09,5.75365,0.0,0.0,0.0,0.0,0.0,0.0,514.8465862277991,0.0,0.0,0.0,0.0,0.0,0.0,0.0,0.0,1208.8953720832776,0.0,0.0,0.0,966.8223664443942
2015-05-16,5.51905,0.0,529.1512379600051,0.0,0.0,0.0,0.0,0.0,0.0,0.0,0.0,0.0,0.0,0.0,0.0,0.0,865.174971946905,0.0,0.0,0.0,764.8534596673743
2015-05-23,5.65386,0.0,559.9341249374279,0.0,0.0,0.0,0.0,501.5297988497775,0.0,0.0,0.0,0.0,0.0,0.0,560.4047968913883,0.0,1219.032983933064,0.0,0.0,0.0,1393.0252458713194
2015-05-30,5.62566,0.0,0.0,0.0,0.0,0.0,0.0,728.3412551456796,0.0,0.0,0.0,0.0,0.0,0.0,0.0,0.0,1076.381297597035,0.0,0.0,0.0,959.7988069392652
2015-06-06,4.81513,0.0,0.0,0.0,0.0,0.0,0.0,704.612888111881,0.0,0.0,562.5730666834128,0.0,0.0,0.0,0.0,751.2236602503386,986.9523453547114,0.0,0.0,0.0,1338.4088717479362
2015-06-13,1.17139,0.0,0.0,0.0,0.0,0.0,0.0,898.0308968188292,0.0,0.0,0.0,0.0,0.0,0.0,556.2434700512141,0.0,0.0,0.0,1183.142105591454,0.0,1259.829480093388
2015-06-20,0.992282,0.0,0.0,0.0,0.0,0.0,0.0,0.0,0.0,0.0,0.0,0.0,0.0,0.0,0.0,735.7723207140065,0.0,0.0,0.0,0.0,1288.7790976705353
2015-06-27,0.7922,0.0,0.0,0.0,0.0,0.0,0.0,846.1602791664488,0.0,0.0,0.0,0.0,0.0,0.0,0.0,0.0,838.250891542181,0.0,0.0,0.0,1096.3897868863762
2015-07-04,1.45128,0.0,0.0,0.0,0.0,0.0,0.0,0.0,0.0,0.0,0.0,0.0,0.0,0.0,0.0,0.0,998.9653512376524,0.0,0.0,0.0,0.0
2015-07-11,1.00711,0.0,0.0,0.0,0.0,709.2759975044846,0.0,0.0,0.0,0.0,0.0,0.0,0.0,0.0,854.7060874685221,0.0,1130.986111823236,0.0,0.0,0.0,1045.973568492809
2015-07-18,0.931099,0.0,0.0,0.0,0.0,0.0,0.0,730.6342131426021,0.0,0.0,0.0,0.0,0.0,0.0,0.0,0.0,0.0,0.0,0.0,0.0,1429.0189139151764
2015-07-25,1.30516,0.0,0.0,0.0,0.0,0.0,0.0,770.5392308342977,0.0,0.0,0.0,0.0,0.0,0.0,0.0,0.0,1030.158811449711,0.0,0.0,0.0,1354.2889926390403
2015-08-01,0.624025,0.0,0.0,0.0,0.0,0.0,0.0,0.0,0.0,0.0,0.0,0.0,0.0,0.0,0.0,0.0,0.0,0.0,0.0,0.0,0.0
2015-08-08,1.35811,0.0,0.0,0.0,0.0,0.0,0.0,0.0,0.0,0.0,0.0,0.0,0.0,0.0,0.0,0.0,0.0,0.0,0.0,0.0,765.6875829436625
2015-08-15,0.573248,0.0,0.0,0.0,0.0,0.0,0.0,0.0,0.0,0.0,0.0,0.0,0.0,0.0,0.0,0.0,0.0,0.0,0.0,0.0,1342.6283008225512
2015-08-22,0.676133,0.0,0.0,0.0,0.0,0.0,0.0,0.0,0.0,0.0,0.0,0.0,0.0,0.0,0.0,0.0,0.0,0.0,0.0,0.0,809.2860345775082
2015-08-29,1.14141,0.0,0.0,0.0,0.0,0.0,0.0,0.0,0.0,0.0,0.0,0.0,0.0,0.0,0.0,0.0,0.0,0.0,0.0,0.0,806.8450323344298
2015-09-05,1.13208,0.0,0.0,0.0,0.0,0.0,0.0,647.464337774245,0.0,0.0,0.0,0.0,0.0,0.0,0.0,0.0,682.6457148925741,0.0,0.0,0.0,0.0
2015-09-12,2.0979,0.0,0.0,0.0,0.0,0.0,0.0,0.0,0.0,0.0,0.0,0.0,0.0,0.0,0.0,0.0,847.7162189550602,0.0,0.0,0.0,1646.0253184100093
2015-09-19,2.0552,0.0,645.9665273638572,0.0,0.0,0.0,0.0,0.0,0.0,0.0,0.0,0.0,0.0,0.0,0.0,0.0,882.0833087863081,0.0,0.0,0.0,948.1248015513823
2015-09-26,2.17267,0.0,0.0,0.0,0.0,0.0,0.0,0.0,0.0,0.0,0.0,0.0,0.0,0.0,0.0,0.0,1232.6256713717182,0.0,0.0,0.0,1327.9117289482658
2015-10-03,1.89255,0.0,0.0,0.0,0.0,0.0,0.0,0.0,0.0,0.0,0.0,0.0,0.0,0.0,0.0,0.0,650.5513554922774,0.0,0.0,0.0,1115.3135742502309
2015-10-10,2.33303,0.0,0.0,0.0,0.0,0.0,0.0,0.0,0.0,0.0,0.0,0.0,0.0,0.0,0.0,0.0,1140.431254927002,0.0,0.0,0.0,0.0
2015-10-17,1.79028,675.4046729735259,0.0,0.0,0.0,0.0,0.0,0.0,0.0,0.0,0.0,0.0,0.0,0.0,888.1151936880985,0.0,1448.858126258948,0.0,0.0,0.0,1173.8208230478594
2015-10-24,1.30685,0.0,1011.4201569595192,0.0,0.0,0.0,0.0,0.0,0.0,0.0,640.4266377544166,0.0,0.0,0.0,0.0,743.1841425836786,1260.0638620030652,0.0,0.0,0.0,0.0
2015-10-31,1.5625,924.016548432,0.0,0.0,0.0,0.0,0.0,0.0,0.0,0.0,0.0,0.0,0.0,0.0,0.0,0.0,901.8782020562156,0.0,0.0,0.0,1447.0135954871048
2015-11-07,2.18274,0.0,0.0,0.0,0.0,0.0,0.0,0.0,0.0,0.0,0.0,0.0,0.0,0.0,0.0,676.8550064040492,1424.7759355977385,0.0,0.0,0.0,796.8193517428197
2015-11-14,1.69851,0.0,0.0,0.0,0.0,0.0,0.0,0.0,0.0,0.0,0.0,0.0,0.0,0.0,0.0,0.0,650.7107251594224,0.0,0.0,0.0,635.2180107907994
2015-11-21,1.47727,0.0,0.0,0.0,0.0,0.0,0.0,0.0,0.0,0.0,0.0,0.0,0.0,0.0,0.0,0.0,841.6776961371047,0.0,0.0,0.0,715.6833690294457
2015-11-28,2.48344,0.0,0.0,0.0,0.0,0.0,0.0,0.0,0.0,0.0,0.0,0.0,0.0,0.0,0.0,0.0,0.0,0.0,0.0,0.0,1030.6812076337224
2015-12-05,2.1764,0.0,0.0,0.0,0.0,0.0,0.0,0.0,0.0,0.0,794.4150582833025,0.0,827.2987237765132,0.0,0.0,0.0,0.0,0.0,0.0,0.0,1080.2214589878358
2015-12-12,1.8315,858.2375216403985,0.0,0.0,0.0,0.0,0.0,0.0,0.0,0.0,0.0,655.9846743312845,0.0,0.0,0.0,0.0,1265.504881859518,0.0,751.0171919117076,0.0,723.707337050732
2015-12-19,2.04221,0.0,0.0,0.0,0.0,0.0,0.0,0.0,0.0,0.0,0.0,0.0,0.0,0.0,0.0,0.0,1393.870951081945,0.0,0.0,0.0,0.0
2015-12-26,1.5873,0.0,0.0,0.0,0.0,0.0,0.0,1170.888186336107,0.0,0.0,0.0,0.0,0.0,0.0,0.0,0.0,956.7341760867076,0.0,0.0,0.0,1000.4289656504136
2016-01-02,2.1164,0.0,0.0,0.0,0.0,0.0,0.0,0.0,0.0,0.0,0.0,0.0,0.0,0.0,0.0,0.0,754.7037061498027,0.0,0.0,0.0,1604.342238295459
2016-01-09,1.22735,0.0,0.0,0.0,0.0,0.0,0.0,0.0,0.0,0.0,0.0,711.7573803058897,0.0,0.0,0.0,0.0,979.2828155774628,0.0,0.0,0.0,1277.9703978530513
2016-01-16,1.75439,0.0,0.0,0.0,0.0,0.0,0.0,577.3355216813028,0.0,0.0,0.0,786.9566305156885,0.0,0.0,0.0,0.0,957.7353626146293,0.0,0.0,0.0,1013.200226595569
2016-01-23,2.45362,0.0,0.0,0.0,0.0,0.0,0.0,558.4337793775359,0.0,0.0,0.0,0.0,0.0,0.0,582.3269457883687,0.0,1251.395742607289,0.0,0.0,621.3446086151706,782.4858982637916
2016-01-30,3.19211,0.0,0.0,0.0,0.0,0.0,0.0,732.3467808815515,0.0,0.0,0.0,0.0,0.0,0.0,546.0117548194557,0.0,1761.4552246018084,651.1353809837323,0.0,0.0,1119.458601353217
2016-02-06,2.35911,0.0,649.5059943802514,0.0,0.0,0.0,0.0,624.9615771530468,0.0,538.5874922000608,0.0,0.0,0.0,0.0,765.0240691447215,0.0,1410.1059020363784,0.0,0.0,0.0,1132.0299568890634
2016-02-13,4.0253,0.0,0.0,0.0,0.0,0.0,0.0,641.6517581762774,0.0,0.0,617.1613016669398,0.0,0.0,0.0,654.0447996348664,0.0,1091.0660156558592,0.0,0.0,0.0,1117.929809582919
2016-02-20,4.25139,510.2318343912926,0.0,0.0,0.0,0.0,0.0,789.4594532175109,0.0,0.0,0.0,0.0,0.0,0.0,768.5186404124776,0.0,1417.7277979485518,0.0,0.0,0.0,1132.3755980504495
2016-02-27,5.57043,0.0,916.341641164011,0.0,0.0,0.0,0.0,580.2993325896006,0.0,0.0,0.0,0.0,0.0,0.0,0.0,0.0,1183.6012364770068,0.0,0.0,0.0,1086.3471363113704
2016-03-05,6.0241,643.9004477764729,931.5577996328948,0.0,0.0,0.0,0.0,0.0,0.0,0.0,0.0,0.0,0.0,0.0,793.63893246383,0.0,1114.7030588454434,0.0,0.0,730.0210645380637,1039.5924463775236
2016-03-12,7.61169,0.0,0.0,0.0,0.0,0.0,0.0,826.6628367118218,0.0,0.0,0.0,0.0,0.0,0.0,525.8833184796616,0.0,1326.6370594907594,0.0,0.0,580.7265289441932,1166.4986686895952
2016-03-19,7.281,0.0,0.0,0.0,0.0,0.0,0.0,589.1919641022596,0.0,0.0,0.0,0.0,0.0,0.0,1009.2197612709692,605.800190941034,1023.3445618910353,0.0,0.0,0.0,1220.353561516454
2016-03-26,6.41673,1059.4786524643025,851.6501421767317,0.0,0.0,0.0,0.0,0.0,913.0452926657406,0.0,0.0,0.0,0.0,0.0,0.0,0.0,1113.0085366522335,0.0,0.0,0.0,1466.0356777509812
2016-04-02,5.2356,0.0,0.0,0.0,0.0,0.0,0.0,628.987357565259,652.8570455620402,0.0,0.0,0.0,0.0,747.4595173754345,675.1839207993835,0.0,916.0806579237128,0.0,0.0,0.0,1380.6430983753846
2016-04-09,5.41344,0.0,0.0,0.0,0.0,0.0,0.0,1150.1082988610913,581.0915144312452,0.0,0.0,0.0,0.0,0.0,0.0,0.0,745.2767864768251,0.0,0.0,0.0,1341.6931343545966
2016-04-16,3.65935,1204.156906956847,0.0,0.0,0.0,530.203450821106,0.0,984.7415355465098,0.0,0.0,0.0,0.0,0.0,0.0,0.0,0.0,834.852932334176,0.0,0.0,0.0,1060.0848542745955
2016-04-23,3.15113,0.0,0.0,0.0,0.0,0.0,0.0,781.2958237898562,0.0,0.0,0.0,0.0,0.0,0.0,0.0,0.0,0.0,0.0,0.0,0.0,0.0
2016-04-30,1.93906,0.0,0.0,0.0,0.0,0.0,0.0,0.0,0.0,0.0,0.0,0.0,0.0,0.0,0.0,0.0,1434.474999391129,0.0,0.0,0.0,1407.9803033357084
2016-05-07,2.07736,688.7078075894148,0.0,0.0,0.0,0.0,0.0,0.0,609.4293724590973,0.0,0.0,0.0,0.0,0.0,0.0,0.0,682.6592506038595,0.0,615.8162359903879,0.0,1282.288404055567
2016-05-14,2.13476,0.0,0.0,0.0,567.9175259833653,0.0,0.0,0.0,0.0,0.0,0.0,0.0,0.0,818.7952881379971,0.0,0.0,634.4111294643304,0.0,0.0,0.0,2069.0925405907838
2016-05-21,2.27273,0.0,0.0,0.0,0.0,0.0,0.0,0.0,0.0,0.0,0.0,0.0,0.0,0.0,0.0,566.4708921465681,1102.5297400022096,0.0,0.0,0.0,803.3870549988056
2016-05-28,2.14286,0.0,600.4839011077195,571.7605708100048,0.0,0.0,0.0,0.0,0.0,0.0,0.0,0.0,0.0,0.0,0.0,0.0,1158.5872049430518,0.0,0.0,0.0,885.0919725041343
2016-06-04,2.13068,0.0,715.3804033620717,0.0,0.0,0.0,0.0,0.0,0.0,0.0,0.0,0.0,0.0,0.0,0.0,0.0,1117.4819558356796,0.0,0.0,0.0,1372.77808553828
2016-06-11,1.6129,0.0,0.0,0.0,0.0,0.0,0.0,611.0472843075605,0.0,0.0,0.0,0.0,0.0,0.0,703.2703507010727,0.0,849.5790251597641,0.0,0.0,0.0,899.3647941640093
2016-06-18,1.06496,0.0,0.0,0.0,0.0,0.0,0.0,0.0,0.0,0.0,0.0,0.0,0.0,0.0,0.0,0.0,598.4530482186016,0.0,0.0,0.0,731.0298565200509
2016-06-25,1.37773,0.0,0.0,0.0,0.0,0.0,0.0,0.0,0.0,0.0,0.0,605.4983825366774,0.0,0.0,0.0,0.0,1074.8581445137063,0.0,0.0,0.0,997.2761893736446
2016-07-02,1.21279,0.0,0.0,0.0,0.0,0.0,0.0,0.0,0.0,0.0,0.0,0.0,0.0,0.0,0.0,0.0,925.618988028912,0.0,0.0,0.0,1779.0389716818029
2016-07-09,2.26064,0.0,0.0,0.0,0.0,0.0,0.0,0.0,0.0,0.0,0.0,0.0,0.0,0.0,0.0,0.0,737.610333333207,0.0,0.0,0.0,1109.570995608632
2016-07-16,0.804829,590.5582488875474,0.0,0.0,0.0,0.0,0.0,0.0,0.0,0.0,0.0,0.0,0.0,0.0,0.0,0.0,678.3234454813849,0.0,0.0,0.0,645.0256053206715
2016-07-23,1.45985,0.0,0.0,0.0,0.0,0.0,0.0,0.0,0.0,0.0,0.0,0.0,0.0,0.0,0.0,0.0,599.8138220687717,0.0,547.6478701522528,0.0,1104.1606185719936
2016-07-30,0.536673,0.0,0.0,654.2288371042991,0.0,0.0,0.0,0.0,0.0,0.0,0.0,0.0,0.0,0.0,0.0,0.0,708.0666382899199,0.0,0.0,0.0,0.0
2016-08-06,0.560897,0.0,0.0,0.0,0.0,0.0,0.0,779.8520407389469,0.0,652.5036455751584,0.0,0.0,0.0,0.0,0.0,0.0,653.9616668397015,0.0,0.0,1145.8267640264637,1501.082561818191
2016-08-13,0.733634,0.0,0.0,0.0,0.0,0.0,535.865792579758,0.0,0.0,0.0,0.0,0.0,0.0,0.0,0.0,0.0,610.2844450316711,0.0,0.0,0.0,780.5527371624155
2016-08-20,0.978593,0.0,0.0,0.0,0.0,0.0,0.0,0.0,0.0,0.0,0.0,0.0,0.0,0.0,0.0,596.9303575450951,784.4759544149575,0.0,0.0,0.0,1021.7002638117684
2016-08-27,1.76305,0.0,0.0,0.0,0.0,0.0,0.0,0.0,0.0,0.0,0.0,0.0,0.0,0.0,0.0,0.0,785.9038605447056,0.0,0.0,0.0,611.8491167953897
2016-09-03,1.73841,0.0,0.0,0.0,0.0,0.0,0.0,0.0,0.0,0.0,0.0,0.0,0.0,0.0,807.219309181648,0.0,728.9453580345144,0.0,0.0,0.0,902.4247710496304
2016-09-10,2.0155,0.0,0.0,0.0,0.0,0.0,0.0,673.3911985514598,0.0,0.0,0.0,0.0,0.0,0.0,0.0,0.0,688.7994587879836,0.0,0.0,0.0,1043.1026655885596
2016-09-17,1.57928,0.0,0.0,0.0,0.0,0.0,0.0,537.8289189323142,0.0,0.0,0.0,0.0,0.0,0.0,0.0,0.0,2983.271808466251,0.0,0.0,0.0,1314.324320678664
2016-09-24,1.45028,568.7138942358686,0.0,0.0,0.0,0.0,0.0,0.0,0.0,0.0,0.0,0.0,0.0,0.0,0.0,0.0,715.9318196383068,0.0,0.0,0.0,1211.4225784545172
2016-10-01,1.78306,0.0,0.0,826.1357236842047,0.0,0.0,0.0,578.6577473845389,0.0,0.0,0.0,0.0,564.845389735421,0.0,0.0,0.0,610.3790780541586,0.0,0.0,0.0,1235.9474099842485
2016-10-08,1.93133,0.0,588.9161879590315,0.0,0.0,0.0,0.0,815.5655272090563,0.0,0.0,0.0,571.8823617911462,0.0,0.0,0.0,0.0,1690.4862481515886,0.0,0.0,0.0,0.0
2016-10-15,1.50171,0.0,0.0,0.0,0.0,0.0,0.0,0.0,0.0,0.0,0.0,0.0,730.6717057002179,0.0,0.0,0.0,1131.7911377154996,0.0,0.0,0.0,1258.3008149278194
2016-10-22,1.45429,0.0,562.1606332070403,0.0,0.0,0.0,0.0,521.931726439025,0.0,0.0,0.0,0.0,0.0,0.0,0.0,557.7498716317659,926.27724724347,0.0,0.0,0.0,818.6540032413748
2016-10-29,2.16886,0.0,625.118711936437,0.0,0.0,0.0,0.0,0.0,0.0,0.0,0.0,0.0,0.0,0.0,553.3518317333383,0.0,961.025287221659,553.7978648197794,0.0,0.0,1072.0887971638726
2016-11-05,2.30238,0.0,0.0,0.0,0.0,0.0,0.0,0.0,0.0,0.0,0.0,0.0,0.0,0.0,0.0,0.0,1193.187147438951,0.0,0.0,0.0,1343.0791659564825
2016-11-12,2.0073,0.0,0.0,0.0,0.0,0.0,0.0,749.1393965945146,0.0,0.0,0.0,0.0,0.0,0.0,0.0,0.0,782.4357114324259,0.0,0.0,0.0,893.3549221349576
2016-11-19,1.69014,0.0,599.036515029604,0.0,0.0,0.0,0.0,0.0,0.0,0.0,0.0,0.0,0.0,0.0,0.0,608.7778246754775,1011.7701618784688,0.0,0.0,0.0,705.8029497484007
2016-11-26,2.3084,0.0,0.0,503.9089036329463,0.0,0.0,0.0,0.0,0.0,0.0,0.0,0.0,0.0,0.0,0.0,607.8020814552024,656.823534970909,0.0,0.0,0.0,608.6183313335016
2016-12-03,2.08473,0.0,0.0,0.0,0.0,0.0,0.0,641.9511094651676,0.0,0.0,468.0767123436412,0.0,0.0,0.0,496.2136006586946,0.0,1173.4717027019972,0.0,0.0,0.0,1072.71026935219
2016-12-10,2.86104,0.0,0.0,0.0,0.0,0.0,523.302671307995,0.0,0.0,0.0,0.0,0.0,0.0,0.0,563.1821025336671,0.0,622.436105429222,0.0,0.0,0.0,1541.3582846154125
2016-12-17,3.72263,0.0,513.872033145642,0.0,0.0,0.0,709.374759998055,684.9274740386215,0.0,0.0,0.0,0.0,0.0,0.0,672.7075137102894,0.0,841.3681805890621,0.0,0.0,0.0,1217.6981812163426
2016-12-24,2.86885,638.9345142955573,0.0,0.0,0.0,0.0,0.0,533.3491443137302,0.0,0.0,0.0,0.0,0.0,0.0,774.5166476465503,0.0,1020.6899009478332,0.0,0.0,0.0,1110.071317620104
2016-12-31,3.2967,0.0,0.0,0.0,0.0,0.0,0.0,798.8940419345123,0.0,0.0,0.0,0.0,0.0,0.0,480.142486618826,0.0,1262.6929368343226,0.0,0.0,0.0,2002.4574104312603
2017-01-07,3.45141,674.324063432096,873.831006957415,0.0,0.0,547.8125037888522,0.0,990.5335381617654,0.0,0.0,0.0,0.0,0.0,0.0,1270.4823358423,0.0,1226.6251676113543,0.0,0.0,0.0,1658.3264638505434
2017-01-14,4.44596,0.0,876.522301222029,0.0,687.1513142664555,0.0,0.0,672.6774912406931,0.0,0.0,0.0,0.0,552.0530899965122,0.0,785.4443419910107,0.0,1291.0257516336658,0.0,0.0,0.0,1708.9148478836885
2017-01-21,3.64261,0.0,725.2005895852619,0.0,0.0,0.0,0.0,675.9485840933683,0.0,0.0,0.0,0.0,945.2909536311952,0.0,703.3772735288646,0.0,1279.476678104014,524.5974323806206,0.0,0.0,1288.1752483868506
2017-01-28,5.1265,648.613882791423,0.0,0.0,0.0,0.0,0.0,1320.2998290231685,0.0,0.0,0.0,0.0,0.0,0.0,853.0651476389671,0.0,1245.0653463848114,0.0,0.0,0.0,1673.068244639148
2017-02-04,4.27655,0.0,886.3275089899658,0.0,0.0,0.0,0.0,889.4934732970844,0.0,0.0,0.0,0.0,0.0,0.0,930.3749433474916,890.8669554807303,1513.527345539745,0.0,0.0,0.0,1457.203741710316
2017-02-11,3.75683,0.0,869.9053337859057,0.0,0.0,0.0,0.0,750.7738870696587,0.0,0.0,0.0,0.0,688.3849477350792,0.0,599.0699967940009,0.0,848.8497613506423,0.0,0.0,0.0,1067.3667562420403
2017-02-18,3.7234,956.0759646748502,685.9430349390587,0.0,0.0,0.0,0.0,733.2282845266858,671.3597949927105,0.0,0.0,0.0,0.0,0.0,1153.7508676086145,848.0027100716511,1655.27460504057,0.0,0.0,0.0,1243.5403344344463
2017-02-25,4.21053,0.0,637.6459192684747,0.0,493.44590342160586,0.0,0.0,602.9186616165356,0.0,0.0,0.0,0.0,0.0,0.0,606.9113695752096,0.0,1411.1904914049944,0.0,0.0,0.0,1727.5837867853195
2017-03-04,3.36927,1101.6324660325995,449.4411467698988,0.0,0.0,0.0,0.0,608.9087528797014,0.0,0.0,0.0,0.0,0.0,0.0,479.10963666806055,0.0,594.9445284109577,0.0,0.0,0.0,1136.6553538178664
2017-03-11,4.629,592.497265635008,0.0,0.0,0.0,0.0,0.0,921.8351473681744,0.0,0.0,0.0,0.0,0.0,0.0,821.2907988849803,0.0,1059.1166456749436,0.0,0.0,0.0,1736.8450665505868
2017-03-18,2.76008,0.0,0.0,0.0,0.0,0.0,0.0,0.0,0.0,0.0,0.0,0.0,799.7740750123534,0.0,0.0,0.0,846.3983138171164,0.0,0.0,0.0,1207.5541139099505
2017-03-25,3.30948,496.2424014384197,524.3306001376646,0.0,0.0,0.0,0.0,0.0,0.0,0.0,0.0,0.0,0.0,0.0,633.5820639974598,0.0,990.9150467107908,0.0,0.0,0.0,1322.2792629713408
2017-04-01,2.78373,0.0,0.0,0.0,0.0,0.0,0.0,0.0,0.0,0.0,0.0,0.0,0.0,0.0,0.0,0.0,0.0,0.0,0.0,0.0,1164.3014972154754
2017-04-08,2.92135,0.0,0.0,0.0,0.0,0.0,0.0,707.6485962326085,0.0,0.0,0.0,0.0,0.0,0.0,474.09817352387984,0.0,1112.3334780230646,0.0,0.0,0.0,1385.964653008359
2017-04-15,2.24179,0.0,465.3004183527316,0.0,0.0,0.0,0.0,0.0,0.0,0.0,0.0,0.0,0.0,0.0,0.0,0.0,964.7542061881544,0.0,0.0,0.0,1255.349410854602
2017-04-22,2.70848,0.0,0.0,0.0,0.0,0.0,0.0,780.2670002610625,0.0,0.0,0.0,0.0,805.878186044327,0.0,632.5449351307093,0.0,1367.4934357234215,0.0,0.0,0.0,924.7111914748058
2017-04-29,2.24252,0.0,0.0,0.0,0.0,0.0,0.0,550.2085387260543,0.0,0.0,779.6441176024908,468.2021580765648,0.0,0.0,0.0,0.0,887.7465214424026,0.0,0.0,0.0,1121.7277368134144
2017-05-06,2.47383,0.0,830.418186051914,0.0,0.0,0.0,0.0,0.0,0.0,0.0,0.0,0.0,0.0,0.0,0.0,0.0,1173.2126623389188,0.0,0.0,0.0,1540.969328541541
2017-05-13,1.18613,0.0,692.9434643724153,0.0,0.0,0.0,0.0,0.0,0.0,0.0,0.0,0.0,0.0,0.0,593.9759272410962,0.0,645.6753814861247,0.0,0.0,0.0,1179.4657657693974
2017-05-20,1.80437,0.0,0.0,0.0,0.0,0.0,0.0,818.9344900855458,0.0,523.0428645005659,0.0,0.0,0.0,0.0,0.0,0.0,1197.1138065035857,0.0,0.0,0.0,1523.4922340815829
2017-05-27,1.12994,0.0,0.0,0.0,0.0,0.0,0.0,602.354175340602,0.0,0.0,0.0,0.0,0.0,0.0,0.0,0.0,1060.9609625250812,0.0,0.0,0.0,1459.0413711593778
2017-06-03,1.31148,0.0,890.4047298319284,0.0,0.0,0.0,0.0,649.6296286390879,0.0,0.0,0.0,0.0,0.0,0.0,0.0,0.0,758.0474059032962,0.0,0.0,0.0,1189.6615091602964
2017-06-10,1.11008,0.0,0.0,0.0,0.0,0.0,0.0,0.0,0.0,0.0,0.0,0.0,0.0,0.0,0.0,0.0,598.6611654194542,0.0,0.0,0.0,1198.254352479198
2017-06-17,0.946746,0.0,0.0,0.0,0.0,0.0,0.0,0.0,0.0,0.0,0.0,0.0,0.0,0.0,537.6317916478314,0.0,983.1928901584708,0.0,0.0,0.0,0.0
2017-06-24,1.12245,0.0,0.0,0.0,0.0,0.0,0.0,0.0,0.0,0.0,0.0,0.0,0.0,0.0,560.8904467569763,0.0,518.6094007058801,0.0,0.0,0.0,981.027334387097
2017-07-01,1.20482,0.0,0.0,0.0,0.0,0.0,0.0,0.0,0.0,0.0,0.0,0.0,0.0,0.0,0.0,0.0,624.8499575758632,0.0,0.0,0.0,896.871209165902
2017-07-08,1.06383,0.0,0.0,0.0,0.0,0.0,0.0,0.0,0.0,0.0,0.0,0.0,0.0,0.0,613.234307262996,0.0,814.3083766618835,0.0,0.0,0.0,851.0857973223473
2017-07-15,0.702371,0.0,0.0,0.0,0.0,0.0,593.1694273451385,514.2882846680697,0.0,0.0,0.0,0.0,0.0,0.0,0.0,0.0,1179.4080687908024,0.0,0.0,0.0,654.7756245638083
2017-07-22,0.638686,0.0,0.0,0.0,0.0,0.0,0.0,0.0,0.0,0.0,0.0,0.0,556.2347203606386,0.0,0.0,0.0,670.640681279207,0.0,0.0,0.0,853.6430013617733
2017-07-29,1.08055,0.0,0.0,0.0,0.0,0.0,0.0,0.0,0.0,0.0,0.0,0.0,0.0,0.0,0.0,0.0,0.0,0.0,0.0,0.0,0.0
2017-08-05,1.55189,0.0,0.0,0.0,0.0,0.0,0.0,0.0,0.0,0.0,0.0,0.0,0.0,0.0,0.0,0.0,582.9854560231767,0.0,0.0,0.0,823.1091798668549
2017-08-12,0.766017,0.0,0.0,0.0,0.0,0.0,0.0,0.0,0.0,0.0,0.0,0.0,0.0,0.0,0.0,0.0,771.457053431361,0.0,0.0,0.0,1084.126748622435
2017-08-19,0.439239,568.4591704770039,0.0,0.0,0.0,0.0,0.0,0.0,0.0,0.0,0.0,648.3556285860943,0.0,0.0,0.0,0.0,639.4591751330106,0.0,0.0,0.0,762.5717954841012
2017-08-26,1.41388,0.0,0.0,0.0,0.0,0.0,0.0,0.0,0.0,0.0,0.0,0.0,696.383695245361,0.0,0.0,811.315545341804,0.0,0.0,0.0,0.0,854.0847415690456
2017-09-02,1.94489,0.0,0.0,0.0,0.0,0.0,0.0,0.0,0.0,0.0,0.0,0.0,0.0,0.0,0.0,0.0,0.0,0.0,0.0,0.0,871.1167862214004
2017-09-09,2.60465,0.0,568.1394288120656,0.0,0.0,0.0,0.0,497.3339861812494,0.0,0.0,0.0,0.0,0.0,0.0,0.0,0.0,680.6498574830393,0.0,0.0,0.0,1607.5494736979583
2017-09-16,1.80911,0.0,894.8862898911497,0.0,0.0,0.0,0.0,0.0,0.0,0.0,0.0,0.0,0.0,0.0,0.0,556.0703430113432,874.6109661213743,0.0,0.0,0.0,1098.1680215678286
2017-09-23,1.60107,587.9369246242114,0.0,0.0,0.0,0.0,0.0,0.0,0.0,0.0,0.0,0.0,0.0,0.0,0.0,0.0,992.8059188356028,0.0,0.0,0.0,1171.1702655103263
2017-09-30,1.36426,0.0,510.0779378761612,0.0,0.0,0.0,0.0,0.0,0.0,0.0,0.0,0.0,0.0,0.0,482.2146267571308,683.9646284815057,746.9795777054629,0.0,0.0,0.0,780.2512360026763
2017-10-07,1.52722,640.3826362931827,0.0,0.0,0.0,0.0,0.0,476.1371657378482,0.0,0.0,0.0,0.0,0.0,0.0,0.0,0.0,1535.4829232940494,0.0,0.0,0.0,1208.1324102788092
2017-10-14,1.09215,0.0,563.7280148696854,0.0,0.0,0.0,0.0,0.0,0.0,0.0,0.0,0.0,0.0,0.0,0.0,0.0,1113.6090249013214,0.0,0.0,0.0,676.0039753607881
2017-10-21,2.20453,0.0,0.0,0.0,0.0,0.0,0.0,0.0,0.0,0.0,0.0,0.0,0.0,0.0,561.4000237673595,0.0,688.8078351804996,0.0,0.0,0.0,641.8193631070651
2017-10-28,2.2756,0.0,538.7068328873971,0.0,0.0,0.0,0.0,0.0,0.0,0.0,0.0,0.0,0.0,0.0,0.0,0.0,976.960089388041,0.0,0.0,0.0,547.243419371808
2017-11-04,2.40497,768.703851248381,0.0,0.0,0.0,0.0,0.0,0.0,0.0,0.0,0.0,0.0,0.0,0.0,0.0,0.0,1175.4016051556112,0.0,0.0,0.0,1179.960494714211
2017-11-11,3.55286,706.1327641983502,508.60809058372473,0.0,0.0,0.0,0.0,613.2027165674168,0.0,0.0,0.0,0.0,1482.2818950461335,0.0,0.0,0.0,1338.1330295149749,0.0,0.0,0.0,894.9896901396813
2017-11-18,3.01659,592.3415994392943,0.0,0.0,0.0,0.0,0.0,644.3877315601994,0.0,0.0,0.0,0.0,0.0,0.0,0.0,0.0,1181.8844094270205,0.0,0.0,561.6647415842366,1138.8672987086177
2017-11-25,3.55769,715.8551748211713,0.0,0.0,0.0,0.0,0.0,0.0,0.0,0.0,0.0,0.0,0.0,0.0,0.0,723.9502862015305,995.402463947181,0.0,0.0,0.0,867.0043610470847
2017-12-02,4.52148,770.4261424096652,804.6313304349032,0.0,0.0,0.0,579.448564104717,834.9961041539053,0.0,0.0,0.0,0.0,0.0,0.0,476.2318830501533,618.3569858876617,1724.645170496791,0.0,0.0,0.0,1202.908325360182
2017-12-09,4.34109,1222.2044046539982,1155.8735841365124,0.0,0.0,0.0,0.0,703.7759676626995,0.0,629.1621103212124,0.0,0.0,613.9124176261181,0.0,566.5446093907905,0.0,1621.3883772013671,0.0,0.0,0.0,1226.566680396302
2017-12-16,3.30852,632.7256609117635,1019.77493383876,0.0,0.0,0.0,0.0,520.2292258839533,0.0,673.9452219576037,0.0,0.0,587.1488577061033,0.0,0.0,0.0,699.9240544107732,0.0,0.0,0.0,1398.6668152118536
2017-12-23,5.96616,0.0,1048.1030365911172,500.42788638031305,0.0,0.0,0.0,866.5774888037943,0.0,0.0,0.0,0.0,0.0,0.0,576.089170516355,0.0,1507.2425488365182,0.0,0.0,0.0,2119.229465504141
2017-12-30,8.57143,0.0,0.0,0.0,0.0,0.0,0.0,1184.392793203355,0.0,0.0,0.0,0.0,0.0,0.0,0.0,771.0144489923225,1096.25922622187,593.5898188349238,0.0,0.0,1476.2793516062627
2018-01-06,4.83871,1241.552147365218,1215.13495985919,0.0,674.7030805401904,0.0,0.0,886.5120716740597,0.0,0.0,0.0,0.0,596.6164028624314,0.0,628.2705828412765,785.1164950240083,1952.823450731977,0.0,0.0,0.0,1267.7367865985125
2018-01-13,6.44955,793.2578889229917,2121.82368765016,0.0,848.454571916181,592.7276207529083,0.0,1077.556423687401,0.0,0.0,0.0,0.0,0.0,0.0,0.0,733.2707347144379,1119.9194927232345,0.0,0.0,0.0,1685.8443589251806
2018-01-20,6.07256,1843.328817144817,2293.8819311465254,680.8816055285496,770.6178615839464,0.0,0.0,978.1377801950346,0.0,0.0,0.0,0.0,492.489952745282,0.0,632.9910744974651,538.8985561023853,1717.485485195563,0.0,0.0,0.0,1030.5450889962196
2018-01-27,6.51316,2112.179836007775,2409.913620871267,0.0,0.0,0.0,0.0,981.3679962215635,0.0,0.0,482.1088941737923,0.0,569.5263075979167,0.0,930.4751915429754,1315.3879808485383,1631.7234480819543,0.0,0.0,0.0,1525.5039313305986
2018-02-03,5.34682,1784.6221737244628,2338.4406668474758,537.2562331570472,0.0,0.0,0.0,788.1351476281445,0.0,0.0,0.0,0.0,0.0,0.0,729.7993782151037,794.6793103822719,1344.0917254574372,0.0,0.0,0.0,748.2713510118928
2018-02-10,4.81322,1665.0414863597423,2259.422063825888,0.0,0.0,0.0,0.0,0.0,0.0,0.0,0.0,555.4435096255935,0.0,0.0,692.4195255936611,946.4248839018431,1800.621267712075,0.0,0.0,0.0,1127.8952001774458
2018-02-17,5.09091,1277.933146651424,1489.577534803327,0.0,0.0,566.6347059845452,0.0,616.3657033194092,0.0,0.0,0.0,0.0,0.0,0.0,0.0,0.0,1500.2595182249954,758.8058210030214,0.0,0.0,2064.967663725494
2018-02-24,4.36548,1336.795445160608,1420.26395829202,0.0,804.74702529319,0.0,0.0,0.0,0.0,0.0,0.0,0.0,0.0,0.0,0.0,0.0,1649.2976209075343,0.0,0.0,0.0,905.2887566788384
2018-03-03,3.84047,905.5825861147034,1255.0816482354403,0.0,0.0,0.0,0.0,556.8459747486984,0.0,0.0,0.0,0.0,0.0,0.0,0.0,0.0,1301.7756447854438,0.0,0.0,0.0,1362.3647383854595
2018-03-10,5.99688,867.3746672419913,744.9193015776643,0.0,0.0,0.0,0.0,545.4359734866065,0.0,0.0,0.0,0.0,0.0,0.0,0.0,0.0,1640.0288255508972,0.0,0.0,0.0,1447.5017548998514
2018-03-17,4.74138,583.8738589642476,827.743702760713,0.0,0.0,0.0,0.0,563.0409138260644,0.0,0.0,0.0,0.0,0.0,0.0,564.0110052929075,0.0,1444.5468747864625,0.0,0.0,0.0,963.4468860259152
2018-03-24,3.47395,0.0,570.9556324610696,568.7644630401461,0.0,0.0,0.0,664.3690863633728,0.0,0.0,0.0,0.0,0.0,0.0,0.0,0.0,1002.384428122225,510.0201349921779,480.359852233016,0.0,1600.589589671048
2018-03-31,2.7894,1233.4213234767335,1153.7365946652858,0.0,0.0,0.0,0.0,0.0,0.0,0.0,0.0,0.0,0.0,0.0,0.0,0.0,1133.359764218931,0.0,0.0,0.0,968.3027648221326
2018-04-07,4.18118,0.0,554.4937778553794,0.0,0.0,0.0,0.0,462.253350276936,0.0,0.0,0.0,0.0,0.0,0.0,0.0,0.0,1129.8549709867211,0.0,0.0,0.0,1213.502331684054
2018-04-14,2.78005,0.0,475.14326603693206,0.0,0.0,0.0,0.0,689.2997581527851,0.0,0.0,0.0,0.0,0.0,0.0,906.357299257484,0.0,1188.4095933876126,0.0,0.0,0.0,678.2852799881841
2018-04-21,2.22816,0.0,677.7656085953885,0.0,0.0,0.0,0.0,0.0,0.0,0.0,0.0,0.0,0.0,0.0,526.7451584056128,853.0612967692962,1067.584918149518,0.0,0.0,0.0,769.195246207578
2018-04-28,3.09365,0.0,0.0,0.0,0.0,0.0,0.0,523.0966478046699,0.0,0.0,0.0,0.0,0.0,0.0,0.0,0.0,1442.3131736956575,0.0,0.0,0.0,985.5588816754588
2018-05-05,2.15154,0.0,0.0,0.0,0.0,0.0,0.0,0.0,0.0,0.0,0.0,0.0,0.0,507.4314390728452,487.8946688289521,0.0,1406.329823473214,0.0,0.0,0.0,1423.514692262562
2018-05-12,2.29277,0.0,0.0,0.0,0.0,0.0,0.0,784.7765469096794,0.0,0.0,0.0,0.0,0.0,0.0,0.0,0.0,1129.5006369932453,0.0,0.0,0.0,1270.287954404297
2018-05-19,1.67665,0.0,0.0,0.0,0.0,0.0,0.0,0.0,561.6968046627355,0.0,0.0,0.0,0.0,0.0,0.0,0.0,1170.9575535371537,0.0,0.0,0.0,1244.257473263448
2018-05-26,2.26804,0.0,0.0,0.0,0.0,0.0,0.0,0.0,0.0,0.0,0.0,0.0,0.0,0.0,0.0,0.0,867.0017788274663,0.0,0.0,0.0,1479.064262169813
2018-06-02,1.71184,0.0,0.0,0.0,0.0,698.5011534792546,0.0,0.0,0.0,0.0,0.0,0.0,0.0,0.0,499.7268483123504,0.0,590.2799143609557,0.0,0.0,0.0,1440.8044898239164
2018-06-09,1.67653,0.0,0.0,0.0,0.0,0.0,0.0,0.0,0.0,0.0,0.0,0.0,0.0,0.0,0.0,0.0,1165.5556024012042,0.0,0.0,0.0,1144.397695390884
2018-06-16,1.24844,0.0,0.0,0.0,0.0,0.0,0.0,1000.117148717654,0.0,0.0,0.0,0.0,605.6296316414207,0.0,0.0,0.0,1213.3236692406167,0.0,0.0,0.0,772.7266240293997
2018-06-23,1.78571,543.0760115328691,0.0,0.0,0.0,0.0,0.0,622.4042771598004,0.0,0.0,0.0,0.0,0.0,0.0,974.2305230924948,0.0,724.0538763504866,0.0,0.0,0.0,1476.784949249057
2018-06-30,1.14025,0.0,0.0,594.9906195807145,0.0,0.0,0.0,0.0,0.0,0.0,0.0,0.0,0.0,0.0,0.0,0.0,627.3536297775894,0.0,0.0,0.0,940.95841993542
2018-07-07,1.93939,0.0,0.0,0.0,0.0,0.0,0.0,0.0,0.0,0.0,0.0,0.0,0.0,705.2930410347617,0.0,552.0746835214729,939.6914646772192,0.0,0.0,0.0,1275.3506009795135
2018-07-14,0.93361,0.0,0.0,0.0,0.0,0.0,0.0,0.0,0.0,0.0,0.0,0.0,0.0,0.0,617.7506156266932,0.0,823.1523098563166,0.0,0.0,0.0,1248.9740429369967
2018-07-21,1.15789,0.0,0.0,0.0,0.0,0.0,0.0,0.0,0.0,0.0,0.0,0.0,0.0,0.0,0.0,0.0,684.181258877277,0.0,0.0,0.0,1252.1709549459545
2018-07-28,0.909091,978.7580142032164,0.0,0.0,0.0,0.0,0.0,0.0,0.0,0.0,0.0,0.0,533.4741321699223,0.0,0.0,0.0,807.7621725506749,0.0,0.0,0.0,1424.483629126676
2018-08-04,0.40858,0.0,0.0,0.0,0.0,0.0,0.0,0.0,0.0,0.0,0.0,0.0,0.0,0.0,0.0,0.0,994.2605004741388,0.0,0.0,0.0,653.9216834973396
2018-08-11,0.838926,536.1206482223206,0.0,0.0,0.0,0.0,0.0,573.6579995467813,0.0,0.0,0.0,0.0,0.0,0.0,0.0,0.0,564.3210079621809,0.0,674.9627417967997,0.0,928.3077915810142
2018-08-18,0.568182,0.0,0.0,522.2162801978069,0.0,0.0,0.0,0.0,0.0,0.0,0.0,0.0,0.0,0.0,0.0,0.0,520.7485595663562,0.0,0.0,0.0,993.9318266814593
2018-08-25,0.834202,0.0,0.0,0.0,0.0,0.0,0.0,0.0,0.0,0.0,0.0,0.0,0.0,0.0,0.0,0.0,564.3290104582721,0.0,0.0,0.0,658.4682809493486
2018-09-01,1.57171,613.8342953845892,0.0,0.0,0.0,0.0,0.0,0.0,0.0,0.0,0.0,0.0,0.0,0.0,0.0,0.0,0.0,0.0,0.0,0.0,486.1636003452456
2018-09-08,1.57116,715.0766201591944,0.0,0.0,0.0,0.0,0.0,0.0,0.0,0.0,0.0,0.0,0.0,0.0,758.7574803220114,0.0,941.1234030376274,0.0,0.0,0.0,992.932296213727
2018-09-15,2.22576,0.0,495.2039693963059,0.0,0.0,0.0,0.0,0.0,0.0,0.0,0.0,0.0,0.0,0.0,0.0,0.0,807.6464320865268,0.0,0.0,0.0,914.8005884690732
2018-09-22,1.3296,861.6711245989524,0.0,0.0,0.0,0.0,0.0,0.0,0.0,0.0,0.0,0.0,0.0,0.0,0.0,0.0,1276.0345145492695,0.0,0.0,0.0,1167.2557271635096
2018-09-29,2.44313,0.0,0.0,0.0,0.0,0.0,0.0,0.0,0.0,0.0,0.0,0.0,0.0,0.0,0.0,0.0,748.5539202411736,0.0,0.0,0.0,1180.8571713479012
2018-10-06,1.5748,0.0,0.0,0.0,0.0,0.0,0.0,0.0,0.0,0.0,0.0,513.5830501560588,0.0,0.0,0.0,0.0,687.8346324077777,0.0,0.0,0.0,735.8939830447797
2018-10-13,1.41463,0.0,656.5470790061671,0.0,0.0,0.0,0.0,0.0,0.0,0.0,0.0,0.0,0.0,0.0,1003.4203322799208,0.0,912.5469621975498,0.0,0.0,0.0,1544.676094462697
2018-10-20,1.73611,0.0,0.0,0.0,0.0,0.0,0.0,585.2696477674695,0.0,0.0,0.0,0.0,0.0,0.0,0.0,499.76710682067454,1335.2444066821895,0.0,0.0,0.0,1476.858745886701
2018-10-27,1.76252,0.0,651.6941810154314,0.0,0.0,0.0,0.0,0.0,0.0,0.0,0.0,0.0,0.0,0.0,531.6093479182608,677.0106360715046,1043.6579047395774,0.0,0.0,0.0,1336.379684270408
2018-11-03,1.76036,791.334960719657,553.2036593217108,0.0,0.0,0.0,0.0,730.8383700757164,0.0,0.0,654.5261413808549,0.0,0.0,0.0,0.0,534.261485989358,941.9718171326026,0.0,0.0,0.0,1022.4255295513176
2018-11-10,1.40217,0.0,796.0641399360519,0.0,0.0,0.0,0.0,0.0,0.0,0.0,0.0,0.0,0.0,0.0,0.0,0.0,1343.2801050609628,0.0,0.0,0.0,845.1069517999879
2018-11-17,1.69705,0.0,577.3916570261193,0.0,0.0,0.0,0.0,649.6526880812479,0.0,0.0,0.0,0.0,0.0,0.0,682.4953725146701,0.0,2023.732527923029,0.0,0.0,0.0,1734.7909774084703
2018-11-24,1.72956,0.0,630.5101696742759,0.0,0.0,0.0,0.0,720.3093308334958,0.0,0.0,0.0,0.0,0.0,0.0,0.0,0.0,1186.362022384619,0.0,0.0,0.0,1230.693418984417
2018-12-01,1.92308,0.0,0.0,0.0,0.0,0.0,0.0,0.0,0.0,0.0,0.0,0.0,666.2815185738568,0.0,0.0,0.0,949.4623906754724,0.0,0.0,0.0,637.2690360690128
2018-12-08,2.21402,0.0,508.8219643670311,0.0,0.0,0.0,0.0,0.0,0.0,0.0,0.0,0.0,0.0,0.0,477.70789793405663,0.0,862.2925599467733,0.0,0.0,0.0,1262.5186586989396
2018-12-15,1.46404,574.5869256342506,594.3259925918989,0.0,0.0,0.0,0.0,0.0,0.0,0.0,0.0,0.0,0.0,0.0,0.0,694.758749310021,1493.121473026868,0.0,0.0,0.0,1676.358604413643
2018-12-22,1.60858,0.0,0.0,0.0,0.0,0.0,0.0,0.0,0.0,0.0,0.0,0.0,0.0,0.0,0.0,0.0,918.818736610464,0.0,0.0,0.0,1530.5061815010058
2018-12-29,2.07182,0.0,611.1222226013126,0.0,0.0,0.0,0.0,905.4399848282404,0.0,0.0,0.0,0.0,0.0,0.0,834.2125108442402,0.0,1454.677271205062,0.0,0.0,0.0,941.3132764879948
2019-01-05,2.91174,964.8639198718008,0.0,501.2167043868041,0.0,0.0,0.0,500.33951842026926,0.0,0.0,0.0,0.0,0.0,0.0,0.0,485.1330074384854,1129.9256929142666,0.0,0.0,0.0,1833.744335209224
2019-01-12,3.04204,958.7076939632102,0.0,601.3532969214707,0.0,0.0,0.0,0.0,0.0,0.0,0.0,0.0,0.0,0.0,619.1123996677791,588.4482014682588,1301.1298903906402,0.0,0.0,0.0,1327.6324057434142
2019-01-19,2.35632,668.8623627171618,1081.5366998043703,0.0,0.0,0.0,0.0,0.0,0.0,0.0,575.4196783141109,0.0,0.0,0.0,659.0840136791404,0.0,1095.1043537918404,0.0,0.0,0.0,1132.4824497597751
2019-01-26,4.67602,585.5545782128434,1042.7685813651708,0.0,0.0,0.0,557.8442360737477,750.6866494262738,0.0,0.0,547.7689558596225,0.0,0.0,0.0,479.48390021495226,0.0,1717.3801116533566,0.0,0.0,0.0,1681.3322212738235
2019-02-02,4.7777,760.3963815964992,905.0314173859844,0.0,0.0,0.0,0.0,924.5968202666568,0.0,0.0,0.0,0.0,0.0,0.0,0.0,566.3310558204548,707.744520523377,0.0,0.0,0.0,1499.4294982792535
2019-02-09,4.28907,1367.0350350122849,619.7594620858466,0.0,0.0,0.0,0.0,997.9941448310092,0.0,0.0,0.0,557.7251459558258,0.0,0.0,645.6067406726348,861.6207224928677,1264.1918002636007,0.0,0.0,0.0,1640.8852978987934
2019-02-16,4.89426,812.2751259053838,1374.8132235309824,0.0,0.0,0.0,0.0,1311.571437663863,0.0,0.0,0.0,753.1000826279684,512.4680161643557,0.0,763.3668683172424,0.0,1858.695459101565,0.0,0.0,0.0,1575.868745072362
2019-02-23,5.18962,924.1578536547864,1854.1261287092316,0.0,0.0,0.0,0.0,1105.460461519658,0.0,0.0,546.8285345212583,0.0,0.0,0.0,0.0,0.0,1745.452331889278,0.0,0.0,0.0,1908.8613534877843
2019-03-02,5.15132,767.0368691181402,538.2046298129794,0.0,0.0,0.0,0.0,766.6636390174758,0.0,0.0,0.0,0.0,734.6113527769586,0.0,543.4117216877394,0.0,1013.1220983496728,0.0,0.0,0.0,1126.3261243765633
2019-03-09,4.36075,488.18077936558905,1818.0056473826835,578.6576353189932,0.0,0.0,0.0,605.3413813318242,0.0,0.0,0.0,0.0,0.0,0.0,488.41260646902623,0.0,1705.863249105955,0.0,0.0,0.0,1757.0208834384005
2019-03-16,3.98964,931.9206694932366,1088.8878796962333,0.0,0.0,0.0,0.0,475.9937486706347,0.0,0.0,0.0,0.0,0.0,0.0,614.7430234160773,0.0,1757.661980090441,0.0,0.0,0.0,2276.864854280223
2019-03-23,2.64128,545.058599455927,854.3928032566337,0.0,0.0,562.6743530194964,0.0,651.2938569037716,0.0,0.0,0.0,0.0,0.0,0.0,0.0,0.0,1354.6670239337843,0.0,0.0,0.0,1762.079271708085
2019-03-30,2.89776,0.0,591.1729224389607,0.0,0.0,0.0,0.0,574.4797409793617,0.0,0.0,0.0,540.8541455914021,0.0,0.0,0.0,0.0,1045.0860708312546,0.0,0.0,0.0,1554.1430101826943
2019-04-06,3.65927,0.0,586.4382010846405,0.0,0.0,0.0,0.0,0.0,0.0,0.0,0.0,0.0,0.0,0.0,0.0,0.0,1332.2402378191684,0.0,0.0,0.0,951.2266436701522
2019-04-13,3.96877,0.0,0.0,0.0,0.0,0.0,0.0,1020.7796830161766,0.0,0.0,0.0,0.0,0.0,0.0,522.8733596060351,649.8177660249422,1258.7428137469597,478.8343694206311,0.0,0.0,1260.2147723266587
2019-04-20,2.28311,0.0,813.498699464988,834.4763485219877,0.0,0.0,0.0,1057.956653398442,0.0,0.0,0.0,0.0,0.0,0.0,0.0,0.0,954.4065135379404,589.884869908651,0.0,0.0,1444.603280516959
2019-04-27,2.66512,754.220739592296,513.4436485184751,0.0,0.0,0.0,0.0,0.0,0.0,0.0,0.0,0.0,0.0,0.0,0.0,0.0,1025.9767647074532,0.0,0.0,0.0,1277.948011359411
2019-05-04,1.85894,0.0,0.0,0.0,0.0,0.0,0.0,0.0,555.6849291750067,0.0,0.0,0.0,0.0,0.0,0.0,0.0,1230.343134351028,0.0,0.0,0.0,1085.884850072854
2019-05-11,2.24888,0.0,640.0297778828863,525.5718715045471,702.3800423878477,0.0,0.0,856.4939758858977,0.0,0.0,0.0,0.0,546.2181451930476,0.0,0.0,0.0,1358.0648678616203,0.0,0.0,0.0,1504.8514725131702
2019-05-18,1.9297,0.0,0.0,0.0,0.0,0.0,0.0,0.0,0.0,0.0,0.0,0.0,0.0,0.0,0.0,0.0,1650.996465707459,0.0,0.0,0.0,1276.6526568348356
2019-05-25,2.02752,0.0,0.0,0.0,0.0,0.0,0.0,624.3169943957716,0.0,0.0,0.0,0.0,0.0,0.0,0.0,0.0,1491.3779430587726,0.0,0.0,0.0,1544.8589380809958
2019-06-01,2.35721,0.0,0.0,0.0,0.0,0.0,0.0,616.2660108959453,0.0,0.0,0.0,0.0,0.0,0.0,0.0,0.0,1053.7536101130058,0.0,0.0,0.0,1164.754880981102
2019-06-08,2.38474,0.0,0.0,0.0,0.0,0.0,0.0,925.4849668660491,0.0,0.0,0.0,0.0,0.0,0.0,578.8376314846979,0.0,0.0,0.0,0.0,0.0,938.8267621601548
2019-06-15,1.57593,0.0,562.1238060943914,0.0,0.0,0.0,0.0,570.884136676269,0.0,0.0,0.0,0.0,0.0,0.0,0.0,0.0,878.0022003946807,0.0,0.0,0.0,784.3114474101479
2019-06-22,2.14621,0.0,0.0,0.0,0.0,0.0,0.0,0.0,0.0,0.0,0.0,0.0,0.0,0.0,0.0,0.0,588.0792439005797,0.0,0.0,0.0,894.4276776381652
2019-06-29,1.49679,0.0,699.9083100900133,0.0,0.0,0.0,0.0,581.0998102602847,0.0,0.0,0.0,0.0,0.0,0.0,0.0,0.0,999.8698440115362,0.0,0.0,0.0,806.0455404474939
2019-07-06,1.33038,0.0,0.0,0.0,0.0,0.0,0.0,0.0,0.0,0.0,0.0,0.0,0.0,0.0,515.7144443630871,0.0,981.4071585655872,0.0,0.0,0.0,882.2768530600864
2019-07-13,1.27632,0.0,0.0,0.0,0.0,0.0,0.0,0.0,0.0,0.0,0.0,0.0,0.0,0.0,736.5358184959404,509.8931293943517,975.3351064261908,0.0,0.0,0.0,601.7959423119182
2019-07-20,0.795756,0.0,0.0,0.0,0.0,0.0,0.0,0.0,0.0,0.0,0.0,0.0,0.0,0.0,0.0,0.0,625.3303526265059,0.0,0.0,0.0,1345.9396141669
2019-07-27,1.31926,0.0,0.0,0.0,0.0,0.0,0.0,838.7627689568187,0.0,0.0,0.0,0.0,0.0,0.0,0.0,0.0,667.2096679654707,0.0,0.0,0.0,1091.574883753551
2019-08-03,0.849057,0.0,0.0,0.0,0.0,0.0,0.0,0.0,0.0,0.0,0.0,0.0,0.0,0.0,0.0,0.0,0.0,0.0,0.0,0.0,697.2211879766213
2019-08-10,0.78064,0.0,565.9994900876854,0.0,0.0,0.0,0.0,0.0,0.0,0.0,0.0,0.0,0.0,0.0,0.0,0.0,697.5965681118645,0.0,0.0,0.0,1178.01262967303
2019-08-17,0.456204,0.0,0.0,0.0,0.0,0.0,0.0,0.0,0.0,0.0,0.0,0.0,0.0,0.0,0.0,0.0,731.6791855011323,0.0,0.0,0.0,1118.454101327894
2019-08-24,1.2955,0.0,711.9243814534077,0.0,0.0,0.0,0.0,0.0,0.0,0.0,0.0,0.0,0.0,0.0,0.0,0.0,1218.9295250679725,0.0,0.0,0.0,1009.9627030887845
2019-08-31,1.88679,0.0,0.0,0.0,0.0,0.0,0.0,0.0,0.0,0.0,0.0,0.0,0.0,0.0,573.9895330983403,0.0,624.612534459698,0.0,0.0,0.0,1280.9984130496
2019-09-07,2.6556,0.0,0.0,0.0,564.9833272307833,0.0,0.0,0.0,0.0,0.0,0.0,0.0,0.0,0.0,0.0,0.0,852.6236861244832,0.0,0.0,0.0,1107.4929978368102
2019-09-14,2.01511,0.0,0.0,0.0,0.0,0.0,0.0,482.58342981755226,0.0,0.0,0.0,819.0802346749591,0.0,0.0,471.07836266488846,0.0,1098.8434848631716,0.0,0.0,0.0,617.9942801275436
2019-09-21,2.78552,564.8081733827437,0.0,0.0,0.0,0.0,0.0,0.0,0.0,0.0,461.94890353947005,0.0,0.0,0.0,0.0,594.3379206644214,1226.375055886171,0.0,0.0,0.0,842.3042448485884
2019-09-28,3.13667,0.0,475.81034342362057,0.0,0.0,0.0,0.0,0.0,0.0,0.0,0.0,0.0,0.0,0.0,0.0,0.0,1187.187719868958,0.0,0.0,0.0,1458.546062756542
2019-10-05,2.01058,0.0,0.0,0.0,0.0,0.0,0.0,0.0,0.0,0.0,0.0,0.0,0.0,0.0,0.0,0.0,721.053357485246,0.0,0.0,0.0,1136.1629949979572
2019-10-12,2.00793,0.0,524.6300688946483,0.0,0.0,0.0,0.0,0.0,0.0,809.6625658316887,0.0,0.0,0.0,0.0,0.0,676.2863972620212,1198.6418958717695,0.0,0.0,0.0,1143.0334527709745
2019-10-19,2.25146,678.097717596757,881.0457938667913,0.0,0.0,0.0,0.0,0.0,0.0,509.9183577745215,0.0,0.0,0.0,0.0,0.0,919.5153527378916,1199.4299395254316,0.0,0.0,0.0,1572.7542615965542
2019-10-26,2.11364,0.0,822.9095061124744,0.0,0.0,0.0,0.0,511.0635958132984,0.0,0.0,0.0,0.0,0.0,0.0,0.0,0.0,833.5751001899046,0.0,0.0,0.0,717.157801058649
2019-11-02,2.69581,0.0,516.0002627785784,0.0,0.0,0.0,0.0,0.0,0.0,0.0,0.0,0.0,0.0,0.0,0.0,564.5540926253451,889.1758065124268,0.0,0.0,769.931707842144,1755.1746436277494
2019-11-09,1.7033,0.0,619.5815796938804,0.0,0.0,0.0,0.0,642.1627036738182,0.0,0.0,0.0,0.0,0.0,0.0,0.0,667.2146364686253,1512.3600374982425,0.0,0.0,0.0,1203.754751144318
2019-11-16,2.25564,0.0,902.5557114152804,0.0,0.0,0.0,0.0,0.0,0.0,0.0,0.0,0.0,0.0,0.0,655.5104752970561,584.4579331950428,1418.9402439180762,0.0,0.0,0.0,1462.4368489114415
2019-11-23,2.74198,0.0,0.0,0.0,0.0,0.0,0.0,790.8553165619851,0.0,0.0,0.0,0.0,0.0,0.0,0.0,0.0,1165.2664202605883,0.0,0.0,0.0,1431.115536242886
2019-11-30,3.649,0.0,0.0,0.0,0.0,0.0,0.0,580.0724570132163,0.0,0.0,0.0,0.0,0.0,0.0,453.4252609986003,525.6498144424983,519.1246168646954,0.0,0.0,0.0,1100.8974339121835
2019-12-07,2.88298,1136.3842673069614,466.51727082256417,0.0,0.0,0.0,0.0,0.0,0.0,0.0,0.0,0.0,0.0,722.5972221121731,0.0,0.0,1066.5631805041749,0.0,0.0,0.0,1308.3740446694533
2019-12-14,2.50927,950.9043326359064,992.24676962939,0.0,0.0,0.0,0.0,0.0,0.0,0.0,0.0,0.0,0.0,593.4164004769351,0.0,480.1876766211531,1660.8614810622505,0.0,492.1166754889479,0.0,1411.6587503208052
2019-12-21,2.54833,1347.645710425786,1113.9947394078154,0.0,0.0,0.0,0.0,1046.5445464353502,0.0,569.4156805792658,0.0,0.0,0.0,0.0,615.7250947773106,609.694089339659,1015.3407589958352,0.0,0.0,0.0,1118.0368830828336
2019-12-28,3.28829,550.7558393608533,1213.5913871464206,902.093870982492,965.7439238885818,0.0,0.0,956.3992871860708,0.0,0.0,0.0,0.0,0.0,0.0,534.1765054920104,0.0,1790.4451070568662,0.0,0.0,0.0,1644.8404216517845
2020-01-04,3.49076,577.1468912636172,1204.0145275718562,0.0,0.0,0.0,0.0,489.2984607388463,0.0,0.0,0.0,0.0,0.0,0.0,544.5427294293697,0.0,1437.7681958543687,0.0,497.6676289998835,0.0,1463.7798344709229
2020-01-11,2.60805,1007.5998813100736,1065.887817402174,0.0,944.9042658685404,0.0,0.0,954.6604093305432,0.0,0.0,0.0,0.0,0.0,0.0,551.0964839280492,482.70443706349016,1232.3535770707504,0.0,461.720054218508,0.0,1293.3210397570472
2020-01-18,3.42761,758.073673748415,988.7583615406144,0.0,0.0,0.0,0.0,594.5695401980803,0.0,0.0,0.0,0.0,566.14384044893,0.0,860.0043573435969,890.0406873102127,1325.8521518154107,0.0,0.0,0.0,566.8369233562046
2020-01-25,3.6206,887.8106003227808,1142.67420745125,0.0,0.0,0.0,0.0,598.3685599504554,0.0,0.0,0.0,0.0,0.0,0.0,0.0,744.9805459350786,2257.815884122236,0.0,0.0,0.0,1621.3159604919335
2020-02-01,4.47657,1270.7463675568572,3191.2835244133416,0.0,634.19274774004,0.0,0.0,1060.2641182168709,0.0,483.6415210877192,0.0,0.0,940.7134269295937,0.0,591.1592249925524,979.9588830088428,1878.919540677945,0.0,0.0,0.0,1529.774947056449
2020-02-08,4.92112,649.0593118907162,2432.586695445427,0.0,0.0,0.0,543.5997771515849,756.4883610328274,0.0,0.0,536.6275917946402,0.0,0.0,0.0,554.7881109007657,1031.4326857316391,1526.9514213017949,0.0,467.8400503810397,0.0,1325.6195126417435
2020-02-15,4.21659,504.44228570968414,2606.2674039769063,471.41148554970215,498.62184974542953,0.0,0.0,893.9840350150922,0.0,0.0,0.0,0.0,1507.9882658455333,0.0,0.0,757.0908340177955,2040.9584241966108,0.0,0.0,0.0,1716.0029889798354
2020-02-22,4.27174,1329.5546568263326,2133.447296199168,0.0,463.57613227470034,0.0,464.7228978695875,1116.951218885445,416.72555348609046,0.0,577.9913595720384,0.0,0.0,0.0,0.0,594.3147508363741,1949.9302251559131,0.0,0.0,0.0,1365.2163592299366
2020-02-29,4.07914,813.8593859784147,3588.585078031136,499.9776878081907,469.4728526388474,667.5220760257611,0.0,451.5144369368464,0.0,0.0,0.0,0.0,0.0,0.0,689.2150268853851,792.1811890645843,2038.5474992378347,0.0,0.0,0.0,1028.1989883960036
2020-03-07,4.48419,1387.4773710614431,4690.546408914623,790.8871367271046,569.4007922474422,0.0,0.0,809.392041085633,0.0,0.0,0.0,0.0,0.0,456.08059985432936,0.0,1358.030526482763,1995.98706534554,508.30009508466645,0.0,0.0,1370.8327861550274
2020-03-14,3.42814,1696.2397778908053,7210.2518161169455,831.3500496799036,1172.4183817165883,609.7600770024736,623.9097681406276,769.5421481034668,0.0,0.0,462.7497349140429,457.6789117085528,820.0197635375453,0.0,440.4984405617644,2116.273791506352,2432.718394315988,0.0,0.0,0.0,2607.9663340836896
2020-03-21,3.3033,1716.3824827437518,6504.416786232915,745.1494644610224,701.9930882426602,550.8660491004345,0.0,1449.5968772978204,0.0,417.24991842992006,831.9474207072946,0.0,0.0,0.0,503.2271293540186,1632.8678898574033,3366.2665164772243,0.0,0.0,0.0,1810.497093090272
2020-03-28,1.44731,1310.0608783143105,4065.117888020093,442.3481755946762,0.0,0.0,417.7838323160645,896.1004429583131,0.0,0.0,0.0,0.0,0.0,0.0,0.0,1586.5463990738867,3275.553212545949,0.0,0.0,0.0,1638.415358564625
2020-04-04,1.3078,0.0,3856.757120416325,0.0,684.3160414748277,0.0,392.7743690506575,0.0,401.2855829106031,0.0,0.0,0.0,0.0,0.0,412.665593187338,489.3198787736857,1756.5841614276303,0.0,0.0,0.0,997.1152732233749
2020-04-11,0.952381,0.0,2991.0158376086483,0.0,0.0,0.0,0.0,0.0,0.0,0.0,0.0,0.0,0.0,0.0,407.0394901146659,1095.6424486890558,2007.719591222752,0.0,0.0,0.0,1215.339225583011
2020-04-18,0.555298,0.0,2447.825371668619,0.0,0.0,0.0,0.0,0.0,0.0,0.0,0.0,395.013824814628,0.0,0.0,0.0,0.0,764.1491004092145,0.0,0.0,0.0,974.0197427385132
2020-04-25,0.380771,0.0,2292.676416997675,0.0,0.0,0.0,0.0,0.0,0.0,0.0,0.0,0.0,0.0,0.0,0.0,621.2449535318082,921.1155592509848,0.0,0.0,0.0,988.2624020973324
2020-05-02,0.527704,0.0,1485.5779628858324,0.0,0.0,0.0,0.0,0.0,0.0,0.0,0.0,0.0,0.0,0.0,0.0,838.5581013943472,585.6395385317371,0.0,0.0,0.0,0.0
2020-05-09,0.196786,0.0,1314.7326768386,0.0,0.0,0.0,0.0,473.9549758469454,0.0,0.0,0.0,0.0,0.0,0.0,0.0,0.0,484.34125575185385,0.0,0.0,0.0,835.6757358200384
2020-05-16,0.246653,0.0,1243.6855666558165,0.0,0.0,0.0,0.0,0.0,0.0,0.0,0.0,0.0,0.0,0.0,0.0,0.0,549.510338537945,0.0,0.0,0.0,740.9562200578331
2020-05-23,0.515933,0.0,475.2295312765804,0.0,0.0,0.0,0.0,0.0,0.0,0.0,0.0,0.0,0.0,0.0,0.0,0.0,471.8952009690408,0.0,0.0,0.0,781.4084960029664
2020-05-30,0.193573,0.0,792.6979549050957,0.0,0.0,0.0,0.0,0.0,0.0,0.0,0.0,0.0,498.2420949275999,0.0,0.0,0.0,0.0,0.0,0.0,0.0,1259.9697410160986
2020-06-06,0.3207,0.0,622.9492079534849,0.0,0.0,0.0,0.0,0.0,0.0,0.0,0.0,0.0,0.0,0.0,0.0,0.0,525.7904114239501,0.0,0.0,0.0,824.1168668737997
2020-06-13,0.358551,0.0,843.7171792023059,0.0,0.0,0.0,0.0,0.0,0.0,0.0,0.0,0.0,0.0,0.0,0.0,0.0,0.0,0.0,0.0,0.0,724.6748005205652
2020-06-20,0.451745,464.3131421118835,765.8570923507915,0.0,0.0,485.76347704386006,0.0,0.0,0.0,0.0,0.0,0.0,0.0,0.0,0.0,0.0,669.7045967673738,0.0,0.0,0.0,1061.9117293531667
2020-06-27,0.195084,0.0,1093.5785176603458,0.0,0.0,0.0,0.0,0.0,0.0,0.0,872.4649708894298,0.0,0.0,0.0,0.0,543.8443663410554,0.0,0.0,0.0,0.0,993.8669038035626
