date,Idaho,flu symptoms,the flu,influenza a,a influenza,how long flu,flu how long,symptoms of flu,bronchitis,the flu symptoms,contagious flu,rsv,flu cold,flu contagious,stomach flu,flu a,pneumonia,flu fever,fever flu,how long does flu last,sinus
2010-10-09,0.414938,0.0,0.0,0.0,0.0,0.0,0.0,0.0,0.0,0.0,0.0,0.0,0.0,0.0,0.0,0.0,0.0,0.0,0.0,0.0,0.0
2010-10-16,1.45798,0.0,4887.445072250885,0.0,0.0,0.0,0.0,0.0,0.0,0.0,0.0,0.0,0.0,0.0,0.0,0.0,0.0,0.0,0.0,0.0,0.0
2010-10-23,1.40814,0.0,0.0,0.0,0.0,0.0,0.0,0.0,0.0,0.0,0.0,0.0,0.0,0.0,0.0,0.0,0.0,0.0,0.0,0.0,0.0
2010-10-30,1.28007,0.0,0.0,0.0,0.0,0.0,0.0,0.0,0.0,0.0,0.0,0.0,0.0,0.0,0.0,0.0,0.0,0.0,0.0,0.0,0.0
2010-11-06,1.82724,0.0,0.0,0.0,0.0,0.0,0.0,0.0,0.0,0.0,0.0,0.0,0.0,0.0,0.0,0.0,0.0,0.0,0.0,0.0,0.0
2010-11-13,1.49434,0.0,0.0,0.0,0.0,0.0,0.0,0.0,0.0,0.0,0.0,0.0,0.0,0.0,0.0,0.0,0.0,0.0,0.0,0.0,0.0
2010-11-20,1.95882,0.0,0.0,0.0,0.0,0.0,0.0,0.0,0.0,0.0,0.0,0.0,0.0,0.0,0.0,0.0,0.0,0.0,0.0,0.0,0.0
2010-11-27,3.06882,0.0,0.0,0.0,0.0,0.0,0.0,0.0,0.0,0.0,0.0,0.0,0.0,0.0,0.0,0.0,0.0,0.0,0.0,0.0,2582.322887351444
2010-12-04,1.80142,0.0,0.0,0.0,0.0,0.0,0.0,0.0,0.0,0.0,0.0,0.0,0.0,0.0,0.0,0.0,0.0,0.0,0.0,0.0,0.0
2010-12-11,1.72267,0.0,0.0,0.0,0.0,0.0,0.0,0.0,0.0,0.0,0.0,0.0,0.0,0.0,0.0,0.0,0.0,0.0,0.0,0.0,0.0
2010-12-18,1.36502,0.0,0.0,0.0,0.0,0.0,0.0,0.0,0.0,0.0,0.0,0.0,0.0,0.0,0.0,0.0,2479.070449684814,0.0,0.0,0.0,0.0
2010-12-25,3.20553,2903.4677702014237,0.0,0.0,0.0,0.0,0.0,0.0,3683.485736639791,0.0,0.0,0.0,0.0,0.0,0.0,0.0,0.0,0.0,0.0,0.0,0.0
2011-01-01,2.59815,0.0,0.0,0.0,0.0,0.0,0.0,0.0,0.0,0.0,0.0,0.0,0.0,0.0,0.0,0.0,0.0,0.0,0.0,0.0,2839.737483009774
2011-01-08,2.03906,0.0,0.0,0.0,0.0,0.0,0.0,0.0,0.0,0.0,0.0,0.0,0.0,0.0,0.0,0.0,0.0,0.0,0.0,0.0,2203.623979902941
2011-01-15,2.25623,0.0,0.0,0.0,0.0,0.0,0.0,0.0,0.0,0.0,0.0,0.0,0.0,0.0,0.0,0.0,0.0,0.0,0.0,0.0,1205.2188247671236
2011-01-22,3.5809,0.0,0.0,0.0,0.0,0.0,0.0,0.0,0.0,0.0,0.0,0.0,0.0,0.0,0.0,0.0,0.0,0.0,0.0,0.0,0.0
2011-01-29,3.4288,0.0,1483.2385276347266,0.0,0.0,1471.4880077705225,1471.4880077705222,0.0,0.0,0.0,0.0,0.0,0.0,0.0,0.0,1147.537839206498,0.0,0.0,0.0,0.0,0.0
2011-02-05,3.94244,0.0,0.0,0.0,0.0,0.0,0.0,0.0,1675.0519160580625,0.0,0.0,0.0,0.0,0.0,0.0,0.0,0.0,0.0,0.0,0.0,1665.9594903034306
2011-02-12,4.56026,0.0,0.0,0.0,0.0,0.0,0.0,0.0,1570.5549806479337,0.0,0.0,0.0,0.0,0.0,0.0,0.0,1571.3981840485071,0.0,0.0,0.0,3484.196245457877
2011-02-19,6.01038,0.0,0.0,0.0,0.0,0.0,0.0,0.0,0.0,0.0,0.0,0.0,0.0,0.0,0.0,0.0,0.0,0.0,0.0,0.0,1284.5637722641109
2011-02-26,6.26091,0.0,0.0,0.0,0.0,0.0,0.0,0.0,0.0,0.0,0.0,0.0,0.0,0.0,0.0,0.0,1626.5506511758542,0.0,0.0,0.0,1372.8394091104171
2011-03-05,5.59846,0.0,0.0,1369.107340069976,1369.107340069976,0.0,0.0,0.0,0.0,0.0,0.0,0.0,0.0,0.0,1099.3372514884095,0.0,0.0,0.0,0.0,0.0,2089.196236846341
2011-03-12,6.48731,0.0,0.0,0.0,0.0,0.0,0.0,0.0,0.0,0.0,0.0,0.0,0.0,0.0,0.0,0.0,1197.5656735984176,0.0,0.0,0.0,1431.9416640829986
2011-03-19,4.38749,0.0,1242.9072890271525,0.0,0.0,0.0,0.0,0.0,0.0,0.0,0.0,0.0,0.0,0.0,0.0,0.0,0.0,0.0,0.0,0.0,1828.6222088511545
2011-03-26,4.3877,0.0,0.0,0.0,0.0,0.0,0.0,0.0,0.0,0.0,0.0,0.0,0.0,0.0,0.0,0.0,1158.6249516630355,0.0,0.0,0.0,2010.365285734872
2011-04-02,2.83491,0.0,0.0,0.0,0.0,0.0,0.0,0.0,0.0,0.0,0.0,1310.199529076059,0.0,0.0,0.0,0.0,0.0,0.0,0.0,0.0,1611.6285112440337
2011-04-09,2.86096,0.0,0.0,0.0,0.0,0.0,0.0,0.0,0.0,0.0,0.0,0.0,0.0,0.0,0.0,0.0,0.0,0.0,0.0,0.0,1421.5825823122389
2011-04-16,2.93392,0.0,0.0,0.0,0.0,0.0,0.0,0.0,0.0,0.0,0.0,0.0,0.0,0.0,0.0,0.0,0.0,0.0,0.0,0.0,1365.9736997616017
2011-04-23,1.48645,0.0,0.0,0.0,0.0,0.0,0.0,0.0,0.0,0.0,1131.950275632251,0.0,0.0,1131.950275632251,0.0,0.0,1537.1013272053426,0.0,0.0,0.0,0.0
2011-04-30,1.86047,0.0,0.0,0.0,0.0,0.0,0.0,0.0,0.0,0.0,0.0,0.0,0.0,0.0,0.0,0.0,0.0,0.0,0.0,0.0,1342.1453179868809
2011-05-07,1.58513,0.0,0.0,0.0,0.0,0.0,0.0,0.0,0.0,0.0,0.0,0.0,0.0,0.0,0.0,0.0,1735.1932389645804,0.0,0.0,0.0,0.0
2011-05-14,1.45138,0.0,0.0,0.0,0.0,0.0,0.0,0.0,0.0,0.0,0.0,0.0,0.0,0.0,0.0,0.0,0.0,0.0,0.0,0.0,0.0
2011-05-21,1.8346,0.0,0.0,0.0,0.0,0.0,0.0,0.0,0.0,0.0,0.0,0.0,0.0,0.0,0.0,0.0,0.0,0.0,0.0,0.0,0.0
2011-05-28,1.55424,0.0,0.0,0.0,0.0,0.0,0.0,0.0,0.0,0.0,1317.1891183777211,0.0,0.0,1317.1891183777211,0.0,0.0,1997.1385669973135,0.0,0.0,0.0,1781.4017353914933
2011-06-04,2.35294,0.0,0.0,0.0,0.0,0.0,0.0,0.0,0.0,0.0,0.0,0.0,0.0,0.0,0.0,0.0,0.0,0.0,0.0,0.0,0.0
2011-06-11,1.70604,0.0,0.0,0.0,0.0,0.0,0.0,0.0,0.0,0.0,0.0,0.0,0.0,0.0,0.0,0.0,0.0,0.0,0.0,0.0,0.0
2011-06-18,1.49102,0.0,0.0,0.0,0.0,0.0,0.0,0.0,0.0,0.0,0.0,0.0,0.0,0.0,0.0,1420.4337476745754,0.0,0.0,0.0,0.0,1482.5429095689644
2011-06-25,1.60446,0.0,0.0,0.0,0.0,0.0,0.0,0.0,0.0,0.0,0.0,0.0,0.0,0.0,0.0,0.0,1817.731789510835,0.0,0.0,0.0,1261.5669808422551
2011-07-02,1.25705,0.0,0.0,0.0,0.0,0.0,0.0,2048.664155944971,0.0,0.0,0.0,0.0,1303.4566130720723,0.0,0.0,0.0,0.0,0.0,0.0,0.0,0.0
2011-07-09,0.899594,0.0,0.0,0.0,0.0,0.0,0.0,0.0,0.0,0.0,0.0,0.0,0.0,0.0,0.0,0.0,0.0,0.0,0.0,0.0,0.0
2011-07-16,0.645161,0.0,0.0,0.0,0.0,0.0,0.0,0.0,0.0,0.0,0.0,0.0,0.0,0.0,0.0,0.0,0.0,0.0,0.0,0.0,1291.9184128910197
2011-07-23,0.925658,0.0,1303.501857715146,0.0,0.0,0.0,0.0,0.0,0.0,0.0,0.0,0.0,0.0,0.0,1251.656874032345,0.0,0.0,0.0,0.0,0.0,0.0
2011-07-30,0.657462,0.0,0.0,0.0,0.0,0.0,0.0,0.0,0.0,0.0,0.0,0.0,0.0,0.0,0.0,0.0,0.0,0.0,0.0,0.0,0.0
2011-08-06,0.387366,0.0,0.0,0.0,0.0,0.0,0.0,0.0,0.0,0.0,0.0,0.0,0.0,0.0,0.0,0.0,0.0,1441.2373530909283,0.0,0.0,0.0
2011-08-13,0.697604,0.0,0.0,0.0,0.0,0.0,0.0,0.0,0.0,0.0,0.0,0.0,0.0,0.0,0.0,0.0,0.0,0.0,0.0,0.0,0.0
2011-08-20,0.71964,0.0,0.0,0.0,0.0,0.0,0.0,0.0,0.0,0.0,0.0,0.0,0.0,0.0,0.0,0.0,0.0,0.0,0.0,0.0,0.0
2011-08-27,0.418911,1779.4757941846071,0.0,0.0,0.0,0.0,0.0,0.0,0.0,0.0,0.0,0.0,0.0,0.0,0.0,0.0,0.0,0.0,0.0,0.0,0.0
2011-09-03,1.23423,0.0,0.0,0.0,0.0,0.0,0.0,0.0,0.0,0.0,0.0,0.0,0.0,0.0,0.0,0.0,0.0,0.0,0.0,0.0,0.0
2011-09-10,1.29168,0.0,0.0,0.0,0.0,0.0,0.0,0.0,0.0,0.0,0.0,0.0,0.0,0.0,1198.6527484997328,0.0,0.0,0.0,0.0,0.0,0.0
2011-09-17,0.657895,0.0,0.0,0.0,0.0,0.0,0.0,0.0,0.0,0.0,0.0,0.0,0.0,0.0,0.0,0.0,0.0,0.0,0.0,0.0,1262.01775522403
2011-09-24,0.857679,0.0,0.0,0.0,0.0,0.0,0.0,0.0,0.0,0.0,0.0,0.0,0.0,0.0,0.0,0.0,1162.5216108992884,0.0,0.0,0.0,0.0
2011-10-01,0.841884,0.0,0.0,0.0,0.0,0.0,0.0,0.0,0.0,0.0,1059.367916211244,0.0,0.0,1059.3679162112437,0.0,0.0,0.0,0.0,0.0,0.0,0.0
2011-10-08,0.914077,0.0,0.0,0.0,0.0,0.0,0.0,0.0,0.0,0.0,0.0,0.0,0.0,0.0,0.0,0.0,1337.7813443934842,0.0,0.0,0.0,0.0
2011-10-15,1.25885,0.0,0.0,0.0,0.0,0.0,0.0,0.0,0.0,0.0,0.0,0.0,0.0,0.0,1314.65507799828,0.0,0.0,0.0,0.0,0.0,1261.3252112796215
2011-10-22,1.18925,0.0,0.0,0.0,0.0,0.0,0.0,0.0,0.0,0.0,0.0,0.0,0.0,0.0,0.0,0.0,0.0,0.0,0.0,0.0,1470.0166974185058
2011-10-29,1.52601,1339.435427230004,0.0,0.0,0.0,0.0,0.0,0.0,0.0,0.0,0.0,0.0,0.0,0.0,0.0,0.0,1082.9869413474737,0.0,0.0,0.0,1514.7759322371426
2011-11-05,1.87855,0.0,1078.8031459532212,0.0,0.0,0.0,0.0,0.0,0.0,0.0,0.0,0.0,1476.1822120334689,0.0,0.0,0.0,1491.7581913843817,0.0,0.0,0.0,1312.907616573975
2011-11-12,1.53879,0.0,0.0,0.0,0.0,0.0,0.0,0.0,0.0,0.0,0.0,0.0,0.0,0.0,0.0,0.0,0.0,0.0,0.0,0.0,1418.5319374072037
2011-11-19,2.02675,0.0,0.0,0.0,0.0,0.0,0.0,0.0,0.0,0.0,0.0,0.0,0.0,0.0,0.0,0.0,1202.664300832837,0.0,0.0,0.0,1028.2202464178529
2011-11-26,1.44769,0.0,0.0,0.0,0.0,0.0,0.0,0.0,0.0,0.0,0.0,1187.8949515583429,0.0,0.0,1297.9548124124778,0.0,1393.315964254167,0.0,0.0,0.0,0.0
2011-12-03,2.10753,0.0,0.0,0.0,0.0,0.0,0.0,0.0,0.0,0.0,0.0,0.0,0.0,0.0,0.0,1287.1217541292306,0.0,0.0,0.0,0.0,1353.8108810844408
2011-12-10,1.62801,0.0,0.0,0.0,0.0,0.0,0.0,0.0,0.0,0.0,0.0,0.0,0.0,0.0,0.0,0.0,0.0,0.0,0.0,0.0,991.5110224750828
2011-12-17,2.11416,0.0,0.0,0.0,0.0,0.0,0.0,0.0,0.0,0.0,0.0,0.0,0.0,0.0,0.0,0.0,0.0,0.0,0.0,0.0,1545.1035004510072
2011-12-24,1.66142,0.0,0.0,0.0,0.0,0.0,0.0,0.0,0.0,0.0,0.0,0.0,0.0,0.0,0.0,0.0,0.0,0.0,0.0,0.0,0.0
2011-12-31,2.78114,0.0,0.0,0.0,0.0,0.0,0.0,0.0,0.0,0.0,0.0,0.0,0.0,0.0,1183.47686768451,0.0,1828.5805966890712,0.0,0.0,0.0,0.0
2012-01-07,1.62407,0.0,0.0,0.0,0.0,0.0,0.0,0.0,0.0,0.0,0.0,0.0,0.0,0.0,0.0,0.0,0.0,0.0,0.0,0.0,0.0
2012-01-14,1.5286,2082.4817253730957,0.0,0.0,0.0,0.0,0.0,0.0,0.0,0.0,0.0,1159.120393042362,0.0,0.0,0.0,0.0,1129.553897065334,0.0,0.0,0.0,1114.7869675418303
2012-01-21,1.75866,0.0,1158.8037440423757,0.0,0.0,0.0,0.0,1545.382795558122,0.0,0.0,0.0,0.0,0.0,0.0,0.0,0.0,1050.350771033416,0.0,0.0,0.0,2176.490081038525
2012-01-28,2.00946,0.0,0.0,0.0,0.0,0.0,0.0,0.0,0.0,0.0,0.0,0.0,0.0,0.0,0.0,0.0,1659.2395741483322,0.0,0.0,0.0,2199.943411539533
2012-02-04,2.38663,0.0,0.0,0.0,0.0,0.0,0.0,0.0,0.0,0.0,0.0,0.0,0.0,0.0,0.0,0.0,1142.1447467418636,0.0,0.0,0.0,0.0
2012-02-11,1.97495,0.0,0.0,0.0,0.0,0.0,0.0,921.36266318629,980.7375577365084,0.0,0.0,1279.1110407336344,0.0,0.0,0.0,0.0,0.0,970.1819555970684,0.0,0.0,1569.6633817887491
2012-02-18,3.41361,0.0,1067.885648069874,0.0,0.0,1067.2413729162993,1067.2413729162995,0.0,0.0,0.0,0.0,0.0,0.0,0.0,0.0,0.0,1187.2939879742569,0.0,0.0,0.0,1185.5685820624724
2012-02-25,2.32095,0.0,0.0,0.0,0.0,0.0,0.0,0.0,0.0,0.0,0.0,0.0,0.0,0.0,0.0,0.0,1467.1220822029516,0.0,0.0,0.0,1723.2901707547394
2012-03-03,2.82019,0.0,0.0,0.0,0.0,0.0,0.0,0.0,914.930120294674,0.0,1051.1795090231974,1525.917970699449,0.0,1051.1795090231976,0.0,0.0,1906.138603459424,0.0,0.0,0.0,1795.2552186328478
2012-03-10,2.37288,0.0,0.0,0.0,0.0,0.0,0.0,0.0,0.0,0.0,0.0,0.0,0.0,0.0,0.0,0.0,1966.3465976646185,0.0,0.0,0.0,1188.6999354935203
2012-03-17,3.35112,0.0,0.0,0.0,0.0,0.0,0.0,0.0,1630.3349763082324,0.0,0.0,0.0,0.0,0.0,0.0,0.0,1695.7937533921508,0.0,0.0,0.0,1373.739090032259
2012-03-24,3.55525,0.0,0.0,0.0,0.0,0.0,0.0,0.0,0.0,0.0,0.0,0.0,0.0,0.0,0.0,0.0,1300.6458459631294,0.0,0.0,0.0,1550.8048838275884
2012-03-31,2.8144,0.0,0.0,0.0,0.0,0.0,0.0,0.0,0.0,0.0,0.0,0.0,0.0,0.0,0.0,0.0,1209.5080901000936,0.0,0.0,0.0,1929.9638692711055
2012-04-07,3.17543,0.0,0.0,0.0,0.0,0.0,0.0,0.0,0.0,0.0,0.0,0.0,0.0,0.0,0.0,0.0,0.0,0.0,0.0,0.0,0.0
2012-04-14,2.39486,0.0,0.0,0.0,0.0,0.0,0.0,0.0,0.0,0.0,0.0,0.0,0.0,0.0,0.0,0.0,1288.8687897274149,0.0,0.0,0.0,0.0
2012-04-21,2.78354,0.0,0.0,0.0,0.0,0.0,0.0,0.0,1848.0024579448047,0.0,0.0,0.0,0.0,0.0,0.0,0.0,1013.9084297121074,0.0,1307.5115799770997,0.0,1037.793287906316
2012-04-28,2.38095,0.0,0.0,0.0,0.0,0.0,0.0,0.0,0.0,0.0,0.0,0.0,0.0,0.0,0.0,1507.9395648488965,1006.3309597050544,0.0,0.0,0.0,2269.7037294657607
2012-05-05,2.32839,0.0,0.0,0.0,0.0,0.0,0.0,0.0,0.0,0.0,0.0,0.0,0.0,0.0,0.0,0.0,1073.7287154352523,0.0,0.0,0.0,1183.4054428903432
2012-05-12,1.82768,0.0,0.0,0.0,0.0,0.0,0.0,0.0,1035.1321868507755,0.0,0.0,0.0,0.0,0.0,0.0,0.0,1472.2623298619433,0.0,0.0,0.0,0.0
2012-05-19,1.96078,0.0,0.0,0.0,0.0,0.0,0.0,0.0,0.0,0.0,0.0,0.0,0.0,0.0,0.0,0.0,0.0,0.0,0.0,0.0,0.0
2012-05-26,2.05436,0.0,1068.2918472801962,0.0,0.0,0.0,0.0,0.0,0.0,1294.7401204363978,0.0,0.0,0.0,0.0,0.0,0.0,0.0,0.0,0.0,0.0,0.0
2012-06-02,1.85996,0.0,0.0,0.0,0.0,0.0,0.0,0.0,0.0,0.0,0.0,0.0,0.0,0.0,0.0,0.0,0.0,0.0,0.0,0.0,0.0
2012-06-09,1.39565,0.0,0.0,0.0,0.0,0.0,0.0,0.0,1152.9931595576525,0.0,0.0,0.0,0.0,0.0,0.0,0.0,1037.508300093739,0.0,0.0,1221.2662794990522,1357.1572303126457
2012-06-16,0.990426,0.0,0.0,0.0,0.0,0.0,0.0,0.0,0.0,0.0,0.0,0.0,0.0,0.0,0.0,0.0,0.0,0.0,0.0,0.0,0.0
2012-06-23,0.95989,0.0,0.0,0.0,0.0,0.0,0.0,0.0,0.0,0.0,0.0,0.0,0.0,0.0,0.0,1182.7281177259897,0.0,0.0,0.0,0.0,1589.8818221964314
2012-06-30,0.709975,0.0,0.0,0.0,0.0,0.0,0.0,0.0,0.0,0.0,0.0,0.0,0.0,0.0,0.0,0.0,1174.2067195647762,0.0,0.0,0.0,0.0
2012-07-07,0.702302,0.0,0.0,0.0,0.0,0.0,0.0,0.0,0.0,0.0,0.0,0.0,0.0,0.0,0.0,0.0,0.0,0.0,0.0,0.0,0.0
2012-07-14,0.608883,0.0,0.0,0.0,0.0,0.0,0.0,0.0,0.0,0.0,0.0,0.0,0.0,0.0,0.0,0.0,0.0,0.0,0.0,0.0,0.0
2012-07-21,0.8,0.0,0.0,1239.892095087484,1239.892095087484,0.0,0.0,0.0,0.0,0.0,0.0,1593.9973561768982,0.0,0.0,0.0,0.0,0.0,0.0,0.0,0.0,0.0
2012-07-28,0.651466,0.0,0.0,1487.6096786493774,1487.6096786493774,0.0,0.0,0.0,0.0,0.0,0.0,0.0,0.0,0.0,0.0,1064.047660848877,0.0,0.0,0.0,0.0,0.0
2012-08-04,0.739247,0.0,0.0,0.0,0.0,0.0,0.0,0.0,0.0,0.0,0.0,0.0,0.0,0.0,0.0,0.0,0.0,0.0,0.0,0.0,0.0
2012-08-11,0.625,0.0,0.0,0.0,0.0,0.0,0.0,0.0,0.0,0.0,0.0,0.0,0.0,0.0,0.0,0.0,0.0,0.0,0.0,0.0,0.0
2012-08-18,0.531561,0.0,0.0,0.0,0.0,0.0,0.0,0.0,0.0,0.0,0.0,0.0,0.0,0.0,0.0,0.0,0.0,0.0,0.0,0.0,0.0
2012-08-25,0.708079,0.0,0.0,0.0,0.0,1120.8082204468872,1120.8082204468872,0.0,0.0,0.0,0.0,0.0,0.0,0.0,0.0,0.0,0.0,0.0,0.0,0.0,0.0
2012-09-01,0.849772,0.0,0.0,0.0,0.0,0.0,0.0,0.0,0.0,1361.4346575101952,0.0,0.0,0.0,0.0,0.0,0.0,0.0,0.0,0.0,0.0,0.0
2012-09-08,1.26398,0.0,0.0,0.0,0.0,0.0,0.0,0.0,0.0,0.0,0.0,0.0,0.0,0.0,0.0,0.0,0.0,0.0,0.0,0.0,1602.9881845897232
2012-09-15,0.814536,0.0,0.0,0.0,0.0,0.0,0.0,0.0,0.0,0.0,0.0,0.0,0.0,0.0,0.0,0.0,1114.4709537183726,0.0,0.0,0.0,0.0
2012-09-22,1.28247,0.0,0.0,0.0,0.0,0.0,0.0,0.0,0.0,0.0,0.0,0.0,0.0,0.0,0.0,1010.6883934857732,1021.4669394498064,0.0,0.0,0.0,0.0
2012-09-29,1.89816,0.0,0.0,0.0,0.0,0.0,0.0,0.0,0.0,0.0,0.0,0.0,0.0,0.0,0.0,0.0,1383.9933894789788,0.0,0.0,0.0,1392.1633722713764
2012-10-06,0.988849,0.0,0.0,0.0,0.0,915.1344820528049,915.134482052805,0.0,0.0,0.0,0.0,0.0,0.0,0.0,0.0,1321.9858997647618,1041.3618187813297,0.0,0.0,0.0,0.0
2012-10-13,1.03135,0.0,0.0,0.0,0.0,0.0,0.0,0.0,0.0,0.0,0.0,0.0,0.0,0.0,0.0,0.0,0.0,0.0,0.0,0.0,0.0
2012-10-20,0.920999,0.0,1064.647961162888,0.0,0.0,0.0,0.0,0.0,0.0,0.0,0.0,0.0,0.0,0.0,0.0,0.0,0.0,0.0,0.0,0.0,1808.946852809229
2012-10-27,0.598205,0.0,885.2643424305903,0.0,0.0,1110.0723629423576,1110.0723629423576,0.0,0.0,840.5299034619758,1072.6387360228612,0.0,0.0,1072.6387360228612,0.0,0.0,0.0,0.0,0.0,0.0,971.049163069525
2012-11-03,1.09622,0.0,0.0,0.0,0.0,0.0,0.0,0.0,0.0,0.0,0.0,0.0,0.0,0.0,0.0,0.0,0.0,0.0,0.0,0.0,1050.8884594479423
2012-11-10,1.37957,0.0,0.0,0.0,0.0,0.0,0.0,0.0,952.2867476452284,0.0,0.0,0.0,0.0,0.0,0.0,0.0,0.0,0.0,0.0,0.0,1115.8677054378036
2012-11-17,2.19938,0.0,0.0,0.0,0.0,0.0,0.0,0.0,0.0,0.0,0.0,0.0,0.0,0.0,0.0,0.0,1328.4887231327168,0.0,0.0,0.0,0.0
2012-11-24,2.54892,0.0,953.78039193338,0.0,0.0,0.0,0.0,0.0,1211.4732951569845,0.0,0.0,0.0,0.0,0.0,0.0,0.0,1275.98037292013,0.0,0.0,906.1800630163464,1476.8904579698874
2012-12-01,2.01177,791.9103684157792,0.0,0.0,0.0,0.0,0.0,0.0,813.5708356958704,0.0,0.0,0.0,0.0,0.0,0.0,0.0,0.0,0.0,0.0,0.0,1190.927148364941
2012-12-08,1.86216,0.0,0.0,0.0,0.0,0.0,0.0,0.0,983.2028543600908,0.0,0.0,0.0,0.0,0.0,0.0,0.0,0.0,0.0,0.0,0.0,1216.1027046811375
2012-12-15,2.09696,781.3031393870128,853.843289907387,0.0,0.0,0.0,0.0,0.0,0.0,0.0,0.0,0.0,0.0,0.0,0.0,0.0,957.3098089563302,0.0,0.0,0.0,1803.2629796548088
2012-12-22,2.97389,0.0,0.0,0.0,0.0,0.0,0.0,0.0,0.0,0.0,0.0,0.0,0.0,0.0,0.0,0.0,1712.5180856960974,0.0,0.0,839.2827741870921,1614.5418985113297
2012-12-29,5.056,0.0,0.0,0.0,0.0,0.0,0.0,0.0,0.0,0.0,0.0,0.0,1300.080926886265,0.0,1208.273684416011,0.0,1091.6212563487004,0.0,0.0,0.0,0.0
2013-01-05,3.01935,0.0,863.930295075116,0.0,0.0,0.0,0.0,0.0,976.7340316582846,0.0,0.0,0.0,0.0,0.0,0.0,0.0,1955.801953033913,0.0,0.0,0.0,2091.310490779912
2013-01-12,3.59773,2176.3495259263877,3761.825698336761,0.0,0.0,0.0,0.0,0.0,975.22907315751,0.0,0.0,0.0,0.0,0.0,0.0,1532.9051920814502,1222.4741675614562,0.0,0.0,0.0,2009.252593844044
2013-01-19,2.95283,2070.651322770208,2194.1314066269506,0.0,0.0,0.0,0.0,0.0,999.022860050972,0.0,871.6584486024858,1326.021025989746,0.0,871.6584486024857,1474.001103565904,0.0,1195.4053416916367,0.0,0.0,886.7860075363303,2044.9139068766635
2013-01-26,3.67372,1335.8147510871986,2513.124211568121,0.0,0.0,0.0,0.0,0.0,1094.6374365305337,0.0,0.0,1222.4235305848122,0.0,0.0,0.0,0.0,1152.5560673044276,0.0,0.0,0.0,1787.0924053230174
2013-02-02,2.97558,1887.6527791467352,1881.9558249392023,0.0,0.0,0.0,0.0,0.0,1198.8841493214425,0.0,0.0,1369.460590211325,0.0,0.0,0.0,0.0,1640.748958152166,0.0,0.0,0.0,1285.835025119071
2013-02-09,3.50244,1286.967122525332,889.0843933662762,0.0,0.0,0.0,0.0,0.0,875.3853883315346,0.0,0.0,1778.744004353848,0.0,0.0,0.0,0.0,1269.6652241157226,0.0,0.0,0.0,1864.4330821962517
2013-02-16,2.83275,984.457038170617,0.0,0.0,0.0,0.0,0.0,0.0,0.0,0.0,0.0,2225.216953136852,0.0,0.0,0.0,0.0,938.2673224546976,0.0,0.0,0.0,1321.7721265069486
2013-02-23,2.53615,0.0,842.5494179659637,0.0,0.0,0.0,0.0,0.0,789.6067507171591,0.0,0.0,1659.1373202909572,0.0,0.0,1759.8617541003618,0.0,859.2453571411099,0.0,0.0,0.0,1793.1198680253756
2013-03-02,0.918459,1103.1470413222105,0.0,0.0,0.0,0.0,0.0,0.0,0.0,0.0,0.0,1168.6706915886386,0.0,0.0,0.0,0.0,1324.192383186188,0.0,0.0,0.0,1326.4960427125964
2013-03-09,0.747621,0.0,0.0,0.0,0.0,0.0,0.0,0.0,0.0,0.0,0.0,0.0,0.0,0.0,0.0,0.0,1611.3599152941156,0.0,0.0,0.0,0.0
2013-03-16,1.34878,0.0,0.0,1804.002282807764,1804.002282807764,0.0,0.0,0.0,1255.952480049263,0.0,0.0,0.0,0.0,0.0,0.0,0.0,0.0,0.0,0.0,0.0,1691.93427979602
2013-03-23,1.45557,0.0,1069.0859734413914,0.0,0.0,0.0,0.0,857.4587520740837,749.2981618657792,0.0,0.0,0.0,0.0,0.0,0.0,0.0,1321.0663352245804,0.0,0.0,0.0,973.62506183123
2013-03-30,0.933461,0.0,0.0,0.0,0.0,0.0,0.0,864.3149838496765,0.0,0.0,0.0,0.0,0.0,0.0,0.0,0.0,955.4873105385904,0.0,0.0,0.0,984.630868492851
2013-04-06,0.509287,0.0,0.0,0.0,0.0,0.0,0.0,0.0,0.0,0.0,0.0,0.0,0.0,0.0,774.3855351164261,0.0,1241.0447203455667,0.0,0.0,0.0,0.0
2013-04-13,0.326023,0.0,0.0,0.0,0.0,0.0,0.0,0.0,1506.8885828194764,0.0,0.0,0.0,0.0,0.0,0.0,0.0,1150.6169860632333,0.0,0.0,0.0,2096.3986524267502
2013-04-20,0.39984,0.0,0.0,0.0,0.0,0.0,0.0,0.0,0.0,0.0,0.0,0.0,0.0,0.0,0.0,0.0,0.0,0.0,0.0,0.0,1327.0007844454506
2013-04-27,0.469484,0.0,0.0,0.0,0.0,0.0,0.0,0.0,0.0,0.0,0.0,0.0,0.0,0.0,0.0,0.0,0.0,0.0,0.0,0.0,0.0
2013-05-04,0.387597,0.0,0.0,0.0,0.0,0.0,0.0,0.0,0.0,0.0,0.0,0.0,0.0,0.0,0.0,0.0,808.8362562134294,0.0,0.0,0.0,1402.3895282182643
2013-05-11,0.129997,0.0,0.0,0.0,0.0,0.0,0.0,0.0,0.0,0.0,0.0,0.0,0.0,0.0,0.0,0.0,951.8009190901596,0.0,0.0,0.0,0.0
2013-05-18,0.198282,0.0,0.0,1034.733639564044,1034.733639564044,0.0,0.0,0.0,0.0,0.0,0.0,0.0,0.0,0.0,0.0,0.0,0.0,0.0,0.0,0.0,1188.6061606776004
2013-05-25,0.572597,0.0,0.0,0.0,0.0,0.0,0.0,0.0,0.0,0.0,0.0,0.0,0.0,0.0,0.0,0.0,964.6255592805568,0.0,0.0,0.0,0.0
2013-06-01,0.0,0.0,0.0,0.0,0.0,0.0,0.0,0.0,0.0,0.0,0.0,0.0,0.0,0.0,0.0,0.0,0.0,0.0,0.0,0.0,0.0
2013-06-08,0.0607165,0.0,0.0,0.0,0.0,0.0,0.0,0.0,1312.7880659378466,0.0,0.0,0.0,0.0,0.0,0.0,0.0,0.0,0.0,0.0,0.0,0.0
2013-06-15,0.0667111,0.0,0.0,0.0,0.0,0.0,0.0,0.0,0.0,850.2752518395755,0.0,931.8450796011548,0.0,0.0,0.0,0.0,1125.8895496287737,0.0,0.0,0.0,1234.5496095244148
2013-06-22,0.066357,0.0,0.0,0.0,0.0,0.0,0.0,0.0,0.0,0.0,0.0,0.0,0.0,0.0,0.0,0.0,0.0,0.0,0.0,0.0,1072.3153532184433
2013-06-29,0.125865,0.0,0.0,0.0,0.0,0.0,0.0,0.0,0.0,0.0,0.0,0.0,0.0,0.0,0.0,0.0,0.0,0.0,0.0,0.0,0.0
2013-07-06,0.0,0.0,0.0,0.0,0.0,0.0,0.0,0.0,0.0,0.0,0.0,0.0,0.0,0.0,0.0,0.0,0.0,0.0,0.0,0.0,0.0
2013-07-13,0.186916,0.0,0.0,0.0,0.0,0.0,0.0,0.0,0.0,0.0,0.0,0.0,0.0,0.0,0.0,0.0,0.0,0.0,0.0,0.0,0.0
2013-07-20,0.0627746,0.0,0.0,0.0,0.0,0.0,0.0,0.0,1353.6041652556758,0.0,0.0,0.0,0.0,0.0,0.0,0.0,0.0,0.0,0.0,0.0,0.0
2013-07-27,0.0,0.0,815.5327882923312,0.0,0.0,0.0,0.0,0.0,0.0,0.0,0.0,0.0,0.0,0.0,0.0,0.0,1634.2771621574302,0.0,0.0,0.0,1419.063082630195
2013-08-03,0.0,0.0,0.0,0.0,0.0,0.0,0.0,0.0,0.0,0.0,0.0,0.0,0.0,0.0,0.0,0.0,0.0,0.0,0.0,0.0,0.0
2013-08-10,0.17762,0.0,0.0,1988.92502494244,1988.92502494244,0.0,0.0,0.0,0.0,0.0,0.0,0.0,0.0,0.0,0.0,0.0,0.0,0.0,0.0,0.0,872.3501878088889
2013-08-17,0.0,0.0,0.0,0.0,0.0,0.0,0.0,0.0,0.0,0.0,0.0,0.0,0.0,0.0,0.0,0.0,0.0,0.0,0.0,0.0,1164.0746826371003
2013-08-24,0.0807754,0.0,0.0,0.0,0.0,0.0,0.0,0.0,0.0,0.0,0.0,0.0,0.0,0.0,0.0,0.0,0.0,0.0,0.0,0.0,0.0
2013-08-31,0.0789266,0.0,0.0,0.0,0.0,0.0,0.0,0.0,0.0,0.0,0.0,0.0,0.0,0.0,0.0,0.0,1247.7928484497477,0.0,0.0,0.0,1168.2816016207307
2013-09-07,0.0,0.0,0.0,0.0,0.0,0.0,0.0,0.0,0.0,0.0,0.0,0.0,0.0,0.0,0.0,0.0,0.0,0.0,0.0,0.0,0.0
2013-09-14,0.179426,0.0,0.0,0.0,0.0,0.0,0.0,0.0,0.0,0.0,757.9229300513233,0.0,0.0,757.9229300513232,0.0,0.0,745.8684824694719,0.0,0.0,0.0,0.0
2013-09-21,0.0550358,0.0,1242.5716801680594,0.0,0.0,0.0,0.0,998.9238575077812,0.0,0.0,0.0,0.0,0.0,0.0,0.0,0.0,0.0,781.3824638036132,0.0,0.0,878.8064970336344
2013-09-28,0.164654,0.0,0.0,0.0,0.0,0.0,0.0,0.0,0.0,0.0,0.0,0.0,0.0,0.0,0.0,0.0,816.8366552732335,0.0,0.0,0.0,908.303078090614
2013-10-05,0.5631,1191.0739571080642,1446.6842799719143,0.0,0.0,0.0,0.0,0.0,0.0,0.0,0.0,0.0,0.0,0.0,0.0,0.0,0.0,0.0,0.0,0.0,1130.3680741978876
2013-10-12,0.553385,0.0,0.0,0.0,0.0,0.0,0.0,0.0,809.7800297350988,0.0,0.0,0.0,0.0,0.0,0.0,0.0,0.0,0.0,0.0,0.0,1781.4333545046677
2013-10-19,0.822763,0.0,0.0,0.0,0.0,0.0,0.0,0.0,0.0,0.0,0.0,0.0,0.0,0.0,0.0,0.0,1195.9040163975171,0.0,0.0,0.0,0.0
2013-10-26,0.312392,0.0,0.0,0.0,0.0,0.0,0.0,0.0,0.0,0.0,0.0,0.0,0.0,0.0,0.0,0.0,0.0,0.0,0.0,0.0,1359.0204916043967
2013-11-02,0.531538,0.0,0.0,0.0,0.0,0.0,0.0,0.0,0.0,0.0,0.0,0.0,0.0,0.0,0.0,0.0,999.1331932151012,0.0,0.0,0.0,2200.139536339213
2013-11-09,0.390117,0.0,0.0,0.0,0.0,0.0,0.0,0.0,0.0,0.0,0.0,0.0,0.0,0.0,0.0,0.0,696.8882386184953,0.0,0.0,0.0,1355.457787939553
2013-11-16,0.870687,0.0,0.0,0.0,0.0,0.0,0.0,0.0,0.0,0.0,0.0,0.0,0.0,0.0,774.9025794726215,1340.4526594783158,849.8629276423194,0.0,0.0,0.0,2108.2541735441832
2013-11-23,0.996678,0.0,732.0549046418666,0.0,0.0,0.0,0.0,0.0,0.0,0.0,0.0,0.0,0.0,0.0,0.0,0.0,0.0,0.0,0.0,0.0,864.2838815492578
2013-11-30,0.942549,0.0,0.0,0.0,0.0,0.0,0.0,0.0,0.0,0.0,0.0,855.2344945143004,0.0,0.0,0.0,0.0,946.3913317583324,0.0,0.0,0.0,804.3626511631238
2013-12-07,0.575153,0.0,0.0,0.0,0.0,0.0,0.0,0.0,0.0,0.0,0.0,0.0,0.0,0.0,0.0,0.0,1548.256830839218,0.0,0.0,0.0,1495.8739679854814
2013-12-14,1.0514,0.0,0.0,0.0,0.0,0.0,0.0,0.0,786.327006037405,0.0,0.0,0.0,0.0,0.0,0.0,0.0,935.059057720214,0.0,0.0,0.0,1038.445971428911
2013-12-21,2.84536,697.4568640355411,0.0,0.0,0.0,0.0,0.0,0.0,868.1067395857003,0.0,0.0,0.0,0.0,0.0,0.0,751.8346949783443,0.0,0.0,0.0,0.0,1067.9427118865203
2013-12-28,6.89223,1356.76721366888,1286.3260824090646,0.0,0.0,806.2619636282548,806.2619636282546,0.0,1125.8243430174402,0.0,0.0,0.0,0.0,0.0,0.0,0.0,2142.357533394816,0.0,0.0,0.0,0.0
2014-01-04,8.42142,971.2438957117986,1525.1386820476866,1102.6669168843885,1102.6669168843885,762.2853781644692,762.2853781644692,0.0,1464.6355387513158,0.0,0.0,0.0,0.0,0.0,1148.0874804999169,1139.5501512415865,2603.097338645648,0.0,0.0,0.0,2331.3999715382106
2014-01-11,6.52052,690.0581745076179,654.2851054394581,0.0,0.0,695.88487352725,695.88487352725,0.0,0.0,0.0,0.0,0.0,0.0,0.0,0.0,0.0,1746.1210162288492,0.0,0.0,0.0,1477.2319274675708
2014-01-18,4.17802,2070.562510785576,1594.233063758982,0.0,0.0,983.7266814971248,983.7266814971248,0.0,0.0,0.0,1119.6036300903054,0.0,0.0,1119.6036300903054,0.0,0.0,1138.5232326602336,0.0,0.0,0.0,0.0
2014-01-25,2.90499,1370.1641932699565,0.0,0.0,0.0,0.0,0.0,717.8517953986053,967.1727088469046,0.0,0.0,0.0,0.0,0.0,851.7696875213813,0.0,664.6972169284029,0.0,0.0,0.0,1425.5227750964336
2014-02-01,2.59782,1198.6400573448452,989.7280934618616,0.0,0.0,0.0,0.0,0.0,718.4992219167825,0.0,0.0,0.0,0.0,0.0,0.0,710.2057928178208,1211.3943397658013,0.0,0.0,0.0,1464.413528441099
2014-02-08,2.09622,0.0,0.0,0.0,0.0,0.0,0.0,0.0,876.9385923820056,0.0,0.0,0.0,0.0,0.0,0.0,0.0,1463.1349725426046,0.0,0.0,0.0,1266.586928050246
2014-02-15,1.22951,0.0,0.0,0.0,0.0,0.0,0.0,0.0,1157.415286396044,0.0,0.0,640.4873240253307,0.0,0.0,0.0,0.0,782.0152049425453,0.0,0.0,0.0,1337.152697874521
2014-02-22,1.60794,0.0,0.0,0.0,0.0,0.0,0.0,0.0,0.0,0.0,0.0,866.815723172594,0.0,0.0,0.0,0.0,754.7670000792181,0.0,0.0,0.0,1503.860072778338
2014-03-01,1.4071,0.0,0.0,0.0,0.0,0.0,0.0,0.0,0.0,0.0,0.0,0.0,0.0,0.0,0.0,0.0,1254.668157649101,0.0,0.0,0.0,816.497437757879
2014-03-08,2.00494,0.0,0.0,0.0,0.0,0.0,0.0,0.0,0.0,0.0,0.0,0.0,0.0,0.0,0.0,0.0,1209.7417742718264,0.0,0.0,0.0,1253.5794964899335
2014-03-15,0.818063,0.0,0.0,0.0,0.0,0.0,0.0,0.0,0.0,0.0,0.0,643.9572254111291,0.0,0.0,0.0,0.0,1192.612324073826,0.0,0.0,0.0,1443.429273854323
2014-03-22,0.902302,0.0,0.0,0.0,0.0,0.0,0.0,0.0,0.0,0.0,0.0,0.0,0.0,0.0,0.0,0.0,992.8882978549644,0.0,0.0,0.0,1314.5122615157898
2014-03-29,0.45106,0.0,0.0,0.0,0.0,0.0,0.0,0.0,908.7810265662632,0.0,0.0,700.1555875214357,0.0,0.0,0.0,0.0,929.81832170264,0.0,0.0,0.0,1404.6668693695492
2014-04-05,1.77419,0.0,0.0,0.0,0.0,0.0,0.0,0.0,0.0,0.0,0.0,0.0,0.0,0.0,0.0,0.0,0.0,0.0,0.0,0.0,1043.7373489257698
2014-04-12,1.30328,0.0,0.0,0.0,0.0,0.0,0.0,0.0,0.0,0.0,0.0,0.0,959.0600338376598,0.0,0.0,0.0,805.7088475221111,0.0,0.0,0.0,1274.191021579904
2014-04-19,1.91781,0.0,0.0,0.0,0.0,0.0,0.0,745.3264217697473,0.0,0.0,0.0,0.0,0.0,0.0,0.0,719.9248773537854,0.0,0.0,0.0,0.0,1420.825554820981
2014-04-26,2.00454,0.0,0.0,0.0,0.0,0.0,0.0,0.0,0.0,0.0,0.0,800.8119826574762,0.0,0.0,0.0,0.0,984.1234229816793,0.0,0.0,0.0,1202.2002412298732
2014-05-03,1.40036,0.0,0.0,0.0,0.0,0.0,0.0,0.0,0.0,0.0,0.0,0.0,0.0,0.0,0.0,0.0,803.2369771987452,0.0,0.0,0.0,0.0
2014-05-10,1.46617,0.0,0.0,0.0,0.0,0.0,0.0,745.1378592497525,0.0,0.0,0.0,0.0,0.0,0.0,0.0,0.0,0.0,0.0,0.0,0.0,720.6681658078561
2014-05-17,2.3974,0.0,0.0,0.0,0.0,0.0,0.0,0.0,847.5790504805681,0.0,0.0,0.0,0.0,0.0,0.0,0.0,1181.8174181329698,0.0,0.0,0.0,797.67848509822
2014-05-24,0.759144,0.0,0.0,0.0,0.0,0.0,0.0,0.0,0.0,0.0,0.0,0.0,0.0,0.0,0.0,0.0,950.850672217806,0.0,0.0,0.0,0.0
2014-05-31,0.596421,0.0,0.0,0.0,0.0,0.0,0.0,0.0,0.0,0.0,0.0,0.0,0.0,0.0,827.0994964668041,0.0,955.9056629823328,0.0,0.0,0.0,1336.7742032965598
2014-06-07,0.0,0.0,0.0,0.0,0.0,0.0,0.0,0.0,0.0,0.0,0.0,0.0,0.0,0.0,0.0,0.0,0.0,0.0,0.0,0.0,1318.4931633354656
2014-06-14,0.0,0.0,0.0,0.0,0.0,0.0,0.0,0.0,0.0,0.0,0.0,0.0,0.0,0.0,0.0,0.0,0.0,0.0,0.0,0.0,1558.9496407210197
2014-06-21,0.0,0.0,0.0,0.0,0.0,0.0,0.0,0.0,0.0,0.0,0.0,0.0,0.0,0.0,0.0,0.0,1106.573537471727,0.0,0.0,0.0,1406.3026492864728
2014-06-28,0.0,0.0,0.0,0.0,0.0,0.0,0.0,0.0,0.0,0.0,0.0,0.0,0.0,0.0,0.0,0.0,0.0,0.0,0.0,0.0,1425.0346699388376
2014-07-05,0.0,0.0,0.0,0.0,0.0,0.0,0.0,0.0,0.0,0.0,0.0,0.0,0.0,0.0,0.0,0.0,992.3203014400694,0.0,0.0,0.0,942.4272703522536
2014-07-12,0.0,0.0,998.3269408354802,0.0,0.0,0.0,0.0,0.0,0.0,0.0,0.0,0.0,0.0,0.0,0.0,0.0,1212.5774007362136,0.0,0.0,0.0,0.0
2014-07-19,0.0,0.0,0.0,0.0,0.0,0.0,0.0,0.0,0.0,0.0,0.0,0.0,0.0,0.0,0.0,0.0,1075.9873014096024,0.0,0.0,0.0,953.0887681902852
2014-07-26,0.0,0.0,0.0,0.0,0.0,0.0,0.0,0.0,0.0,0.0,0.0,0.0,0.0,0.0,0.0,0.0,0.0,0.0,0.0,0.0,900.932698654772
2014-08-02,0.0,0.0,0.0,0.0,0.0,0.0,0.0,0.0,0.0,0.0,0.0,0.0,0.0,0.0,0.0,0.0,908.249132672082,0.0,0.0,0.0,1238.3888935103769
2014-08-09,0.0,0.0,0.0,0.0,0.0,0.0,0.0,0.0,0.0,0.0,0.0,0.0,0.0,0.0,0.0,0.0,0.0,0.0,0.0,0.0,0.0
2014-08-16,0.0,0.0,0.0,0.0,0.0,0.0,0.0,0.0,1471.4712445384832,0.0,0.0,0.0,0.0,0.0,0.0,0.0,1188.9049697925211,0.0,0.0,0.0,1137.5882136295554
2014-08-23,0.0,0.0,0.0,0.0,0.0,0.0,0.0,0.0,0.0,0.0,0.0,0.0,0.0,0.0,0.0,0.0,0.0,0.0,0.0,0.0,0.0
2014-08-30,0.0,0.0,0.0,0.0,0.0,0.0,0.0,0.0,0.0,0.0,0.0,0.0,0.0,0.0,0.0,0.0,1429.4861751139276,0.0,0.0,0.0,966.5091186143886
2014-09-06,0.0,0.0,0.0,0.0,0.0,0.0,0.0,0.0,0.0,0.0,0.0,0.0,0.0,0.0,0.0,0.0,0.0,0.0,0.0,0.0,0.0
2014-09-13,0.0,0.0,0.0,0.0,0.0,0.0,0.0,0.0,0.0,0.0,0.0,0.0,0.0,0.0,0.0,0.0,1099.9072787973269,0.0,0.0,0.0,0.0
2014-09-20,0.0,0.0,0.0,0.0,0.0,0.0,0.0,0.0,0.0,0.0,0.0,0.0,0.0,0.0,0.0,0.0,1449.0815726476771,0.0,0.0,0.0,1532.0347075621646
2014-09-27,0.15015,0.0,0.0,0.0,0.0,0.0,0.0,0.0,0.0,0.0,0.0,0.0,0.0,0.0,0.0,0.0,855.1928865686997,0.0,0.0,0.0,1235.0655799102942
2014-10-04,1.14723,0.0,0.0,0.0,0.0,0.0,0.0,0.0,0.0,0.0,0.0,0.0,0.0,0.0,919.2934464827804,0.0,1384.9470196981913,0.0,0.0,0.0,1554.9367865549775
2014-10-11,1.28079,1081.8261921787807,0.0,0.0,0.0,0.0,0.0,0.0,0.0,0.0,0.0,0.0,0.0,0.0,0.0,1021.7435623921332,1554.106433851541,1226.6955832223634,0.0,0.0,1225.2162299234894
2014-10-18,1.48213,0.0,1055.2186218364411,0.0,0.0,0.0,0.0,0.0,0.0,0.0,0.0,0.0,0.0,0.0,0.0,0.0,0.0,0.0,0.0,0.0,1482.4562415879768
2014-10-25,0.863171,0.0,750.7759732422509,0.0,0.0,0.0,0.0,0.0,0.0,727.5075023193325,0.0,0.0,0.0,0.0,0.0,0.0,1211.2158190993434,0.0,0.0,0.0,890.8395416461348
2014-11-01,0.947587,0.0,0.0,0.0,0.0,0.0,0.0,0.0,0.0,0.0,0.0,0.0,0.0,0.0,0.0,0.0,0.0,0.0,0.0,0.0,0.0
2014-11-08,2.12156,0.0,1010.0606731877484,0.0,0.0,0.0,0.0,0.0,825.3085673341789,0.0,0.0,0.0,0.0,0.0,0.0,0.0,898.9563645852578,0.0,0.0,0.0,1694.063031982529
2014-11-15,1.64349,0.0,0.0,0.0,0.0,1293.4830579920374,1293.4830579920372,0.0,0.0,0.0,0.0,0.0,0.0,0.0,0.0,0.0,867.9127074276666,0.0,0.0,0.0,1455.8231552443897
2014-11-22,2.19285,0.0,1007.1377030303436,0.0,0.0,0.0,0.0,0.0,835.8922539772797,0.0,0.0,0.0,0.0,0.0,0.0,0.0,827.0299451857815,0.0,0.0,0.0,0.0
2014-11-29,2.33489,0.0,0.0,0.0,0.0,1538.0665752763912,1538.0665752763912,0.0,0.0,0.0,0.0,0.0,0.0,0.0,0.0,0.0,993.3994373118176,0.0,0.0,0.0,949.0707644551654
2014-12-06,2.44474,0.0,802.905214713973,0.0,0.0,0.0,0.0,0.0,0.0,0.0,0.0,0.0,0.0,0.0,0.0,0.0,947.1897663417442,0.0,0.0,0.0,1213.15359937452
2014-12-13,3.51259,0.0,0.0,0.0,0.0,0.0,0.0,0.0,1139.6465713586474,0.0,0.0,0.0,0.0,0.0,0.0,0.0,1455.1692186441635,0.0,0.0,0.0,751.4534769521489
2014-12-20,4.98096,912.5457830668978,1064.7794160387623,0.0,0.0,0.0,0.0,0.0,0.0,0.0,0.0,0.0,0.0,0.0,0.0,0.0,1256.2346544424984,0.0,0.0,0.0,806.4530729914283
2014-12-27,6.49795,937.0833967194272,0.0,0.0,0.0,0.0,0.0,0.0,0.0,0.0,0.0,0.0,0.0,0.0,0.0,0.0,1094.284613411525,0.0,0.0,0.0,1440.9337954407847
2015-01-03,7.98092,2547.893940866811,1214.552255713177,0.0,0.0,0.0,0.0,0.0,1770.920527943827,0.0,0.0,1305.742717188062,0.0,0.0,873.439839005352,0.0,1495.2565856920223,0.0,0.0,0.0,1409.7215437582906
2015-01-10,5.63751,1593.6927937304483,1194.932469149806,0.0,0.0,0.0,0.0,0.0,842.0058699285806,0.0,0.0,0.0,0.0,0.0,0.0,732.0914015126199,1550.9156318696655,0.0,0.0,0.0,1624.3038504042763
2015-01-17,5.98291,1940.1259736686727,1103.6031149879968,0.0,0.0,0.0,0.0,0.0,1156.7656056507794,0.0,0.0,0.0,0.0,0.0,0.0,0.0,1997.480991526106,0.0,0.0,0.0,2648.4892939830866
2015-01-24,6.13566,1199.1157684626376,1526.6962695086445,0.0,0.0,0.0,0.0,0.0,1144.7283252926195,0.0,0.0,1046.084670308759,0.0,0.0,0.0,0.0,824.3823811467338,0.0,0.0,0.0,1206.6346609855705
2015-01-31,5.7796,994.6725563965724,1613.182817905889,0.0,0.0,0.0,0.0,0.0,931.3820908263292,0.0,948.5701285703508,934.8744359540426,0.0,948.5701285703508,1350.1320750859336,0.0,1783.958438518927,0.0,0.0,0.0,1798.8469498202746
2015-02-07,4.81706,838.0613406201163,860.0838797472014,996.114204811224,996.114204811224,0.0,0.0,0.0,751.5037690111975,0.0,0.0,1417.6779376666484,0.0,0.0,0.0,0.0,1269.496494907476,0.0,0.0,0.0,1155.452371716593
2015-02-14,3.92104,0.0,0.0,0.0,0.0,0.0,0.0,0.0,1089.3809093501718,0.0,0.0,731.5661985480735,0.0,0.0,0.0,0.0,1647.9197782772872,0.0,0.0,0.0,1706.6589268777775
2015-02-21,3.41506,0.0,976.4170450314928,0.0,0.0,0.0,0.0,0.0,740.8619244862335,0.0,0.0,1122.2220584487202,799.8355283332955,0.0,0.0,0.0,781.4769238800576,0.0,0.0,0.0,1425.1209590407727
2015-02-28,2.99842,0.0,787.5095993070554,0.0,0.0,0.0,0.0,0.0,930.2332556498984,0.0,0.0,810.5354560079313,0.0,0.0,0.0,0.0,1543.1645684201403,0.0,0.0,0.0,1712.0848883937106
2015-03-07,2.77553,0.0,986.854968645746,0.0,0.0,0.0,0.0,973.7986226526856,0.0,0.0,0.0,0.0,0.0,0.0,0.0,0.0,2171.610296001116,0.0,0.0,0.0,1847.873475050956
2015-03-14,3.04081,0.0,0.0,0.0,0.0,1079.0674879792698,1079.0674879792698,0.0,710.2017323565448,0.0,0.0,1756.4822145464968,0.0,0.0,736.9052813573326,0.0,1615.967854576808,0.0,0.0,0.0,1766.9522874898505
2015-03-21,2.76409,0.0,0.0,0.0,0.0,0.0,0.0,0.0,0.0,0.0,0.0,0.0,0.0,0.0,0.0,0.0,1843.439943179748,0.0,895.7435898286278,0.0,1882.6236563701332
2015-03-28,2.27538,0.0,0.0,0.0,0.0,0.0,0.0,0.0,0.0,0.0,0.0,0.0,0.0,0.0,0.0,0.0,0.0,0.0,0.0,0.0,1496.179144249119
2015-04-04,2.07191,0.0,0.0,0.0,0.0,0.0,0.0,0.0,0.0,0.0,0.0,0.0,0.0,0.0,828.2705948857168,0.0,1510.8927349551752,0.0,0.0,0.0,1883.0509493545092
2015-04-11,2.11293,0.0,0.0,0.0,0.0,0.0,0.0,0.0,0.0,0.0,0.0,0.0,0.0,0.0,0.0,0.0,2064.276867581996,0.0,0.0,0.0,1368.7045404339424
2015-04-18,2.02255,0.0,0.0,0.0,0.0,0.0,0.0,0.0,1063.756275683145,0.0,0.0,0.0,0.0,0.0,0.0,0.0,1045.8820524649536,0.0,0.0,0.0,1457.1735500989537
2015-04-25,2.08398,0.0,0.0,0.0,0.0,0.0,0.0,0.0,0.0,0.0,0.0,0.0,0.0,0.0,0.0,0.0,1224.1219825762855,0.0,0.0,0.0,1413.3435112773368
2015-05-02,3.35893,0.0,0.0,0.0,0.0,0.0,0.0,0.0,0.0,0.0,0.0,0.0,0.0,0.0,739.0683908616606,0.0,0.0,0.0,0.0,0.0,1768.4133245781134
2015-05-09,1.81644,0.0,0.0,0.0,0.0,0.0,0.0,868.1854998696367,901.1368913768524,0.0,0.0,831.8985531533303,0.0,0.0,0.0,0.0,992.2490473198122,0.0,0.0,0.0,1390.8839910760337
2015-05-16,1.49573,0.0,0.0,0.0,0.0,0.0,0.0,0.0,0.0,0.0,0.0,0.0,0.0,0.0,0.0,0.0,1200.151966698076,0.0,0.0,0.0,1881.411771130481
2015-05-23,2.56498,0.0,0.0,0.0,0.0,0.0,0.0,0.0,0.0,0.0,0.0,0.0,0.0,0.0,0.0,0.0,746.6684877818963,0.0,0.0,0.0,1240.4926063775372
2015-05-30,1.32333,0.0,0.0,0.0,0.0,0.0,0.0,0.0,0.0,0.0,0.0,0.0,0.0,0.0,0.0,0.0,0.0,0.0,0.0,0.0,0.0
2015-06-06,0.768156,0.0,0.0,0.0,0.0,0.0,0.0,809.0042302942696,0.0,0.0,0.0,0.0,0.0,0.0,0.0,0.0,0.0,0.0,0.0,0.0,0.0
2015-06-13,1.23457,0.0,0.0,0.0,0.0,0.0,0.0,0.0,0.0,0.0,0.0,0.0,0.0,0.0,0.0,0.0,1271.839669634824,0.0,0.0,0.0,1357.3565399012334
2015-06-20,0.349162,0.0,0.0,0.0,0.0,0.0,0.0,0.0,0.0,0.0,0.0,0.0,0.0,0.0,0.0,0.0,0.0,0.0,0.0,0.0,1030.4073055202691
2015-06-27,0.418118,0.0,0.0,0.0,0.0,0.0,0.0,0.0,0.0,0.0,0.0,0.0,0.0,0.0,0.0,0.0,0.0,0.0,0.0,0.0,930.9656756116248
2015-07-04,0.363901,0.0,0.0,0.0,0.0,0.0,0.0,0.0,0.0,0.0,0.0,0.0,0.0,0.0,0.0,0.0,870.5030376940622,0.0,0.0,0.0,931.5011103622024
2015-07-11,1.15646,813.0364430675481,0.0,0.0,0.0,0.0,0.0,0.0,0.0,0.0,0.0,0.0,0.0,0.0,0.0,0.0,816.6916054695439,0.0,0.0,0.0,0.0
2015-07-18,0.510949,0.0,0.0,0.0,0.0,0.0,0.0,0.0,0.0,0.0,0.0,0.0,0.0,0.0,0.0,0.0,794.5905429943549,0.0,0.0,0.0,1127.092023439526
2015-07-25,0.680272,0.0,0.0,0.0,0.0,0.0,0.0,0.0,0.0,0.0,0.0,0.0,0.0,0.0,0.0,0.0,733.6100706066629,0.0,0.0,0.0,1045.925217776235
2015-08-01,0.336984,0.0,0.0,0.0,0.0,0.0,0.0,0.0,0.0,0.0,0.0,0.0,0.0,0.0,0.0,0.0,877.7328771281117,0.0,0.0,0.0,1314.0025965622822
2015-08-08,1.40969,0.0,0.0,0.0,0.0,0.0,0.0,815.5646159357676,0.0,0.0,0.0,0.0,0.0,0.0,0.0,0.0,1107.6956912659464,0.0,0.0,0.0,0.0
2015-08-15,0.262238,0.0,0.0,0.0,0.0,0.0,0.0,0.0,0.0,0.0,0.0,0.0,0.0,0.0,0.0,0.0,1091.9884432387248,0.0,0.0,0.0,2049.7101096088904
2015-08-22,0.727651,0.0,0.0,0.0,0.0,0.0,0.0,0.0,949.328785278487,0.0,0.0,0.0,0.0,0.0,0.0,0.0,0.0,0.0,0.0,0.0,775.4577096137908
2015-08-29,0.0,0.0,0.0,0.0,0.0,0.0,0.0,0.0,0.0,0.0,0.0,0.0,0.0,0.0,0.0,0.0,0.0,922.8655202011488,0.0,0.0,0.0
2015-09-05,0.610998,0.0,0.0,0.0,0.0,0.0,0.0,872.2347469311437,0.0,0.0,0.0,0.0,0.0,0.0,0.0,0.0,0.0,0.0,0.0,0.0,1202.2201744042918
2015-09-12,0.591716,0.0,0.0,0.0,0.0,0.0,0.0,0.0,0.0,0.0,0.0,0.0,0.0,0.0,0.0,0.0,735.7775917558273,0.0,0.0,0.0,1956.135396324136
2015-09-19,0.0693001,0.0,0.0,0.0,0.0,0.0,0.0,0.0,895.2119401805528,0.0,0.0,0.0,0.0,0.0,0.0,0.0,1325.8271610444892,0.0,0.0,0.0,1873.3614373456944
2015-09-26,0.063012,0.0,1631.6207914652573,0.0,0.0,0.0,0.0,0.0,718.9740029993635,0.0,0.0,0.0,0.0,0.0,0.0,0.0,1053.7470706376914,0.0,0.0,0.0,1460.321050325119
2015-10-03,0.30722,0.0,758.788913760188,0.0,0.0,0.0,0.0,0.0,0.0,0.0,0.0,0.0,0.0,0.0,0.0,0.0,675.929827400232,0.0,0.0,0.0,1017.1692740760824
2015-10-10,0.404263,0.0,0.0,0.0,0.0,0.0,0.0,0.0,0.0,0.0,0.0,1016.9562686504246,0.0,0.0,0.0,946.0300319426092,0.0,0.0,0.0,0.0,0.0
2015-10-17,0.354484,0.0,0.0,774.3777030673214,774.3777030673214,0.0,0.0,0.0,855.1465804381503,0.0,0.0,0.0,0.0,0.0,0.0,0.0,1143.1241976621402,0.0,0.0,0.0,1211.222000844046
2015-10-24,0.609989,809.91661126999,938.2323232078584,0.0,0.0,0.0,0.0,0.0,642.7449509702471,0.0,0.0,0.0,0.0,0.0,0.0,701.9815497985676,1423.7436353769035,0.0,0.0,0.0,780.7019126967799
2015-10-31,0.576271,578.8480573186944,1272.5552872872947,0.0,0.0,0.0,0.0,0.0,983.543190690155,0.0,0.0,0.0,0.0,0.0,0.0,0.0,1472.3353003831824,0.0,0.0,0.0,1569.805401823157
2015-11-07,0.443383,0.0,669.4598388445754,0.0,0.0,0.0,0.0,0.0,596.7351782411364,0.0,0.0,0.0,0.0,0.0,0.0,0.0,676.3119384717878,0.0,0.0,0.0,944.9672181007122
2015-11-14,0.673759,0.0,1054.6235991915607,0.0,0.0,0.0,0.0,0.0,0.0,0.0,0.0,0.0,0.0,0.0,599.787438792079,0.0,1137.5345513616944,0.0,0.0,0.0,1072.672499463013
2015-11-21,0.439932,0.0,0.0,0.0,0.0,0.0,0.0,0.0,0.0,0.0,0.0,0.0,0.0,0.0,0.0,0.0,1593.0293532892251,0.0,0.0,0.0,1380.1951879830383
2015-11-28,1.07204,0.0,0.0,0.0,0.0,0.0,0.0,0.0,0.0,0.0,0.0,0.0,0.0,0.0,0.0,0.0,995.5839730579968,0.0,0.0,0.0,876.8453554715146
2015-12-05,0.681431,0.0,609.8493251833792,0.0,0.0,0.0,0.0,0.0,766.6859040791853,0.0,0.0,0.0,0.0,0.0,0.0,0.0,1012.9209197228178,0.0,0.0,0.0,1260.5207825701586
2015-12-12,0.43956,0.0,813.0953608032517,0.0,0.0,0.0,0.0,0.0,0.0,0.0,0.0,0.0,0.0,0.0,0.0,0.0,781.5407008592647,0.0,0.0,0.0,901.2554409651292
2015-12-19,0.958702,0.0,0.0,0.0,0.0,0.0,0.0,720.9663691386276,928.8780109769484,0.0,0.0,0.0,0.0,0.0,0.0,0.0,1134.6832198739774,0.0,0.0,0.0,905.6021254737597
2015-12-26,0.441393,0.0,0.0,0.0,0.0,0.0,0.0,0.0,0.0,0.0,0.0,0.0,0.0,0.0,0.0,0.0,817.1865623477896,0.0,0.0,0.0,0.0
2016-01-02,0.839944,0.0,1216.189277751571,0.0,0.0,0.0,0.0,0.0,761.389862146802,0.0,1061.88241835688,0.0,0.0,1061.8824183568802,0.0,750.3613196049787,1737.460087487054,0.0,0.0,0.0,1879.4494112114344
2016-01-09,1.48072,0.0,0.0,710.8896391385933,710.8896391385931,0.0,0.0,0.0,1299.0687584991467,0.0,0.0,0.0,0.0,0.0,0.0,0.0,1476.5247068899075,0.0,0.0,0.0,2209.387510689688
2016-01-16,1.28824,0.0,0.0,0.0,0.0,0.0,0.0,0.0,760.7884799390583,0.0,0.0,0.0,0.0,0.0,0.0,0.0,695.7617086263436,0.0,0.0,0.0,1325.1151302935566
2016-01-23,1.2318,0.0,0.0,0.0,0.0,0.0,0.0,0.0,0.0,0.0,0.0,0.0,0.0,0.0,0.0,0.0,811.6637172896934,0.0,0.0,0.0,1123.5977840915857
2016-01-30,1.71334,0.0,614.1890393402167,0.0,0.0,0.0,0.0,0.0,766.5432899479695,0.0,0.0,0.0,0.0,0.0,0.0,0.0,1694.626736122309,0.0,0.0,0.0,1387.8828181922995
2016-02-06,2.32394,0.0,0.0,0.0,0.0,0.0,0.0,0.0,824.7627032494105,0.0,0.0,0.0,0.0,0.0,0.0,0.0,1380.8455407852196,0.0,0.0,0.0,1549.4257033048384
2016-02-13,1.38484,581.529570013681,0.0,0.0,0.0,611.5948136784634,611.5948136784633,0.0,866.9687830199965,0.0,0.0,0.0,0.0,0.0,0.0,0.0,1145.0044322004485,0.0,0.0,0.0,1316.6588984201342
2016-02-20,2.25225,1212.0700826081684,1005.4364305773224,1010.9177425474325,1010.9177425474325,0.0,0.0,0.0,607.6728061877953,0.0,0.0,684.0057623503138,0.0,0.0,870.5820899283725,0.0,1383.888809981661,0.0,0.0,0.0,1651.4054118592437
2016-02-27,1.46189,894.6172944834126,0.0,0.0,0.0,0.0,0.0,0.0,782.5642981316845,0.0,0.0,817.5233801171884,0.0,0.0,0.0,0.0,1098.9751865300088,0.0,0.0,0.0,1952.712833166047
2016-03-05,1.79856,783.2439844692692,717.6993060320343,0.0,0.0,0.0,0.0,0.0,880.4430218273175,0.0,0.0,669.31537398298,0.0,0.0,0.0,0.0,918.6213084836525,0.0,0.0,0.0,1832.6740345031592
2016-03-12,2.03507,0.0,0.0,0.0,0.0,0.0,0.0,0.0,907.6497449824756,0.0,0.0,652.5694170363981,0.0,0.0,509.7514130371405,0.0,1398.2449841086852,0.0,0.0,0.0,1642.6295650937286
2016-03-19,2.4777,0.0,647.9397721860339,0.0,0.0,0.0,0.0,0.0,623.2124142725319,0.0,0.0,0.0,0.0,0.0,0.0,0.0,1380.0398860032212,0.0,0.0,0.0,1238.0925940158209
2016-03-26,1.50134,572.977059217342,715.535570217075,0.0,0.0,0.0,0.0,0.0,1012.0354432771592,0.0,0.0,651.0319698721236,0.0,0.0,0.0,900.3830036650367,1322.3666379628494,0.0,0.0,0.0,1501.847825499881
2016-04-02,1.43954,0.0,0.0,0.0,0.0,0.0,0.0,0.0,1048.3429295701376,0.0,0.0,0.0,0.0,0.0,0.0,0.0,1709.931339064578,0.0,0.0,0.0,1396.7121523053245
2016-04-09,1.45847,0.0,0.0,0.0,0.0,0.0,0.0,0.0,0.0,0.0,0.0,0.0,0.0,0.0,0.0,0.0,1309.581566620772,0.0,0.0,0.0,1146.364967568894
2016-04-16,0.742942,0.0,0.0,0.0,0.0,0.0,0.0,0.0,579.7202019139274,0.0,0.0,0.0,0.0,0.0,0.0,0.0,904.5003297655276,0.0,0.0,0.0,1206.031437729644
2016-04-23,0.779221,0.0,0.0,0.0,0.0,0.0,0.0,0.0,0.0,0.0,0.0,613.8463379714691,0.0,0.0,625.1912324393764,0.0,639.9869260136178,0.0,0.0,0.0,912.419976930434
2016-04-30,0.771513,0.0,0.0,0.0,0.0,0.0,0.0,0.0,654.6180673435961,0.0,0.0,0.0,0.0,0.0,0.0,589.9631616473104,993.3920632062188,0.0,0.0,0.0,1135.873241982544
2016-05-07,1.36452,0.0,0.0,0.0,0.0,0.0,0.0,0.0,0.0,0.0,0.0,0.0,0.0,0.0,0.0,649.6192952563484,565.704324634724,0.0,0.0,0.0,1245.901710598983
2016-05-14,0.857843,619.4750667067568,0.0,0.0,0.0,0.0,0.0,0.0,0.0,0.0,0.0,0.0,0.0,0.0,0.0,0.0,704.1939510056955,0.0,0.0,0.0,921.9056424660012
2016-05-21,0.999231,0.0,0.0,0.0,0.0,0.0,0.0,0.0,0.0,0.0,0.0,0.0,0.0,0.0,0.0,0.0,862.2041309797434,0.0,0.0,0.0,1276.7979621386069
2016-05-28,0.185185,0.0,0.0,0.0,0.0,0.0,0.0,0.0,0.0,0.0,0.0,0.0,0.0,0.0,0.0,0.0,1114.6372864363598,0.0,0.0,0.0,597.8455635152884
2016-06-04,0.0,0.0,0.0,0.0,0.0,0.0,0.0,0.0,0.0,0.0,0.0,0.0,0.0,0.0,0.0,0.0,1058.070088063925,0.0,0.0,0.0,871.0637975439141
2016-06-11,0.0,595.3894542229189,0.0,0.0,0.0,0.0,0.0,0.0,0.0,0.0,0.0,0.0,0.0,0.0,0.0,0.0,673.1243158685576,0.0,0.0,0.0,645.7647520494842
2016-06-18,0.414365,737.098031321176,0.0,0.0,0.0,0.0,0.0,0.0,599.5797776650526,0.0,0.0,0.0,0.0,0.0,0.0,0.0,1098.1242534515477,0.0,0.0,0.0,0.0
2016-06-25,0.515464,0.0,0.0,0.0,0.0,0.0,0.0,0.0,0.0,0.0,0.0,0.0,0.0,0.0,0.0,0.0,881.300797578931,0.0,0.0,0.0,914.7819431675252
2016-07-02,0.0,0.0,0.0,691.9228995568975,691.9228995568976,0.0,0.0,0.0,0.0,0.0,0.0,0.0,0.0,0.0,0.0,0.0,0.0,0.0,0.0,0.0,1375.5580605955847
2016-07-09,0.149031,0.0,0.0,0.0,0.0,0.0,0.0,0.0,0.0,0.0,0.0,0.0,0.0,0.0,0.0,0.0,1045.2424455698465,0.0,0.0,0.0,1088.6175849211825
2016-07-16,0.388601,0.0,0.0,0.0,0.0,0.0,0.0,0.0,0.0,622.5130387653446,0.0,0.0,0.0,0.0,0.0,0.0,650.3748032601451,0.0,0.0,0.0,0.0
2016-07-23,0.169779,0.0,0.0,0.0,0.0,0.0,0.0,0.0,0.0,0.0,0.0,0.0,0.0,0.0,0.0,0.0,802.722365839066,0.0,0.0,0.0,1100.712128695643
2016-07-30,0.779727,0.0,0.0,0.0,0.0,0.0,0.0,0.0,631.4650219647518,0.0,620.3006437022748,0.0,0.0,620.3006437022748,0.0,0.0,0.0,0.0,0.0,0.0,685.0707214842682
2016-08-06,0.527241,0.0,0.0,0.0,0.0,0.0,0.0,0.0,0.0,0.0,0.0,1289.6050530216653,661.7781967914045,0.0,0.0,1008.5179133212764,0.0,0.0,0.0,0.0,0.0
2016-08-13,0.860215,576.2446264305714,0.0,0.0,0.0,0.0,0.0,0.0,0.0,0.0,0.0,0.0,0.0,0.0,0.0,0.0,695.4280490216557,0.0,0.0,0.0,634.0547468894193
2016-08-20,0.191571,0.0,634.8015941374505,0.0,0.0,0.0,0.0,0.0,0.0,0.0,0.0,0.0,0.0,0.0,0.0,0.0,1501.1136291114865,0.0,0.0,0.0,849.1971930209745
2016-08-27,0.613497,0.0,0.0,0.0,0.0,0.0,0.0,0.0,0.0,0.0,0.0,0.0,0.0,0.0,0.0,0.0,872.3907214643019,0.0,0.0,0.0,1614.5463282174042
2016-09-03,1.14379,0.0,563.733568197329,0.0,0.0,0.0,0.0,0.0,0.0,0.0,0.0,798.3271232587346,0.0,0.0,0.0,0.0,712.0797907298188,0.0,0.0,0.0,732.6858760911722
2016-09-10,1.26316,0.0,884.5030924261436,0.0,0.0,0.0,0.0,0.0,544.3005263047373,0.0,0.0,0.0,0.0,0.0,543.969879255643,0.0,976.1247058476296,0.0,0.0,0.0,1507.76267933409
2016-09-17,0.239234,550.8111403295425,866.2652092456386,0.0,0.0,0.0,0.0,0.0,791.3407559181992,0.0,0.0,0.0,0.0,0.0,568.2309262234611,0.0,2775.740570843649,0.0,0.0,0.0,953.125178161086
2016-09-24,0.220872,0.0,926.7186502356344,0.0,0.0,0.0,0.0,0.0,0.0,0.0,0.0,0.0,0.0,0.0,0.0,0.0,675.7291515752055,0.0,0.0,0.0,1238.5173795571834
2016-10-01,0.0997506,0.0,0.0,0.0,0.0,0.0,0.0,0.0,1058.844557762155,0.0,0.0,0.0,0.0,0.0,650.8250387729888,558.7084095112316,1747.6099384281065,0.0,0.0,0.0,897.309391961784
2016-10-08,0.373552,587.0684015909724,779.1535081856697,0.0,0.0,0.0,0.0,0.0,0.0,0.0,0.0,0.0,0.0,0.0,500.2778559427122,874.3049692748143,1279.671330745104,0.0,0.0,0.0,1451.390980355603
2016-10-15,0.32538,0.0,1197.394664945198,0.0,0.0,555.2856649829262,555.2856649829262,0.0,513.5556996516774,0.0,0.0,0.0,0.0,0.0,0.0,0.0,990.438572570276,0.0,0.0,0.0,0.0
2016-10-22,0.55991,0.0,606.6731878767993,0.0,0.0,0.0,0.0,0.0,539.9889640232877,0.0,0.0,0.0,0.0,0.0,0.0,0.0,916.4289931327808,0.0,0.0,0.0,599.1200795605995
2016-10-29,0.791557,0.0,0.0,0.0,0.0,0.0,0.0,0.0,1073.011996858455,0.0,0.0,0.0,0.0,0.0,762.5090799575104,0.0,1610.368791837006,0.0,0.0,0.0,982.9634800858724
2016-11-05,0.409417,0.0,831.8259908302074,0.0,0.0,0.0,0.0,0.0,651.513749779826,0.0,0.0,0.0,0.0,0.0,684.6122531919208,0.0,588.8196015145786,0.0,0.0,0.0,1322.8921403613265
2016-11-12,0.662927,0.0,566.6167839348642,0.0,0.0,0.0,0.0,0.0,0.0,0.0,636.8791628952699,0.0,0.0,636.8791628952699,0.0,0.0,1264.8383359075017,0.0,0.0,0.0,893.0433749074228
2016-11-19,0.675676,0.0,0.0,0.0,0.0,0.0,0.0,0.0,856.9284229666471,0.0,0.0,0.0,0.0,0.0,0.0,657.2789228518905,1024.201101889329,0.0,0.0,0.0,755.1251737566887
2016-11-26,0.75643,0.0,555.3190535374388,0.0,0.0,0.0,0.0,0.0,0.0,0.0,0.0,0.0,0.0,0.0,0.0,0.0,1389.9620496198845,0.0,0.0,0.0,1495.049544466706
2016-12-03,1.00264,613.7363811069569,549.6472300011982,0.0,0.0,0.0,0.0,0.0,883.9600792247604,0.0,0.0,0.0,0.0,0.0,0.0,0.0,1821.9047090310432,0.0,0.0,0.0,1577.264401530798
2016-12-10,0.691358,1037.0294640870384,458.8276088024289,0.0,0.0,0.0,0.0,0.0,647.4326307919328,491.8279103713732,0.0,0.0,0.0,0.0,0.0,0.0,1413.7677958343104,0.0,0.0,0.0,1812.860591005631
2016-12-17,1.38484,0.0,1224.5325109184855,539.915713415537,539.9157134155371,0.0,0.0,0.0,0.0,0.0,0.0,0.0,0.0,0.0,483.9608160714477,0.0,1030.592411039463,0.0,0.0,456.1109661178433,1564.950974703401
2016-12-24,1.21255,0.0,0.0,0.0,0.0,0.0,0.0,0.0,538.5297080011009,0.0,0.0,0.0,0.0,0.0,628.5832552253528,0.0,1266.4826012311075,0.0,0.0,0.0,1927.8410136123605
2016-12-31,2.698,0.0,884.198614602998,0.0,0.0,0.0,0.0,0.0,0.0,932.8323792440768,0.0,0.0,0.0,0.0,595.703033740969,0.0,1175.7607023937346,0.0,0.0,0.0,1547.3853748786305
2017-01-07,1.75439,704.5923332998245,882.3695960306511,0.0,0.0,0.0,0.0,0.0,662.4639537071686,0.0,0.0,647.6209053567741,0.0,0.0,498.9103098615051,0.0,2146.146535444638,0.0,0.0,0.0,2035.978289658908
2017-01-14,2.29383,0.0,1140.867496255772,0.0,0.0,0.0,0.0,0.0,0.0,0.0,0.0,1008.8547440221377,0.0,0.0,517.8139226176161,501.733502305048,1128.1288993477149,0.0,0.0,0.0,2175.8321249640435
2017-01-21,2.75527,547.4165217601404,1084.5919253687948,641.7924739750982,641.7924739750983,0.0,0.0,0.0,715.3163085792845,0.0,0.0,1048.6087053645583,554.1314618570426,0.0,507.556055472882,0.0,1584.0004027157904,0.0,0.0,0.0,2042.127954206844
2017-01-28,1.71112,0.0,872.1761946280908,465.2336011348048,465.2336011348048,0.0,0.0,0.0,739.7797380135099,0.0,0.0,909.4709023345766,0.0,0.0,574.0025269133595,473.3151040067763,1789.8761981579937,0.0,0.0,0.0,2389.3746449777245
2017-02-04,1.69492,1011.9054239068944,1406.1521765843272,0.0,0.0,604.0205747441073,604.0205747441072,0.0,843.3231051520756,0.0,0.0,1225.461940551098,0.0,0.0,0.0,962.9704394654584,1480.8327539341417,0.0,0.0,0.0,1709.9098831323574
2017-02-11,1.76899,940.3254919384626,1523.931159457711,960.1874814440168,960.187481444017,0.0,0.0,0.0,636.3958830195196,0.0,0.0,1631.900887908278,0.0,0.0,482.19285677727817,0.0,1760.0284122205926,0.0,0.0,0.0,1391.4524997626877
2017-02-18,1.99601,625.0619994652114,868.2782614408173,0.0,0.0,0.0,0.0,0.0,737.9518730867454,0.0,0.0,1147.646779343138,0.0,0.0,459.81309517052426,0.0,2086.817623230991,0.0,0.0,0.0,2693.3630249625726
2017-02-25,1.48699,601.6964792859488,1276.7797080465,0.0,0.0,0.0,0.0,571.5564135193198,1511.2757598765518,0.0,0.0,976.8802197814538,481.77206653740734,0.0,562.9751565181192,744.5941064775978,1466.629481846111,0.0,0.0,0.0,1964.5490745153988
2017-03-04,1.06332,457.96007547652056,0.0,1276.3730740601952,1276.3730740601952,0.0,0.0,0.0,614.478509980548,0.0,0.0,607.8485249474096,0.0,0.0,0.0,0.0,1192.3059844056488,0.0,0.0,550.4102353540857,1935.6707694285012
2017-03-11,1.47433,0.0,579.1297553857776,0.0,0.0,0.0,0.0,0.0,0.0,0.0,0.0,0.0,0.0,0.0,0.0,0.0,1048.0823827575914,0.0,0.0,0.0,1843.108909666554
2017-03-18,1.08268,0.0,0.0,0.0,0.0,0.0,0.0,0.0,747.9629275672654,0.0,0.0,0.0,0.0,0.0,0.0,0.0,1542.5001923645682,0.0,0.0,0.0,1851.2993520342516
2017-03-25,0.583771,0.0,662.0111710484854,0.0,0.0,0.0,0.0,0.0,773.8583945398453,0.0,0.0,0.0,0.0,0.0,467.5209847291631,0.0,749.6877373579293,0.0,0.0,0.0,1483.969884610072
2017-04-01,0.554017,0.0,0.0,0.0,0.0,0.0,0.0,0.0,0.0,0.0,0.0,0.0,0.0,0.0,0.0,0.0,828.1904143179166,0.0,498.07965840738456,0.0,1480.4868460494229
2017-04-08,0.592353,513.6485218981076,0.0,0.0,0.0,0.0,0.0,0.0,687.7988668246825,530.8409347378157,534.6482222379736,0.0,0.0,534.6482222379736,0.0,0.0,1237.695304318913,0.0,0.0,0.0,1124.3473121511906
2017-04-15,0.744753,453.03053210607214,618.4740346215576,0.0,0.0,0.0,0.0,0.0,971.3827556666342,0.0,0.0,0.0,0.0,0.0,0.0,0.0,609.2111603820645,0.0,0.0,0.0,1332.161355910563
2017-04-22,0.282805,0.0,0.0,0.0,0.0,0.0,0.0,0.0,461.0608763607936,0.0,0.0,0.0,0.0,0.0,0.0,0.0,1593.7620330565803,0.0,0.0,0.0,1143.3598727820422
2017-04-29,0.616592,0.0,0.0,0.0,0.0,0.0,0.0,0.0,455.55602896865497,0.0,0.0,0.0,0.0,0.0,586.6263032725642,0.0,1057.9448051418044,0.0,0.0,0.0,1028.4269459148047
2017-05-06,0.79023,558.9020686099274,738.4960522825728,0.0,0.0,0.0,0.0,0.0,0.0,0.0,0.0,0.0,0.0,0.0,0.0,0.0,780.3846647308395,0.0,0.0,0.0,1507.4428915338276
2017-05-13,0.455433,0.0,0.0,0.0,0.0,0.0,0.0,0.0,732.0525395936644,0.0,0.0,0.0,0.0,0.0,586.9372496186403,0.0,1183.637422315186,0.0,0.0,0.0,1486.7383800803234
2017-05-20,0.921053,0.0,0.0,0.0,0.0,0.0,0.0,0.0,0.0,0.0,0.0,0.0,0.0,0.0,0.0,0.0,575.7974287969824,0.0,0.0,0.0,1150.8710197129992
2017-05-27,0.120048,0.0,621.1261277877691,0.0,0.0,0.0,0.0,0.0,1307.3799053012158,0.0,0.0,0.0,0.0,0.0,0.0,0.0,921.6075020677894,0.0,0.0,0.0,960.1674398825348
2017-06-03,0.0,0.0,0.0,0.0,0.0,0.0,0.0,0.0,0.0,0.0,0.0,0.0,0.0,0.0,0.0,0.0,681.4208698811345,0.0,0.0,0.0,1051.8361658794215
2017-06-10,0.0,0.0,0.0,0.0,0.0,0.0,0.0,0.0,651.1998824126827,0.0,0.0,0.0,0.0,0.0,0.0,0.0,674.8310694265233,0.0,0.0,0.0,1144.335589689306
2017-06-17,0.0,0.0,0.0,0.0,0.0,0.0,0.0,0.0,0.0,0.0,0.0,0.0,0.0,0.0,0.0,0.0,0.0,0.0,0.0,0.0,742.0987840801204
2017-06-24,0.0,0.0,0.0,0.0,0.0,0.0,0.0,0.0,0.0,0.0,0.0,0.0,0.0,0.0,515.4200559013477,0.0,740.0203774049145,0.0,0.0,0.0,1565.668938536002
2017-07-01,0.0,0.0,0.0,0.0,0.0,0.0,0.0,0.0,0.0,0.0,0.0,0.0,0.0,0.0,0.0,0.0,960.822391796386,0.0,0.0,0.0,621.5066110346121
2017-07-08,0.0,0.0,0.0,0.0,0.0,0.0,0.0,0.0,0.0,0.0,0.0,0.0,0.0,0.0,0.0,0.0,0.0,0.0,0.0,0.0,1498.336063293112
2017-07-15,0.0,0.0,0.0,0.0,0.0,0.0,0.0,0.0,504.07873195750335,0.0,0.0,0.0,0.0,0.0,0.0,0.0,0.0,0.0,0.0,0.0,1012.6657852291552
2017-07-22,0.0,0.0,0.0,0.0,0.0,0.0,0.0,0.0,630.3665773758777,0.0,0.0,0.0,0.0,0.0,0.0,0.0,1035.463139768751,0.0,0.0,0.0,865.6598648000341
2017-07-29,0.0,0.0,0.0,0.0,0.0,0.0,0.0,0.0,0.0,0.0,0.0,0.0,0.0,0.0,0.0,0.0,0.0,0.0,0.0,0.0,1055.9742928483015
2017-08-05,0.0,0.0,521.6086697710955,0.0,0.0,0.0,0.0,0.0,0.0,0.0,0.0,0.0,0.0,0.0,0.0,0.0,1119.7183613536656,0.0,0.0,0.0,864.6955695183202
2017-08-12,0.0,0.0,0.0,0.0,0.0,0.0,0.0,0.0,0.0,0.0,0.0,0.0,0.0,0.0,0.0,0.0,487.5077080425153,0.0,0.0,0.0,0.0
2017-08-19,0.0,0.0,0.0,0.0,0.0,0.0,0.0,0.0,0.0,513.707277997232,0.0,0.0,0.0,0.0,0.0,0.0,879.0083237687822,0.0,0.0,0.0,1212.9314224664624
2017-08-26,0.0,0.0,0.0,0.0,0.0,0.0,0.0,0.0,0.0,0.0,0.0,0.0,0.0,0.0,0.0,0.0,0.0,0.0,0.0,0.0,906.8513296980424
2017-09-02,0.0,0.0,0.0,0.0,0.0,0.0,0.0,0.0,0.0,0.0,0.0,0.0,503.0932094936013,0.0,0.0,0.0,0.0,0.0,0.0,0.0,1017.8533513355133
2017-09-09,0.0,0.0,0.0,0.0,0.0,0.0,0.0,0.0,484.7858848615805,0.0,0.0,0.0,0.0,0.0,0.0,0.0,732.7172348618237,0.0,0.0,0.0,919.06050877462
2017-09-16,0.0,0.0,718.3791951348134,0.0,0.0,0.0,0.0,0.0,0.0,0.0,0.0,0.0,0.0,0.0,0.0,517.1471538752519,739.2475734280215,0.0,0.0,0.0,1608.9445580637214
2017-09-23,0.0,0.0,664.4208940348822,0.0,0.0,0.0,0.0,0.0,0.0,0.0,0.0,0.0,0.0,0.0,0.0,0.0,840.7159051312746,0.0,0.0,0.0,1198.0806434534063
2017-09-30,0.0,0.0,1309.7513301102797,0.0,0.0,0.0,0.0,0.0,0.0,0.0,0.0,0.0,0.0,0.0,0.0,0.0,1524.696855533665,0.0,0.0,0.0,1128.1641030968767
2017-10-07,0.165289,549.9404580879178,599.431079209453,0.0,0.0,780.7150031987825,780.7150031987826,0.0,683.1006450555649,0.0,0.0,0.0,0.0,0.0,0.0,509.6409424100653,1270.975667117559,0.0,0.0,0.0,1191.8367513972269
2017-10-14,0.441176,594.7316886963818,1443.6369250471412,0.0,0.0,0.0,0.0,0.0,757.2834520494341,0.0,0.0,0.0,0.0,0.0,477.1467629126262,0.0,786.4403668149856,0.0,0.0,0.0,1168.14304667208
2017-10-21,0.367647,0.0,1165.0656667504334,0.0,0.0,0.0,0.0,0.0,598.6742375274492,0.0,0.0,0.0,0.0,0.0,480.1129722475412,467.5343920524252,986.2288309055158,0.0,0.0,0.0,1472.0509285938567
2017-10-28,0.444162,0.0,462.16867112950274,0.0,0.0,0.0,0.0,0.0,623.5500795636766,0.0,0.0,0.0,0.0,0.0,551.8939858016114,0.0,0.0,0.0,0.0,0.0,1753.964180579762
2017-11-04,0.948167,0.0,541.1502853460903,0.0,0.0,0.0,0.0,0.0,502.9818850651303,0.0,0.0,1228.6041233887984,0.0,0.0,0.0,482.9151040753486,1221.9043512394885,0.0,0.0,0.0,1262.6611270110734
2017-11-11,0.530705,581.6567974009565,811.6453496560273,0.0,0.0,0.0,0.0,0.0,778.1386844224722,0.0,0.0,0.0,494.453654691722,0.0,678.0351079214815,0.0,1309.1059760146834,0.0,0.0,0.0,1781.5607515431232
2017-11-18,0.646088,552.2321121472952,1108.5568658076031,0.0,0.0,0.0,0.0,0.0,873.2847295499761,0.0,0.0,0.0,0.0,0.0,0.0,555.5885290476036,1079.4420807139263,0.0,529.9630843543328,471.1676734859898,1213.8352395728118
2017-11-25,1.19205,0.0,987.4951675976585,0.0,0.0,0.0,0.0,0.0,536.2812828015989,513.2642742710489,0.0,0.0,478.483106112433,0.0,0.0,0.0,1189.6420572414572,0.0,0.0,0.0,1204.7180802601072
2017-12-02,1.21858,908.70189689821,965.531547861897,0.0,0.0,0.0,0.0,729.1599702574408,784.5987851998144,0.0,0.0,0.0,487.5069022860324,0.0,0.0,0.0,1146.1819866986434,0.0,0.0,0.0,1072.3386603233705
2017-12-09,1.14329,0.0,750.7531587078093,0.0,0.0,0.0,0.0,0.0,766.4765574341332,0.0,0.0,0.0,0.0,0.0,561.6989141217147,0.0,1539.6884884878436,0.0,0.0,0.0,1478.4590577079937
2017-12-16,0.774336,0.0,854.2297781739705,505.8074867581807,505.8074867581808,0.0,0.0,0.0,646.3402574689792,0.0,0.0,0.0,0.0,0.0,844.4687509926405,0.0,1248.0993756893793,0.0,0.0,0.0,2044.508932802884
2017-12-23,2.0219,786.3004396304057,989.2256603885958,0.0,0.0,0.0,0.0,0.0,473.6578583838514,0.0,0.0,0.0,0.0,0.0,0.0,0.0,1467.464478290793,0.0,0.0,0.0,1666.7525670613638
2017-12-30,1.37276,1013.1199538543004,1252.9147337375225,0.0,0.0,0.0,0.0,0.0,973.0445399750548,0.0,0.0,619.1531839209476,904.5505061316549,0.0,0.0,0.0,1918.3482627954809,0.0,0.0,0.0,2463.0867176050724
2018-01-06,3.43228,1411.9660954648757,2374.754867022247,726.9317160746649,726.9317160746649,479.9924616272845,479.99246162728457,542.5956310990523,1359.555769811512,0.0,0.0,0.0,698.7717402230209,0.0,590.0604537820188,793.9856872511908,2009.8936848822627,624.9684368112958,0.0,0.0,2021.265387358208
2018-01-13,3.68324,2176.0247316858263,2623.1950856734907,1007.9583690343842,1007.9583690343842,632.0518097178464,632.0518097178465,668.4638577667699,874.3665313274948,0.0,0.0,0.0,828.0559531278997,0.0,753.9769106279214,509.851556823666,2743.6358882358086,450.8575612808915,0.0,0.0,1741.103473434356
2018-01-20,2.98408,3332.4658640877938,3974.354122984158,996.9654706689956,996.9654706689954,639.6789169466263,639.6789169466263,755.3718930658265,716.6837730134702,708.6536878188535,0.0,829.7202360499413,492.8491749680829,0.0,681.2110001364068,1422.0456810053672,1537.697506916954,0.0,427.6803535653135,0.0,1684.5012198048971
2018-01-27,2.8445,2882.293801128598,3558.690385560278,726.8492546305341,726.8492546305341,909.7520195073791,909.7520195073791,736.6755438698268,732.0605911696213,0.0,0.0,1600.3354781593805,792.5656547689479,0.0,0.0,1686.946295837742,1735.3918087359714,0.0,0.0,0.0,1974.6850542101663
2018-02-03,3.35648,2617.261218445464,3744.40139319877,671.4367719050186,671.4367719050186,853.8209899375377,853.8209899375377,792.9316122753111,538.8371505598845,0.0,0.0,1132.8746476874712,847.2423143646895,0.0,0.0,1033.553873190284,2213.2280237891578,0.0,431.1814918674373,489.7999135079136,1660.766020049437
2018-02-10,2.43337,3092.192021317151,2974.528475497845,0.0,0.0,0.0,0.0,501.66611423374144,929.9151306663038,0.0,0.0,1006.4402446676006,462.8793496531612,0.0,461.6238941864071,1012.4989064033068,1657.575811382878,0.0,0.0,0.0,2155.197002008608
2018-02-17,2.13749,2066.576227008832,2718.766809240502,501.9337434587515,501.9337434587515,0.0,0.0,0.0,877.4697728930322,0.0,0.0,1196.9823036011956,548.1285039755995,0.0,551.1416701785857,878.0386195065947,1842.0039292680049,0.0,0.0,0.0,1651.0419117137992
2018-02-24,2.47823,1435.145388228401,1449.6116717181687,742.1621958363198,742.1621958363198,0.0,0.0,0.0,685.0095656633735,0.0,0.0,0.0,563.2576203765881,0.0,421.3287324372165,0.0,1062.062755124007,455.9190890312672,880.7367371407425,0.0,1799.156155756995
2018-03-03,1.47059,1212.3420058994968,1623.8354577331386,0.0,0.0,0.0,0.0,0.0,866.8913248265951,0.0,542.2609756304915,1044.3017575422696,0.0,542.2609756304915,0.0,424.4856295517319,1540.8446672906707,0.0,0.0,0.0,1847.7442034110968
2018-03-10,0.402994,973.4107730815476,1181.6050085025718,0.0,0.0,463.6148741048109,463.6148741048109,0.0,785.0641476742776,0.0,0.0,615.3941310658728,437.25025538759184,0.0,0.0,0.0,1986.3322879647808,0.0,0.0,0.0,1345.1162592192736
2018-03-17,0.996678,764.4623102024156,902.9781453611864,455.7297482955781,455.7297482955782,474.2155392172653,474.2155392172653,0.0,1120.618207677299,0.0,0.0,0.0,0.0,0.0,0.0,628.2171688232805,1685.887280806748,0.0,0.0,0.0,2475.355467557096
2018-03-24,1.32589,520.6858112030577,717.8630660105996,575.1377743285984,575.1377743285984,0.0,0.0,0.0,653.2019925254848,0.0,0.0,520.9659871725393,0.0,0.0,0.0,514.6227379502657,1412.0422016373311,0.0,0.0,0.0,1852.7960223553812
2018-03-31,0.635728,923.8505520893576,739.6524474531348,0.0,0.0,0.0,0.0,843.1776897028865,0.0,614.9096627903833,0.0,0.0,0.0,0.0,0.0,0.0,906.105585419709,0.0,0.0,0.0,1481.125937138628
2018-04-07,1.13841,0.0,839.5698551474123,0.0,0.0,0.0,0.0,0.0,991.9592824131252,0.0,0.0,529.7682331119363,0.0,0.0,0.0,0.0,1471.437677059562,0.0,482.4431850593643,0.0,1315.3138663707357
2018-04-14,0.302115,446.54403176362064,0.0,0.0,0.0,0.0,0.0,0.0,738.8057151723334,0.0,0.0,0.0,0.0,0.0,0.0,0.0,1550.7184656420775,0.0,0.0,0.0,1133.2696994350426
2018-04-21,0.300978,657.9266948930251,0.0,0.0,0.0,0.0,0.0,0.0,1354.9001119728923,0.0,0.0,0.0,0.0,0.0,0.0,655.3026065170635,1514.3826518577578,0.0,0.0,0.0,1629.110768856196
2018-04-28,0.332889,0.0,0.0,0.0,0.0,0.0,0.0,0.0,463.8189280865341,0.0,0.0,0.0,0.0,0.0,0.0,0.0,1016.4620656551584,0.0,0.0,0.0,1430.5734220611082
2018-05-05,0.617665,536.8628861972012,463.8008983794461,0.0,0.0,0.0,0.0,0.0,1188.6588097162023,0.0,0.0,0.0,0.0,0.0,0.0,0.0,898.3152032232068,0.0,0.0,0.0,1019.7772788160428
2018-05-12,0.143781,0.0,504.3968935308584,0.0,0.0,0.0,0.0,0.0,570.7709732672314,0.0,0.0,0.0,0.0,0.0,0.0,0.0,1340.6945412587831,0.0,0.0,0.0,1226.9521048937477
2018-05-19,0.215517,0.0,0.0,0.0,0.0,0.0,0.0,0.0,0.0,0.0,0.0,0.0,0.0,0.0,0.0,0.0,747.1848013600289,0.0,0.0,0.0,1673.1558214713518
2018-05-26,0.493421,0.0,484.6152980476248,0.0,0.0,0.0,0.0,0.0,572.8965103149906,0.0,0.0,0.0,0.0,0.0,471.5388463550349,0.0,522.2639784322092,0.0,0.0,0.0,863.0782857457721
2018-06-02,0.212766,0.0,0.0,0.0,0.0,0.0,0.0,0.0,0.0,0.0,0.0,0.0,0.0,0.0,0.0,0.0,844.7199101407091,0.0,0.0,0.0,1288.6368968441238
2018-06-09,0.365631,0.0,479.0157740906199,0.0,0.0,0.0,0.0,1085.2087576190854,853.9221894356986,0.0,0.0,0.0,0.0,0.0,0.0,0.0,765.3793587269574,619.219233561906,0.0,0.0,914.6101657728892
2018-06-16,0.184843,0.0,0.0,0.0,0.0,0.0,0.0,0.0,608.8002503032783,0.0,0.0,0.0,0.0,0.0,0.0,0.0,982.1643480308578,0.0,0.0,0.0,1085.7502954432816
2018-06-23,0.18018,0.0,0.0,0.0,0.0,0.0,0.0,0.0,0.0,0.0,0.0,0.0,0.0,0.0,0.0,0.0,1135.3303635921122,728.0766105329014,0.0,0.0,1072.609260585592
2018-06-30,0.189394,0.0,0.0,0.0,0.0,0.0,0.0,0.0,0.0,0.0,0.0,0.0,0.0,0.0,0.0,0.0,1429.1905530447707,0.0,0.0,0.0,1006.9916633395578
2018-07-07,0.204499,0.0,0.0,0.0,0.0,0.0,0.0,0.0,0.0,0.0,610.5084612045566,0.0,0.0,610.5084612045565,0.0,0.0,1078.440451313697,0.0,0.0,0.0,1233.7956720240438
2018-07-14,0.0,0.0,0.0,0.0,0.0,0.0,0.0,0.0,0.0,0.0,0.0,0.0,0.0,0.0,0.0,0.0,0.0,0.0,0.0,0.0,1258.266460642248
2018-07-21,0.0,0.0,0.0,0.0,0.0,0.0,0.0,0.0,0.0,0.0,0.0,0.0,0.0,0.0,0.0,0.0,878.1657015799975,0.0,0.0,0.0,656.8488311914871
2018-07-28,0.322581,0.0,0.0,0.0,0.0,0.0,0.0,0.0,0.0,0.0,0.0,0.0,0.0,0.0,0.0,0.0,652.5893930595769,0.0,0.0,0.0,503.42438623090464
2018-08-04,0.0,0.0,0.0,0.0,0.0,0.0,0.0,0.0,0.0,0.0,0.0,0.0,0.0,0.0,0.0,0.0,593.6034607655015,0.0,0.0,0.0,684.8211033969023
2018-08-11,0.0,0.0,0.0,0.0,0.0,0.0,0.0,0.0,0.0,0.0,0.0,0.0,0.0,0.0,469.9780129128802,0.0,851.5095694777759,0.0,0.0,0.0,1187.4188192748436
2018-08-18,0.0,0.0,0.0,0.0,0.0,0.0,0.0,0.0,0.0,0.0,0.0,0.0,0.0,0.0,0.0,0.0,638.988478118225,0.0,0.0,0.0,947.7113687021116
2018-08-25,0.0,0.0,0.0,0.0,0.0,0.0,0.0,0.0,0.0,0.0,0.0,0.0,0.0,0.0,470.3503021875209,0.0,706.053243500939,0.0,0.0,0.0,807.4205320627115
2018-09-01,0.0,0.0,0.0,0.0,0.0,0.0,0.0,0.0,706.8560705214792,0.0,0.0,0.0,0.0,0.0,0.0,0.0,1211.905407794785,0.0,0.0,0.0,1548.017022584673
2018-09-08,0.0,700.5734540766945,0.0,0.0,0.0,0.0,0.0,0.0,0.0,0.0,0.0,0.0,0.0,0.0,0.0,579.1008999526957,514.1141082063773,0.0,0.0,0.0,1675.2980709046692
2018-09-15,0.0,0.0,617.1792631598393,0.0,0.0,0.0,0.0,0.0,0.0,0.0,0.0,0.0,0.0,0.0,0.0,581.9734988597224,925.1708980969988,0.0,0.0,0.0,1969.303927613896
2018-09-22,0.348028,0.0,969.6773721564148,0.0,0.0,0.0,0.0,0.0,556.9746927674609,0.0,0.0,0.0,493.64683680441937,0.0,0.0,0.0,1458.2160196224495,0.0,0.0,0.0,921.8974465078844
2018-09-29,0.096432,0.0,757.1632745606224,0.0,0.0,0.0,0.0,0.0,0.0,0.0,0.0,494.1974142616824,0.0,0.0,0.0,708.8216369964113,1009.3299153647164,0.0,0.0,0.0,1055.5896926106234
2018-10-06,0.52459,479.7876685337393,695.9460003174869,0.0,0.0,0.0,0.0,0.0,0.0,0.0,0.0,0.0,0.0,0.0,685.5919612730316,653.6364709265454,1184.929895519845,0.0,0.0,0.0,1586.774358409786
2018-10-13,0.271003,954.5392345900024,496.9102637233164,0.0,0.0,0.0,0.0,0.0,946.0809211196744,0.0,0.0,0.0,0.0,0.0,0.0,644.8731050283732,1365.604723634364,0.0,0.0,0.0,1512.8843207608486
2018-10-20,0.0910332,460.65893204105214,909.5034118453066,0.0,0.0,0.0,0.0,0.0,0.0,0.0,0.0,629.31288189063,811.7431229782791,0.0,512.8307603796011,520.1512040052179,0.0,0.0,0.0,0.0,1036.624867129119
2018-10-27,0.375738,464.9150395952427,790.3954313067732,0.0,0.0,0.0,0.0,560.7846514907272,606.8766902615728,0.0,0.0,0.0,0.0,0.0,653.1771198337871,544.8525111936075,1081.0636000051577,710.9763458034689,0.0,0.0,1543.5444358344205
2018-11-03,0.222346,0.0,1010.1925038761432,0.0,0.0,0.0,0.0,0.0,607.3624296914385,0.0,0.0,476.8152782452111,0.0,0.0,469.27885443295946,678.9932071826756,1230.6873823016326,0.0,0.0,0.0,1658.3283086013575
2018-11-10,0.524934,479.4615543515311,876.1726709612768,0.0,0.0,0.0,0.0,0.0,0.0,0.0,0.0,0.0,0.0,0.0,0.0,503.0827237210801,847.8600317906203,0.0,0.0,0.0,1009.7245431377288
2018-11-17,1.30039,480.3886993657579,518.1805633547366,0.0,0.0,0.0,0.0,0.0,755.5787253231712,0.0,0.0,0.0,0.0,0.0,958.8617424192332,0.0,1413.2566663628338,0.0,0.0,0.0,1629.0156415591823
2018-11-24,0.643974,722.6964487165664,579.2336149108787,0.0,0.0,0.0,0.0,0.0,0.0,0.0,0.0,0.0,0.0,0.0,0.0,0.0,936.6563052922622,0.0,0.0,0.0,1447.4316152833994
2018-12-01,0.610288,0.0,655.1552505936796,0.0,0.0,0.0,0.0,0.0,845.6883008872629,0.0,0.0,0.0,0.0,0.0,0.0,0.0,1626.3498233504922,0.0,0.0,0.0,1799.1724598540036
2018-12-08,0.696594,0.0,751.2207556310376,0.0,0.0,0.0,0.0,0.0,581.7255815565806,0.0,0.0,559.9450215746615,0.0,0.0,0.0,0.0,1513.5227327622804,0.0,0.0,0.0,1674.8054629337814
2018-12-15,0.456323,0.0,0.0,0.0,0.0,0.0,0.0,0.0,626.8490359452637,0.0,0.0,712.0205551950685,0.0,0.0,614.3168982697526,0.0,1348.6913713361116,0.0,0.0,0.0,1964.8705377600288
2018-12-22,0.638978,0.0,1002.0234316669988,0.0,0.0,0.0,0.0,0.0,739.2004917702975,0.0,618.5412386331973,648.058134399767,0.0,618.5412386331973,0.0,493.0601180003418,1118.9779241650524,0.0,0.0,0.0,1369.8728873671555
2018-12-29,2.23285,1081.1046125943724,797.982217188593,0.0,0.0,0.0,0.0,0.0,809.5578195745952,0.0,0.0,1059.1007294602016,0.0,0.0,947.876033518148,776.5514571865093,2220.600068419614,576.6874565578524,0.0,0.0,1402.8530593801563
2019-01-05,1.28894,933.8454347587672,1016.369470976528,537.7745323232457,537.7745323232457,0.0,0.0,0.0,0.0,732.6964038180026,0.0,1265.5301688915847,492.1553653308216,0.0,0.0,0.0,1173.0784964066963,0.0,0.0,0.0,1766.347226715429
2019-01-12,1.51611,1028.6086561621612,1502.2652015270817,0.0,0.0,0.0,0.0,0.0,805.6599011323677,0.0,637.8826864724249,632.7572306583684,480.7538790689317,637.882686472425,743.8174192154906,518.9790414537476,1099.6534773715346,0.0,0.0,0.0,2230.6722775988374
2019-01-19,1.89573,775.1238731793841,923.756029751068,0.0,0.0,0.0,0.0,0.0,880.7763437211197,0.0,0.0,1442.2835735334947,518.9273240129958,0.0,0.0,0.0,1729.7272049108813,0.0,0.0,0.0,1690.321856642665
2019-01-26,2.43056,1111.102033993447,1215.0228788450668,762.905546426952,762.905546426952,637.3287994648318,637.3287994648318,0.0,563.3734989874853,0.0,0.0,1058.460577192595,0.0,0.0,846.0395449466627,571.5542434370215,1405.7430817195827,0.0,497.4188208522343,0.0,2075.327798115415
2019-02-02,2.67215,1217.1909106287037,1461.132377920184,1254.4284438946934,1254.4284438946934,861.1615731036005,861.1615731036006,487.7348449110339,882.6496372421997,0.0,0.0,1393.1803142604545,0.0,0.0,577.9588374629046,973.344778275782,1530.390927016511,0.0,0.0,450.2295580037408,1720.9415900374763
2019-02-09,5.05556,1352.951342443276,2014.42305888517,1176.3009616492498,1176.30096164925,685.5721837647174,685.5721837647174,665.438414235209,979.6909496402492,0.0,0.0,1723.6639075603907,499.1671982722553,0.0,522.2746302627539,599.4388943133845,1293.22943120738,0.0,0.0,0.0,1903.6853124264003
2019-02-16,3.06243,623.9594305157553,1435.871014517575,899.5041015672789,899.5041015672789,702.7204619806057,702.7204619806057,0.0,901.5069840805056,0.0,0.0,1387.932084166228,789.8223430706587,0.0,0.0,565.2463228870698,2045.982695795032,0.0,0.0,0.0,1804.395543046628
2019-02-23,4.15512,1370.619616957692,1916.408450380645,896.8316415685365,896.8316415685366,597.0800194062423,597.0800194062423,495.8535567188432,991.2345274622836,0.0,0.0,1488.4035059959022,571.2319005467198,0.0,440.7842788244959,462.1264033588787,2092.3841434096857,503.19993590095663,0.0,0.0,2014.6143550943616
2019-03-02,2.53807,944.1459915904212,827.3609948923913,1056.2830957492465,1056.2830957492465,0.0,0.0,0.0,968.0565520628372,0.0,0.0,775.0681724665922,0.0,0.0,481.6661218468892,575.0057553362346,2601.014925534968,0.0,484.7576983187759,0.0,2275.004248159458
2019-03-09,2.18447,997.0110903324404,1183.1069729005435,956.494944103378,956.494944103378,0.0,0.0,0.0,760.0992682218815,442.6956906297565,0.0,1369.8891624592006,0.0,0.0,0.0,659.5878051658625,1424.5512174851356,0.0,0.0,0.0,2077.897322364372
2019-03-16,1.66154,1169.0165817725715,1216.6959547633846,697.4025411604596,697.4025411604596,0.0,0.0,0.0,519.677774642496,0.0,0.0,828.1632845722509,0.0,0.0,0.0,676.8809312707965,1430.7763062893928,0.0,0.0,0.0,2207.009177872494
2019-03-23,1.77557,797.7809449790333,821.965062073124,0.0,0.0,0.0,0.0,0.0,917.865813467494,0.0,0.0,0.0,0.0,0.0,0.0,0.0,1548.046694065003,0.0,0.0,0.0,2123.0312510303747
2019-03-30,2.34516,0.0,624.8582637670935,879.9225643940435,879.9225643940435,0.0,0.0,0.0,797.020961992789,0.0,0.0,0.0,0.0,0.0,536.1119827516657,0.0,1341.778183074694,0.0,0.0,0.0,1966.4156358546009
2019-04-06,1.05459,728.3425415097917,720.6144136292231,0.0,0.0,0.0,0.0,0.0,586.343289154152,0.0,0.0,0.0,0.0,0.0,0.0,0.0,1425.9418194640934,0.0,0.0,0.0,1349.5461256433716
2019-04-13,0.664894,0.0,471.51478591954447,0.0,0.0,639.6554451666766,639.6554451666766,0.0,952.7560252908476,0.0,0.0,0.0,0.0,0.0,478.77830512012827,0.0,931.6245554476124,0.0,0.0,0.0,1389.7053167375168
2019-04-20,0.309837,0.0,0.0,0.0,0.0,0.0,0.0,0.0,1182.9079333658915,0.0,0.0,0.0,0.0,0.0,0.0,0.0,1317.9680145953105,0.0,0.0,0.0,1642.6757010316508
2019-04-27,0.712589,0.0,0.0,0.0,0.0,0.0,0.0,0.0,0.0,0.0,0.0,0.0,0.0,0.0,0.0,0.0,1176.4923357692744,0.0,0.0,0.0,1498.8835459564884
2019-05-04,0.789889,0.0,720.9984842949298,0.0,0.0,497.5748637891773,497.5748637891773,0.0,866.1285967588241,0.0,0.0,0.0,0.0,0.0,0.0,601.6339453094802,1001.0568428993728,0.0,0.0,0.0,768.1800015177014
2019-05-11,0.774103,0.0,0.0,0.0,0.0,0.0,0.0,0.0,747.8593464324049,0.0,0.0,584.6498066449793,0.0,0.0,0.0,0.0,1033.3160492247357,0.0,0.0,0.0,1391.5589656449677
2019-05-18,0.2149,0.0,0.0,0.0,0.0,0.0,0.0,0.0,449.9580466257464,0.0,0.0,0.0,0.0,0.0,0.0,0.0,801.0511326159904,0.0,0.0,0.0,1871.572515368097
2019-05-25,0.197824,0.0,0.0,0.0,0.0,0.0,0.0,0.0,0.0,0.0,0.0,0.0,0.0,0.0,0.0,0.0,847.0592519837953,0.0,0.0,0.0,1115.3372635370606
2019-06-01,0.286123,0.0,0.0,0.0,0.0,0.0,0.0,0.0,0.0,0.0,0.0,0.0,0.0,0.0,0.0,0.0,782.5875092706509,0.0,0.0,0.0,812.6091528155075
2019-06-08,0.274725,0.0,514.3561765402924,0.0,0.0,0.0,0.0,0.0,0.0,0.0,0.0,0.0,0.0,0.0,0.0,0.0,877.4251347779651,0.0,0.0,0.0,1047.1011675672496
2019-06-15,0.0,0.0,0.0,0.0,0.0,0.0,0.0,0.0,0.0,0.0,0.0,0.0,0.0,0.0,0.0,0.0,1025.8582722064357,0.0,0.0,0.0,1406.802436418166
2019-06-22,0.0,873.0462798244811,0.0,0.0,0.0,0.0,0.0,0.0,661.3053599249795,0.0,0.0,0.0,0.0,0.0,0.0,0.0,750.7012688105572,0.0,0.0,0.0,1224.6858831912032
2019-06-29,0.0,0.0,0.0,0.0,0.0,0.0,0.0,0.0,0.0,0.0,0.0,0.0,0.0,0.0,0.0,0.0,1146.904395180656,0.0,608.9844498849055,0.0,1837.281113346981
2019-07-06,0.0,0.0,0.0,0.0,0.0,0.0,0.0,0.0,1029.8681936560015,0.0,0.0,0.0,0.0,0.0,0.0,0.0,1221.1617358476767,0.0,0.0,0.0,1558.0129281391285
2019-07-13,0.0,0.0,0.0,0.0,0.0,0.0,0.0,0.0,1028.776138344117,0.0,0.0,0.0,0.0,0.0,0.0,0.0,877.9218032485182,0.0,0.0,0.0,1543.8496767033628
2019-07-20,0.0,0.0,0.0,0.0,0.0,0.0,0.0,0.0,0.0,0.0,0.0,0.0,0.0,0.0,491.5319615898962,0.0,467.3209416914728,0.0,0.0,0.0,759.4681258531868
2019-07-27,0.0,0.0,0.0,0.0,0.0,0.0,0.0,0.0,581.4900480719945,0.0,0.0,0.0,0.0,0.0,0.0,0.0,702.8736575588326,0.0,0.0,0.0,962.5659203404732
2019-08-03,0.0,0.0,0.0,0.0,0.0,0.0,0.0,0.0,0.0,0.0,0.0,0.0,0.0,0.0,0.0,0.0,777.2751161918324,0.0,0.0,0.0,855.6561900859853
2019-08-10,0.0,0.0,720.7156921548859,0.0,0.0,0.0,0.0,0.0,0.0,0.0,0.0,0.0,0.0,0.0,0.0,0.0,941.250094216998,0.0,0.0,0.0,882.1694363082619
2019-08-17,0.0,0.0,0.0,0.0,0.0,0.0,0.0,0.0,0.0,0.0,0.0,0.0,0.0,0.0,0.0,461.7410494998824,891.1950089671355,0.0,0.0,0.0,1395.657626807275
2019-08-24,0.0,0.0,541.56386326726,0.0,0.0,0.0,0.0,0.0,0.0,0.0,0.0,0.0,952.5378304923734,0.0,0.0,0.0,456.3839085422212,0.0,0.0,0.0,1085.171698022673
2019-08-31,0.0,0.0,0.0,0.0,0.0,0.0,0.0,0.0,0.0,0.0,0.0,0.0,0.0,0.0,0.0,0.0,854.048120550073,0.0,0.0,0.0,1061.8759922638187
2019-09-07,0.0,0.0,0.0,0.0,0.0,0.0,0.0,0.0,0.0,0.0,0.0,602.7440097365718,0.0,0.0,0.0,0.0,1284.3591439340985,0.0,0.0,0.0,1505.715544533788
2019-09-14,0.0,0.0,0.0,0.0,0.0,0.0,0.0,0.0,437.20148641663366,0.0,0.0,0.0,0.0,0.0,0.0,0.0,1661.0121824753044,0.0,0.0,0.0,1070.486565707017
2019-09-21,0.0,0.0,817.1416173741337,0.0,0.0,0.0,0.0,0.0,705.9227249547437,0.0,0.0,0.0,0.0,0.0,0.0,498.74524534197406,749.3514332203463,0.0,780.5264982375102,0.0,1105.9244101775632
2019-09-28,0.537634,565.7489193710373,651.9871781617504,0.0,0.0,0.0,0.0,0.0,765.8909595307903,0.0,0.0,0.0,0.0,0.0,0.0,0.0,1191.6460039811675,0.0,0.0,0.0,1138.7404266135543
2019-10-05,0.615385,0.0,1512.542279533463,0.0,0.0,0.0,0.0,0.0,672.7542039125237,0.0,0.0,0.0,454.6419036649363,0.0,0.0,748.3793511436488,1112.275062520824,0.0,0.0,0.0,986.2470435682524
2019-10-12,0.551572,431.7961703688782,1347.4684424119414,0.0,0.0,450.5125949419663,450.5125949419664,0.0,0.0,0.0,0.0,0.0,0.0,0.0,0.0,0.0,1239.8901404016556,0.0,0.0,0.0,1718.6960001758318
2019-10-19,0.448654,641.5653876853613,1538.9873530258587,0.0,0.0,0.0,0.0,0.0,1089.7691786074822,0.0,0.0,0.0,473.9913330198689,0.0,0.0,953.4639259905922,1083.7780989578162,0.0,0.0,0.0,1717.257455012455
2019-10-26,0.780312,419.7047842557696,843.6925936884845,0.0,0.0,0.0,0.0,0.0,501.59767469187113,0.0,0.0,0.0,0.0,0.0,0.0,550.6810949228625,943.9402609684988,0.0,498.3087457264403,0.0,1409.5391826382968
2019-11-02,1.00503,439.5676873902264,1070.4397600524492,0.0,0.0,537.87631451995,537.87631451995,0.0,960.4316514189588,0.0,0.0,0.0,0.0,0.0,747.069289220497,0.0,1724.893013033289,0.0,0.0,0.0,1734.4119871242035
2019-11-09,0.777706,514.9359626850658,941.2141819317802,0.0,0.0,0.0,0.0,0.0,763.7226572050461,0.0,0.0,0.0,547.8849508417495,0.0,492.1457134520854,621.4950972085063,1294.1748136063484,0.0,0.0,0.0,1658.3511997290825
2019-11-16,0.352319,901.92591573361,1078.4804156413595,0.0,0.0,0.0,0.0,0.0,967.7975533320042,0.0,0.0,605.4803206222148,526.9617371160017,0.0,0.0,0.0,1296.4500394711358,0.0,0.0,0.0,1829.4371948241555
2019-11-23,1.20482,545.973309127225,1354.1815222799871,0.0,0.0,0.0,0.0,0.0,713.4834170563659,0.0,0.0,524.3075423068923,0.0,0.0,0.0,682.4823935541166,1732.697562759154,0.0,0.0,0.0,2082.471276700789
2019-11-30,1.17532,533.8406096036703,1159.4710732136818,0.0,0.0,0.0,0.0,0.0,1048.3080202555925,0.0,0.0,558.9232251837242,0.0,0.0,571.6745033979821,0.0,931.2137166431172,0.0,0.0,0.0,2053.5845431691105
2019-12-07,1.11257,0.0,1524.678508992166,0.0,0.0,0.0,0.0,0.0,1038.7691210084172,0.0,0.0,769.5112291390271,504.7860694004757,0.0,724.8591414465161,0.0,1838.6434559077716,0.0,0.0,0.0,1800.172489122
2019-12-14,1.64908,715.1058182430278,1096.8126954844563,440.2546184410815,440.2546184410816,0.0,0.0,0.0,672.9110517248758,0.0,0.0,0.0,0.0,0.0,528.6043676485469,555.763464963655,1310.1955032002782,0.0,0.0,0.0,1508.741487798435
2019-12-21,2.14815,1094.7755184611024,1574.0941250832518,502.2248287776271,502.224828777627,0.0,0.0,0.0,505.7714300103042,0.0,0.0,467.0862394875084,0.0,0.0,0.0,991.5698226982204,2062.522453739458,0.0,0.0,0.0,1715.4153539218432
2019-12-28,2.43902,822.9666088998224,2329.261673805779,1219.0574879487317,1219.0574879487317,966.180695093694,966.180695093694,0.0,1197.1676889222288,0.0,0.0,1192.2668646331042,666.5396638677507,0.0,0.0,1263.0499625304476,2173.19496707899,0.0,0.0,0.0,1402.7119183531454
2020-01-04,1.93322,1216.9750356884326,2669.002786784068,0.0,0.0,682.0504850833311,682.0504850833312,0.0,1243.967369932567,0.0,437.6908369928875,1500.2829313797035,0.0,437.6908369928875,735.0603801381204,924.8878496652084,2126.787536110101,643.1766888320516,0.0,0.0,2578.432073514984
2020-01-11,1.56937,1087.1583024450076,1935.421578008645,512.1953367403814,512.1953367403814,0.0,0.0,494.770296886764,1180.4470116543955,0.0,0.0,988.0629364452408,0.0,0.0,926.4268657206464,465.4418228259973,1612.9492840692385,453.0799912017184,0.0,0.0,1708.455721877286
2020-01-18,1.45833,1277.4405021571542,1883.8006649139277,0.0,0.0,537.0613047347767,537.0613047347769,426.2684137541417,1230.498068017272,0.0,0.0,664.8247050379277,384.9464303045869,0.0,1004.9468110170452,867.8993141296883,1706.158905202933,0.0,0.0,0.0,1934.2897978975443
2020-01-25,1.81962,1111.071383088794,2289.940551342192,427.29598480954405,427.29598480954417,803.655478436577,803.655478436577,0.0,852.3305186827223,0.0,0.0,825.0991822223472,418.9781909047187,0.0,677.5832655393224,946.0196957051942,2197.4197313048576,447.2660553333874,486.7497682393374,0.0,1857.2335307278888
2020-02-01,1.74742,834.5088134341472,2748.7063657645417,616.4736217434187,616.4736217434187,506.3781627202117,506.3781627202117,0.0,848.779899161555,0.0,0.0,538.9929659434521,0.0,0.0,0.0,1373.4316044415834,1691.0356123710826,0.0,0.0,0.0,2300.7922371055683
2020-02-08,1.69082,1121.9654863127178,1205.18840701788,803.7691935031066,803.7691935031067,385.22076083954965,385.22076083954977,545.0674515155273,623.578787646713,0.0,0.0,736.2587880164102,0.0,0.0,389.3252097079972,589.9177903481044,1646.186563910848,0.0,0.0,0.0,1245.694411596116
2020-02-15,1.52672,935.3156141623716,2381.0936831519125,578.2252019809989,578.2252019809989,404.8211469498456,404.8211469498456,0.0,1156.4642811818896,611.9380286280153,0.0,1079.5467396373597,0.0,0.0,0.0,539.0679641457045,1633.5835017080558,0.0,0.0,0.0,1442.1630659559155
2020-02-22,1.77936,933.9200429067058,1551.2962998424837,682.6091532825328,682.6091532825328,0.0,0.0,0.0,1179.4529746600654,0.0,0.0,583.4178105567627,0.0,0.0,0.0,643.103381471636,2159.0424975750047,0.0,0.0,0.0,1607.7345600457747
2020-02-29,2.29208,1238.4471806061129,3424.950968158878,1022.5852062316416,1022.5852062316416,413.1650164273137,413.1650164273136,0.0,830.6464328558484,429.2607097902956,0.0,756.0548777747337,1335.1885226245226,0.0,0.0,647.0232247834671,1751.4683070867268,0.0,0.0,0.0,2054.3989470474426
2020-03-07,2.92793,1631.5131172814622,7511.3704150542735,1656.6677373207187,1656.667737320719,1037.5712758430125,1037.5712758430125,696.435041662873,916.6646257650492,0.0,0.0,620.4710449573013,680.823849057523,0.0,0.0,2151.8905306743795,2426.085705786266,0.0,0.0,0.0,2216.686629204135
2020-03-14,2.7761,2431.192420198537,9440.76924475596,1221.3580370311554,1221.3580370311556,587.0326573953466,587.0326573953467,943.7310890032268,1338.7762572233562,0.0,0.0,1265.576458608039,576.2219017809566,0.0,544.2023182246992,2163.73782779006,3437.9260673995086,0.0,0.0,0.0,1745.541507019233
2020-03-21,3.15457,2744.202947173716,9080.237575623982,838.6842485585479,838.6842485585479,1028.7990564769436,1028.7990564769434,876.0874775277891,1147.5426957817251,861.277709832239,0.0,671.7361689441652,1200.442613655548,0.0,438.2963703163077,2171.1931083886543,2955.7188121223244,547.0568759539246,502.8242567033635,349.7188007911694,2048.1370367105933
2020-03-28,4.25056,1779.7169165018408,7053.176604856041,528.4715360878125,528.4715360878125,707.1560373966921,707.1560373966921,392.0983828709328,732.1422376245005,0.0,0.0,705.8520008798084,356.8191429407523,0.0,0.0,1330.602758814766,3049.0604597372544,421.07618948525294,0.0,0.0,1869.664418685672
2020-04-04,5.52826,1044.7711837498214,5384.961628846306,330.7635300995126,330.76353009951265,0.0,0.0,0.0,479.2248604287502,0.0,0.0,441.2118787435492,474.7432685774928,0.0,0.0,861.3072886101323,2194.6746686975607,0.0,0.0,0.0,1306.647721486976
2020-04-11,2.65896,429.1782605628177,4372.731757656932,0.0,0.0,391.1168853726068,391.1168853726068,0.0,697.1224193563945,355.94582028441283,0.0,359.3875322881009,0.0,0.0,0.0,938.0030490873172,2130.971546973567,0.0,0.0,0.0,1096.9226258152296
2020-04-18,4.18042,0.0,2993.409222700371,359.5985869751653,359.59858697516535,0.0,0.0,0.0,409.9013078512114,0.0,0.0,0.0,0.0,0.0,0.0,740.2981069134966,1012.9425607895816,0.0,0.0,0.0,1006.3727947570396
2020-04-25,4.30672,420.70565421601873,3058.8785716669245,0.0,0.0,0.0,0.0,0.0,504.9702654582092,0.0,0.0,0.0,0.0,0.0,0.0,630.0668286588576,1177.3718266877866,0.0,0.0,0.0,750.5367615058776
2020-05-02,2.31481,0.0,1713.408366108618,0.0,0.0,0.0,0.0,0.0,0.0,0.0,0.0,0.0,0.0,0.0,0.0,643.6272673733523,676.3911418823334,0.0,0.0,0.0,955.8398010589976
2020-05-09,2.64496,549.5630451500601,1556.081130681647,0.0,0.0,0.0,0.0,0.0,0.0,0.0,0.0,0.0,0.0,0.0,0.0,413.2512815329102,786.3518887877153,0.0,0.0,0.0,962.3547168446414
2020-05-16,3.09917,0.0,1693.6093127162592,344.3912589277451,344.3912589277451,0.0,0.0,0.0,347.90095157855666,0.0,0.0,0.0,0.0,0.0,0.0,508.0426989143079,977.5565182744924,0.0,0.0,0.0,922.473760369802
2020-05-23,0.0,0.0,1466.9862257829063,0.0,0.0,0.0,0.0,0.0,0.0,0.0,0.0,0.0,0.0,0.0,0.0,0.0,860.3501458706683,0.0,0.0,0.0,1044.4100329787843
2020-05-30,2.45203,0.0,1932.7334676988048,0.0,0.0,0.0,0.0,0.0,0.0,0.0,0.0,0.0,0.0,0.0,0.0,0.0,536.2498577716093,0.0,0.0,0.0,645.3926025877767
2020-06-06,0.35524,0.0,355.8305920897545,0.0,0.0,0.0,0.0,0.0,0.0,0.0,0.0,0.0,0.0,0.0,0.0,0.0,785.6928994595995,0.0,0.0,0.0,1064.7159959771525
2020-06-13,0.494234,0.0,834.990225722189,0.0,0.0,0.0,0.0,0.0,0.0,0.0,0.0,0.0,0.0,0.0,0.0,0.0,0.0,0.0,0.0,0.0,687.2965115026586
2020-06-20,0.0,0.0,931.2001512737222,0.0,0.0,0.0,0.0,0.0,0.0,0.0,0.0,0.0,0.0,0.0,0.0,391.2822097925373,649.6176811868924,0.0,0.0,0.0,732.5427199478456
2020-06-27,0.945626,0.0,1169.3762464476097,0.0,0.0,0.0,0.0,0.0,0.0,0.0,0.0,0.0,0.0,0.0,0.0,474.5136997560739,1065.8985929477892,0.0,0.0,0.0,1435.774086206037
