date,Maine,flu symptoms,the flu,how long flu,flu how long,symptoms of flu,influenza a,bronchitis,the flu symptoms,contagious flu,a influenza,rsv,flu cold,flu contagious,stomach flu,flu a,pneumonia,flu fever,fever flu,how long does flu last,sinus
2010-10-09,0.357724,0.0,0.0,0.0,0.0,0.0,0.0,0.0,0.0,0.0,0.0,0.0,0.0,0.0,0.0,2044.519600917299,0.0,0.0,0.0,0.0,0.0
2010-10-16,0.434855,0.0,0.0,0.0,0.0,0.0,0.0,0.0,0.0,0.0,0.0,0.0,0.0,0.0,0.0,0.0,2741.617244773064,0.0,0.0,0.0,0.0
2010-10-23,0.421743,0.0,1974.759541356964,0.0,0.0,0.0,0.0,0.0,0.0,0.0,0.0,0.0,0.0,0.0,0.0,0.0,0.0,0.0,0.0,0.0,0.0
2010-10-30,0.338409,0.0,0.0,0.0,0.0,0.0,0.0,1916.299612338642,0.0,0.0,0.0,0.0,0.0,0.0,0.0,0.0,1869.0799313092907,0.0,0.0,0.0,0.0
2010-11-06,0.176471,0.0,0.0,0.0,0.0,0.0,0.0,0.0,0.0,0.0,0.0,0.0,0.0,0.0,0.0,0.0,0.0,0.0,0.0,0.0,3021.935357837614
2010-11-13,0.356622,0.0,0.0,0.0,0.0,0.0,0.0,0.0,0.0,0.0,0.0,0.0,0.0,0.0,2033.9257027063927,0.0,0.0,0.0,0.0,0.0,0.0
2010-11-20,0.520341,0.0,0.0,0.0,0.0,0.0,0.0,0.0,0.0,0.0,0.0,0.0,0.0,0.0,0.0,0.0,0.0,0.0,0.0,0.0,1872.95092594958
2010-11-27,0.617566,0.0,0.0,0.0,0.0,0.0,0.0,0.0,0.0,0.0,0.0,0.0,0.0,0.0,0.0,0.0,0.0,0.0,0.0,0.0,0.0
2010-12-04,0.347958,0.0,0.0,0.0,0.0,0.0,0.0,0.0,0.0,0.0,0.0,0.0,0.0,0.0,0.0,0.0,1774.9382614181786,0.0,0.0,0.0,0.0
2010-12-11,0.435219,0.0,0.0,0.0,0.0,0.0,0.0,0.0,0.0,0.0,0.0,0.0,0.0,0.0,0.0,0.0,1775.369364132515,0.0,0.0,0.0,0.0
2010-12-18,0.341472,0.0,0.0,0.0,0.0,0.0,0.0,0.0,0.0,0.0,0.0,0.0,0.0,0.0,0.0,0.0,0.0,0.0,0.0,0.0,2079.7409087253623
2010-12-25,0.59952,0.0,0.0,0.0,0.0,0.0,0.0,0.0,0.0,0.0,0.0,0.0,0.0,0.0,0.0,0.0,0.0,0.0,0.0,0.0,0.0
2011-01-01,0.644828,0.0,0.0,2617.400981411767,2617.400981411767,0.0,0.0,0.0,0.0,0.0,0.0,0.0,0.0,0.0,0.0,0.0,0.0,0.0,0.0,0.0,0.0
2011-01-08,0.509198,0.0,1223.1076264797769,0.0,0.0,0.0,0.0,0.0,1137.49926320917,0.0,0.0,0.0,0.0,0.0,0.0,0.0,0.0,0.0,0.0,0.0,1763.410916015439
2011-01-15,0.471204,0.0,0.0,0.0,0.0,0.0,0.0,1373.418065252194,0.0,0.0,0.0,1450.1480538522471,1097.479121380641,0.0,0.0,0.0,0.0,0.0,0.0,0.0,1602.5829462002296
2011-01-22,0.75275,0.0,0.0,0.0,0.0,0.0,1145.7270415205303,0.0,0.0,0.0,1145.7270415205303,0.0,0.0,0.0,0.0,0.0,1896.0947135451684,0.0,0.0,0.0,0.0
2011-01-29,1.03409,1174.5486205020218,0.0,0.0,0.0,0.0,0.0,0.0,0.0,0.0,0.0,0.0,0.0,0.0,0.0,0.0,0.0,0.0,0.0,0.0,0.0
2011-02-05,1.47004,0.0,0.0,0.0,0.0,0.0,0.0,0.0,0.0,0.0,0.0,0.0,0.0,0.0,0.0,0.0,0.0,0.0,0.0,0.0,1868.082821613128
2011-02-12,1.57754,0.0,1227.2288521274245,1077.3303111866303,1077.3303111866303,0.0,0.0,0.0,0.0,0.0,0.0,1184.7925531225455,0.0,0.0,0.0,0.0,0.0,0.0,0.0,0.0,1572.7879356007245
2011-02-19,2.27929,1212.3504010145894,0.0,0.0,0.0,0.0,0.0,1831.343917014576,0.0,0.0,0.0,0.0,0.0,0.0,0.0,0.0,1468.7830296185314,0.0,0.0,0.0,2936.200428052904
2011-02-26,1.92711,0.0,1542.1698519629897,0.0,0.0,0.0,1224.7594934033848,0.0,0.0,0.0,1224.7594934033848,0.0,0.0,0.0,0.0,0.0,1500.8815036743852,0.0,0.0,0.0,1728.4990736467278
2011-03-05,1.90314,0.0,0.0,0.0,0.0,0.0,0.0,0.0,0.0,0.0,0.0,0.0,0.0,0.0,0.0,0.0,0.0,0.0,0.0,0.0,2117.39407121514
2011-03-12,1.20046,0.0,0.0,0.0,0.0,0.0,0.0,0.0,0.0,0.0,0.0,0.0,0.0,0.0,0.0,0.0,0.0,0.0,0.0,0.0,1405.3965392991397
2011-03-19,1.0707,0.0,0.0,0.0,0.0,0.0,0.0,0.0,0.0,0.0,0.0,0.0,0.0,0.0,0.0,0.0,2097.8083374694647,0.0,0.0,0.0,1693.161846047503
2011-03-26,0.860451,0.0,0.0,0.0,0.0,1513.5633256786589,0.0,0.0,0.0,0.0,0.0,0.0,0.0,0.0,0.0,0.0,1381.7633620806532,0.0,0.0,0.0,1266.0721449902555
2011-04-02,0.793257,0.0,0.0,0.0,0.0,0.0,0.0,1337.7662770101715,0.0,0.0,0.0,0.0,0.0,0.0,0.0,0.0,0.0,0.0,0.0,0.0,0.0
2011-04-09,0.723634,0.0,0.0,0.0,0.0,0.0,0.0,0.0,0.0,0.0,0.0,0.0,0.0,0.0,0.0,0.0,0.0,0.0,0.0,0.0,2308.161330966788
2011-04-16,0.644531,0.0,0.0,0.0,0.0,0.0,0.0,0.0,0.0,0.0,0.0,0.0,0.0,0.0,0.0,0.0,1156.5666065458686,0.0,0.0,0.0,1304.385239002024
2011-04-23,0.563317,0.0,0.0,0.0,0.0,0.0,0.0,0.0,0.0,0.0,0.0,0.0,0.0,1968.0925448746184,0.0,0.0,0.0,0.0,0.0,0.0,1220.838898052733
2011-04-30,0.46474,0.0,0.0,0.0,0.0,0.0,0.0,0.0,0.0,0.0,0.0,0.0,0.0,0.0,0.0,0.0,0.0,0.0,0.0,0.0,0.0
2011-05-07,0.49682,0.0,0.0,0.0,0.0,0.0,0.0,1267.5944461919685,0.0,0.0,0.0,0.0,0.0,0.0,0.0,0.0,0.0,0.0,0.0,0.0,1394.895549525341
2011-05-14,0.508233,0.0,0.0,0.0,0.0,0.0,0.0,0.0,0.0,0.0,0.0,0.0,0.0,0.0,0.0,0.0,1463.3791611356112,0.0,0.0,0.0,1408.3491872854904
2011-05-21,0.370028,0.0,0.0,0.0,0.0,0.0,0.0,0.0,0.0,0.0,0.0,0.0,0.0,0.0,0.0,0.0,1109.8883564939904,0.0,0.0,0.0,1895.5014550547155
2011-05-28,0.519802,0.0,0.0,0.0,0.0,0.0,0.0,985.0387946459992,0.0,0.0,0.0,0.0,0.0,0.0,0.0,0.0,1096.886739090926,0.0,0.0,0.0,0.0
2011-06-04,0.643537,0.0,0.0,0.0,0.0,0.0,0.0,0.0,0.0,0.0,0.0,0.0,0.0,0.0,0.0,0.0,1431.334004131652,0.0,0.0,0.0,0.0
2011-06-11,0.442369,0.0,0.0,0.0,0.0,0.0,0.0,0.0,0.0,0.0,0.0,0.0,0.0,0.0,0.0,0.0,0.0,0.0,0.0,0.0,0.0
2011-06-18,0.403035,0.0,0.0,0.0,0.0,0.0,0.0,0.0,0.0,0.0,0.0,0.0,0.0,0.0,0.0,0.0,0.0,0.0,0.0,0.0,2054.9018826627994
2011-06-25,0.365764,0.0,0.0,0.0,0.0,0.0,0.0,0.0,0.0,0.0,0.0,0.0,0.0,0.0,0.0,0.0,0.0,0.0,0.0,0.0,0.0
2011-07-02,0.466029,0.0,0.0,0.0,0.0,0.0,0.0,0.0,0.0,0.0,0.0,0.0,0.0,0.0,0.0,0.0,0.0,0.0,0.0,0.0,0.0
2011-07-09,0.873485,0.0,0.0,0.0,0.0,0.0,0.0,0.0,0.0,0.0,0.0,0.0,0.0,0.0,0.0,0.0,0.0,0.0,0.0,0.0,0.0
2011-07-16,0.59657,0.0,0.0,0.0,0.0,0.0,0.0,0.0,0.0,0.0,0.0,0.0,0.0,0.0,0.0,0.0,0.0,0.0,0.0,0.0,1354.54032220995
2011-07-23,0.604011,0.0,0.0,0.0,0.0,0.0,0.0,0.0,0.0,0.0,0.0,0.0,0.0,0.0,0.0,0.0,0.0,0.0,0.0,0.0,1626.6041950791805
2011-07-30,0.450024,0.0,0.0,0.0,0.0,0.0,0.0,1131.9928020352,0.0,0.0,0.0,0.0,0.0,0.0,0.0,0.0,0.0,0.0,0.0,0.0,0.0
2011-08-06,0.36036,0.0,0.0,0.0,0.0,0.0,0.0,0.0,0.0,0.0,0.0,0.0,0.0,0.0,0.0,0.0,0.0,0.0,0.0,0.0,0.0
2011-08-13,0.417478,0.0,0.0,0.0,0.0,0.0,0.0,0.0,0.0,0.0,0.0,0.0,0.0,0.0,0.0,0.0,0.0,0.0,0.0,0.0,1225.886703174705
2011-08-20,0.481155,0.0,0.0,0.0,0.0,0.0,0.0,0.0,0.0,0.0,0.0,0.0,0.0,0.0,0.0,0.0,0.0,0.0,0.0,0.0,0.0
2011-08-27,0.471175,0.0,0.0,0.0,0.0,0.0,0.0,0.0,0.0,0.0,0.0,0.0,0.0,1427.0623157450636,0.0,0.0,0.0,0.0,0.0,0.0,1382.8818089103574
2011-09-03,0.60551,0.0,0.0,0.0,0.0,0.0,0.0,0.0,0.0,0.0,0.0,0.0,0.0,0.0,0.0,0.0,0.0,0.0,0.0,0.0,1391.4565409800273
2011-09-10,0.602601,0.0,0.0,0.0,0.0,0.0,0.0,0.0,0.0,0.0,0.0,0.0,0.0,0.0,0.0,0.0,0.0,0.0,0.0,0.0,1205.3427822886763
2011-09-17,0.402414,0.0,0.0,0.0,0.0,0.0,0.0,0.0,0.0,1086.976080866867,0.0,0.0,0.0,0.0,0.0,0.0,0.0,0.0,0.0,0.0,1476.0039012105813
2011-09-24,0.423392,0.0,0.0,0.0,0.0,0.0,0.0,0.0,0.0,0.0,0.0,0.0,0.0,0.0,0.0,1117.321699418863,0.0,0.0,0.0,0.0,1750.325580352787
2011-10-01,0.390219,0.0,0.0,0.0,0.0,0.0,0.0,0.0,0.0,0.0,0.0,0.0,0.0,0.0,0.0,0.0,0.0,0.0,0.0,0.0,2400.3430207162446
2011-10-08,0.387205,0.0,0.0,0.0,0.0,0.0,0.0,0.0,0.0,0.0,0.0,0.0,0.0,0.0,0.0,0.0,1139.005507471377,0.0,0.0,0.0,2020.7884346014573
2011-10-15,0.474415,0.0,1452.5925486258514,0.0,0.0,0.0,0.0,0.0,0.0,0.0,0.0,0.0,0.0,0.0,0.0,0.0,1086.2764680641055,0.0,0.0,0.0,0.0
2011-10-22,0.451739,0.0,0.0,0.0,0.0,0.0,0.0,0.0,0.0,0.0,0.0,0.0,0.0,0.0,0.0,0.0,0.0,0.0,0.0,0.0,0.0
2011-10-29,0.645856,0.0,0.0,0.0,0.0,0.0,0.0,0.0,0.0,0.0,0.0,0.0,0.0,0.0,0.0,1072.783219999286,1572.6691793814327,0.0,0.0,0.0,1584.2724661227503
2011-11-05,0.397128,0.0,0.0,0.0,0.0,0.0,0.0,0.0,0.0,0.0,0.0,0.0,0.0,0.0,0.0,0.0,0.0,0.0,0.0,0.0,1055.73498342379
2011-11-12,0.707282,0.0,0.0,0.0,0.0,0.0,0.0,1154.7610644164492,0.0,0.0,0.0,0.0,0.0,0.0,0.0,0.0,1761.7224739776236,0.0,0.0,0.0,1252.4766570302015
2011-11-19,0.47041,0.0,0.0,1233.3235814367097,1233.3235814367097,0.0,0.0,1118.06125179051,0.0,0.0,0.0,0.0,0.0,0.0,0.0,0.0,1893.567577447909,0.0,0.0,0.0,1264.797903673877
2011-11-26,0.541339,0.0,0.0,0.0,0.0,0.0,0.0,0.0,0.0,0.0,0.0,0.0,0.0,0.0,0.0,0.0,0.0,0.0,0.0,0.0,0.0
2011-12-03,0.542169,0.0,0.0,0.0,0.0,0.0,0.0,1045.4346694988708,0.0,0.0,0.0,0.0,0.0,0.0,0.0,0.0,1442.1935657072345,0.0,0.0,0.0,0.0
2011-12-10,0.559284,992.6128518187736,0.0,0.0,0.0,0.0,0.0,0.0,0.0,0.0,0.0,0.0,0.0,0.0,0.0,0.0,1004.9138426470998,0.0,0.0,0.0,0.0
2011-12-17,0.546355,0.0,0.0,0.0,0.0,0.0,0.0,0.0,0.0,0.0,0.0,0.0,0.0,0.0,0.0,0.0,0.0,0.0,0.0,0.0,1160.803187889992
2011-12-24,0.563326,0.0,0.0,0.0,0.0,0.0,0.0,1231.899617248644,0.0,0.0,0.0,0.0,0.0,0.0,0.0,0.0,0.0,0.0,0.0,0.0,0.0
2011-12-31,0.56844,0.0,0.0,0.0,0.0,0.0,0.0,0.0,0.0,0.0,0.0,0.0,0.0,0.0,0.0,0.0,0.0,0.0,0.0,0.0,2349.372544431661
2012-01-07,0.406576,0.0,0.0,0.0,0.0,0.0,0.0,1551.9526395836951,0.0,0.0,0.0,0.0,0.0,0.0,0.0,0.0,0.0,0.0,0.0,0.0,1613.8307976617189
2012-01-14,0.535386,0.0,0.0,0.0,0.0,0.0,0.0,0.0,0.0,0.0,0.0,0.0,0.0,0.0,0.0,0.0,1211.7040950553514,0.0,0.0,0.0,0.0
2012-01-21,0.324398,0.0,0.0,0.0,0.0,0.0,0.0,0.0,0.0,0.0,0.0,0.0,0.0,0.0,0.0,1539.7712298495967,1265.555759577475,0.0,0.0,0.0,1534.5719148000528
2012-01-28,0.538993,0.0,0.0,0.0,0.0,0.0,0.0,1002.6759720483976,0.0,0.0,0.0,0.0,0.0,0.0,0.0,0.0,1099.5150177118226,0.0,0.0,0.0,1247.34207773092
2012-02-04,0.344488,0.0,0.0,0.0,0.0,1326.1076212377304,0.0,0.0,0.0,0.0,0.0,0.0,0.0,0.0,0.0,0.0,1086.51671898665,0.0,0.0,0.0,2558.99632993058
2012-02-11,0.406886,1407.573231032277,0.0,0.0,0.0,0.0,0.0,0.0,0.0,0.0,0.0,1605.1047487577248,0.0,0.0,0.0,0.0,1238.0557426175728,0.0,0.0,0.0,1129.9093848991365
2012-02-18,0.478321,1069.7339328290675,0.0,0.0,0.0,0.0,0.0,0.0,0.0,0.0,0.0,0.0,0.0,0.0,0.0,0.0,0.0,0.0,0.0,0.0,1804.345532458382
2012-02-25,0.540641,0.0,0.0,0.0,0.0,0.0,0.0,1687.879292550207,0.0,0.0,0.0,0.0,0.0,0.0,0.0,0.0,0.0,0.0,0.0,0.0,2514.34090027112
2012-03-03,0.394308,0.0,0.0,0.0,0.0,0.0,0.0,0.0,0.0,0.0,0.0,0.0,0.0,0.0,0.0,0.0,1179.2363576731666,0.0,0.0,0.0,1261.2651197971252
2012-03-10,0.32344,0.0,0.0,0.0,0.0,0.0,0.0,0.0,0.0,0.0,0.0,0.0,0.0,0.0,0.0,0.0,1176.961979826785,0.0,0.0,0.0,1163.4028352077994
2012-03-17,0.182542,0.0,0.0,0.0,0.0,0.0,0.0,951.6581774384788,0.0,0.0,0.0,0.0,0.0,0.0,0.0,0.0,1715.1511634583,0.0,0.0,0.0,1062.5766337855669
2012-03-24,0.528677,0.0,0.0,0.0,0.0,0.0,0.0,0.0,0.0,0.0,0.0,0.0,0.0,1476.388714314786,0.0,0.0,1380.1876189253314,0.0,0.0,0.0,1153.4633988760502
2012-03-31,0.369181,0.0,0.0,0.0,0.0,1590.6919792770177,0.0,0.0,0.0,0.0,0.0,0.0,0.0,0.0,0.0,0.0,0.0,0.0,0.0,0.0,2004.03706904116
2012-04-07,0.291451,0.0,0.0,0.0,0.0,0.0,0.0,0.0,0.0,0.0,0.0,0.0,0.0,0.0,0.0,0.0,0.0,0.0,0.0,0.0,1045.4030211869654
2012-04-14,0.470958,0.0,0.0,0.0,0.0,0.0,0.0,1019.1121979326168,0.0,0.0,0.0,0.0,0.0,0.0,0.0,0.0,0.0,0.0,0.0,0.0,1016.6598015416236
2012-04-21,0.402091,0.0,0.0,0.0,0.0,0.0,0.0,0.0,0.0,0.0,0.0,0.0,0.0,0.0,0.0,0.0,0.0,0.0,0.0,0.0,1210.3930008000111
2012-04-28,0.192207,0.0,0.0,0.0,0.0,0.0,0.0,0.0,0.0,0.0,0.0,0.0,0.0,0.0,0.0,0.0,1374.87515068714,0.0,0.0,0.0,1254.4510376752437
2012-05-05,0.345006,0.0,0.0,0.0,0.0,0.0,0.0,0.0,0.0,0.0,0.0,0.0,0.0,0.0,0.0,0.0,0.0,0.0,0.0,0.0,2407.300814537894
2012-05-12,0.520924,0.0,0.0,0.0,0.0,0.0,0.0,0.0,0.0,0.0,0.0,0.0,0.0,0.0,0.0,0.0,0.0,0.0,0.0,0.0,1768.7840137088965
2012-05-19,0.227591,0.0,0.0,0.0,0.0,0.0,0.0,0.0,0.0,0.0,0.0,0.0,0.0,0.0,0.0,0.0,0.0,0.0,2058.1083021708814,0.0,1757.2502331325975
2012-05-26,0.181305,0.0,0.0,0.0,0.0,0.0,0.0,1211.2460625806889,0.0,0.0,0.0,0.0,0.0,0.0,0.0,0.0,0.0,0.0,0.0,0.0,1648.9598830000732
2012-06-02,0.568316,0.0,0.0,0.0,0.0,0.0,0.0,0.0,0.0,0.0,0.0,0.0,0.0,0.0,0.0,1406.8787356145651,0.0,0.0,0.0,0.0,0.0
2012-06-09,0.337838,0.0,0.0,0.0,0.0,0.0,0.0,951.6725061247146,0.0,0.0,0.0,0.0,0.0,0.0,0.0,0.0,0.0,0.0,1188.3117206096067,0.0,0.0
2012-06-16,0.0514536,0.0,0.0,0.0,0.0,0.0,0.0,0.0,0.0,0.0,0.0,1761.8061724781735,0.0,0.0,0.0,0.0,0.0,0.0,0.0,0.0,1330.5999839502465
2012-06-23,0.410722,0.0,0.0,0.0,0.0,0.0,0.0,0.0,0.0,0.0,0.0,0.0,0.0,0.0,0.0,0.0,1336.073976473165,0.0,0.0,0.0,1004.9606841360604
2012-06-30,0.573248,0.0,0.0,0.0,0.0,0.0,948.951542438816,0.0,0.0,0.0,948.951542438816,0.0,0.0,0.0,0.0,0.0,0.0,0.0,0.0,0.0,973.2988580732822
2012-07-07,0.53916,0.0,0.0,0.0,0.0,0.0,0.0,0.0,0.0,0.0,0.0,0.0,0.0,0.0,0.0,0.0,0.0,0.0,0.0,0.0,0.0
2012-07-14,0.38236,0.0,0.0,0.0,0.0,1058.084515551414,1269.324971338966,0.0,0.0,0.0,1269.324971338966,0.0,0.0,0.0,0.0,0.0,0.0,0.0,0.0,0.0,0.0
2012-07-21,0.410284,0.0,0.0,0.0,0.0,0.0,0.0,0.0,0.0,0.0,0.0,0.0,0.0,0.0,0.0,0.0,0.0,0.0,0.0,0.0,1533.997645884969
2012-07-28,0.569307,0.0,0.0,0.0,0.0,0.0,0.0,0.0,0.0,0.0,0.0,0.0,0.0,0.0,0.0,0.0,0.0,0.0,0.0,0.0,0.0
2012-08-04,0.505723,0.0,0.0,0.0,0.0,0.0,0.0,0.0,0.0,0.0,0.0,0.0,0.0,0.0,0.0,0.0,1029.7780377130057,0.0,0.0,0.0,0.0
2012-08-11,0.433342,0.0,0.0,0.0,0.0,0.0,0.0,0.0,0.0,0.0,0.0,0.0,0.0,0.0,2091.3270258771804,0.0,0.0,0.0,0.0,0.0,1313.31303832166
2012-08-18,0.356961,0.0,0.0,0.0,0.0,0.0,0.0,0.0,0.0,0.0,0.0,0.0,0.0,0.0,0.0,0.0,0.0,0.0,0.0,0.0,0.0
2012-08-25,0.342917,0.0,0.0,0.0,0.0,0.0,0.0,0.0,0.0,0.0,0.0,0.0,0.0,0.0,0.0,0.0,0.0,0.0,0.0,0.0,1433.4535073351983
2012-09-01,0.292154,0.0,0.0,0.0,0.0,0.0,0.0,0.0,0.0,0.0,0.0,0.0,1521.917823611294,0.0,0.0,0.0,0.0,0.0,0.0,0.0,1132.6780904453394
2012-09-08,0.311676,0.0,0.0,0.0,0.0,0.0,0.0,0.0,0.0,0.0,0.0,0.0,0.0,0.0,0.0,0.0,0.0,0.0,0.0,0.0,1350.3717895041823
2012-09-15,0.290939,0.0,0.0,0.0,0.0,0.0,0.0,0.0,0.0,0.0,0.0,0.0,0.0,0.0,0.0,0.0,0.0,0.0,0.0,0.0,1158.5851946171333
2012-09-22,0.456919,0.0,0.0,0.0,0.0,0.0,0.0,0.0,0.0,0.0,0.0,0.0,0.0,0.0,0.0,0.0,936.9682319435012,0.0,0.0,0.0,2181.549149873628
2012-09-29,0.31348,0.0,0.0,0.0,0.0,0.0,0.0,1023.347648710235,0.0,0.0,0.0,0.0,0.0,0.0,0.0,0.0,1512.3390521983963,0.0,0.0,0.0,1204.782360558994
2012-10-06,0.618897,0.0,0.0,0.0,0.0,0.0,0.0,0.0,0.0,0.0,0.0,0.0,0.0,1064.2196526121372,0.0,0.0,1201.7790082862068,0.0,0.0,0.0,1421.6331112071068
2012-10-13,0.809474,0.0,0.0,0.0,0.0,0.0,0.0,1068.740832672617,0.0,0.0,0.0,0.0,0.0,0.0,0.0,0.0,1300.9214477676553,0.0,0.0,0.0,898.2166515342243
2012-10-20,0.697181,0.0,0.0,0.0,0.0,0.0,0.0,1192.4657860253578,0.0,0.0,0.0,999.762448245519,0.0,0.0,0.0,0.0,1190.35800645136,0.0,0.0,0.0,0.0
2012-10-27,0.655308,0.0,0.0,0.0,0.0,0.0,0.0,0.0,0.0,0.0,0.0,0.0,0.0,0.0,0.0,0.0,1238.9968730936723,0.0,0.0,0.0,0.0
2012-11-03,0.702751,0.0,0.0,0.0,0.0,0.0,0.0,0.0,0.0,0.0,0.0,0.0,0.0,0.0,0.0,0.0,0.0,0.0,0.0,0.0,1538.5862765133195
2012-11-10,0.823677,0.0,0.0,0.0,0.0,0.0,0.0,0.0,0.0,0.0,0.0,1096.722693347216,0.0,0.0,0.0,0.0,825.833608882562,0.0,0.0,0.0,1790.7661415282307
2012-11-17,0.941248,0.0,0.0,0.0,0.0,1106.647822765358,0.0,1058.7973717273458,0.0,0.0,0.0,0.0,958.0831547767518,0.0,0.0,0.0,1415.7828329438753,0.0,0.0,0.0,884.6891443850083
2012-11-24,0.865344,0.0,0.0,0.0,0.0,0.0,0.0,0.0,0.0,0.0,0.0,0.0,0.0,0.0,0.0,0.0,2310.871704224655,0.0,0.0,0.0,1101.736633604414
2012-12-01,1.00782,0.0,911.4987232358828,0.0,0.0,0.0,0.0,0.0,0.0,0.0,0.0,0.0,0.0,0.0,0.0,0.0,1358.4351663433458,0.0,0.0,0.0,2643.8979819691817
2012-12-08,0.758035,0.0,0.0,0.0,0.0,0.0,0.0,0.0,0.0,0.0,0.0,0.0,0.0,0.0,0.0,0.0,927.043286985003,0.0,0.0,0.0,1085.5685524242283
2012-12-15,1.36778,0.0,0.0,0.0,0.0,0.0,0.0,0.0,0.0,0.0,0.0,0.0,0.0,0.0,0.0,0.0,1060.5872246912222,0.0,0.0,0.0,1007.6752846929104
2012-12-22,2.18264,1440.9664477695355,1703.3269359545482,0.0,0.0,0.0,0.0,0.0,0.0,0.0,0.0,0.0,0.0,0.0,0.0,0.0,0.0,0.0,0.0,0.0,0.0
2012-12-29,4.19098,1302.67243084031,1427.9817157593077,0.0,0.0,0.0,0.0,1830.085382408983,0.0,0.0,0.0,0.0,0.0,0.0,0.0,0.0,2072.409179588061,0.0,0.0,0.0,1840.275021349716
2013-01-05,2.81891,1470.4539961621988,1449.550131047659,0.0,0.0,0.0,0.0,0.0,1729.5042241175506,0.0,0.0,0.0,0.0,0.0,0.0,0.0,1856.869434841144,0.0,0.0,0.0,0.0
2013-01-12,2.89363,3770.2456643043033,5157.409244635518,0.0,0.0,1226.0941903474018,0.0,0.0,0.0,0.0,0.0,1464.6991326531088,0.0,0.0,0.0,2421.957479966443,3234.738964060964,0.0,0.0,1231.4003077093228,1075.69325051029
2013-01-19,3.04298,3102.774277440958,4411.931571097389,1053.79686689314,1053.7968668931403,0.0,1287.1874926171097,1184.3959321164637,0.0,0.0,1287.1874926171097,0.0,0.0,0.0,0.0,0.0,1570.7189256275256,0.0,0.0,0.0,1820.086477983469
2013-01-26,2.06863,1607.1395354000913,2611.2213887218945,877.608585173581,877.6085851735809,0.0,0.0,1650.100881535809,0.0,0.0,0.0,0.0,0.0,0.0,0.0,1002.7949079232347,1219.995914718802,0.0,1313.1747542536937,0.0,1348.378055098609
2013-02-02,1.91816,1380.8459754947855,2597.3021849406546,753.9236924147683,753.9236924147684,0.0,0.0,736.6007507350245,0.0,0.0,0.0,0.0,0.0,0.0,0.0,0.0,2181.158905287513,0.0,0.0,0.0,1193.0209047221665
2013-02-09,1.57348,0.0,733.2485769456983,0.0,0.0,0.0,0.0,0.0,0.0,0.0,0.0,868.8743768475956,0.0,0.0,0.0,0.0,1108.452673868877,0.0,0.0,0.0,1495.9535738690006
2013-02-16,1.11177,1033.493254166976,0.0,0.0,0.0,0.0,0.0,0.0,0.0,0.0,0.0,0.0,0.0,0.0,0.0,0.0,1512.1445122659038,0.0,0.0,0.0,2266.117659623904
2013-02-23,1.06507,0.0,1555.7000583148283,0.0,0.0,0.0,0.0,0.0,0.0,0.0,0.0,0.0,0.0,0.0,1427.268294021639,0.0,0.0,0.0,0.0,0.0,1030.4267099053288
2013-03-02,1.09103,0.0,855.6301063620332,0.0,0.0,0.0,0.0,0.0,0.0,0.0,0.0,866.5439096904591,0.0,0.0,0.0,0.0,1565.289460788687,0.0,0.0,0.0,1310.1451039004094
2013-03-09,0.840619,0.0,0.0,0.0,0.0,0.0,0.0,0.0,0.0,0.0,0.0,0.0,0.0,0.0,0.0,0.0,0.0,0.0,0.0,0.0,1373.8864474862849
2013-03-16,0.813899,0.0,937.3450668926188,0.0,0.0,0.0,0.0,0.0,0.0,0.0,0.0,820.7280009930191,0.0,0.0,0.0,0.0,1045.7185506210408,0.0,0.0,0.0,1734.8225013527915
2013-03-23,0.772201,0.0,0.0,0.0,0.0,0.0,0.0,0.0,0.0,0.0,0.0,0.0,0.0,0.0,0.0,0.0,807.5670270172617,0.0,0.0,0.0,1219.9130120194725
2013-03-30,0.920051,0.0,0.0,0.0,0.0,0.0,0.0,0.0,0.0,0.0,0.0,0.0,0.0,0.0,0.0,0.0,1217.2563092775847,0.0,0.0,0.0,1704.0255461847933
2013-04-06,1.19685,884.9445474134732,789.1748338676218,0.0,0.0,0.0,0.0,830.2440961263055,0.0,0.0,0.0,0.0,0.0,0.0,0.0,0.0,1560.7913746376787,0.0,0.0,0.0,931.425191524256
2013-04-13,0.946657,0.0,0.0,0.0,0.0,0.0,0.0,779.1581975428703,0.0,0.0,0.0,0.0,890.5471200982621,0.0,0.0,0.0,1680.0415498675309,0.0,0.0,0.0,2117.626774556323
2013-04-20,0.642398,1021.532299456423,0.0,0.0,0.0,0.0,0.0,0.0,0.0,0.0,0.0,0.0,0.0,0.0,0.0,0.0,1444.516856738701,0.0,0.0,0.0,1547.376260434797
2013-04-27,0.914989,0.0,0.0,0.0,0.0,0.0,0.0,0.0,0.0,0.0,0.0,0.0,0.0,0.0,0.0,0.0,908.0230347427058,0.0,0.0,0.0,1114.106368584261
2013-05-04,0.736772,0.0,0.0,0.0,0.0,0.0,0.0,0.0,0.0,0.0,0.0,0.0,0.0,0.0,0.0,0.0,794.8153900292532,0.0,0.0,0.0,870.6182196610474
2013-05-11,0.658979,0.0,0.0,0.0,0.0,0.0,0.0,0.0,0.0,0.0,0.0,0.0,0.0,0.0,0.0,0.0,1303.445430523857,0.0,0.0,0.0,1091.3943470804595
2013-05-18,0.437637,0.0,0.0,0.0,0.0,0.0,0.0,0.0,0.0,0.0,0.0,0.0,0.0,0.0,0.0,0.0,0.0,0.0,0.0,0.0,1172.954631852074
2013-05-25,0.876168,0.0,1145.9294450663435,0.0,0.0,0.0,0.0,0.0,0.0,0.0,0.0,0.0,0.0,0.0,0.0,0.0,0.0,0.0,0.0,0.0,1439.7009420960042
2013-06-01,0.828609,0.0,0.0,0.0,0.0,0.0,877.8225068192896,0.0,0.0,0.0,877.8225068192896,0.0,0.0,0.0,0.0,0.0,1253.6667071506545,0.0,0.0,0.0,0.0
2013-06-08,0.843961,0.0,0.0,0.0,0.0,0.0,0.0,0.0,0.0,0.0,0.0,0.0,0.0,0.0,0.0,0.0,827.8724774411595,0.0,0.0,0.0,979.4194253010194
2013-06-15,0.830532,0.0,0.0,0.0,0.0,0.0,0.0,0.0,0.0,0.0,0.0,0.0,0.0,0.0,0.0,0.0,0.0,0.0,0.0,0.0,1167.6452587111012
2013-06-22,0.798199,0.0,0.0,0.0,0.0,0.0,0.0,0.0,0.0,0.0,0.0,0.0,0.0,0.0,0.0,0.0,0.0,0.0,0.0,0.0,1552.0622517702548
2013-06-29,0.800821,0.0,0.0,0.0,0.0,0.0,0.0,0.0,0.0,0.0,0.0,0.0,0.0,0.0,0.0,0.0,1122.192126185606,0.0,0.0,0.0,812.6272286259451
2013-07-06,1.00416,0.0,0.0,0.0,0.0,0.0,0.0,0.0,0.0,0.0,0.0,0.0,0.0,0.0,0.0,0.0,1453.8312699836504,0.0,0.0,0.0,0.0
2013-07-13,0.810437,0.0,0.0,0.0,0.0,0.0,0.0,0.0,0.0,0.0,0.0,0.0,0.0,0.0,0.0,0.0,0.0,0.0,1123.3945111451974,0.0,0.0
2013-07-20,0.659472,0.0,0.0,0.0,0.0,0.0,0.0,0.0,0.0,0.0,0.0,0.0,0.0,0.0,0.0,0.0,0.0,0.0,0.0,0.0,1159.8155451979442
2013-07-27,0.623903,0.0,0.0,0.0,0.0,0.0,0.0,0.0,0.0,0.0,0.0,0.0,0.0,0.0,1037.077777290573,0.0,0.0,0.0,0.0,0.0,0.0
2013-08-03,0.62383,0.0,0.0,0.0,0.0,0.0,0.0,0.0,0.0,0.0,0.0,0.0,0.0,0.0,0.0,0.0,0.0,0.0,0.0,0.0,0.0
2013-08-10,0.694728,1037.8555846027307,0.0,0.0,0.0,0.0,0.0,0.0,0.0,0.0,0.0,0.0,0.0,0.0,0.0,0.0,1243.653013246715,0.0,0.0,0.0,0.0
2013-08-17,0.589072,0.0,0.0,0.0,0.0,0.0,0.0,0.0,0.0,0.0,0.0,0.0,0.0,0.0,0.0,0.0,0.0,0.0,0.0,0.0,1108.2595155592685
2013-08-24,0.377059,0.0,0.0,0.0,0.0,0.0,0.0,0.0,0.0,0.0,0.0,0.0,0.0,0.0,0.0,0.0,932.3522438283288,0.0,0.0,0.0,1147.8031981880088
2013-08-31,0.680272,0.0,0.0,0.0,0.0,0.0,0.0,0.0,0.0,0.0,0.0,0.0,0.0,0.0,0.0,0.0,0.0,0.0,0.0,0.0,0.0
2013-09-07,0.517435,0.0,0.0,0.0,0.0,0.0,0.0,0.0,0.0,0.0,0.0,0.0,897.9077444606766,0.0,0.0,0.0,0.0,0.0,0.0,0.0,871.4498697520776
2013-09-14,0.471311,0.0,0.0,0.0,0.0,0.0,0.0,0.0,0.0,0.0,0.0,722.587101504466,0.0,0.0,0.0,0.0,1027.0403710559465,0.0,0.0,0.0,0.0
2013-09-21,0.207756,0.0,1038.5073976729611,0.0,0.0,0.0,0.0,0.0,0.0,0.0,0.0,0.0,0.0,0.0,0.0,0.0,0.0,0.0,0.0,0.0,747.8852875749226
2013-09-28,0.281258,0.0,0.0,0.0,0.0,0.0,0.0,0.0,0.0,0.0,0.0,0.0,0.0,0.0,0.0,0.0,1109.5441976448858,0.0,0.0,0.0,1132.2241564135122
2013-10-05,0.823958,0.0,0.0,0.0,0.0,0.0,0.0,0.0,0.0,0.0,0.0,0.0,0.0,0.0,0.0,0.0,0.0,0.0,0.0,0.0,1817.382826974233
2013-10-12,0.554468,0.0,0.0,0.0,0.0,0.0,0.0,1206.0502249545143,0.0,0.0,0.0,0.0,1072.0712887298723,0.0,0.0,0.0,2076.4114892768766,0.0,0.0,0.0,1858.1391610777168
2013-10-19,0.826162,0.0,0.0,0.0,0.0,0.0,0.0,0.0,0.0,0.0,0.0,0.0,0.0,0.0,0.0,0.0,969.695777257638,0.0,0.0,0.0,1075.584281050193
2013-10-26,0.631413,0.0,915.8112004372508,0.0,0.0,0.0,712.3291863388129,0.0,0.0,0.0,712.3291863388129,0.0,0.0,1163.0245279798914,0.0,0.0,1699.86801520063,0.0,0.0,0.0,0.0
2013-11-02,0.31428,0.0,0.0,0.0,0.0,0.0,0.0,0.0,0.0,0.0,0.0,0.0,0.0,0.0,0.0,0.0,1494.9316966726794,0.0,0.0,0.0,1196.333776765244
2013-11-09,0.329075,0.0,0.0,0.0,0.0,0.0,0.0,0.0,782.5673054117019,0.0,0.0,0.0,0.0,0.0,0.0,0.0,1165.4770809858348,0.0,0.0,0.0,1461.5889083496934
2013-11-16,0.698273,0.0,1283.0048955532525,0.0,0.0,0.0,0.0,0.0,0.0,0.0,0.0,0.0,0.0,0.0,0.0,0.0,0.0,0.0,0.0,0.0,1263.7904167978372
2013-11-23,0.418493,0.0,1372.947140263549,0.0,0.0,0.0,0.0,795.1799114942482,0.0,0.0,0.0,0.0,0.0,0.0,0.0,0.0,701.3791669625294,0.0,0.0,0.0,993.672411187922
2013-11-30,1.23086,0.0,0.0,0.0,0.0,0.0,0.0,0.0,0.0,0.0,0.0,0.0,0.0,0.0,0.0,0.0,0.0,0.0,781.8911246908441,0.0,0.0
2013-12-07,0.788412,0.0,0.0,0.0,0.0,0.0,0.0,0.0,0.0,0.0,0.0,0.0,0.0,0.0,0.0,0.0,675.4387547467542,0.0,0.0,0.0,909.2191803086909
2013-12-14,0.913242,966.8055667080666,1039.0028624462973,0.0,0.0,0.0,0.0,813.0692802969598,0.0,0.0,0.0,0.0,0.0,0.0,0.0,0.0,0.0,0.0,0.0,0.0,0.0
2013-12-21,1.00865,0.0,0.0,0.0,0.0,0.0,0.0,800.5801260455578,0.0,0.0,0.0,0.0,0.0,0.0,0.0,0.0,1093.622292920932,0.0,0.0,0.0,1154.429134586985
2013-12-28,1.11067,1315.3461463561634,0.0,0.0,0.0,0.0,0.0,0.0,0.0,0.0,0.0,0.0,0.0,0.0,0.0,0.0,0.0,0.0,0.0,0.0,1089.053899303042
2014-01-04,1.12263,1306.7210706853782,1164.6746415888829,0.0,0.0,0.0,0.0,1221.9735758925738,0.0,0.0,0.0,0.0,0.0,0.0,0.0,0.0,1194.4437680300357,0.0,0.0,911.7490639733852,1266.00301841766
2014-01-11,1.12581,0.0,1665.2713190321606,0.0,0.0,0.0,0.0,0.0,0.0,0.0,0.0,0.0,0.0,0.0,830.0525050372289,0.0,1057.931843844179,0.0,0.0,0.0,933.6928017307556
2014-01-18,1.28159,823.0358611856491,1039.9447952527987,0.0,0.0,0.0,0.0,0.0,0.0,0.0,0.0,0.0,767.588223629087,0.0,0.0,0.0,1026.847781138057,0.0,0.0,0.0,981.8821087322548
2014-01-25,1.80248,0.0,976.086262624196,0.0,0.0,0.0,0.0,0.0,0.0,0.0,0.0,0.0,0.0,0.0,0.0,0.0,1492.8170407076138,908.7484549551444,0.0,0.0,1211.112628234756
2014-02-01,1.9802,0.0,1291.738031123426,0.0,0.0,0.0,0.0,974.4554467241852,0.0,0.0,0.0,0.0,1041.6221195662918,0.0,0.0,0.0,1267.7713198036015,0.0,0.0,0.0,2377.704649142572
2014-02-08,1.9725,897.0665157126031,0.0,0.0,0.0,0.0,0.0,769.8993803698239,0.0,0.0,0.0,0.0,0.0,0.0,0.0,0.0,1917.9681213163165,0.0,0.0,0.0,1824.5968012111853
2014-02-15,1.82579,792.3061954753654,0.0,0.0,0.0,677.8233010357628,0.0,0.0,0.0,0.0,0.0,680.2693953113732,0.0,0.0,0.0,0.0,990.212821394189,0.0,0.0,0.0,1330.3377193368808
2014-02-22,1.86074,937.2481628878398,0.0,0.0,0.0,0.0,0.0,1048.302696215016,0.0,0.0,0.0,0.0,0.0,0.0,0.0,0.0,1255.6097285767703,0.0,0.0,0.0,1828.2191959967984
2014-03-01,1.40138,0.0,0.0,0.0,0.0,0.0,0.0,665.8100151983715,0.0,0.0,0.0,0.0,0.0,0.0,0.0,0.0,1697.4382830879802,0.0,0.0,0.0,1608.5355017103896
2014-03-08,1.52855,0.0,0.0,0.0,0.0,0.0,0.0,0.0,0.0,0.0,0.0,0.0,0.0,0.0,0.0,0.0,1431.817079866406,0.0,0.0,0.0,1811.8224013325591
2014-03-15,1.21849,757.0947700137306,0.0,0.0,0.0,0.0,0.0,814.2549026900465,0.0,0.0,0.0,0.0,0.0,0.0,0.0,0.0,2653.5041631480035,0.0,0.0,0.0,1432.6442477304715
2014-03-22,1.02136,0.0,1112.591560367319,0.0,0.0,0.0,0.0,0.0,0.0,0.0,0.0,0.0,0.0,0.0,692.9611107140552,0.0,0.0,0.0,0.0,0.0,1172.083603247613
2014-03-29,1.15268,0.0,0.0,0.0,0.0,0.0,0.0,0.0,0.0,0.0,0.0,0.0,0.0,0.0,0.0,0.0,1586.6002465762097,0.0,0.0,0.0,0.0
2014-04-05,1.23343,0.0,0.0,0.0,0.0,0.0,0.0,794.2382263764371,0.0,0.0,0.0,0.0,0.0,0.0,675.088453547589,0.0,720.541076873415,0.0,0.0,0.0,1176.522077889467
2014-04-12,1.23162,0.0,0.0,0.0,0.0,0.0,0.0,0.0,0.0,0.0,0.0,0.0,0.0,0.0,0.0,0.0,1020.4980416967298,0.0,0.0,0.0,1277.262049444803
2014-04-19,0.94897,0.0,0.0,0.0,0.0,0.0,0.0,942.794686220596,0.0,0.0,0.0,0.0,1040.672335076538,0.0,0.0,0.0,1104.7343622211338,0.0,0.0,0.0,1064.1274577932977
2014-04-26,1.08509,0.0,0.0,0.0,0.0,2094.2511383758915,0.0,0.0,0.0,0.0,0.0,0.0,0.0,0.0,0.0,0.0,1511.4789002594623,0.0,0.0,0.0,1170.010728450136
2014-05-03,0.882191,0.0,0.0,0.0,0.0,0.0,0.0,0.0,0.0,0.0,0.0,883.7137825103896,0.0,0.0,0.0,0.0,1465.9701456070056,0.0,0.0,0.0,854.8721090072063
2014-05-10,0.874026,0.0,0.0,0.0,0.0,0.0,0.0,0.0,0.0,0.0,0.0,0.0,0.0,0.0,0.0,741.928778482858,0.0,0.0,0.0,0.0,0.0
2014-05-17,1.02746,0.0,1217.4819359473738,0.0,0.0,0.0,0.0,0.0,0.0,0.0,0.0,0.0,0.0,0.0,0.0,0.0,998.164342812242,0.0,0.0,0.0,1264.0976045523694
2014-05-24,0.766046,0.0,0.0,0.0,0.0,0.0,0.0,0.0,0.0,0.0,0.0,0.0,0.0,0.0,0.0,0.0,0.0,0.0,0.0,0.0,0.0
2014-05-31,0.79001,0.0,0.0,0.0,0.0,0.0,0.0,0.0,0.0,0.0,0.0,0.0,0.0,0.0,0.0,0.0,1249.808539283359,0.0,0.0,0.0,0.0
2014-06-07,1.05037,0.0,0.0,0.0,0.0,923.2429599590364,0.0,0.0,0.0,0.0,0.0,0.0,0.0,0.0,0.0,0.0,1518.33192846817,0.0,0.0,0.0,954.3965918340264
2014-06-14,0.656919,0.0,0.0,0.0,0.0,0.0,0.0,942.7239977678564,0.0,0.0,0.0,0.0,0.0,0.0,0.0,0.0,0.0,0.0,0.0,0.0,0.0
2014-06-21,0.615385,0.0,0.0,0.0,0.0,0.0,0.0,0.0,0.0,2060.0592408465864,0.0,0.0,0.0,0.0,0.0,0.0,0.0,1025.72389008236,1183.6997106864355,0.0,1191.3740077470975
2014-06-28,0.579969,0.0,0.0,0.0,0.0,0.0,0.0,0.0,0.0,0.0,0.0,0.0,0.0,0.0,0.0,0.0,0.0,0.0,0.0,0.0,926.4850585924462
2014-07-05,0.706621,0.0,0.0,0.0,0.0,0.0,0.0,0.0,0.0,0.0,0.0,0.0,0.0,0.0,0.0,0.0,0.0,0.0,0.0,0.0,0.0
2014-07-12,0.354359,0.0,0.0,0.0,0.0,0.0,0.0,0.0,0.0,0.0,0.0,0.0,0.0,0.0,0.0,0.0,0.0,0.0,0.0,0.0,0.0
2014-07-19,0.282413,0.0,0.0,0.0,0.0,0.0,0.0,0.0,0.0,0.0,0.0,0.0,0.0,882.4600278706217,0.0,0.0,0.0,0.0,0.0,0.0,1647.633172798857
2014-07-26,0.634249,0.0,0.0,0.0,0.0,0.0,0.0,0.0,0.0,0.0,0.0,0.0,0.0,0.0,0.0,0.0,0.0,0.0,0.0,0.0,0.0
2014-08-02,0.724797,0.0,0.0,0.0,0.0,0.0,0.0,0.0,0.0,0.0,0.0,0.0,0.0,0.0,0.0,0.0,1045.085841081116,0.0,0.0,0.0,0.0
2014-08-09,0.710136,0.0,0.0,0.0,0.0,0.0,0.0,0.0,0.0,873.6357235901979,0.0,0.0,0.0,0.0,1213.0590562698126,0.0,0.0,0.0,0.0,0.0,888.5925046491885
2014-08-16,0.709849,0.0,0.0,0.0,0.0,0.0,0.0,0.0,878.7241818695004,1066.4572088303623,0.0,0.0,0.0,0.0,0.0,0.0,0.0,0.0,0.0,0.0,0.0
2014-08-23,0.621891,0.0,0.0,0.0,0.0,0.0,0.0,0.0,0.0,0.0,0.0,0.0,0.0,1098.375540860875,0.0,0.0,0.0,0.0,0.0,0.0,1159.436314613684
2014-08-30,0.585059,0.0,0.0,0.0,0.0,0.0,0.0,0.0,0.0,0.0,0.0,0.0,0.0,0.0,0.0,0.0,0.0,0.0,0.0,0.0,0.0
2014-09-06,0.832702,0.0,0.0,0.0,0.0,0.0,0.0,0.0,0.0,0.0,0.0,0.0,0.0,0.0,0.0,0.0,0.0,0.0,0.0,0.0,1319.3177638705397
2014-09-13,0.701426,0.0,0.0,0.0,0.0,0.0,0.0,0.0,0.0,0.0,0.0,0.0,0.0,0.0,0.0,0.0,1188.0278851169294,0.0,0.0,0.0,0.0
2014-09-20,1.32956,0.0,0.0,0.0,0.0,0.0,0.0,791.0426635320691,0.0,0.0,0.0,0.0,0.0,0.0,0.0,0.0,0.0,0.0,0.0,1301.3513137386678,1431.9486438827075
2014-09-27,1.36112,0.0,0.0,0.0,0.0,0.0,0.0,0.0,1171.6123599609264,0.0,0.0,0.0,0.0,0.0,0.0,0.0,1321.0648566173977,0.0,0.0,0.0,1437.117034815494
2014-10-04,1.30226,0.0,0.0,0.0,0.0,0.0,0.0,1077.3784492167672,0.0,0.0,0.0,0.0,0.0,0.0,0.0,0.0,1201.2284339711125,0.0,0.0,0.0,0.0
2014-10-11,1.25817,0.0,0.0,0.0,0.0,0.0,0.0,0.0,0.0,0.0,0.0,0.0,0.0,0.0,0.0,0.0,784.5411798593447,0.0,0.0,0.0,1445.5523748328656
2014-10-18,1.13998,0.0,776.5695047611073,0.0,0.0,0.0,1189.7155378083407,1258.991848926498,0.0,0.0,1189.7155378083407,0.0,0.0,0.0,0.0,0.0,926.8678095984498,0.0,0.0,0.0,950.1621028021832
2014-10-25,0.969279,0.0,0.0,0.0,0.0,0.0,0.0,0.0,0.0,0.0,0.0,0.0,0.0,810.0921668111345,0.0,0.0,888.6818764126917,0.0,0.0,0.0,909.8824478435906
2014-11-01,1.02456,0.0,0.0,0.0,0.0,0.0,0.0,0.0,0.0,0.0,0.0,914.346525435858,0.0,0.0,890.9552097799126,0.0,1081.2946968461122,0.0,0.0,0.0,0.0
2014-11-08,1.04025,0.0,0.0,0.0,0.0,0.0,0.0,0.0,0.0,0.0,0.0,0.0,0.0,0.0,0.0,819.7535463564627,0.0,774.8613569978817,0.0,0.0,1710.8243751384798
2014-11-15,1.34328,0.0,0.0,0.0,0.0,0.0,0.0,0.0,0.0,0.0,0.0,1521.402612841423,0.0,0.0,0.0,0.0,1990.29668694364,0.0,0.0,0.0,1253.665361680827
2014-11-22,0.683816,0.0,0.0,0.0,0.0,0.0,0.0,0.0,0.0,0.0,0.0,0.0,0.0,0.0,0.0,0.0,1671.0684809762809,0.0,932.314026485313,0.0,1461.7625268655877
2014-11-29,1.44386,0.0,0.0,0.0,0.0,0.0,0.0,0.0,0.0,0.0,0.0,0.0,0.0,0.0,0.0,0.0,905.8182096239173,0.0,0.0,0.0,0.0
2014-12-06,1.18283,0.0,0.0,0.0,0.0,0.0,857.2306041964365,935.4817732940904,0.0,0.0,857.2306041964365,0.0,0.0,0.0,0.0,0.0,1482.3365785686449,0.0,0.0,0.0,2081.264537221399
2014-12-13,1.48879,746.8497803888534,0.0,0.0,0.0,0.0,0.0,0.0,0.0,0.0,0.0,0.0,0.0,0.0,0.0,1096.7530334410703,718.7453304064921,0.0,0.0,0.0,1231.1480736483209
2014-12-20,1.29393,0.0,0.0,0.0,0.0,0.0,0.0,0.0,0.0,0.0,0.0,0.0,0.0,0.0,0.0,0.0,1824.8426199801531,0.0,0.0,0.0,788.6573979382356
2014-12-27,1.90583,1383.8763249511028,1424.6275611687486,0.0,0.0,0.0,0.0,0.0,0.0,0.0,0.0,0.0,0.0,0.0,0.0,0.0,1646.749882988697,0.0,0.0,0.0,1331.6336361430335
2015-01-03,1.93678,0.0,972.309036298119,0.0,0.0,0.0,0.0,1344.2803174451635,0.0,0.0,0.0,0.0,0.0,0.0,0.0,0.0,1876.5811000371864,0.0,0.0,0.0,2806.2226791169405
2015-01-10,2.23803,979.255408936172,1483.3892766616482,0.0,0.0,0.0,0.0,1012.7567443089476,0.0,0.0,0.0,0.0,850.7792855727462,0.0,0.0,0.0,1894.894038916679,0.0,0.0,0.0,1574.2313399537195
2015-01-17,3.02053,2293.342700503815,2522.337150454128,0.0,0.0,0.0,0.0,1111.049165997577,0.0,0.0,0.0,0.0,1145.7152909116198,0.0,0.0,938.9690773828816,2163.207573059149,0.0,0.0,0.0,1350.2740996093028
2015-01-24,3.08197,1342.2380528429603,2021.1862661508007,784.8418179452431,784.8418179452431,0.0,0.0,0.0,0.0,0.0,0.0,0.0,0.0,0.0,0.0,0.0,1861.2055069729847,0.0,0.0,0.0,1360.73069586588
2015-01-31,3.33761,1625.475954246556,1541.51171572752,0.0,0.0,0.0,0.0,0.0,0.0,0.0,0.0,0.0,0.0,0.0,0.0,749.9182011978852,2376.38200294528,0.0,0.0,0.0,1790.0954002566084
2015-02-07,2.56611,1051.7750219062862,1365.2150099611065,0.0,0.0,0.0,0.0,1618.9487767308758,0.0,0.0,0.0,0.0,0.0,0.0,0.0,0.0,1642.8554116342084,0.0,0.0,0.0,2500.8780641833573
2015-02-14,1.98849,1500.6082575544292,0.0,0.0,0.0,0.0,0.0,0.0,0.0,0.0,0.0,1241.749606447214,0.0,0.0,0.0,0.0,1509.0242741044897,0.0,766.8426725772792,0.0,1637.1179410438303
2015-02-21,2.16106,0.0,1547.56197963647,0.0,0.0,0.0,0.0,0.0,0.0,0.0,0.0,0.0,0.0,0.0,0.0,0.0,807.2327841661697,0.0,0.0,0.0,1679.2033312851106
2015-02-28,1.7343,0.0,848.5863947812716,0.0,0.0,0.0,0.0,0.0,0.0,0.0,0.0,0.0,0.0,0.0,930.8364104463204,0.0,2176.8364197375377,0.0,0.0,0.0,1286.2233731456113
2015-03-07,1.94346,0.0,0.0,0.0,0.0,0.0,0.0,0.0,0.0,0.0,0.0,0.0,0.0,0.0,0.0,0.0,1608.5301668885356,0.0,0.0,0.0,2026.3634713213185
2015-03-14,1.70555,0.0,937.3193105149006,0.0,0.0,0.0,0.0,0.0,0.0,0.0,0.0,0.0,0.0,0.0,0.0,0.0,1287.5732606365484,0.0,0.0,0.0,2103.4288312758968
2015-03-21,1.51289,1154.805411659264,0.0,0.0,0.0,0.0,0.0,930.068534758279,0.0,0.0,0.0,0.0,0.0,0.0,0.0,0.0,1493.2881568039138,0.0,0.0,0.0,1552.456251128233
2015-03-28,1.46161,0.0,990.9807109137244,0.0,0.0,0.0,0.0,0.0,0.0,0.0,0.0,0.0,0.0,0.0,911.653605243596,0.0,1391.6732453480165,0.0,0.0,0.0,1363.8905232003085
2015-04-04,1.46424,0.0,0.0,0.0,0.0,0.0,0.0,892.2040697238629,0.0,0.0,0.0,0.0,0.0,0.0,0.0,0.0,1807.3553004741152,0.0,0.0,0.0,1740.8585940003766
2015-04-11,1.46252,0.0,999.0179039061004,0.0,0.0,0.0,0.0,1037.6020068761309,0.0,0.0,0.0,0.0,0.0,0.0,0.0,0.0,1190.9905415042692,0.0,0.0,0.0,911.8975404477438
2015-04-18,0.685312,0.0,0.0,0.0,0.0,0.0,0.0,907.6868761123424,0.0,0.0,0.0,0.0,0.0,0.0,0.0,880.8530628579905,1025.0166232464906,0.0,0.0,0.0,1226.3335301206005
2015-04-25,1.09351,0.0,0.0,0.0,0.0,0.0,0.0,0.0,0.0,0.0,0.0,824.8806616601456,0.0,0.0,1005.034975839556,0.0,2327.933144264291,0.0,0.0,0.0,1446.3945416931797
2015-05-02,0.821722,0.0,0.0,0.0,0.0,0.0,0.0,0.0,0.0,0.0,0.0,0.0,0.0,0.0,0.0,0.0,1088.0023620957545,0.0,0.0,0.0,1397.6623839600886
2015-05-09,0.977139,0.0,0.0,0.0,0.0,0.0,0.0,0.0,0.0,0.0,0.0,0.0,0.0,0.0,0.0,0.0,1133.2318776107306,0.0,0.0,0.0,975.2819622571878
2015-05-16,0.697472,0.0,0.0,0.0,0.0,0.0,0.0,829.9393918607042,0.0,0.0,0.0,0.0,0.0,0.0,0.0,0.0,0.0,0.0,0.0,0.0,1272.871206687917
2015-05-23,0.857867,0.0,0.0,0.0,0.0,0.0,0.0,914.3098843789676,0.0,0.0,0.0,0.0,0.0,0.0,0.0,0.0,1105.0952295291452,0.0,0.0,0.0,1166.235414743127
2015-05-30,0.628366,0.0,0.0,0.0,0.0,0.0,0.0,1102.765112452683,0.0,0.0,0.0,0.0,0.0,0.0,0.0,0.0,1426.560781074903,0.0,0.0,0.0,1238.151106567862
2015-06-06,0.839476,0.0,0.0,0.0,0.0,0.0,0.0,0.0,0.0,0.0,0.0,0.0,0.0,0.0,0.0,0.0,1169.942856316765,0.0,0.0,0.0,1534.7194299901164
2015-06-13,0.863724,0.0,0.0,0.0,0.0,0.0,0.0,0.0,0.0,951.007626482125,0.0,0.0,0.0,0.0,0.0,0.0,1300.5678905044128,0.0,0.0,0.0,891.9067690472683
2015-06-20,0.571102,0.0,0.0,0.0,0.0,0.0,0.0,0.0,0.0,0.0,0.0,0.0,0.0,0.0,0.0,0.0,0.0,0.0,1150.0438045361152,0.0,1297.1238242537331
2015-06-27,0.737101,0.0,0.0,0.0,0.0,0.0,0.0,935.2297861139792,0.0,0.0,0.0,0.0,0.0,0.0,0.0,0.0,0.0,0.0,0.0,0.0,1221.4324077123074
2015-07-04,0.570687,0.0,0.0,0.0,0.0,0.0,0.0,0.0,0.0,0.0,0.0,0.0,0.0,0.0,0.0,0.0,0.0,0.0,0.0,0.0,1387.2142030270072
2015-07-11,0.752644,0.0,0.0,0.0,0.0,0.0,0.0,0.0,0.0,0.0,0.0,0.0,0.0,0.0,0.0,0.0,0.0,0.0,0.0,0.0,1357.239277350648
2015-07-18,0.803213,0.0,0.0,0.0,0.0,0.0,0.0,0.0,0.0,0.0,0.0,0.0,0.0,797.2197611486059,0.0,0.0,0.0,0.0,0.0,0.0,978.807040609378
2015-07-25,0.468241,0.0,0.0,0.0,0.0,0.0,0.0,0.0,0.0,0.0,0.0,0.0,0.0,0.0,0.0,0.0,0.0,0.0,0.0,0.0,1123.9443795484162
2015-08-01,0.294317,0.0,0.0,0.0,0.0,0.0,0.0,0.0,0.0,0.0,0.0,0.0,0.0,0.0,0.0,0.0,0.0,0.0,0.0,0.0,1044.7023100703148
2015-08-08,0.635637,0.0,0.0,0.0,0.0,0.0,0.0,0.0,0.0,0.0,0.0,0.0,0.0,0.0,0.0,0.0,749.3932630216373,0.0,0.0,0.0,1540.5508096113924
2015-08-15,0.575349,0.0,0.0,1088.0134353071246,1088.0134353071248,0.0,0.0,0.0,0.0,0.0,0.0,0.0,0.0,0.0,1137.3380069982084,0.0,1693.814334887144,0.0,0.0,0.0,1192.068965749135
2015-08-22,0.605807,0.0,0.0,0.0,0.0,0.0,0.0,0.0,0.0,0.0,0.0,0.0,0.0,0.0,0.0,0.0,0.0,0.0,0.0,0.0,1031.7474686700978
2015-08-29,0.58126,0.0,0.0,0.0,0.0,0.0,0.0,0.0,0.0,0.0,0.0,0.0,0.0,0.0,0.0,0.0,809.668877554401,0.0,0.0,0.0,728.1159510334496
2015-09-05,0.892676,0.0,0.0,0.0,0.0,1022.267213634195,0.0,0.0,0.0,0.0,0.0,0.0,0.0,0.0,0.0,0.0,1045.6370519979455,0.0,0.0,0.0,1094.5557197137252
2015-09-12,0.777143,0.0,0.0,0.0,0.0,0.0,0.0,0.0,0.0,0.0,0.0,0.0,0.0,0.0,0.0,0.0,1782.6148069283097,0.0,0.0,0.0,0.0
2015-09-19,0.731261,0.0,0.0,0.0,0.0,0.0,0.0,0.0,0.0,0.0,0.0,0.0,0.0,0.0,0.0,0.0,1697.7989978041887,0.0,0.0,0.0,956.3974343197266
2015-09-26,0.192097,0.0,742.32009920238,0.0,0.0,0.0,0.0,766.2266606800865,0.0,0.0,0.0,0.0,0.0,0.0,0.0,0.0,1189.539342076396,0.0,0.0,0.0,1767.2052648171273
2015-10-03,0.536033,0.0,0.0,0.0,0.0,0.0,0.0,913.8169221346006,0.0,0.0,0.0,0.0,0.0,0.0,0.0,0.0,1348.4589913274883,0.0,0.0,0.0,1126.7635971360412
2015-10-10,1.1742,0.0,0.0,0.0,0.0,0.0,0.0,0.0,0.0,0.0,0.0,0.0,0.0,0.0,0.0,0.0,1513.0836138292989,0.0,0.0,0.0,1347.4917193558872
2015-10-17,0.893655,0.0,866.8775391318472,0.0,0.0,0.0,0.0,0.0,0.0,0.0,0.0,0.0,0.0,0.0,0.0,0.0,1464.5391595804028,0.0,0.0,0.0,1600.0172485895228
2015-10-24,1.09129,0.0,783.4141155403483,0.0,0.0,0.0,0.0,903.82340450413,0.0,0.0,0.0,0.0,0.0,0.0,0.0,0.0,2017.489723778055,1039.931819606056,0.0,0.0,1491.274626757319
2015-10-31,1.03147,1215.4881667148102,0.0,0.0,0.0,0.0,0.0,0.0,0.0,0.0,0.0,0.0,0.0,0.0,0.0,774.8386036684913,1161.2295815997086,0.0,0.0,0.0,830.694615879995
2015-11-07,1.08696,762.6053253736195,879.6041898961744,0.0,0.0,0.0,0.0,0.0,0.0,0.0,0.0,729.5734162718036,0.0,0.0,0.0,744.743875770642,1427.6903205872904,0.0,0.0,0.0,1354.227302611845
2015-11-14,1.35762,0.0,0.0,0.0,0.0,0.0,0.0,861.4720588847232,0.0,0.0,0.0,0.0,0.0,0.0,883.779552291824,0.0,2287.5097596795063,0.0,0.0,750.2317109811512,966.077330407952
2015-11-21,0.985137,0.0,0.0,0.0,0.0,0.0,0.0,0.0,0.0,873.395712638164,0.0,0.0,0.0,0.0,0.0,839.5185082973517,2130.965725763518,0.0,0.0,0.0,1251.8702813104244
2015-11-28,0.688249,0.0,0.0,0.0,0.0,0.0,770.289119790941,1062.233330396251,0.0,0.0,770.2891197909411,0.0,0.0,0.0,0.0,0.0,2518.065233415936,0.0,0.0,0.0,1093.9432947438431
2015-12-05,1.06572,715.7731682710344,1088.3141925151624,0.0,0.0,0.0,859.4542536345258,0.0,0.0,0.0,859.4542536345257,0.0,0.0,0.0,0.0,0.0,1043.2143346293403,0.0,0.0,0.0,1877.3437105720336
2015-12-12,0.960171,0.0,0.0,0.0,0.0,0.0,0.0,919.2831143769532,0.0,0.0,0.0,0.0,0.0,0.0,0.0,0.0,1271.160964581081,0.0,0.0,0.0,1651.296604485083
2015-12-19,0.898204,0.0,0.0,0.0,0.0,0.0,0.0,0.0,0.0,0.0,0.0,0.0,0.0,0.0,0.0,814.7623860329804,736.1232445333476,0.0,0.0,0.0,1205.435450820985
2015-12-26,0.902171,0.0,0.0,882.3730136033308,882.3730136033307,0.0,0.0,0.0,0.0,0.0,0.0,0.0,0.0,0.0,0.0,0.0,1480.0172111677011,0.0,0.0,0.0,1461.6337823731858
2016-01-02,1.62022,0.0,0.0,0.0,0.0,0.0,0.0,921.7751267764328,0.0,0.0,0.0,0.0,0.0,0.0,0.0,0.0,2205.9690469348093,0.0,0.0,0.0,1676.821322975573
2016-01-09,0.862745,0.0,0.0,0.0,0.0,0.0,0.0,664.8562342659268,0.0,0.0,0.0,0.0,0.0,0.0,919.1018014917177,0.0,1502.344866560918,0.0,0.0,0.0,2065.016319484156
2016-01-16,0.872151,0.0,0.0,0.0,0.0,0.0,622.7821113232164,868.5839761499207,0.0,0.0,622.7821113232164,0.0,0.0,0.0,793.1249443466199,0.0,1018.7412331863366,0.0,0.0,0.0,1728.3154406305773
2016-01-23,0.951315,0.0,0.0,0.0,0.0,0.0,0.0,0.0,0.0,0.0,0.0,0.0,0.0,0.0,0.0,0.0,1804.0243305224485,0.0,0.0,0.0,1408.114881438391
2016-01-30,0.886557,0.0,670.3362650923004,0.0,0.0,0.0,0.0,737.5877483031951,0.0,0.0,0.0,0.0,0.0,0.0,0.0,0.0,979.4188950382902,0.0,0.0,0.0,1494.3186539978103
2016-02-06,1.15839,0.0,0.0,0.0,0.0,0.0,0.0,0.0,0.0,0.0,0.0,0.0,0.0,0.0,0.0,0.0,1122.9288103588294,0.0,0.0,0.0,1143.8149488993338
2016-02-13,0.899844,615.3300669275849,0.0,0.0,0.0,0.0,0.0,0.0,0.0,0.0,0.0,1285.0225769365038,0.0,0.0,0.0,0.0,1013.0725301749488,0.0,0.0,0.0,1656.9624670830449
2016-02-20,0.920887,0.0,0.0,0.0,0.0,0.0,0.0,717.84420832885,0.0,0.0,0.0,0.0,0.0,0.0,0.0,0.0,2043.449836067637,0.0,0.0,0.0,2862.1838272859864
2016-02-27,0.883864,693.7023740618577,718.6229336132088,687.1132748436739,687.1132748436739,0.0,0.0,924.5582960872116,0.0,0.0,0.0,0.0,0.0,0.0,882.7450243928712,0.0,978.734278808116,0.0,0.0,0.0,1970.086293172048
2016-03-05,0.903274,0.0,639.8646325685265,0.0,0.0,0.0,0.0,893.5619024878289,0.0,0.0,0.0,600.2711555066857,0.0,0.0,0.0,717.9428510451702,1134.997024780539,0.0,0.0,0.0,1183.5309649735243
2016-03-12,1.1257,0.0,636.5801697894625,0.0,0.0,0.0,0.0,0.0,0.0,0.0,0.0,1164.0735270376497,0.0,0.0,1051.9407854665671,0.0,1854.439658947531,0.0,0.0,0.0,1518.0512234188311
2016-03-19,1.95195,678.5638216478975,1100.2032102660307,0.0,0.0,0.0,0.0,769.3745643397251,0.0,0.0,0.0,1495.6959980976603,0.0,0.0,0.0,0.0,1271.1110535655544,0.0,0.0,0.0,1666.754142344505
2016-03-26,1.40088,767.9430691786451,0.0,0.0,0.0,0.0,0.0,1104.474201066662,0.0,0.0,0.0,682.8780970789381,0.0,0.0,0.0,0.0,1444.6641486397948,757.1818296046742,0.0,0.0,1579.392481716476
2016-04-02,1.80668,827.6045640961564,0.0,0.0,0.0,0.0,0.0,685.6733469110225,0.0,0.0,0.0,0.0,0.0,0.0,0.0,0.0,1554.861359544364,0.0,0.0,0.0,1566.6766390987004
2016-04-09,1.05263,0.0,950.2803785702528,0.0,0.0,0.0,0.0,766.5204165384656,0.0,0.0,0.0,0.0,0.0,0.0,0.0,0.0,1934.638221734856,0.0,0.0,0.0,1392.5401028868423
2016-04-16,1.57875,0.0,0.0,0.0,0.0,0.0,0.0,0.0,725.6247148886761,0.0,0.0,0.0,0.0,0.0,0.0,0.0,1470.313823144318,0.0,0.0,0.0,2276.2447255584298
2016-04-23,1.37094,0.0,773.3648939003416,0.0,0.0,0.0,0.0,0.0,0.0,0.0,0.0,0.0,0.0,0.0,0.0,0.0,1416.6518633320916,0.0,0.0,0.0,957.7761851279932
2016-04-30,1.59865,688.4767556435474,0.0,0.0,0.0,0.0,0.0,0.0,0.0,0.0,0.0,0.0,0.0,0.0,0.0,0.0,1220.971097497578,0.0,0.0,0.0,1159.19396872409
2016-05-07,1.18756,0.0,0.0,0.0,0.0,0.0,0.0,685.1142372941778,0.0,0.0,0.0,0.0,0.0,0.0,0.0,0.0,1589.9897642731846,0.0,0.0,0.0,1220.9880429001664
2016-05-14,0.96324,0.0,0.0,0.0,0.0,0.0,0.0,759.3075785982294,0.0,0.0,0.0,0.0,0.0,0.0,0.0,0.0,1199.10363731284,0.0,0.0,0.0,1313.867760099244
2016-05-21,0.719984,652.275883848489,619.7623738086929,0.0,0.0,0.0,0.0,691.1431113438064,0.0,0.0,0.0,0.0,0.0,0.0,0.0,0.0,825.4435727059721,0.0,0.0,0.0,1053.76082487164
2016-05-28,0.516956,0.0,0.0,0.0,0.0,0.0,0.0,0.0,0.0,0.0,0.0,0.0,0.0,0.0,0.0,892.749845190222,0.0,0.0,0.0,0.0,1219.2080336868355
2016-06-04,0.84122,0.0,743.3820062605696,0.0,0.0,0.0,0.0,0.0,0.0,0.0,0.0,0.0,0.0,0.0,0.0,0.0,0.0,0.0,0.0,0.0,1108.7301969364655
2016-06-11,0.59778,0.0,0.0,0.0,0.0,0.0,0.0,794.8224989890729,0.0,0.0,0.0,0.0,0.0,0.0,0.0,0.0,812.4995248622852,0.0,0.0,845.8660380303212,1504.684641610249
2016-06-18,0.634115,0.0,0.0,0.0,0.0,0.0,0.0,0.0,0.0,0.0,0.0,0.0,0.0,0.0,0.0,0.0,0.0,0.0,0.0,0.0,778.4378921623727
2016-06-25,0.497512,0.0,0.0,0.0,0.0,0.0,0.0,0.0,0.0,0.0,0.0,0.0,0.0,0.0,0.0,0.0,872.6242109315808,0.0,0.0,0.0,861.7225100216201
2016-07-02,0.699143,1544.6477603183548,0.0,0.0,0.0,0.0,0.0,0.0,0.0,0.0,0.0,0.0,0.0,0.0,0.0,0.0,1080.2929386943274,0.0,0.0,0.0,1303.747526144026
2016-07-09,0.312419,0.0,0.0,0.0,0.0,0.0,0.0,853.2297453712424,0.0,0.0,0.0,0.0,0.0,0.0,0.0,0.0,0.0,0.0,0.0,0.0,0.0
2016-07-16,0.436395,0.0,0.0,0.0,0.0,0.0,0.0,0.0,0.0,0.0,0.0,0.0,0.0,0.0,0.0,0.0,923.2321179691428,0.0,0.0,0.0,0.0
2016-07-23,0.707651,0.0,0.0,0.0,0.0,0.0,0.0,0.0,0.0,0.0,0.0,0.0,0.0,0.0,0.0,0.0,791.7285545194209,0.0,0.0,0.0,1544.156418081962
2016-07-30,0.531091,0.0,0.0,0.0,0.0,0.0,0.0,0.0,0.0,0.0,0.0,0.0,0.0,0.0,0.0,0.0,0.0,0.0,0.0,0.0,644.2469968712919
2016-08-06,0.442478,0.0,0.0,0.0,0.0,0.0,0.0,0.0,0.0,0.0,0.0,0.0,0.0,0.0,0.0,0.0,1093.5803198605895,725.1176620605,0.0,0.0,944.2310976896708
2016-08-13,0.471698,0.0,0.0,0.0,0.0,0.0,0.0,0.0,0.0,0.0,0.0,0.0,0.0,0.0,0.0,0.0,0.0,0.0,0.0,0.0,0.0
2016-08-20,0.57853,0.0,0.0,0.0,0.0,0.0,0.0,0.0,0.0,0.0,0.0,0.0,0.0,0.0,0.0,0.0,0.0,0.0,0.0,0.0,1018.5990652941184
2016-08-27,0.439174,0.0,0.0,0.0,0.0,0.0,0.0,0.0,0.0,0.0,0.0,0.0,0.0,0.0,0.0,0.0,1147.5876378652804,0.0,0.0,0.0,1024.2089601339756
2016-09-03,0.445074,0.0,0.0,0.0,0.0,0.0,0.0,0.0,0.0,0.0,0.0,0.0,0.0,0.0,0.0,0.0,653.2140884758038,0.0,0.0,0.0,1213.1344133055752
2016-09-10,0.720461,0.0,0.0,0.0,0.0,0.0,0.0,0.0,0.0,0.0,0.0,0.0,0.0,0.0,0.0,0.0,1157.754351069978,0.0,0.0,0.0,0.0
2016-09-17,0.679432,0.0,0.0,0.0,0.0,0.0,0.0,0.0,0.0,0.0,0.0,0.0,0.0,0.0,0.0,0.0,3866.404542638873,0.0,0.0,0.0,1542.0324361462808
2016-09-24,1.02916,0.0,718.5194264531625,0.0,0.0,0.0,0.0,0.0,0.0,0.0,0.0,0.0,0.0,0.0,0.0,0.0,1356.3617217583972,599.897738957665,699.9612808382298,0.0,1460.679246053226
2016-10-01,0.596506,739.5772011749518,897.2861702435046,599.1394969135594,599.1394969135592,0.0,0.0,995.335950286158,0.0,0.0,0.0,0.0,0.0,0.0,0.0,1158.3823519689456,908.881308315067,0.0,0.0,0.0,1996.6687717030868
2016-10-08,0.833484,0.0,645.8137565604657,0.0,0.0,0.0,0.0,0.0,0.0,0.0,0.0,0.0,0.0,0.0,0.0,587.4298565069729,943.6810757924766,0.0,0.0,0.0,1542.95338483419
2016-10-15,0.741152,0.0,756.9875901029615,0.0,0.0,0.0,0.0,805.2081284843248,0.0,0.0,0.0,0.0,0.0,0.0,0.0,0.0,1468.4459976740218,0.0,0.0,0.0,1901.156910055721
2016-10-22,0.847302,0.0,0.0,575.6751511019099,575.67515110191,0.0,0.0,0.0,0.0,0.0,0.0,0.0,0.0,0.0,0.0,0.0,768.1299600792076,0.0,0.0,0.0,1680.541321158876
2016-10-29,0.93744,0.0,0.0,0.0,0.0,0.0,0.0,0.0,0.0,0.0,0.0,0.0,0.0,0.0,0.0,0.0,1978.017824775337,0.0,0.0,0.0,1196.1895939626993
2016-11-05,0.892028,0.0,0.0,0.0,0.0,0.0,0.0,797.382648993654,720.0562076504206,0.0,0.0,0.0,0.0,0.0,0.0,0.0,936.749129071498,0.0,0.0,0.0,1101.4744260139828
2016-11-12,0.595775,0.0,0.0,0.0,0.0,0.0,0.0,0.0,0.0,0.0,0.0,0.0,0.0,0.0,0.0,0.0,1328.835804197697,0.0,0.0,0.0,824.5840016386466
2016-11-19,0.761062,0.0,0.0,0.0,0.0,0.0,0.0,0.0,0.0,0.0,0.0,0.0,0.0,0.0,0.0,0.0,1283.7650549238158,0.0,0.0,0.0,1397.045533706152
2016-11-26,0.721925,605.1326665761372,0.0,0.0,0.0,0.0,0.0,950.5208509393032,0.0,0.0,0.0,0.0,0.0,0.0,0.0,0.0,1576.9554616069745,0.0,0.0,0.0,1306.5706896723866
2016-12-03,0.81557,0.0,0.0,0.0,0.0,0.0,0.0,0.0,0.0,0.0,0.0,0.0,0.0,0.0,0.0,632.4684764086221,891.7496001628286,0.0,0.0,0.0,1166.6571597547538
2016-12-10,0.773196,542.3281059355007,0.0,0.0,0.0,0.0,0.0,1056.12293566947,0.0,0.0,0.0,0.0,0.0,0.0,0.0,0.0,907.08363567476,0.0,0.0,0.0,774.2277553169326
2016-12-17,0.57398,0.0,717.9603401591986,0.0,0.0,0.0,0.0,0.0,0.0,0.0,0.0,0.0,0.0,0.0,0.0,0.0,935.300833217154,0.0,0.0,0.0,1463.204046642911
2016-12-24,0.692119,0.0,1360.2226314978486,0.0,0.0,0.0,0.0,1271.079587930821,0.0,0.0,0.0,0.0,0.0,0.0,0.0,0.0,1280.827041516168,0.0,0.0,0.0,1644.8535091215108
2016-12-31,1.04447,0.0,801.6410844325137,0.0,0.0,0.0,0.0,0.0,0.0,0.0,0.0,0.0,0.0,0.0,748.1237092894834,0.0,0.0,0.0,0.0,0.0,1445.7873899137016
2017-01-07,0.892857,0.0,1096.6206083759284,0.0,0.0,0.0,0.0,885.443407050814,0.0,0.0,0.0,0.0,0.0,0.0,641.7537374990599,0.0,1483.8628207908184,0.0,0.0,0.0,1496.6614110570836
2017-01-14,0.646552,0.0,995.5076377733806,0.0,0.0,0.0,0.0,0.0,0.0,0.0,0.0,604.7732339116088,0.0,0.0,0.0,0.0,1165.2320207316836,0.0,0.0,0.0,2194.068707243486
2017-01-21,0.908373,584.7487407669352,974.7894242683002,0.0,0.0,0.0,0.0,1132.033771202004,0.0,0.0,0.0,655.9697364954264,0.0,0.0,0.0,0.0,1490.1459395370034,0.0,0.0,673.0066722803327,1377.099205264596
2017-01-28,0.813173,0.0,838.7815569395669,0.0,0.0,0.0,0.0,892.0664710849567,0.0,0.0,0.0,0.0,0.0,0.0,706.5409314313846,601.9109441935461,1316.694787316045,0.0,0.0,0.0,1002.9541829145558
2017-02-04,0.931446,824.9516942036199,1073.2608384472478,0.0,0.0,0.0,583.1421336976881,822.6581515972243,0.0,0.0,583.1421336976882,713.9967807935094,0.0,0.0,694.337666566644,0.0,1618.4061781878688,0.0,0.0,0.0,1853.8480266898264
2017-02-11,1.61117,944.8650799790346,1335.833018840435,0.0,0.0,0.0,0.0,1204.5625301854109,0.0,0.0,0.0,664.2611947652105,0.0,0.0,877.0607577328553,836.0243665275685,2232.933046750277,0.0,0.0,0.0,1942.89563465532
2017-02-18,1.20902,644.7621191370661,813.4480625046631,0.0,0.0,0.0,0.0,1003.590345848432,0.0,0.0,0.0,763.7180499714108,0.0,0.0,741.3540943177497,0.0,1856.1885645139664,0.0,0.0,0.0,1595.605334624801
2017-02-25,1.23158,0.0,646.3857939701759,0.0,0.0,0.0,0.0,1081.17090898225,0.0,0.0,0.0,807.0787604945455,0.0,595.8837123594411,693.3609221545668,0.0,1733.1354205498517,0.0,0.0,0.0,1908.856819705822
2017-03-04,1.38257,821.4258463378843,0.0,0.0,0.0,0.0,0.0,1224.0711884428551,0.0,0.0,0.0,0.0,0.0,0.0,0.0,505.477388257765,2544.055143555061,0.0,0.0,0.0,1589.7612213785835
2017-03-11,1.63965,0.0,1273.8154048144927,0.0,0.0,0.0,0.0,1120.5653818401386,0.0,0.0,0.0,926.2686675288988,0.0,0.0,738.4598473325162,0.0,1390.289659852421,0.0,0.0,0.0,2138.677043193601
2017-03-18,1.84502,830.0537158694005,834.7825747895142,0.0,0.0,0.0,0.0,1178.8158635613777,0.0,0.0,0.0,768.1874252867373,693.0870025280706,0.0,887.4769215044529,0.0,1494.4453190762033,0.0,0.0,0.0,1478.4451756651802
2017-03-25,2.24138,0.0,2384.493653282303,0.0,0.0,0.0,0.0,933.9042773192306,526.0385640564983,0.0,0.0,0.0,0.0,0.0,705.5397507072176,1052.7173854968096,0.0,0.0,0.0,0.0,1774.6211940643786
2017-04-01,1.66667,701.4061205028529,1292.0127557636645,0.0,0.0,0.0,0.0,1405.253578246567,0.0,0.0,0.0,0.0,0.0,0.0,769.0643273514268,0.0,1746.4888398325238,0.0,0.0,0.0,1702.6422965314327
2017-04-08,1.87339,0.0,1318.725266474466,0.0,0.0,0.0,0.0,668.0840158517345,0.0,0.0,0.0,0.0,0.0,0.0,0.0,0.0,1325.7030705470008,0.0,0.0,0.0,1365.0097263843566
2017-04-15,2.1068,0.0,0.0,0.0,0.0,0.0,0.0,1245.5141946701349,0.0,0.0,0.0,0.0,0.0,0.0,0.0,0.0,1285.760536725155,0.0,0.0,0.0,1144.8967474344963
2017-04-22,1.20361,1032.7014500890416,0.0,0.0,0.0,0.0,0.0,793.8751247124635,0.0,0.0,0.0,0.0,0.0,0.0,0.0,0.0,1701.8831571287674,0.0,0.0,0.0,1023.1602965888128
2017-04-29,0.965251,733.3050809111053,595.2638548672621,0.0,0.0,0.0,0.0,0.0,0.0,0.0,0.0,678.058654610427,0.0,0.0,0.0,880.0822652098635,1437.8995456986702,0.0,0.0,0.0,1476.2807872687156
2017-05-06,0.881057,0.0,0.0,0.0,0.0,0.0,0.0,735.3667741295069,0.0,0.0,0.0,0.0,0.0,0.0,0.0,0.0,1268.8537964060706,0.0,0.0,0.0,1141.9762391451395
2017-05-13,0.741982,0.0,0.0,0.0,0.0,0.0,0.0,0.0,0.0,0.0,0.0,0.0,0.0,0.0,0.0,0.0,849.1594288051147,0.0,0.0,0.0,1265.7404883323493
2017-05-20,0.42953,0.0,0.0,0.0,0.0,0.0,0.0,0.0,0.0,0.0,0.0,0.0,0.0,0.0,0.0,0.0,1197.3349809327212,0.0,0.0,0.0,1541.5328404054562
2017-05-27,0.535555,0.0,0.0,0.0,0.0,0.0,0.0,709.6148118530117,0.0,0.0,0.0,0.0,0.0,0.0,0.0,0.0,1566.640232596281,0.0,0.0,0.0,1564.3086941257584
2017-06-03,0.895009,0.0,1077.6020783876395,0.0,0.0,0.0,0.0,0.0,0.0,0.0,0.0,0.0,0.0,0.0,0.0,0.0,912.9997383529468,0.0,0.0,0.0,1474.5789896150543
2017-06-10,0.71347,0.0,0.0,0.0,0.0,0.0,0.0,0.0,0.0,0.0,0.0,0.0,0.0,0.0,0.0,0.0,778.1356633774365,0.0,0.0,0.0,1185.5320726985742
2017-06-17,0.602064,600.7536497126866,0.0,0.0,0.0,0.0,0.0,0.0,0.0,0.0,0.0,0.0,0.0,0.0,0.0,0.0,0.0,0.0,0.0,0.0,1371.6576546489962
2017-06-24,0.462428,0.0,0.0,0.0,0.0,0.0,0.0,0.0,0.0,0.0,0.0,0.0,0.0,0.0,0.0,0.0,750.4908743614814,0.0,0.0,0.0,907.7349769114194
2017-07-01,0.814725,0.0,0.0,0.0,0.0,0.0,0.0,1127.2607379378974,0.0,0.0,0.0,0.0,0.0,0.0,0.0,0.0,743.1240133857971,0.0,0.0,0.0,1188.994774149636
2017-07-08,0.473416,0.0,0.0,0.0,0.0,0.0,0.0,658.7722823274092,0.0,0.0,0.0,0.0,0.0,0.0,0.0,0.0,919.9366443505496,0.0,0.0,0.0,1308.0098132121534
2017-07-15,0.418786,0.0,0.0,0.0,0.0,0.0,0.0,0.0,0.0,0.0,0.0,0.0,0.0,0.0,0.0,0.0,785.1643652708271,0.0,0.0,0.0,858.9070986282151
2017-07-22,0.298507,0.0,0.0,0.0,0.0,0.0,0.0,1120.198198580786,0.0,0.0,0.0,0.0,0.0,0.0,0.0,0.0,1113.3532903342252,0.0,0.0,0.0,808.9057767821264
2017-07-29,0.59322,0.0,0.0,0.0,0.0,0.0,0.0,0.0,0.0,0.0,0.0,0.0,0.0,0.0,0.0,0.0,564.7798090460004,0.0,0.0,0.0,0.0
2017-08-05,0.335878,0.0,0.0,0.0,0.0,0.0,0.0,0.0,0.0,0.0,0.0,0.0,0.0,0.0,0.0,0.0,1130.392961664647,0.0,0.0,0.0,931.8460159587314
2017-08-12,0.322581,0.0,0.0,0.0,0.0,0.0,0.0,697.000453960957,0.0,0.0,0.0,0.0,0.0,0.0,0.0,0.0,533.9214664911418,0.0,0.0,0.0,1536.9313059705817
2017-08-19,0.385528,0.0,0.0,0.0,0.0,0.0,0.0,0.0,0.0,0.0,0.0,0.0,0.0,0.0,0.0,0.0,796.2605592922637,0.0,0.0,0.0,0.0
2017-08-26,0.473513,0.0,594.3938680968907,0.0,0.0,0.0,0.0,0.0,0.0,0.0,0.0,0.0,0.0,0.0,0.0,0.0,712.098872404843,0.0,0.0,0.0,1351.4783626196584
2017-09-02,0.457274,0.0,0.0,0.0,0.0,0.0,0.0,0.0,0.0,0.0,0.0,0.0,0.0,0.0,0.0,0.0,1119.6973396733858,0.0,0.0,0.0,0.0
2017-09-09,0.350877,0.0,741.4835086399842,0.0,0.0,0.0,0.0,0.0,0.0,0.0,0.0,0.0,0.0,0.0,0.0,0.0,660.8514398539786,0.0,0.0,0.0,846.0214985818847
2017-09-16,0.487145,0.0,0.0,0.0,0.0,0.0,0.0,0.0,0.0,0.0,0.0,544.6720440300929,0.0,0.0,0.0,0.0,894.0526904017854,0.0,0.0,0.0,1572.3328075964364
2017-09-23,0.651558,0.0,1284.3375373007193,0.0,0.0,0.0,0.0,0.0,0.0,0.0,0.0,0.0,0.0,0.0,0.0,0.0,1115.2189060824433,0.0,0.0,0.0,1218.6314202405383
2017-09-30,0.546635,0.0,0.0,0.0,0.0,0.0,0.0,953.9373988337873,0.0,0.0,0.0,0.0,0.0,0.0,0.0,0.0,1156.9365877159053,0.0,0.0,0.0,1119.7662777423625
2017-10-07,0.294985,0.0,717.6674164919532,0.0,0.0,0.0,0.0,761.2342592797589,0.0,0.0,0.0,0.0,0.0,0.0,0.0,643.4120805392856,999.2361232471716,0.0,0.0,0.0,1578.8726980157007
2017-10-14,0.588078,607.258414974332,648.7243335511148,0.0,0.0,0.0,0.0,0.0,0.0,0.0,0.0,0.0,0.0,0.0,0.0,761.1957233404726,1423.3781884531834,0.0,0.0,0.0,1300.1422923412392
2017-10-21,0.797085,0.0,570.2293892881576,0.0,0.0,0.0,0.0,697.8470892889317,0.0,615.1016458337984,0.0,0.0,0.0,0.0,0.0,580.1865694407675,1291.305457278854,0.0,0.0,0.0,1087.586610741222
2017-10-28,0.782732,0.0,578.6760159313612,0.0,0.0,682.907362141389,0.0,892.296846908362,0.0,0.0,0.0,0.0,0.0,0.0,0.0,0.0,1126.0735616503252,0.0,0.0,0.0,903.8397201795976
2017-11-04,0.411765,0.0,0.0,0.0,0.0,0.0,0.0,0.0,0.0,0.0,0.0,0.0,0.0,0.0,0.0,0.0,1419.9817672657653,0.0,0.0,0.0,1262.352351092988
2017-11-11,0.52506,611.115839974038,576.5709689297925,0.0,0.0,0.0,0.0,656.5890093212938,0.0,0.0,0.0,0.0,0.0,0.0,0.0,0.0,1606.6843433344063,0.0,0.0,0.0,1522.0083456699422
2017-11-18,0.805048,669.1391254714704,753.2344398274076,0.0,0.0,0.0,0.0,1256.035575808644,0.0,0.0,0.0,0.0,0.0,561.3569094025141,0.0,0.0,2601.6590514337645,0.0,0.0,0.0,1773.4422616140987
2017-11-25,0.909091,0.0,0.0,0.0,0.0,0.0,0.0,960.6348384839612,0.0,0.0,0.0,0.0,0.0,0.0,0.0,965.5089091691892,1376.0839420160755,0.0,0.0,0.0,1011.4520113454572
2017-12-02,1.08962,0.0,751.4727643768393,0.0,0.0,0.0,0.0,995.041780893499,0.0,0.0,0.0,0.0,0.0,0.0,0.0,526.0844426139406,1716.5721439041554,0.0,0.0,0.0,1902.6457867405404
2017-12-09,0.854503,0.0,704.5860517726458,0.0,0.0,0.0,0.0,0.0,0.0,0.0,0.0,0.0,0.0,0.0,0.0,693.5993138594716,1409.978140193192,0.0,0.0,0.0,1732.0137025383442
2017-12-16,0.782065,538.2559527811039,913.1050486320448,0.0,0.0,0.0,0.0,844.8550431124654,0.0,0.0,0.0,0.0,0.0,0.0,0.0,0.0,1583.846644896645,0.0,0.0,0.0,2656.7679942312466
2017-12-23,0.968188,0.0,1165.1993145379824,0.0,0.0,685.0772874031964,0.0,971.9919386301772,0.0,0.0,0.0,0.0,0.0,0.0,0.0,590.7328437447825,1422.4474221732687,0.0,0.0,0.0,2466.1889822872376
2017-12-30,1.19332,785.110468774279,1174.8810646335162,0.0,0.0,0.0,0.0,702.5247313985582,0.0,0.0,0.0,0.0,0.0,0.0,0.0,0.0,1948.8926035026084,0.0,0.0,0.0,1615.7861894851965
2018-01-06,0.884956,599.440605349422,727.3034920092007,525.2316693520578,525.2316693520578,0.0,0.0,709.0401839755347,0.0,0.0,0.0,702.9062721427077,0.0,0.0,0.0,0.0,1159.852299657018,0.0,0.0,0.0,1352.2540907444582
2018-01-13,0.54277,712.4929432852281,2095.094972982772,0.0,0.0,0.0,0.0,898.7951777620519,0.0,0.0,0.0,0.0,0.0,0.0,545.9092480828268,0.0,1393.3916914033648,0.0,0.0,0.0,1923.3381512078852
2018-01-20,0.813386,3323.191841008774,3612.535639172452,1127.6717785997623,1127.6717785997623,0.0,0.0,831.9467499020036,0.0,0.0,0.0,518.2420719418525,996.0830305569,0.0,504.69582456220417,1236.7998008332715,2136.3906680807395,586.5693873697061,0.0,0.0,1855.810364213857
2018-01-27,1.31412,4231.826109332791,5172.196139156542,552.0904873003494,552.0904873003494,815.9797632390331,600.4085817557258,1296.4045994256924,1031.3495070948538,0.0,600.4085817557259,512.2859574921222,829.7415064395632,0.0,1019.246880656004,1214.4706206727217,3000.892617975568,626.5828671713298,707.5662310649293,775.5830376762365,1955.9626676657304
2018-02-03,1.26684,3990.07918905118,5812.554735442618,1304.1433588016455,1304.143358801646,1016.216064023456,616.0050423662715,1183.0005149110366,567.5030802342599,0.0,616.0050423662715,1064.7781438227953,1357.4392817775936,715.5566714856894,879.4977259757867,1482.918435379273,1741.1785323516783,0.0,0.0,0.0,1902.2599630638013
2018-02-10,1.52672,3736.6719849751553,6042.55364215229,938.849227705614,938.849227705614,985.475589293602,0.0,809.8760950798792,1203.3541274870686,0.0,0.0,1536.4896141158165,1290.1090347201357,0.0,540.5768913526972,1456.0253535732988,1874.5854840969544,706.4192199149351,0.0,0.0,2179.7113728008617
2018-02-17,1.52294,3634.078226662085,5152.213322608387,0.0,0.0,0.0,709.1606324394727,0.0,902.9242617927362,0.0,709.1606324394727,1501.1946688879807,1235.8442164894211,0.0,0.0,1365.05824258934,2053.6216665359893,743.8673942968059,645.7272416296872,0.0,1265.88570881312
2018-02-24,1.5775,2404.091418432474,2409.355931471684,842.9916054584463,842.9916054584462,0.0,0.0,879.8900467121209,0.0,0.0,0.0,636.6324735877158,819.1764302367079,0.0,0.0,797.2149653180865,1989.368349046985,0.0,0.0,0.0,2306.616424759508
2018-03-03,0.967937,1547.755616085482,2771.4545142070992,807.6572875775016,807.6572875775016,681.4858434968884,0.0,1468.6449896491797,0.0,759.2271899855327,0.0,0.0,0.0,0.0,0.0,928.8848790357148,2301.597551527169,540.9785215618459,0.0,0.0,1892.7670337377508
2018-03-10,0.66474,1489.410565343284,1442.7722156068714,0.0,0.0,0.0,0.0,1067.815896902301,629.0191852854165,0.0,0.0,769.7011844082543,0.0,0.0,0.0,0.0,1701.9016525424877,0.0,0.0,0.0,1713.67410867526
2018-03-17,1.03719,974.5276441815286,1523.089176741169,0.0,0.0,0.0,0.0,576.6708518918914,0.0,0.0,0.0,0.0,0.0,0.0,820.1389667153804,496.4462107921288,849.3383178542424,0.0,0.0,0.0,1946.1315385839216
2018-03-24,0.709372,663.4434679855282,777.3848016764739,0.0,0.0,0.0,0.0,955.7575823471932,0.0,0.0,0.0,0.0,614.3747306351733,0.0,740.6733536634677,601.6349834325686,1314.6743943887493,0.0,0.0,0.0,1812.4881756040293
2018-03-31,0.567721,721.1671654441705,1460.656346841767,575.0852850441346,575.0852850441345,505.7909806804915,0.0,0.0,0.0,0.0,0.0,0.0,0.0,0.0,0.0,0.0,755.0849292943615,0.0,0.0,0.0,1849.1734521420728
2018-04-07,0.556472,0.0,816.6605045135325,0.0,0.0,0.0,0.0,854.9599599340287,0.0,0.0,0.0,0.0,623.7449828083511,0.0,0.0,511.0405517711934,1630.189475856782,0.0,0.0,0.0,1860.203446593894
2018-04-14,0.557046,0.0,612.444971696428,0.0,0.0,0.0,515.9670565475027,667.6674650480843,0.0,0.0,515.9670565475026,0.0,0.0,0.0,921.2104327390676,547.9172586795938,1423.2154274860648,0.0,0.0,0.0,2103.9475208470385
2018-04-21,0.596817,614.5721431218412,923.7083444743238,0.0,0.0,916.0102327844515,0.0,889.175698002272,0.0,0.0,0.0,0.0,603.5676730009974,0.0,0.0,0.0,1343.720212216396,0.0,0.0,0.0,2104.8334310227365
2018-04-28,0.30104,519.4524822663698,0.0,0.0,0.0,0.0,0.0,907.0818969137528,0.0,0.0,0.0,0.0,0.0,0.0,749.1164372545448,0.0,1436.4986817337483,0.0,0.0,0.0,1248.1647032165345
2018-05-05,0.423518,0.0,641.0951678968629,0.0,0.0,0.0,0.0,626.8055474625301,0.0,0.0,0.0,0.0,0.0,0.0,0.0,0.0,1070.518934904762,0.0,0.0,0.0,1953.1762601564224
2018-05-12,0.194175,0.0,0.0,0.0,0.0,0.0,0.0,0.0,0.0,1177.3296849738863,0.0,0.0,0.0,0.0,0.0,0.0,1218.7791713129898,0.0,0.0,0.0,1730.9573519763935
2018-05-19,0.108648,0.0,678.2448398149692,0.0,0.0,0.0,0.0,546.8490332854069,0.0,0.0,0.0,0.0,667.8200898150537,0.0,538.993773698572,578.1299608102622,1159.922887561631,0.0,0.0,0.0,1453.4976701500016
2018-05-26,0.169368,0.0,0.0,0.0,0.0,0.0,0.0,533.7368780029278,0.0,0.0,0.0,0.0,0.0,0.0,0.0,0.0,1265.0492395107783,0.0,0.0,0.0,2008.7225118995975
2018-06-02,0.0622665,0.0,0.0,0.0,0.0,0.0,0.0,0.0,0.0,0.0,0.0,0.0,0.0,0.0,630.9805599430272,0.0,1123.6335891703657,0.0,0.0,0.0,960.8372319561636
2018-06-09,0.0,0.0,0.0,0.0,0.0,0.0,0.0,536.7662094593699,0.0,0.0,0.0,0.0,0.0,0.0,0.0,0.0,1413.3058434968343,0.0,0.0,542.2363510295467,860.0276787079794
2018-06-16,0.0911993,0.0,0.0,0.0,0.0,0.0,0.0,0.0,0.0,0.0,0.0,0.0,0.0,0.0,0.0,0.0,767.0233106820122,639.6579112534107,0.0,0.0,1158.7720137119215
2018-06-23,0.0929368,0.0,732.1244470574101,0.0,0.0,0.0,0.0,0.0,0.0,0.0,0.0,0.0,0.0,0.0,0.0,0.0,972.2995852617224,0.0,0.0,0.0,1189.147387995574
2018-06-30,0.0,0.0,0.0,0.0,0.0,0.0,0.0,0.0,0.0,0.0,0.0,0.0,0.0,0.0,0.0,0.0,645.5327213751783,0.0,0.0,0.0,1210.8744622675415
2018-07-07,0.0869565,0.0,0.0,0.0,0.0,0.0,0.0,0.0,0.0,0.0,0.0,0.0,0.0,0.0,0.0,0.0,1011.9475032250156,0.0,0.0,0.0,737.3192194574871
2018-07-14,0.0236463,0.0,0.0,0.0,0.0,0.0,0.0,0.0,0.0,0.0,0.0,0.0,0.0,0.0,0.0,0.0,0.0,0.0,0.0,0.0,890.9248228284349
2018-07-21,0.0,0.0,0.0,0.0,0.0,0.0,0.0,593.6436398614654,0.0,0.0,0.0,0.0,0.0,0.0,0.0,0.0,611.8216930037469,0.0,0.0,0.0,892.4527889547502
2018-07-28,0.0675676,0.0,0.0,0.0,0.0,0.0,0.0,0.0,0.0,0.0,0.0,0.0,0.0,0.0,0.0,0.0,823.8936272997092,0.0,0.0,0.0,858.3071230423127
2018-08-04,0.0734035,0.0,0.0,529.5402092748759,529.5402092748759,0.0,0.0,0.0,0.0,0.0,0.0,0.0,0.0,0.0,0.0,0.0,763.9631944231126,0.0,0.0,0.0,1157.41378552148
2018-08-11,0.045861,0.0,0.0,0.0,0.0,0.0,0.0,0.0,0.0,0.0,0.0,0.0,509.9108746795241,0.0,0.0,0.0,939.844680780012,0.0,0.0,0.0,933.6111768338376
2018-08-18,0.0783904,0.0,0.0,0.0,0.0,0.0,0.0,0.0,0.0,0.0,0.0,0.0,0.0,0.0,0.0,0.0,562.4676632333,0.0,0.0,0.0,1198.2572330795151
2018-08-25,0.0487924,0.0,542.123154316944,0.0,0.0,0.0,0.0,535.7319883265976,0.0,0.0,0.0,0.0,0.0,0.0,0.0,0.0,0.0,0.0,0.0,0.0,1055.345704516531
2018-09-01,0.0,0.0,0.0,0.0,0.0,559.4788702446876,0.0,0.0,0.0,0.0,0.0,0.0,0.0,0.0,0.0,0.0,0.0,0.0,552.0790701670826,0.0,1183.128784222578
2018-09-08,0.0526177,0.0,0.0,0.0,0.0,0.0,0.0,0.0,0.0,0.0,0.0,0.0,0.0,0.0,0.0,0.0,687.3608071752199,0.0,0.0,0.0,1056.2227337085562
2018-09-15,0.0,564.7452015285936,546.065545654953,0.0,0.0,0.0,0.0,0.0,0.0,0.0,0.0,0.0,0.0,0.0,0.0,0.0,0.0,0.0,0.0,0.0,1136.884825697015
2018-09-22,0.122888,590.0112154872927,615.3461580262983,0.0,0.0,0.0,0.0,0.0,0.0,0.0,0.0,0.0,678.4783647241046,0.0,0.0,0.0,973.0743191156196,0.0,0.0,0.0,1647.4206461130484
2018-09-29,0.0577534,619.2055392277584,762.2268781301581,0.0,0.0,0.0,0.0,684.9405666252225,0.0,0.0,0.0,0.0,0.0,0.0,0.0,0.0,1082.8890519981169,0.0,0.0,0.0,1430.6734098537054
2018-10-06,0.925735,0.0,1327.3600144413488,0.0,0.0,0.0,0.0,864.623434362327,0.0,0.0,0.0,0.0,981.5491550217112,0.0,0.0,1106.006184117792,2012.216189145366,0.0,0.0,0.0,802.8775493061854
2018-10-13,0.975419,0.0,552.6409735753381,0.0,0.0,0.0,0.0,513.5686610737117,0.0,0.0,0.0,0.0,0.0,0.0,0.0,599.2084358889211,1479.2789568070098,0.0,0.0,0.0,1072.540505123111
2018-10-20,0.947507,0.0,1190.0026105239915,0.0,0.0,0.0,0.0,560.7448216190206,0.0,0.0,0.0,0.0,0.0,0.0,0.0,0.0,1591.756683336742,0.0,0.0,0.0,1246.452716880804
2018-10-27,1.23958,0.0,1404.9755738320532,0.0,0.0,0.0,0.0,1190.9547225761792,0.0,0.0,0.0,0.0,636.9504645970981,0.0,0.0,830.5190429884617,1146.9175922441807,0.0,0.0,0.0,1243.3172600518967
2018-11-03,0.847635,0.0,697.805367709911,0.0,0.0,0.0,0.0,655.6109923032551,0.0,0.0,0.0,0.0,0.0,0.0,0.0,675.4166192379128,1140.9967802747703,0.0,0.0,0.0,1333.0094054998835
2018-11-10,0.981172,581.7089209647911,0.0,0.0,0.0,0.0,0.0,0.0,0.0,0.0,0.0,0.0,491.42923134047487,0.0,0.0,998.9797506577962,1371.7608014165382,0.0,0.0,0.0,1888.820647832551
2018-11-17,1.13394,0.0,605.1551439717477,0.0,0.0,0.0,0.0,697.6871415587265,0.0,0.0,0.0,0.0,0.0,0.0,0.0,0.0,1726.2420854269392,0.0,0.0,0.0,1119.204630177847
2018-11-24,1.15683,0.0,0.0,0.0,0.0,0.0,0.0,595.2646342734523,0.0,0.0,0.0,720.1630156584622,0.0,0.0,0.0,0.0,1406.666703664508,0.0,0.0,0.0,599.0312052270247
2018-12-01,0.843429,0.0,0.0,0.0,0.0,0.0,0.0,1314.0774773553776,0.0,0.0,0.0,631.0955545361735,0.0,0.0,555.4752124751789,0.0,1668.1312182759675,0.0,0.0,0.0,1563.2849012686472
2018-12-08,0.853603,857.4451676018174,704.7471707502851,0.0,0.0,0.0,0.0,0.0,0.0,0.0,0.0,0.0,0.0,0.0,0.0,0.0,1420.1731524855495,650.704256738909,871.492355090251,0.0,1670.1546431870652
2018-12-15,0.998513,721.8446412144044,0.0,0.0,0.0,0.0,0.0,0.0,704.0874692383335,0.0,0.0,0.0,0.0,0.0,0.0,0.0,2058.4327186957366,886.9064797189931,0.0,0.0,2001.043158927013
2018-12-22,1.17233,688.0890662311161,637.1222761621639,0.0,0.0,0.0,0.0,759.7218936565408,0.0,0.0,0.0,620.5816485027838,0.0,0.0,915.8841314060752,0.0,1530.8012544264695,0.0,0.0,0.0,1280.182780584893
2018-12-29,1.57726,891.8325842376088,946.7835834191249,0.0,0.0,0.0,0.0,701.0426432223219,0.0,0.0,0.0,914.4991133831846,0.0,0.0,0.0,614.6948825232892,1262.2136581595294,0.0,0.0,0.0,2143.7892376483464
2019-01-05,1.72841,1128.0644576734276,1253.055746947137,0.0,0.0,0.0,0.0,602.0927052421051,0.0,0.0,0.0,0.0,0.0,0.0,984.7238555230456,0.0,2209.9076277499234,0.0,0.0,0.0,1399.4480105784864
2019-01-12,1.9019,1092.887750753863,1661.0947850170285,0.0,0.0,0.0,0.0,1343.379541044135,0.0,0.0,0.0,1074.95696471194,0.0,0.0,0.0,0.0,1038.2222799105969,0.0,0.0,0.0,1404.879503964124
2019-01-19,1.96653,1020.4490302658696,1520.481648512346,0.0,0.0,700.5477267415646,0.0,1096.4776973722778,0.0,0.0,0.0,884.079171546427,0.0,0.0,1111.6310143122662,607.0273415499929,1403.4819972334833,0.0,0.0,0.0,1545.5276397676953
2019-01-26,2.39196,663.3286298395426,1062.9735263147943,569.0192682225718,569.0192682225718,0.0,0.0,755.4824876642997,0.0,0.0,0.0,1045.0806912459072,599.170173061791,0.0,0.0,569.3565575664878,1298.1957837696718,0.0,0.0,0.0,1847.3548521851635
2019-02-02,2.41331,978.7122454669408,2121.003908899906,641.3212094620964,641.3212094620964,0.0,0.0,925.2460564606874,0.0,983.385940757642,0.0,1537.4754451527526,0.0,0.0,1249.3396421203267,977.5273460333036,2165.1717448644017,913.5756569263318,741.209087940402,0.0,1378.5737655002024
2019-02-09,2.77161,1212.525264851,1450.547612188442,757.4996667694971,757.4996667694971,0.0,599.1811756464177,1109.0532228058082,0.0,0.0,599.1811756464177,1147.811491281882,526.1570220839976,0.0,601.5850991389868,882.5043986133993,2348.683530389143,0.0,0.0,0.0,2097.5761205571307
2019-02-16,3.2882,1244.9089420589416,2408.3399593519894,808.5510188077548,808.5510188077548,0.0,701.6805041668357,1022.5674771923624,0.0,0.0,701.6805041668357,1429.6731863147093,629.0801220410045,0.0,579.3968898842704,0.0,1720.2616464528865,1180.1232094654797,0.0,0.0,2546.3802241670683
2019-02-23,3.30689,969.3944344095744,1907.534208774173,819.0654540613159,819.0654540613158,0.0,0.0,925.1424698440294,0.0,670.4417133385429,0.0,947.7739727713874,693.320100651867,0.0,0.0,0.0,2674.701705530839,0.0,0.0,0.0,2604.776372856715
2019-03-02,3.11759,1325.1460496367183,1571.9617097999712,535.02601462829,535.02601462829,0.0,703.1540196750337,598.7463044607048,0.0,0.0,703.1540196750337,655.4610807650964,0.0,0.0,0.0,707.5541229018756,2504.949745416022,0.0,740.9853710542309,0.0,1536.2186317337016
2019-03-09,2.70288,1009.4795440171268,1667.9784009456553,0.0,0.0,0.0,1079.5998793920835,953.9761831449966,801.4730819281185,0.0,1079.5998793920835,0.0,0.0,0.0,761.2935260739742,523.0584163179734,1803.6192198483773,0.0,0.0,0.0,2174.3250957271
2019-03-16,3.00134,1396.0895688025764,1287.6983070931028,0.0,0.0,0.0,0.0,1077.4787883417164,0.0,0.0,0.0,531.0568202884298,0.0,0.0,0.0,0.0,2157.828401026251,620.351865184664,0.0,0.0,2012.542822560076
2019-03-23,3.0067,709.0401328557208,1189.3072077749998,0.0,0.0,0.0,756.5404411330258,994.5545336091056,0.0,652.6613439018554,756.5404411330259,728.9632318851258,0.0,0.0,696.9786416127931,1073.2633869254478,2009.74427606376,0.0,0.0,0.0,1652.6393694257376
2019-03-30,2.58904,973.1243358943376,1300.000502930205,533.4128515412453,533.4128515412456,0.0,544.5478638537255,1171.3207620686785,0.0,0.0,544.5478638537253,0.0,0.0,0.0,765.660084450986,919.556620135965,1858.5628041352843,0.0,0.0,0.0,2220.648320641603
2019-04-06,2.40557,1039.6884161774572,1049.957952966287,0.0,0.0,0.0,843.2248968345817,599.0622290321071,0.0,0.0,843.2248968345815,0.0,585.22549448641,0.0,0.0,625.9427480875138,1767.5196826148008,0.0,0.0,0.0,1261.924444392333
2019-04-13,2.10337,674.3208642090639,1442.7150878560024,0.0,0.0,0.0,0.0,728.87239183859,0.0,0.0,0.0,683.7760022874728,0.0,0.0,781.5773046226519,881.0426703363554,1828.5102070331627,0.0,0.0,0.0,1507.7574148873955
2019-04-20,1.83803,0.0,722.6208147894392,660.1993116343277,660.1993116343278,0.0,0.0,593.5392147183766,0.0,0.0,0.0,0.0,0.0,0.0,644.3566427850826,810.2175021181563,1199.9291340321818,0.0,0.0,0.0,1965.3347087228435
2019-04-27,1.41302,0.0,685.7036735549015,540.2868288661251,540.2868288661251,0.0,853.9826416930508,603.3330414389975,0.0,0.0,853.9826416930507,0.0,0.0,0.0,0.0,0.0,1928.512714501556,0.0,0.0,0.0,1979.2263634715584
2019-05-04,1.33873,0.0,0.0,0.0,0.0,0.0,0.0,600.1527023705567,0.0,0.0,0.0,0.0,0.0,0.0,0.0,614.2633312674234,1156.3546158485838,0.0,0.0,0.0,1318.864412135147
2019-05-11,1.0944,0.0,0.0,0.0,0.0,0.0,578.8020733994189,1020.2482831587251,0.0,522.0078646301886,578.802073399419,0.0,0.0,0.0,0.0,0.0,1432.8204347710755,0.0,0.0,0.0,1641.888736414366
2019-05-18,1.16729,0.0,0.0,735.4303095071176,735.4303095071176,0.0,0.0,1020.6737133993972,0.0,0.0,0.0,0.0,0.0,0.0,0.0,0.0,1411.6412235139585,0.0,553.8770969012312,0.0,1233.887814986575
2019-05-25,0.949391,0.0,0.0,0.0,0.0,0.0,0.0,0.0,0.0,0.0,0.0,0.0,0.0,0.0,0.0,0.0,1301.5068181142155,0.0,0.0,0.0,1472.5440388192233
2019-06-01,0.957515,0.0,0.0,0.0,0.0,0.0,0.0,970.0460139379218,0.0,0.0,0.0,0.0,0.0,0.0,0.0,0.0,1409.0867782350265,0.0,0.0,0.0,1917.6846266582572
2019-06-08,0.843117,0.0,515.4534364941638,0.0,0.0,0.0,0.0,844.7051492507545,0.0,0.0,0.0,0.0,0.0,0.0,0.0,0.0,796.5859115799864,0.0,0.0,0.0,1446.2479462278488
2019-06-15,0.704935,0.0,0.0,0.0,0.0,0.0,0.0,679.1023281484308,0.0,0.0,0.0,0.0,0.0,0.0,0.0,0.0,921.5628893660204,0.0,0.0,0.0,1186.8376137487528
2019-06-22,0.612893,0.0,0.0,0.0,0.0,0.0,0.0,0.0,0.0,0.0,0.0,0.0,604.3937776941967,0.0,0.0,0.0,952.344026275544,0.0,0.0,0.0,1128.0390673616046
2019-06-29,0.562701,0.0,547.7098873040875,0.0,0.0,0.0,0.0,1132.9578488231425,0.0,0.0,0.0,0.0,0.0,0.0,0.0,0.0,965.6881739126678,0.0,897.483698443559,0.0,0.0
2019-07-06,0.604772,0.0,0.0,0.0,0.0,0.0,0.0,0.0,0.0,0.0,0.0,0.0,0.0,0.0,0.0,0.0,644.6863994353032,0.0,0.0,0.0,1209.6504819036095
2019-07-13,0.558624,0.0,659.1167435600336,0.0,0.0,0.0,525.6691224643093,736.4407297390917,0.0,0.0,525.6691224643093,0.0,0.0,0.0,0.0,0.0,1116.9099827470422,0.0,0.0,0.0,0.0
2019-07-20,0.448547,0.0,0.0,0.0,0.0,0.0,0.0,0.0,0.0,0.0,0.0,0.0,0.0,0.0,578.9519933541749,0.0,1034.059426177812,0.0,0.0,0.0,1073.524190465862
2019-07-27,0.507233,0.0,0.0,0.0,0.0,0.0,0.0,0.0,0.0,0.0,0.0,0.0,0.0,0.0,0.0,0.0,1378.5235686793117,0.0,0.0,0.0,1256.676428702256
2019-08-03,0.34476,0.0,599.0076750971042,0.0,0.0,0.0,0.0,0.0,0.0,0.0,0.0,0.0,0.0,0.0,0.0,0.0,526.4963513205875,0.0,0.0,0.0,1192.088344487363
2019-08-10,0.469639,0.0,0.0,0.0,0.0,0.0,0.0,0.0,0.0,0.0,0.0,0.0,0.0,0.0,0.0,0.0,960.7099756930544,0.0,0.0,0.0,1081.7679304812934
2019-08-17,0.432843,0.0,0.0,0.0,0.0,0.0,0.0,0.0,0.0,0.0,0.0,0.0,0.0,0.0,0.0,0.0,491.39027692543056,0.0,0.0,0.0,1090.7624371260454
2019-08-24,0.643236,0.0,0.0,0.0,0.0,0.0,0.0,0.0,0.0,0.0,0.0,0.0,0.0,0.0,0.0,0.0,824.9748832215706,0.0,0.0,0.0,654.4682246462327
2019-08-31,0.32472,0.0,0.0,640.4088288751985,640.4088288751985,0.0,0.0,0.0,0.0,0.0,0.0,0.0,0.0,0.0,0.0,0.0,919.1106941293024,0.0,0.0,0.0,960.6429319869604
2019-09-07,0.461794,0.0,0.0,717.2288420516683,717.2288420516684,0.0,0.0,590.6526599599313,0.0,0.0,0.0,0.0,0.0,0.0,0.0,0.0,579.8702852073018,0.0,0.0,0.0,1050.8868033529295
2019-09-14,0.589028,0.0,0.0,0.0,0.0,0.0,0.0,0.0,0.0,0.0,0.0,0.0,0.0,0.0,0.0,0.0,931.700004228454,0.0,0.0,0.0,1512.9764974979726
2019-09-21,0.708254,0.0,564.1160529364805,0.0,0.0,0.0,0.0,0.0,0.0,0.0,0.0,0.0,0.0,0.0,0.0,0.0,1567.427623292016,0.0,0.0,0.0,1580.1798227791846
2019-09-28,0.85769,0.0,787.5269484244403,0.0,0.0,631.1439467206887,0.0,561.8324329317845,0.0,0.0,0.0,0.0,0.0,0.0,0.0,0.0,1305.4855892818043,0.0,0.0,0.0,1734.8730736398873
2019-10-05,0.822834,1286.4653733535893,1152.0661360105007,508.636159260614,508.6361592606139,0.0,0.0,0.0,0.0,0.0,0.0,0.0,0.0,0.0,0.0,1421.3362382407915,1154.27444700996,0.0,0.0,0.0,1744.2940500873735
2019-10-12,0.894029,0.0,568.0057493073562,0.0,0.0,0.0,0.0,660.8019176014699,0.0,0.0,0.0,0.0,0.0,0.0,0.0,681.0648965604479,1056.2810195525824,0.0,0.0,0.0,1449.8212947361858
2019-10-19,0.935829,0.0,1478.466916466165,0.0,0.0,0.0,0.0,753.9092901300344,0.0,0.0,0.0,0.0,0.0,0.0,0.0,1138.145890923534,1773.020100192656,0.0,0.0,0.0,1735.0615795135832
2019-10-26,0.924604,503.3056960854181,1179.1936262160054,0.0,0.0,0.0,0.0,891.6911589171199,0.0,0.0,0.0,0.0,0.0,0.0,0.0,855.2492171756654,1473.9474116190624,0.0,521.2418582678627,0.0,1218.8300617940804
2019-11-02,0.933496,755.1788916366627,840.5182617374898,0.0,0.0,0.0,0.0,1023.813330693945,0.0,0.0,0.0,0.0,0.0,0.0,591.6897754331939,0.0,1893.0563065137312,0.0,526.7689304891518,0.0,2236.755855519817
2019-11-09,0.934091,507.7995071047778,749.5217163380287,0.0,0.0,0.0,0.0,1076.1204835233923,0.0,0.0,0.0,0.0,525.783491131141,0.0,0.0,724.9197085042537,1588.9917975159528,0.0,0.0,0.0,1469.2648448189716
2019-11-16,1.10982,659.8274934835088,1009.8259063511254,0.0,0.0,0.0,0.0,578.6942401029094,0.0,0.0,0.0,0.0,0.0,0.0,0.0,511.4626989794938,2118.3956586797126,0.0,0.0,0.0,1665.1468080339162
2019-11-23,1.22556,533.6198642129233,0.0,0.0,0.0,0.0,0.0,1028.4170207685756,0.0,0.0,0.0,0.0,0.0,0.0,0.0,0.0,2122.8053556381324,0.0,0.0,0.0,1604.0976281710805
2019-11-30,1.19228,0.0,550.5096674068383,0.0,0.0,0.0,0.0,778.8263398712314,0.0,0.0,0.0,0.0,0.0,0.0,691.3683647404797,1034.8859683471546,1467.135287122938,0.0,0.0,0.0,1677.8637713368023
2019-12-07,1.54994,0.0,881.8513753380118,0.0,0.0,0.0,0.0,863.1977695156506,0.0,0.0,0.0,0.0,0.0,0.0,0.0,0.0,1281.1384606884733,0.0,0.0,0.0,1989.6180546070048
2019-12-14,1.69492,0.0,890.1015248318346,0.0,0.0,0.0,0.0,1057.3376449528278,0.0,0.0,0.0,0.0,0.0,0.0,0.0,0.0,1775.3845406620765,0.0,0.0,0.0,1578.936827370905
2019-12-21,2.17614,1070.3301550926,867.1356963374261,0.0,0.0,0.0,0.0,1154.6739174312409,0.0,0.0,0.0,0.0,0.0,0.0,582.665329343504,0.0,993.4963905361166,0.0,0.0,0.0,1617.151656043153
2019-12-28,3.25605,850.6521362585145,1386.683963933374,0.0,0.0,565.3989714688412,0.0,945.9920562195427,0.0,0.0,0.0,948.8679553540238,0.0,0.0,690.9919321208874,0.0,2049.1255983850265,0.0,0.0,0.0,1396.4589292471037
2020-01-04,3.38676,1167.8102737801787,2112.2304450784486,671.1121044960317,671.1121044960317,0.0,0.0,1157.5547365035638,0.0,0.0,0.0,1274.927261350355,0.0,702.8346596104197,645.6635570543258,0.0,2014.8368341465923,0.0,640.2970787575331,0.0,2153.581885199398
2020-01-11,2.78394,1883.9793730965207,2068.09415192187,526.0069615984485,526.0069615984485,0.0,0.0,1265.414060971931,0.0,0.0,0.0,1640.7801011402742,0.0,0.0,543.1632804149777,848.8857161544407,2048.610887378369,0.0,0.0,0.0,1936.2989027698743
2020-01-18,3.99424,1970.4589958060503,2661.942522337569,670.6739256961228,670.6739256961228,0.0,643.070686159497,1024.5481984073697,505.2585586114153,0.0,643.070686159497,1776.800814425265,0.0,0.0,0.0,1165.995426423147,2820.3579118822863,583.1152614704863,0.0,0.0,1567.3678446739852
2020-01-25,4.27023,1435.4433870909988,2895.8232833667994,0.0,0.0,520.4999302290288,0.0,532.708921108747,971.5738625388716,0.0,0.0,2010.233561662685,628.3265173061772,0.0,0.0,811.1226468335019,2668.711669921208,0.0,670.193864798775,0.0,2189.9671376296888
2020-02-01,4.94206,1926.52623503302,3931.1240562123417,898.1576600997598,898.1576600997597,0.0,636.9276923999496,1161.4937520107571,0.0,0.0,636.9276923999497,1169.8453843596196,468.4497129948284,0.0,0.0,1139.3545959123455,2743.583523371453,0.0,0.0,0.0,2177.604498556611
2020-02-08,5.2189,1644.0929038965255,3338.795265546344,1019.003568987846,1019.0035689878462,0.0,787.5977145835727,783.5590395252293,0.0,0.0,787.5977145835727,658.992811365879,0.0,0.0,0.0,1357.656188091585,2421.3866543902445,0.0,0.0,0.0,2284.7123770747967
2020-02-15,5.04853,2368.690401646391,3648.6684579577386,941.4240676918016,941.4240676918016,533.4869349194028,820.5282714827996,1357.6152630550057,521.5563223696598,0.0,820.5282714827996,1429.244070392205,0.0,0.0,0.0,967.0687912252196,1549.5771446330675,0.0,0.0,0.0,2308.9375820001324
2020-02-22,4.78689,1801.926304931452,2353.7497835995973,1295.9855317830045,1295.9855317830045,682.1764843047191,0.0,884.6523248675072,0.0,0.0,0.0,0.0,512.8152991023887,0.0,760.4129108373189,905.2558947000248,2285.336805766756,835.7158091537941,943.2696877932628,0.0,2944.246576121893
2020-02-29,4.77713,1808.4309834066075,4040.0274928652025,841.4105914088625,841.4105914088625,0.0,662.8107961798012,852.4923744229923,0.0,0.0,662.8107961798012,541.3694698821672,671.4804478058586,0.0,0.0,854.5027006747217,1705.537448285076,0.0,0.0,0.0,1554.6381241267595
2020-03-07,4.65736,1774.867238030452,6726.842202264748,621.531203026372,621.531203026372,0.0,740.3929831130964,878.3560428556974,539.2896068049429,0.0,740.3929831130964,708.4860493677274,540.0612321685209,0.0,0.0,2337.279611400495,2082.4919175447544,0.0,0.0,0.0,1399.449716447772
2020-03-14,5.04102,3163.9691390031294,10589.269304542677,1150.8563525355585,1150.8563525355585,825.868664942025,886.3631793288463,813.7432547356393,788.6012252274846,0.0,886.3631793288463,0.0,1119.4939756979802,0.0,0.0,2245.9087253425537,2763.510031941525,0.0,0.0,0.0,1965.5938373384777
2020-03-21,6.69977,2244.3332025417303,8225.310874665012,900.7778434693588,900.7778434693588,679.4534920068451,637.1715824274283,1349.8751094066142,568.9365852643073,0.0,637.1715824274283,0.0,977.2562272174858,0.0,0.0,2091.724797272804,3327.917037914319,0.0,0.0,0.0,2134.2608167159046
2020-03-28,2.8158,1222.5383263773908,6344.225411505035,0.0,0.0,434.06200436174265,0.0,656.0398008749329,0.0,0.0,0.0,494.3476507827433,0.0,0.0,0.0,1098.073354694951,3460.3983244074484,0.0,0.0,0.0,1690.400308059253
2020-04-04,2.10323,669.7881514334013,5995.743091093371,813.2461476845709,813.2461476845709,0.0,0.0,796.7666760465078,0.0,0.0,0.0,0.0,521.7438082504477,0.0,0.0,1159.7226098287583,1686.3245512757112,0.0,0.0,0.0,1407.7893525305249
2020-04-11,1.00185,491.8087498032383,3884.852264605786,0.0,0.0,0.0,0.0,549.2138733253955,0.0,0.0,0.0,0.0,389.25996308799193,0.0,0.0,772.8376650443676,1657.120163458477,0.0,0.0,0.0,1156.3465610464111
2020-04-18,0.912365,0.0,3138.0726317431827,0.0,0.0,0.0,0.0,509.8035800511464,0.0,0.0,0.0,0.0,0.0,0.0,0.0,629.0229505530548,1307.0502188022715,0.0,0.0,0.0,1244.107921955161
2020-04-25,0.671141,445.823058670119,3529.005975959537,0.0,0.0,0.0,0.0,0.0,0.0,0.0,0.0,0.0,0.0,0.0,0.0,0.0,445.15347673457234,0.0,0.0,0.0,1067.7043509499874
2020-05-02,0.625768,0.0,2978.6959419173872,0.0,0.0,438.14643767685607,0.0,0.0,0.0,0.0,0.0,0.0,0.0,0.0,0.0,896.6200212073289,965.9536523298752,0.0,0.0,0.0,1001.1836392244865
2020-05-09,0.589696,474.6243049864715,2613.512285144277,0.0,0.0,0.0,0.0,401.4987943561464,0.0,0.0,0.0,0.0,0.0,0.0,0.0,548.4733229790282,813.994047491891,0.0,0.0,0.0,823.0168065019901
2020-05-16,0.561632,0.0,2456.4776575207666,0.0,0.0,0.0,0.0,0.0,0.0,0.0,0.0,0.0,0.0,0.0,0.0,0.0,521.7354892628022,0.0,0.0,0.0,1054.7327480534052
2020-05-23,0.465074,0.0,1166.9829255750803,0.0,0.0,0.0,0.0,0.0,0.0,0.0,0.0,0.0,0.0,0.0,0.0,463.3398136445697,474.2792655508139,0.0,0.0,0.0,902.3898955316704
2020-05-30,0.392017,0.0,2045.7246905449365,0.0,0.0,0.0,0.0,0.0,0.0,0.0,0.0,0.0,0.0,0.0,0.0,0.0,843.6154886086168,0.0,0.0,0.0,793.3575871001814
2020-06-06,0.350939,0.0,684.6319021147104,0.0,0.0,0.0,0.0,0.0,0.0,0.0,0.0,0.0,0.0,0.0,0.0,0.0,624.8412718493132,0.0,0.0,0.0,553.8104011867064
2020-06-13,0.313719,0.0,1075.1546823786766,0.0,0.0,0.0,0.0,0.0,0.0,0.0,0.0,0.0,0.0,0.0,0.0,0.0,570.3612985402967,0.0,569.0490344300592,0.0,735.0084623131482
2020-06-20,0.312793,476.34986605031287,734.5673232671766,0.0,0.0,0.0,0.0,0.0,713.7145407908716,0.0,0.0,0.0,0.0,0.0,0.0,0.0,562.779383571129,0.0,0.0,0.0,1006.478412238078
2020-06-27,0.381308,0.0,932.1364389325214,0.0,0.0,0.0,0.0,0.0,0.0,0.0,0.0,0.0,0.0,0.0,477.45353090754094,579.3117114121796,615.5770108356093,0.0,0.0,0.0,782.9976402592763
