date,Mississippi,the flu,flu symptoms,rsv,flu how long,how long flu,flu a,flu cold,flu contagious,contagious flu,the flu symptoms,symptoms of flu,pneumonia,flu type,type a flu,oscillococcinum,fever flu,flu fever,cold,flu type a,influenza a
2010-10-09,2.9098,0.0,0.0,0.0,0.0,0.0,0.0,0.0,0.0,0.0,0.0,0.0,2469.674682102749,0.0,0.0,0.0,0.0,0.0,4240.290610268131,0.0,0.0
2010-10-16,2.97075,0.0,0.0,1698.4744579420117,0.0,0.0,0.0,0.0,0.0,0.0,0.0,0.0,0.0,0.0,0.0,0.0,0.0,0.0,5246.819216102772,0.0,0.0
2010-10-23,2.98141,0.0,0.0,0.0,0.0,0.0,0.0,0.0,0.0,0.0,0.0,0.0,0.0,0.0,0.0,0.0,0.0,0.0,4077.156206677125,0.0,0.0
2010-10-30,3.14804,0.0,0.0,0.0,0.0,0.0,0.0,0.0,0.0,0.0,0.0,1633.1309240798803,0.0,0.0,0.0,0.0,0.0,0.0,5987.001154196133,0.0,0.0
2010-11-06,3.3557,1544.411453538689,0.0,0.0,0.0,0.0,0.0,0.0,0.0,0.0,0.0,0.0,0.0,0.0,0.0,0.0,0.0,0.0,5157.327914389665,0.0,0.0
2010-11-13,3.93095,1568.5617975835426,0.0,0.0,0.0,0.0,0.0,0.0,0.0,0.0,0.0,0.0,0.0,0.0,0.0,0.0,0.0,0.0,7463.692851746876,0.0,0.0
2010-11-20,4.46575,0.0,0.0,0.0,0.0,0.0,0.0,0.0,0.0,0.0,0.0,0.0,0.0,0.0,0.0,0.0,0.0,0.0,7273.213874135918,0.0,0.0
2010-11-27,4.83811,0.0,0.0,0.0,0.0,0.0,0.0,0.0,0.0,0.0,0.0,0.0,0.0,0.0,0.0,0.0,0.0,0.0,6624.920310817857,0.0,0.0
2010-12-04,4.88509,0.0,0.0,0.0,0.0,0.0,0.0,0.0,0.0,0.0,0.0,0.0,0.0,0.0,0.0,0.0,0.0,0.0,7734.484188547206,0.0,0.0
2010-12-11,5.33836,0.0,0.0,0.0,0.0,0.0,0.0,0.0,0.0,0.0,0.0,0.0,0.0,0.0,0.0,0.0,0.0,0.0,9514.558253628882,0.0,1980.8233730798245
2010-12-18,8.81573,2114.38106617624,2768.912833719376,0.0,0.0,0.0,0.0,0.0,0.0,0.0,0.0,0.0,0.0,0.0,0.0,1915.3721174156312,0.0,0.0,8587.83636083186,0.0,0.0
2010-12-25,10.8166,0.0,2642.364421597525,0.0,0.0,0.0,0.0,0.0,0.0,0.0,0.0,0.0,0.0,0.0,0.0,0.0,0.0,0.0,8552.749759387292,0.0,0.0
2011-01-01,9.03389,2249.3650753290613,2877.183356789032,0.0,0.0,0.0,0.0,0.0,0.0,0.0,0.0,0.0,3750.199161152888,0.0,0.0,0.0,0.0,0.0,7493.058937540512,0.0,0.0
2011-01-08,6.75844,1641.866380602687,1001.8813184002648,0.0,0.0,0.0,1052.5105678137215,0.0,0.0,0.0,0.0,0.0,0.0,0.0,0.0,0.0,0.0,0.0,7805.526135785902,0.0,0.0
2011-01-15,5.94459,0.0,0.0,0.0,0.0,0.0,0.0,0.0,0.0,0.0,0.0,0.0,1763.830495173293,0.0,0.0,0.0,0.0,0.0,8414.865591726948,0.0,0.0
2011-01-22,6.62632,980.9320515037332,0.0,0.0,0.0,0.0,0.0,0.0,0.0,0.0,0.0,0.0,1795.434997850885,0.0,0.0,0.0,0.0,0.0,8245.90986989562,0.0,0.0
2011-01-29,6.58129,0.0,1840.0098735714207,2107.7824214011,0.0,0.0,0.0,0.0,0.0,0.0,0.0,0.0,1086.7682951962445,0.0,0.0,0.0,0.0,0.0,3816.722377982366,0.0,0.0
2011-02-05,6.80856,0.0,0.0,1966.2861940994185,0.0,0.0,0.0,0.0,0.0,0.0,0.0,0.0,1562.6005281648286,0.0,0.0,0.0,0.0,0.0,7320.188047996226,0.0,0.0
2011-02-12,6.14754,977.4137965026948,0.0,2289.743573074557,0.0,0.0,0.0,0.0,0.0,0.0,0.0,1238.0680656241525,950.6200602958804,0.0,0.0,0.0,0.0,0.0,7657.927484413457,0.0,0.0
2011-02-19,5.96418,0.0,0.0,982.7418537288244,0.0,0.0,0.0,0.0,0.0,0.0,0.0,0.0,1653.7777001535842,0.0,0.0,0.0,0.0,0.0,5230.984728200411,0.0,0.0
2011-02-26,5.0174,0.0,0.0,1153.1852846451986,1484.04587682416,0.0,0.0,0.0,0.0,0.0,0.0,0.0,1049.7603045599851,0.0,0.0,0.0,0.0,0.0,5179.020094312801,0.0,0.0
2011-03-05,4.25786,1213.829085977401,0.0,0.0,0.0,0.0,0.0,0.0,0.0,0.0,0.0,980.4975422780992,1155.194907914976,0.0,0.0,0.0,0.0,0.0,5473.5142402408,0.0,0.0
2011-03-12,4.01552,0.0,0.0,0.0,0.0,0.0,0.0,0.0,0.0,0.0,0.0,0.0,1245.3749739489476,0.0,0.0,0.0,0.0,0.0,5592.290850719855,0.0,0.0
2011-03-19,3.77297,0.0,0.0,0.0,0.0,0.0,0.0,0.0,0.0,0.0,0.0,0.0,1182.017697240922,0.0,0.0,0.0,0.0,0.0,6128.019330492973,0.0,0.0
2011-03-26,3.04018,1064.48314785916,0.0,0.0,0.0,910.5564046852024,0.0,1212.4418613732676,0.0,0.0,0.0,0.0,0.0,1049.3716328872229,0.0,0.0,0.0,0.0,4946.446823648551,0.0,0.0
2011-04-02,3.35792,0.0,0.0,0.0,0.0,0.0,0.0,0.0,0.0,0.0,0.0,0.0,0.0,0.0,0.0,0.0,0.0,0.0,6122.575620006561,0.0,0.0
2011-04-09,3.13642,0.0,0.0,0.0,0.0,0.0,0.0,0.0,0.0,0.0,0.0,0.0,1501.394776647791,0.0,0.0,0.0,0.0,0.0,6926.730244784697,0.0,0.0
2011-04-16,3.1314,0.0,0.0,0.0,0.0,0.0,0.0,0.0,0.0,0.0,0.0,0.0,1609.101984416938,0.0,0.0,0.0,0.0,0.0,5794.045032935241,0.0,0.0
2011-04-23,2.85882,0.0,0.0,0.0,0.0,0.0,0.0,0.0,0.0,0.0,0.0,0.0,1343.4625660981462,0.0,0.0,0.0,0.0,0.0,4734.503628010753,0.0,0.0
2011-04-30,2.72215,0.0,0.0,0.0,0.0,0.0,0.0,0.0,0.0,0.0,1056.9628278769994,0.0,0.0,0.0,0.0,0.0,0.0,0.0,5839.8848756588295,0.0,0.0
2011-05-07,2.32148,0.0,0.0,0.0,0.0,0.0,0.0,0.0,0.0,0.0,0.0,0.0,950.1642176792052,0.0,0.0,0.0,0.0,0.0,6642.759349121306,0.0,0.0
2011-05-14,2.40229,0.0,0.0,0.0,0.0,0.0,0.0,0.0,0.0,0.0,0.0,0.0,0.0,0.0,0.0,0.0,0.0,0.0,4270.183436470588,0.0,0.0
2011-05-21,2.18672,0.0,0.0,0.0,0.0,0.0,0.0,0.0,0.0,0.0,0.0,0.0,0.0,0.0,0.0,0.0,0.0,0.0,7722.165005080235,0.0,0.0
2011-05-28,2.27182,0.0,0.0,0.0,0.0,0.0,0.0,0.0,0.0,0.0,0.0,0.0,0.0,0.0,0.0,0.0,0.0,0.0,5220.806735081645,0.0,0.0
2011-06-04,2.40786,0.0,0.0,0.0,0.0,0.0,0.0,0.0,0.0,0.0,0.0,0.0,0.0,0.0,0.0,0.0,0.0,0.0,5825.931901280358,0.0,0.0
2011-06-11,2.13416,0.0,0.0,0.0,0.0,0.0,0.0,0.0,0.0,0.0,0.0,0.0,948.6882768055224,0.0,0.0,0.0,0.0,0.0,5965.525573583722,0.0,0.0
2011-06-18,1.88371,0.0,0.0,0.0,0.0,0.0,0.0,0.0,0.0,0.0,0.0,0.0,979.814265897272,0.0,0.0,991.6355698831431,0.0,0.0,4544.442269830001,0.0,0.0
2011-06-25,1.8323,0.0,0.0,0.0,0.0,0.0,0.0,0.0,0.0,0.0,0.0,0.0,985.780361891176,0.0,0.0,0.0,0.0,0.0,4897.017840090983,0.0,0.0
2011-07-02,1.63593,0.0,996.9264970368909,0.0,0.0,0.0,0.0,0.0,956.2423013245613,956.2423013245613,0.0,0.0,0.0,0.0,0.0,0.0,0.0,0.0,5022.953887698605,0.0,0.0
2011-07-09,1.7163,0.0,0.0,0.0,0.0,0.0,0.0,0.0,0.0,0.0,0.0,0.0,0.0,0.0,0.0,0.0,0.0,0.0,5045.808009791685,0.0,0.0
2011-07-16,1.64122,0.0,0.0,0.0,0.0,0.0,0.0,0.0,0.0,0.0,0.0,0.0,0.0,0.0,0.0,0.0,0.0,0.0,5494.915806892936,0.0,0.0
2011-07-23,1.83892,0.0,0.0,958.0850268035792,0.0,0.0,0.0,0.0,0.0,0.0,0.0,0.0,0.0,0.0,0.0,0.0,0.0,0.0,3971.7765424813383,0.0,0.0
2011-07-30,1.51907,0.0,0.0,0.0,0.0,0.0,0.0,0.0,0.0,0.0,0.0,0.0,948.5836798441604,0.0,0.0,0.0,0.0,0.0,4711.090054256968,0.0,0.0
2011-08-06,1.46256,0.0,0.0,0.0,0.0,0.0,0.0,0.0,0.0,0.0,0.0,0.0,1058.8796921493667,0.0,0.0,0.0,0.0,0.0,4162.817560161079,0.0,0.0
2011-08-13,1.61967,0.0,0.0,0.0,0.0,0.0,0.0,0.0,0.0,0.0,0.0,0.0,938.701373720654,0.0,0.0,0.0,971.2994006190836,971.2994006190836,5283.143212121925,0.0,0.0
2011-08-20,1.95423,0.0,0.0,0.0,0.0,0.0,0.0,0.0,1247.0595578766538,1247.0595578766538,0.0,0.0,906.2721026849968,0.0,0.0,0.0,0.0,0.0,3935.6213628308815,0.0,0.0
2011-08-27,2.57653,0.0,0.0,0.0,0.0,0.0,0.0,0.0,0.0,0.0,0.0,0.0,0.0,0.0,0.0,0.0,885.7623626986713,885.7623626986713,4516.2756643679095,0.0,0.0
2011-09-03,2.05144,0.0,0.0,0.0,0.0,0.0,0.0,0.0,0.0,0.0,0.0,0.0,0.0,0.0,0.0,0.0,0.0,0.0,4918.65437712256,0.0,0.0
2011-09-10,2.48053,0.0,0.0,0.0,0.0,0.0,0.0,0.0,0.0,0.0,0.0,0.0,1108.181460551135,0.0,0.0,0.0,0.0,0.0,4851.2239668391785,0.0,0.0
2011-09-17,2.35249,0.0,0.0,0.0,0.0,0.0,0.0,0.0,0.0,0.0,0.0,0.0,1688.376881139967,0.0,0.0,0.0,0.0,0.0,6065.614376275149,0.0,0.0
2011-09-24,2.43185,0.0,0.0,0.0,0.0,0.0,0.0,0.0,0.0,0.0,0.0,0.0,1331.2852437841843,0.0,0.0,0.0,0.0,0.0,5042.095884423218,0.0,0.0
2011-10-01,2.79782,0.0,0.0,0.0,0.0,0.0,0.0,0.0,0.0,0.0,0.0,0.0,1767.9478411470752,0.0,0.0,0.0,0.0,0.0,5455.439470276967,0.0,0.0
2011-10-08,2.62725,0.0,0.0,0.0,0.0,0.0,0.0,0.0,0.0,0.0,0.0,0.0,812.951100092288,0.0,0.0,0.0,0.0,0.0,6124.65975572958,0.0,0.0
2011-10-15,2.59877,0.0,811.6137940636827,0.0,0.0,0.0,0.0,0.0,0.0,0.0,0.0,0.0,850.5610392069152,0.0,0.0,0.0,0.0,0.0,4462.768125934557,0.0,0.0
2011-10-22,2.61265,0.0,0.0,0.0,0.0,0.0,0.0,0.0,0.0,0.0,0.0,0.0,1088.1384539317376,0.0,0.0,0.0,0.0,0.0,7142.609804459642,0.0,0.0
2011-10-29,2.69223,0.0,1257.9574410938742,773.1477802769167,0.0,0.0,0.0,0.0,818.2568254009325,818.2568254009325,0.0,0.0,1930.315054347026,0.0,0.0,0.0,0.0,0.0,6880.278134631078,0.0,0.0
2011-11-05,2.85042,923.1436544035098,0.0,0.0,0.0,0.0,0.0,0.0,0.0,0.0,0.0,0.0,1778.770427188722,0.0,0.0,0.0,0.0,0.0,6777.583387352407,0.0,0.0
2011-11-12,3.22581,0.0,0.0,0.0,0.0,0.0,0.0,0.0,0.0,0.0,0.0,0.0,1332.5813118584408,0.0,0.0,0.0,0.0,0.0,6467.397203701699,0.0,0.0
2011-11-19,3.53311,0.0,0.0,0.0,0.0,0.0,0.0,0.0,0.0,0.0,0.0,0.0,1454.8234774706357,0.0,0.0,0.0,0.0,0.0,6555.154054670139,0.0,0.0
2011-11-26,2.8728,0.0,0.0,0.0,0.0,0.0,0.0,0.0,0.0,0.0,0.0,0.0,1546.74740251837,0.0,0.0,0.0,0.0,0.0,3828.960123312946,0.0,0.0
2011-12-03,3.36865,0.0,0.0,0.0,0.0,0.0,0.0,0.0,0.0,0.0,0.0,0.0,1526.9263694718877,0.0,0.0,0.0,0.0,0.0,8671.927686812835,0.0,0.0
2011-12-10,4.28481,0.0,0.0,935.4299452584794,0.0,0.0,748.2937636971618,0.0,0.0,0.0,0.0,0.0,0.0,0.0,0.0,0.0,0.0,0.0,9345.42915308848,0.0,0.0
2011-12-17,3.77676,0.0,979.0482324583888,881.0040299517942,0.0,0.0,0.0,0.0,0.0,0.0,0.0,0.0,1312.5110402096188,0.0,0.0,0.0,0.0,0.0,6517.966277317147,0.0,0.0
2011-12-24,3.97266,0.0,0.0,0.0,0.0,0.0,0.0,0.0,0.0,0.0,0.0,0.0,1442.341109637004,0.0,0.0,0.0,0.0,0.0,6552.943150539334,0.0,0.0
2011-12-31,4.14514,0.0,0.0,0.0,0.0,0.0,0.0,0.0,0.0,0.0,0.0,0.0,962.7070335827968,0.0,0.0,0.0,0.0,0.0,6755.987863945461,0.0,0.0
2012-01-07,2.97906,0.0,0.0,0.0,0.0,0.0,0.0,0.0,0.0,0.0,0.0,0.0,983.370354845879,0.0,0.0,0.0,819.4196836229229,819.4196836229229,7132.210291396937,0.0,0.0
2012-01-14,3.46842,0.0,0.0,874.7322723631445,0.0,0.0,0.0,0.0,0.0,0.0,0.0,0.0,0.0,0.0,0.0,0.0,0.0,0.0,6312.014883948932,0.0,0.0
2012-01-21,3.05138,0.0,0.0,1474.88448009919,0.0,0.0,0.0,0.0,0.0,0.0,0.0,0.0,1491.1538418788152,0.0,0.0,0.0,0.0,0.0,5874.73547127631,0.0,0.0
2012-01-28,3.17245,0.0,0.0,1774.162810753994,0.0,0.0,0.0,0.0,0.0,0.0,0.0,0.0,1574.2116898862464,0.0,0.0,0.0,0.0,0.0,6416.835209013728,0.0,0.0
2012-02-04,4.15225,0.0,0.0,813.2910129447746,0.0,0.0,0.0,0.0,0.0,0.0,0.0,0.0,1234.1046734578756,0.0,679.7181614223988,0.0,0.0,0.0,5649.896671363434,0.0,0.0
2012-02-11,4.07314,0.0,0.0,1187.294607288845,0.0,0.0,0.0,0.0,0.0,0.0,0.0,0.0,1664.0519297940002,0.0,0.0,0.0,0.0,0.0,5921.758698681504,0.0,0.0
2012-02-18,3.86596,0.0,0.0,823.7683578146148,0.0,0.0,0.0,0.0,0.0,0.0,0.0,0.0,1553.5229302924488,0.0,0.0,0.0,0.0,0.0,7938.866522722206,0.0,0.0
2012-02-25,3.83416,0.0,0.0,1071.7945698506103,0.0,0.0,0.0,0.0,0.0,0.0,0.0,0.0,1964.109409046414,0.0,0.0,0.0,0.0,0.0,7016.692892808678,0.0,0.0
2012-03-03,4.67671,930.066781118529,1110.6765569615625,1207.128030461315,0.0,0.0,0.0,0.0,0.0,0.0,0.0,0.0,1763.943006460593,0.0,0.0,0.0,0.0,0.0,6623.683290583478,0.0,0.0
2012-03-10,5.17955,702.2322792994142,0.0,0.0,0.0,0.0,750.9904123651972,0.0,0.0,0.0,0.0,0.0,1293.1629485285907,0.0,0.0,0.0,0.0,0.0,6360.6085928948,0.0,0.0
2012-03-17,5.32075,864.257231699563,974.254374337013,759.802199389187,0.0,0.0,0.0,0.0,0.0,0.0,0.0,0.0,1249.2375855239245,0.0,0.0,0.0,0.0,0.0,5295.82566516526,0.0,0.0
2012-03-24,4.37794,0.0,0.0,0.0,0.0,0.0,0.0,0.0,0.0,0.0,0.0,0.0,798.4726302564413,0.0,0.0,0.0,0.0,0.0,5062.160655952714,0.0,0.0
2012-03-31,4.1368,0.0,952.022668434581,0.0,0.0,0.0,0.0,0.0,0.0,0.0,0.0,0.0,1460.9090765148687,0.0,0.0,0.0,0.0,0.0,5495.132479975519,0.0,0.0
2012-04-07,3.82471,0.0,0.0,0.0,0.0,0.0,0.0,0.0,0.0,0.0,0.0,0.0,1447.412687569495,0.0,0.0,0.0,0.0,0.0,5626.294834703113,0.0,0.0
2012-04-14,3.21383,0.0,0.0,0.0,0.0,0.0,0.0,0.0,0.0,0.0,0.0,0.0,0.0,0.0,0.0,0.0,0.0,0.0,6979.489834293899,0.0,0.0
2012-04-21,2.77607,0.0,0.0,0.0,0.0,0.0,0.0,0.0,0.0,0.0,0.0,0.0,1349.700219508738,0.0,0.0,0.0,0.0,0.0,6972.970267022821,0.0,0.0
2012-04-28,2.9274,0.0,0.0,0.0,0.0,0.0,0.0,1157.8917002034689,0.0,0.0,0.0,0.0,1608.266638411456,0.0,0.0,0.0,0.0,0.0,5312.377664216268,0.0,0.0
2012-05-05,3.18757,0.0,0.0,0.0,0.0,0.0,0.0,0.0,0.0,0.0,0.0,0.0,0.0,0.0,0.0,0.0,0.0,0.0,5525.219048345368,0.0,0.0
2012-05-12,3.09789,0.0,0.0,0.0,0.0,0.0,0.0,0.0,0.0,0.0,0.0,696.7165254535649,743.0166314417985,0.0,0.0,0.0,0.0,0.0,6566.242617805402,0.0,0.0
2012-05-19,3.35361,0.0,0.0,0.0,0.0,0.0,0.0,0.0,0.0,0.0,0.0,0.0,1485.060741593308,0.0,0.0,0.0,0.0,0.0,5816.725855410326,0.0,0.0
2012-05-26,3.72832,0.0,0.0,0.0,0.0,0.0,0.0,0.0,0.0,0.0,0.0,0.0,1170.4758285375667,0.0,0.0,0.0,0.0,0.0,4933.0817311574365,0.0,0.0
2012-06-02,2.77309,0.0,0.0,0.0,0.0,0.0,0.0,0.0,0.0,0.0,0.0,0.0,1043.4140766769583,0.0,0.0,0.0,0.0,0.0,5968.14018732458,0.0,0.0
2012-06-09,2.96261,0.0,0.0,0.0,0.0,0.0,0.0,0.0,0.0,0.0,0.0,0.0,1112.546456984882,0.0,0.0,0.0,1209.1684541938207,1209.1684541938207,4583.936799858374,0.0,0.0
2012-06-16,2.84244,0.0,0.0,0.0,0.0,0.0,0.0,0.0,0.0,0.0,0.0,0.0,1099.3471022503472,0.0,0.0,0.0,0.0,0.0,6148.943474857288,0.0,0.0
2012-06-23,1.93061,0.0,0.0,0.0,0.0,0.0,0.0,0.0,0.0,0.0,0.0,0.0,1436.1706168389892,0.0,0.0,0.0,0.0,0.0,5799.162780411759,0.0,0.0
2012-06-30,2.54899,0.0,0.0,0.0,0.0,0.0,0.0,0.0,0.0,0.0,0.0,733.5643757469954,987.034938760208,0.0,0.0,0.0,0.0,0.0,5663.190759293156,0.0,0.0
2012-07-07,2.21041,0.0,0.0,0.0,0.0,0.0,0.0,0.0,0.0,0.0,0.0,0.0,1168.5480463221654,0.0,0.0,0.0,0.0,0.0,5875.398482340694,0.0,0.0
2012-07-14,2.04362,0.0,0.0,0.0,0.0,0.0,0.0,0.0,0.0,0.0,0.0,0.0,0.0,0.0,0.0,0.0,0.0,0.0,4665.469427371912,0.0,0.0
2012-07-21,2.06145,0.0,0.0,0.0,0.0,0.0,0.0,0.0,0.0,0.0,0.0,0.0,1016.8724887733716,0.0,0.0,0.0,0.0,0.0,4684.396415100573,0.0,0.0
2012-07-28,2.77476,0.0,0.0,0.0,0.0,0.0,0.0,0.0,0.0,0.0,0.0,0.0,781.8926241794792,0.0,752.7840244045584,0.0,0.0,0.0,5960.447119872424,0.0,0.0
2012-08-04,3.34141,0.0,0.0,0.0,0.0,0.0,0.0,0.0,0.0,0.0,0.0,0.0,1019.9751612057696,0.0,0.0,0.0,0.0,0.0,5760.978823534672,0.0,0.0
2012-08-11,2.56314,0.0,0.0,0.0,0.0,0.0,0.0,0.0,0.0,0.0,0.0,0.0,1040.222414062206,0.0,0.0,0.0,0.0,0.0,6105.182332425705,0.0,0.0
2012-08-18,2.02938,0.0,0.0,0.0,0.0,0.0,0.0,0.0,0.0,0.0,0.0,0.0,1171.188618253815,0.0,0.0,0.0,0.0,0.0,4759.193532005225,0.0,0.0
2012-08-25,2.32719,0.0,0.0,0.0,0.0,0.0,0.0,0.0,0.0,0.0,0.0,0.0,1378.7095739610963,0.0,0.0,0.0,0.0,0.0,6740.042206154119,0.0,0.0
2012-09-01,2.83371,0.0,0.0,0.0,0.0,0.0,0.0,0.0,0.0,0.0,0.0,0.0,1159.0506057656726,0.0,0.0,0.0,0.0,0.0,5586.721136620796,0.0,0.0
2012-09-08,2.40038,0.0,0.0,0.0,0.0,0.0,0.0,0.0,0.0,0.0,0.0,0.0,1101.0419221258762,0.0,0.0,0.0,752.1931054632321,752.1931054632322,5592.719890523139,0.0,0.0
2012-09-15,2.16875,0.0,0.0,0.0,0.0,0.0,0.0,0.0,0.0,0.0,0.0,0.0,1112.3156360477906,0.0,0.0,0.0,0.0,0.0,6357.700910461938,666.3481141490319,0.0
2012-09-22,2.93781,745.8542230603969,0.0,0.0,0.0,0.0,0.0,0.0,0.0,0.0,0.0,0.0,892.2973485994361,0.0,0.0,0.0,0.0,0.0,6384.907279448399,0.0,0.0
2012-09-29,3.18698,0.0,0.0,0.0,0.0,0.0,0.0,0.0,0.0,0.0,0.0,0.0,1670.2528690490878,0.0,0.0,0.0,0.0,0.0,4668.612815889183,0.0,0.0
2012-10-06,3.24119,0.0,0.0,0.0,0.0,0.0,924.1726946839104,0.0,1138.898456906585,1138.8984569065851,0.0,0.0,999.4603245070888,0.0,720.4152088153537,0.0,0.0,0.0,5847.432091427807,0.0,0.0
2012-10-13,3.53982,0.0,697.8006252942574,0.0,652.7722395937851,0.0,0.0,0.0,0.0,0.0,0.0,0.0,1407.8853610884275,0.0,0.0,0.0,0.0,0.0,6971.18317699313,0.0,0.0
2012-10-20,3.8453,701.8288643839362,0.0,785.3352247706085,0.0,0.0,0.0,0.0,0.0,0.0,0.0,0.0,915.4013896932564,0.0,0.0,0.0,0.0,0.0,7247.402390858511,0.0,0.0
2012-10-27,4.11831,0.0,0.0,0.0,0.0,0.0,0.0,0.0,0.0,0.0,0.0,0.0,1679.284238026604,0.0,0.0,0.0,0.0,0.0,6519.682890361792,0.0,0.0
2012-11-03,4.32281,976.46727300519,767.5079604348163,0.0,0.0,0.0,0.0,664.3272707745188,0.0,0.0,0.0,0.0,1535.4344633963303,0.0,0.0,0.0,0.0,0.0,8108.503910596816,0.0,0.0
2012-11-10,5.37964,798.3197919361752,0.0,0.0,0.0,0.0,1001.5950515388416,0.0,644.0732087662992,644.0732087662992,0.0,0.0,2103.8611803316385,0.0,0.0,0.0,0.0,0.0,6131.2599019175605,0.0,0.0
2012-11-17,6.50728,1082.0326856322918,0.0,0.0,0.0,0.0,625.2712318998302,0.0,0.0,0.0,0.0,0.0,1501.9981092878622,0.0,0.0,0.0,0.0,0.0,8036.050997727558,0.0,0.0
2012-11-24,8.56248,1250.735210190261,0.0,0.0,0.0,0.0,0.0,762.7559185292791,0.0,0.0,0.0,0.0,1171.0637072643344,0.0,0.0,0.0,0.0,0.0,6261.807168720023,0.0,0.0
2012-12-01,6.95423,1504.4952973984336,1138.132050180422,0.0,0.0,0.0,763.0866536431994,0.0,0.0,0.0,0.0,0.0,1601.3102010198083,0.0,0.0,0.0,755.8916082770411,755.891608277041,8240.544296512544,0.0,0.0
2012-12-08,8.21743,2544.834486278053,1820.1923632471369,0.0,1086.5160743050376,1377.3727185359771,1340.7357709876153,645.1543787884525,735.816887343382,735.816887343382,0.0,0.0,1476.0513282773352,0.0,894.6412031366779,0.0,0.0,0.0,7319.604838639999,0.0,0.0
2012-12-15,8.64163,2323.252112398222,2489.3245400730143,667.5920378269348,728.27248032859,978.7978066788728,0.0,0.0,0.0,0.0,0.0,789.3309896543348,1419.5835382869757,0.0,1027.9412065570273,0.0,0.0,0.0,7751.667635089974,0.0,0.0
2012-12-22,13.2534,3529.832042533817,2894.8780987700093,1803.88491403486,726.6592943331709,0.0,1109.356327275354,0.0,0.0,0.0,0.0,1177.5084690787066,1969.9514128933347,0.0,0.0,0.0,0.0,0.0,7126.557417397028,0.0,0.0
2012-12-29,11.5652,2619.5180261457726,1719.1224145680142,1727.7835988961936,1133.5004502724112,762.5793562710919,1152.6193666612692,0.0,0.0,0.0,0.0,0.0,2150.1212261740807,0.0,0.0,0.0,0.0,0.0,8469.879445373945,0.0,0.0
2013-01-05,8.14324,1815.2500038490864,1946.8487495389777,1561.6348419386725,0.0,644.0765134207973,0.0,0.0,0.0,0.0,0.0,0.0,1648.747557902218,0.0,0.0,0.0,0.0,0.0,8751.231466994472,0.0,0.0
2013-01-12,6.70186,3373.6553383247565,2732.56606469052,1006.4457527242638,801.7040589035827,0.0,1869.920405157283,0.0,0.0,0.0,0.0,669.0487085067064,1829.3062687080223,0.0,0.0,0.0,0.0,0.0,7546.733321253705,0.0,0.0
2013-01-19,6.09412,2685.6785461642435,2175.0010346988734,993.1268152697172,945.8080848669651,661.2907179522933,697.6807394087801,0.0,0.0,0.0,823.2405136863723,1220.1868424292277,797.918908916945,0.0,0.0,0.0,0.0,0.0,7284.58830719652,0.0,0.0
2013-01-26,5.95498,1347.61164243542,2241.093903619402,1040.1580320606051,0.0,913.3751915734769,839.310637626794,0.0,0.0,0.0,0.0,0.0,1625.1112190416711,0.0,0.0,0.0,0.0,0.0,6872.425558224951,0.0,0.0
2013-02-02,5.44546,602.6439471836429,1255.561974513575,0.0,630.147212161703,0.0,1128.067794302804,0.0,0.0,0.0,0.0,0.0,1163.6918498461955,0.0,0.0,0.0,0.0,0.0,6253.8158742865135,677.2996055765266,0.0
2013-02-09,5.19833,1574.2197937464089,1415.8187850697889,720.2129576912334,0.0,0.0,590.7804252549481,0.0,0.0,0.0,640.1488140906448,0.0,745.1829537070074,0.0,0.0,0.0,0.0,0.0,5753.537510761016,0.0,0.0
2013-02-16,4.6582,710.5759178392233,824.8826399706674,591.554604568633,0.0,0.0,0.0,0.0,0.0,0.0,0.0,0.0,1441.9372405065426,0.0,0.0,0.0,0.0,0.0,6001.887895596486,0.0,0.0
2013-02-23,4.86339,775.3702612965161,0.0,601.9651642760971,0.0,0.0,0.0,0.0,0.0,0.0,0.0,0.0,1645.6792852794658,0.0,0.0,0.0,0.0,0.0,6204.636280134832,0.0,0.0
2013-03-02,5.46707,564.2309328724334,0.0,637.5481812904975,0.0,0.0,0.0,0.0,0.0,0.0,0.0,0.0,1273.0112320671512,0.0,0.0,0.0,0.0,0.0,7694.541217525082,0.0,0.0
2013-03-09,5.2593,914.9189935264792,1064.1652385930324,626.4415939454185,0.0,0.0,0.0,592.5505950694267,0.0,0.0,0.0,0.0,1367.3428059204823,0.0,0.0,0.0,0.0,0.0,6954.164843351456,0.0,0.0
2013-03-16,5.7033,678.0485460209435,0.0,0.0,0.0,0.0,0.0,0.0,0.0,0.0,0.0,0.0,806.9665696150587,0.0,0.0,0.0,0.0,0.0,7706.517029226792,0.0,0.0
2013-03-23,4.08434,650.2192666594302,594.2238767718247,610.7892209421841,0.0,1104.887163112274,0.0,0.0,0.0,0.0,0.0,0.0,999.79147761225,0.0,0.0,0.0,0.0,0.0,6233.791217607447,0.0,0.0
2013-03-30,4.27448,0.0,970.2202319759282,0.0,0.0,0.0,0.0,0.0,0.0,0.0,0.0,0.0,953.014907345128,0.0,0.0,0.0,598.4661124924093,598.4661124924095,6611.257050435515,0.0,0.0
2013-04-06,3.68828,1130.9258395864654,0.0,0.0,0.0,0.0,0.0,0.0,0.0,0.0,0.0,0.0,910.5282091897236,0.0,0.0,0.0,0.0,0.0,5852.167002589594,0.0,0.0
2013-04-13,3.17919,881.6554415388958,0.0,0.0,0.0,0.0,0.0,0.0,0.0,0.0,0.0,0.0,900.0201522724925,0.0,0.0,0.0,0.0,0.0,5708.868173831534,0.0,0.0
2013-04-20,2.58736,0.0,0.0,0.0,0.0,0.0,0.0,0.0,0.0,0.0,0.0,0.0,1136.1268787612505,0.0,0.0,0.0,0.0,0.0,5736.067776503958,0.0,0.0
2013-04-27,2.57813,0.0,0.0,0.0,0.0,0.0,0.0,0.0,0.0,0.0,0.0,0.0,1284.0429876553796,0.0,0.0,0.0,740.7880653924246,740.7880653924246,6290.089581709331,0.0,0.0
2013-05-04,2.27837,0.0,0.0,0.0,0.0,0.0,0.0,0.0,0.0,0.0,0.0,0.0,1079.9251605891588,752.135159097225,0.0,0.0,0.0,0.0,6878.187946459878,0.0,0.0
2013-05-11,2.50143,0.0,0.0,0.0,0.0,0.0,0.0,0.0,0.0,0.0,0.0,0.0,1008.0225821466328,0.0,0.0,0.0,0.0,0.0,5774.457146459108,0.0,0.0
2013-05-18,2.45089,0.0,0.0,0.0,0.0,0.0,0.0,0.0,0.0,0.0,0.0,0.0,797.5967336775738,0.0,0.0,0.0,0.0,0.0,6384.830205751094,0.0,0.0
2013-05-25,2.25472,1006.538829434618,0.0,0.0,0.0,0.0,0.0,0.0,0.0,0.0,0.0,0.0,788.7046032662792,0.0,0.0,0.0,0.0,0.0,6202.863628905713,0.0,0.0
2013-06-01,2.20735,0.0,0.0,0.0,0.0,0.0,0.0,0.0,0.0,0.0,0.0,0.0,871.8251473934395,0.0,0.0,0.0,0.0,0.0,5342.319113747367,0.0,0.0
2013-06-08,1.64636,0.0,0.0,0.0,0.0,0.0,0.0,0.0,0.0,0.0,0.0,0.0,1040.8428270303016,0.0,0.0,0.0,0.0,0.0,6376.082781587929,0.0,0.0
2013-06-15,1.99554,0.0,0.0,0.0,0.0,0.0,0.0,0.0,0.0,0.0,0.0,0.0,661.1478138359254,0.0,0.0,0.0,0.0,0.0,5062.039879403099,0.0,0.0
2013-06-22,1.62306,0.0,0.0,0.0,0.0,0.0,0.0,0.0,0.0,0.0,0.0,0.0,845.2300269812969,0.0,0.0,0.0,0.0,0.0,5452.1743170074005,0.0,0.0
2013-06-29,1.79954,0.0,0.0,0.0,0.0,0.0,0.0,0.0,0.0,0.0,0.0,0.0,1352.6178178657271,0.0,0.0,0.0,0.0,0.0,5694.645816780288,0.0,0.0
2013-07-06,1.39608,0.0,0.0,0.0,0.0,0.0,0.0,0.0,0.0,0.0,0.0,0.0,0.0,0.0,0.0,0.0,0.0,0.0,6698.765997428007,0.0,0.0
2013-07-13,1.30618,0.0,0.0,0.0,0.0,0.0,0.0,0.0,0.0,0.0,0.0,0.0,0.0,0.0,0.0,0.0,0.0,0.0,6111.621483085927,0.0,0.0
2013-07-20,1.31698,0.0,0.0,0.0,0.0,0.0,0.0,0.0,0.0,0.0,0.0,0.0,736.1851014644033,0.0,0.0,0.0,0.0,0.0,5711.76824535263,0.0,0.0
2013-07-27,1.49117,0.0,0.0,0.0,0.0,0.0,0.0,0.0,0.0,0.0,0.0,0.0,481.4857269410595,0.0,0.0,0.0,0.0,0.0,5669.237633268807,0.0,0.0
2013-08-03,1.54989,0.0,0.0,0.0,0.0,0.0,0.0,0.0,0.0,0.0,0.0,0.0,448.7268053788803,0.0,0.0,0.0,0.0,0.0,5909.109981745934,0.0,0.0
2013-08-10,1.61554,0.0,0.0,0.0,0.0,0.0,0.0,0.0,0.0,0.0,0.0,0.0,823.1351043418442,0.0,0.0,0.0,0.0,0.0,5592.957956960066,0.0,0.0
2013-08-17,1.85141,0.0,0.0,0.0,0.0,0.0,0.0,0.0,0.0,0.0,0.0,0.0,855.1501178683011,0.0,0.0,0.0,419.3244455989481,419.3244455989481,6779.240608397759,0.0,0.0
2013-08-24,2.31196,0.0,0.0,0.0,0.0,0.0,0.0,0.0,0.0,0.0,0.0,0.0,904.5863040708548,0.0,0.0,0.0,0.0,0.0,6065.318862823511,0.0,0.0
2013-08-31,2.52181,0.0,0.0,0.0,0.0,0.0,0.0,0.0,0.0,0.0,575.8439581547686,0.0,443.2720019961653,0.0,0.0,0.0,0.0,0.0,5946.6039734601945,0.0,0.0
2013-09-07,2.28196,0.0,0.0,0.0,0.0,0.0,0.0,0.0,0.0,0.0,554.4104551362097,0.0,753.4946712840908,0.0,0.0,0.0,0.0,0.0,6570.366145846756,0.0,0.0
2013-09-14,2.39607,0.0,0.0,0.0,0.0,0.0,0.0,0.0,0.0,0.0,0.0,0.0,1508.361794728479,0.0,0.0,0.0,0.0,0.0,6404.761311823394,0.0,0.0
2013-09-21,2.15876,0.0,615.4327995905691,0.0,0.0,0.0,0.0,0.0,0.0,0.0,0.0,0.0,1536.3261807379213,0.0,0.0,0.0,0.0,0.0,6345.233451161055,0.0,0.0
2013-09-28,2.27382,0.0,0.0,0.0,0.0,0.0,0.0,0.0,0.0,0.0,0.0,0.0,939.6874461346084,795.484470432979,0.0,0.0,0.0,0.0,6451.560741363354,0.0,0.0
2013-10-05,2.57892,511.97907158809335,430.5295364913096,0.0,0.0,0.0,0.0,0.0,0.0,0.0,0.0,354.3667859648632,846.6210792814546,0.0,0.0,0.0,0.0,0.0,5892.511861023177,0.0,0.0
2013-10-12,2.88654,688.4715412988293,0.0,0.0,0.0,0.0,476.5972663414508,0.0,0.0,0.0,0.0,0.0,840.1665625952776,0.0,0.0,0.0,0.0,0.0,6633.64455602592,0.0,0.0
2013-10-19,3.59019,564.1014217716564,574.3147742926427,381.2196534369246,0.0,0.0,0.0,0.0,0.0,0.0,0.0,365.740642285412,541.0691333780976,0.0,0.0,0.0,0.0,0.0,5890.31335023527,0.0,0.0
2013-10-26,4.09245,400.9531189549376,319.6449373271536,0.0,0.0,0.0,314.0425966020697,0.0,0.0,0.0,0.0,0.0,649.8639765325657,0.0,0.0,0.0,0.0,0.0,7681.649029551465,0.0,0.0
2013-11-02,4.3561,950.5539640972668,806.9761293461615,308.28691388316446,0.0,0.0,0.0,0.0,0.0,0.0,0.0,0.0,1121.9964660792168,0.0,0.0,0.0,0.0,0.0,7326.872189951269,0.0,0.0
2013-11-09,4.64586,1051.8861162915214,691.6526792927016,701.4005306069304,421.4874978552438,0.0,508.2562897127095,350.3379132689756,0.0,0.0,0.0,0.0,1133.2695736688604,0.0,0.0,0.0,0.0,0.0,6859.330007205555,0.0,0.0
2013-11-16,5.02288,767.1047300358299,731.750593640755,437.4804199349172,0.0,0.0,474.0069567747222,0.0,0.0,0.0,327.7825828350609,0.0,1572.6062563370444,0.0,0.0,0.0,0.0,0.0,10246.059841036918,0.0,0.0
2013-11-23,5.14072,941.4265553711914,583.5760514667936,725.0206623677199,290.86425474176383,0.0,343.4714321744517,0.0,0.0,0.0,0.0,0.0,1417.3441426637053,0.0,0.0,0.0,0.0,0.0,7734.880462066424,0.0,0.0
2013-11-30,5.77082,900.5376650956159,836.1926366339942,458.6453378188353,293.307629742909,0.0,335.4041220956382,0.0,0.0,0.0,289.5342946971811,0.0,995.7650338264478,0.0,0.0,0.0,0.0,0.0,10761.903375027932,0.0,0.0
2013-12-07,6.0416,1071.9267539300963,808.8442249884532,515.8067165520876,0.0,414.25051274494126,494.4546010269421,302.98328566173467,0.0,0.0,0.0,0.0,1347.8232772351146,0.0,0.0,0.0,0.0,0.0,9521.802101977772,0.0,0.0
2013-12-14,6.21812,1106.6795155765187,1178.9423682909642,931.6761634427126,335.7258778304196,370.4073767087008,463.3259726276126,0.0,0.0,0.0,393.4173063002362,0.0,1694.8216230713476,0.0,0.0,0.0,0.0,0.0,10796.31150616528,0.0,0.0
2013-12-21,7.28649,2649.9031603087387,2155.0410987966784,1853.3560835826868,846.5974392598215,952.881060488128,629.4361977554524,0.0,478.59126624118136,478.59126624118136,450.2745729245845,601.107971553085,1792.7724022399036,585.1301849917793,0.0,0.0,0.0,0.0,8873.6871665803,0.0,0.0
2013-12-28,7.97735,1961.234197302228,2295.613780078457,1640.563469619176,845.9354788156195,962.1581088752145,612.8142070455133,0.0,497.3816959078852,497.3816959078852,0.0,594.0411623634827,1787.9470987175644,572.7494418477607,0.0,0.0,0.0,0.0,9187.851040079991,0.0,0.0
2014-01-04,7.49913,2534.4370927248037,2530.7356497195656,1414.0347465147531,453.0386516645076,581.0264615308744,974.0762993257948,619.3947547060995,0.0,0.0,665.4440163218065,751.0063879043857,1567.5488027700708,0.0,0.0,0.0,505.0920108195714,505.0920108195714,11129.892883236924,0.0,0.0
2014-01-11,6.17894,2067.9579268226144,1627.9535403970194,682.4322384883554,642.1472539269955,641.9811384004313,1107.4879782063776,395.5604690938111,0.0,0.0,0.0,317.31272964626294,2361.7334634449994,0.0,0.0,0.0,0.0,0.0,17393.818368369648,0.0,550.0258890102203
2014-01-18,5.18229,1909.053481516687,1893.0484934839455,400.6747589184525,500.7846658814152,0.0,660.0409032262961,0.0,0.0,0.0,425.1119920841367,533.5888329293257,2097.452791972275,0.0,0.0,0.0,513.9714719340163,513.9714719340163,8825.563284024161,0.0,0.0
2014-01-25,4.99943,1587.804734823938,2085.520332662265,996.4103200171425,0.0,0.0,0.0,0.0,0.0,0.0,0.0,472.896682869788,1569.677688868868,0.0,0.0,0.0,0.0,0.0,11332.433516841653,0.0,0.0
2014-02-01,4.83694,1399.45204839961,717.2996850939209,543.2593350449777,0.0,510.3004874499608,0.0,0.0,0.0,0.0,379.7608607197162,0.0,1587.491328049222,0.0,0.0,0.0,0.0,0.0,11647.08830130995,0.0,0.0
2014-02-08,4.11217,665.6226625247496,826.9530428573373,378.9154566349061,0.0,577.3908341835651,391.2764056322823,0.0,0.0,0.0,0.0,0.0,2021.2193709089656,0.0,0.0,0.0,463.5787575166872,463.5787575166872,8904.920009850668,0.0,0.0
2014-02-15,3.7958,0.0,523.4566880608107,0.0,0.0,0.0,0.0,0.0,0.0,0.0,515.0466709631711,0.0,1599.956044029204,0.0,0.0,0.0,0.0,0.0,8930.511730199576,0.0,0.0
2014-02-22,3.02017,763.0824552764492,727.5487166740359,667.6964928856396,0.0,0.0,0.0,0.0,0.0,0.0,0.0,0.0,1576.429660464666,0.0,0.0,0.0,0.0,0.0,7238.905657850622,0.0,0.0
2014-03-01,3.02302,0.0,533.1938296659274,424.3389451519048,0.0,0.0,0.0,0.0,0.0,0.0,0.0,0.0,1647.19837231655,0.0,0.0,0.0,0.0,0.0,7902.545770790738,0.0,0.0
2014-03-08,3.07097,480.1708785506106,0.0,0.0,0.0,0.0,0.0,0.0,0.0,0.0,0.0,0.0,762.2636643409548,0.0,0.0,0.0,0.0,0.0,8708.412640879835,0.0,0.0
2014-03-15,2.18562,0.0,0.0,0.0,0.0,0.0,0.0,0.0,0.0,0.0,0.0,0.0,599.7301076204932,0.0,0.0,0.0,0.0,0.0,7329.473654471204,0.0,0.0
2014-03-22,2.28571,481.1018691378231,0.0,0.0,0.0,0.0,552.6017993765327,0.0,0.0,0.0,0.0,0.0,1011.2750849416474,0.0,0.0,0.0,0.0,0.0,7609.197711084967,0.0,0.0
2014-03-29,2.10551,0.0,397.1986548246026,473.924076106343,0.0,0.0,0.0,0.0,0.0,0.0,0.0,0.0,1375.0435346177846,0.0,0.0,0.0,0.0,0.0,7286.827480086406,0.0,0.0
2014-04-05,2.33345,0.0,0.0,0.0,0.0,0.0,0.0,0.0,0.0,0.0,0.0,0.0,1142.9735884358497,0.0,0.0,0.0,0.0,0.0,6809.750133780695,0.0,0.0
2014-04-12,2.0764,0.0,0.0,0.0,0.0,0.0,0.0,0.0,0.0,0.0,0.0,0.0,1381.5584618060675,0.0,0.0,0.0,0.0,0.0,6747.834374171203,0.0,707.3161206887459
2014-04-19,2.13312,482.029950037825,0.0,0.0,0.0,0.0,0.0,0.0,0.0,0.0,0.0,0.0,762.2879910440872,0.0,0.0,0.0,499.9678496406845,499.9678496406844,7367.138121148651,0.0,0.0
2014-04-26,2.1301,0.0,521.7952116091594,0.0,0.0,0.0,0.0,0.0,0.0,0.0,0.0,0.0,782.0023254884746,0.0,0.0,0.0,466.1807576586056,466.1807576586056,6496.088285284913,0.0,0.0
2014-05-03,1.8175,0.0,0.0,0.0,0.0,0.0,0.0,0.0,0.0,0.0,0.0,0.0,751.0937444967533,0.0,0.0,0.0,0.0,0.0,6689.766573861978,0.0,0.0
2014-05-10,1.8882,430.6358399189606,0.0,0.0,0.0,0.0,0.0,0.0,0.0,0.0,0.0,0.0,1063.011567645068,0.0,0.0,0.0,0.0,0.0,6594.763766985388,0.0,0.0
2014-05-17,1.992,0.0,0.0,0.0,0.0,0.0,0.0,0.0,0.0,0.0,0.0,0.0,1152.8966271237357,0.0,0.0,0.0,0.0,0.0,7551.677439670642,0.0,0.0
2014-05-24,2.43114,0.0,0.0,0.0,0.0,0.0,0.0,0.0,0.0,0.0,0.0,0.0,947.892413262968,0.0,0.0,0.0,0.0,0.0,6717.486015354729,0.0,0.0
2014-05-31,2.09246,0.0,0.0,0.0,0.0,0.0,0.0,0.0,0.0,0.0,0.0,0.0,622.4830326124242,0.0,0.0,0.0,0.0,0.0,5428.74662833628,0.0,0.0
2014-06-07,1.85963,0.0,0.0,0.0,0.0,0.0,0.0,0.0,0.0,0.0,0.0,0.0,0.0,0.0,0.0,0.0,0.0,0.0,5703.61217274129,0.0,0.0
2014-06-14,1.93889,0.0,0.0,0.0,0.0,566.0716522450624,0.0,0.0,0.0,0.0,0.0,0.0,564.9199082270292,0.0,542.475187921592,0.0,0.0,0.0,6144.432792760207,0.0,0.0
2014-06-21,1.49305,0.0,0.0,0.0,0.0,0.0,0.0,0.0,0.0,0.0,0.0,0.0,683.159457615423,0.0,0.0,0.0,0.0,0.0,6663.543783597907,0.0,0.0
2014-06-28,1.64258,0.0,0.0,0.0,0.0,0.0,0.0,0.0,0.0,0.0,0.0,0.0,678.0728381172411,0.0,0.0,691.6857295019265,0.0,0.0,6725.055178873062,0.0,0.0
2014-07-05,1.71565,0.0,0.0,0.0,0.0,0.0,0.0,0.0,0.0,0.0,0.0,0.0,1183.4281990257823,0.0,0.0,0.0,0.0,0.0,6501.461196891409,0.0,0.0
2014-07-12,1.34846,0.0,0.0,0.0,0.0,0.0,0.0,0.0,0.0,0.0,0.0,0.0,0.0,0.0,0.0,0.0,0.0,0.0,6313.770498309146,0.0,0.0
2014-07-19,1.51859,981.4307570658372,745.0341887115527,0.0,0.0,0.0,0.0,0.0,0.0,0.0,0.0,0.0,669.6306675890615,0.0,0.0,0.0,0.0,0.0,6510.575048762857,0.0,0.0
2014-07-26,1.42219,682.7124560159378,0.0,0.0,0.0,0.0,0.0,0.0,0.0,0.0,0.0,0.0,666.3074281605948,0.0,0.0,0.0,0.0,0.0,5360.285936337295,0.0,0.0
2014-08-02,1.15988,0.0,0.0,0.0,0.0,0.0,0.0,0.0,0.0,0.0,0.0,0.0,728.1032956379732,0.0,0.0,0.0,0.0,0.0,6310.146796614044,0.0,0.0
2014-08-09,1.2929,0.0,0.0,0.0,0.0,0.0,0.0,0.0,0.0,0.0,0.0,0.0,742.1771242604385,0.0,0.0,0.0,0.0,0.0,5588.965009419408,0.0,0.0
2014-08-16,1.85954,635.8840828330988,0.0,0.0,0.0,0.0,0.0,0.0,0.0,0.0,0.0,0.0,606.9478383535088,0.0,0.0,0.0,0.0,0.0,6867.2973955765165,0.0,0.0
2014-08-23,2.14161,0.0,0.0,0.0,0.0,0.0,0.0,0.0,0.0,0.0,0.0,0.0,703.7980459611475,0.0,0.0,0.0,0.0,0.0,7754.943472725406,0.0,0.0
2014-08-30,2.24905,0.0,0.0,0.0,0.0,0.0,0.0,0.0,0.0,0.0,0.0,0.0,917.0778614283176,0.0,0.0,0.0,0.0,0.0,7199.35920459293,0.0,0.0
2014-09-06,1.9318,0.0,0.0,576.9516574542437,0.0,0.0,0.0,0.0,0.0,0.0,0.0,0.0,1214.5110992177613,0.0,0.0,0.0,0.0,0.0,6749.8725901930375,0.0,0.0
2014-09-13,2.25673,0.0,0.0,0.0,0.0,0.0,0.0,0.0,0.0,0.0,0.0,0.0,1083.3809102314594,0.0,791.0909545423395,0.0,0.0,0.0,5576.837671819417,0.0,0.0
2014-09-20,2.31096,0.0,0.0,0.0,0.0,0.0,679.4338696939512,0.0,0.0,0.0,0.0,0.0,850.685011404893,0.0,0.0,0.0,0.0,0.0,6566.1235690855565,0.0,0.0
2014-09-27,2.67093,716.4090650084031,0.0,0.0,0.0,0.0,0.0,0.0,0.0,0.0,0.0,0.0,1525.4619969101266,0.0,0.0,0.0,0.0,0.0,5619.848236531955,1201.6802151097706,0.0
2014-10-04,2.26715,921.3202483975672,0.0,0.0,0.0,608.9470537393465,0.0,0.0,0.0,0.0,0.0,0.0,1127.3912551330943,0.0,689.2789955914129,0.0,0.0,0.0,6338.4671228094085,0.0,594.7753275296429
2014-10-11,2.87785,0.0,0.0,0.0,0.0,0.0,0.0,633.7263636045575,0.0,0.0,0.0,582.2751428110936,1091.7588653126063,0.0,0.0,0.0,0.0,0.0,6715.859166351172,0.0,0.0
2014-10-18,2.48465,1690.0253742320938,0.0,0.0,0.0,0.0,0.0,0.0,0.0,0.0,0.0,0.0,1490.1194197584985,0.0,0.0,0.0,0.0,0.0,7880.923134614207,0.0,0.0
2014-10-25,2.86832,1773.135897566507,1325.2061071471649,0.0,0.0,0.0,0.0,0.0,0.0,0.0,0.0,616.1081303589111,1000.059569037645,0.0,0.0,0.0,0.0,0.0,6774.987867782043,0.0,0.0
2014-11-01,2.45889,971.629863199835,1275.2093593940965,0.0,0.0,0.0,0.0,0.0,0.0,0.0,0.0,0.0,1117.129123774803,0.0,0.0,0.0,0.0,0.0,8455.121965382586,0.0,0.0
2014-11-08,3.13698,1425.9821096328558,1031.7491265358242,0.0,0.0,0.0,723.2273161681053,0.0,0.0,0.0,0.0,0.0,2087.0976292332057,0.0,0.0,0.0,0.0,0.0,9493.070387671503,0.0,0.0
2014-11-15,3.15941,1338.316223776573,922.1418131657288,0.0,0.0,0.0,0.0,0.0,0.0,0.0,0.0,0.0,1432.9241147095358,0.0,0.0,0.0,0.0,0.0,11508.240645918137,0.0,0.0
2014-11-22,4.27091,749.4911934060233,0.0,0.0,1120.359907722605,0.0,696.0286018237639,0.0,0.0,0.0,926.4037841024096,0.0,1838.9127317875664,0.0,0.0,0.0,0.0,0.0,12008.271414220186,0.0,0.0
2014-11-29,4.94181,1159.9972333507546,1180.2081021359647,0.0,0.0,0.0,0.0,0.0,0.0,0.0,0.0,0.0,1439.4804852072305,0.0,0.0,0.0,0.0,0.0,9539.543012411625,0.0,0.0
2014-12-06,5.90889,1553.294038687741,954.286169818059,0.0,0.0,0.0,0.0,1106.6716594769575,735.3853431438034,735.3853431438034,0.0,0.0,1852.9931515341727,0.0,0.0,0.0,0.0,0.0,7872.621658502491,0.0,0.0
2014-12-13,7.21097,2448.8701055641222,1554.7324648345325,552.5699602431328,0.0,0.0,1538.9025830243102,0.0,0.0,0.0,0.0,0.0,1733.1600873508728,0.0,0.0,0.0,0.0,0.0,9156.402773520023,0.0,0.0
2014-12-20,10.328,2702.6612343248607,2607.328066199961,757.278820289753,958.649105733084,906.3975472192876,866.8835271540095,0.0,760.0082498393698,760.0082498393699,0.0,660.3575069839185,1569.731180977673,0.0,0.0,0.0,0.0,0.0,7961.215119131075,0.0,0.0
2014-12-27,11.5581,4584.538121186395,3377.518660481732,855.1492628264854,1713.9602301086034,1544.8795681172764,1304.3784857973012,0.0,1198.1066930010502,1198.1066930010502,0.0,696.5936348870913,1742.745969993616,0.0,0.0,0.0,731.200389357038,731.200389357038,8014.659381118025,0.0,0.0
2015-01-03,8.09211,3327.806918039048,2955.068027930404,1425.6442611234083,779.8346927902725,1014.776200460572,860.8024938479755,0.0,677.9444184029261,677.9444184029257,0.0,0.0,2237.8509532677635,0.0,0.0,716.820933851016,0.0,0.0,8563.074849616192,0.0,0.0
2015-01-10,5.57493,2082.156726249032,1870.8750039690935,787.6139976463595,685.790057797449,0.0,894.4263466547231,0.0,0.0,0.0,0.0,0.0,1120.7865976580183,0.0,0.0,0.0,670.5852162010403,670.5852162010403,13451.14444596056,0.0,0.0
2015-01-17,5.25514,2340.9111318554096,1450.448515576798,944.416986023193,599.6080497035459,0.0,947.7523733205384,560.7413938363586,0.0,0.0,0.0,0.0,1736.9945323451277,0.0,0.0,640.211153875959,0.0,0.0,9488.561096415342,0.0,0.0
2015-01-24,6.33119,1289.5373479716643,1883.599857713377,1002.5939330367,0.0,0.0,0.0,0.0,0.0,0.0,593.0206142907824,0.0,1541.0504212940598,0.0,0.0,758.4200642836156,0.0,0.0,8229.551236067091,0.0,0.0
2015-01-31,5.59281,1890.971658168914,2554.007053168432,1083.3591638998569,0.0,0.0,768.8666814022241,0.0,0.0,0.0,823.8239537306471,0.0,1353.472269407985,0.0,0.0,0.0,0.0,0.0,8563.867853613458,0.0,599.3039810162911
2015-02-07,6.16195,1203.3762114544545,1286.5331018768925,743.2134416386787,653.9394647076437,0.0,0.0,0.0,0.0,0.0,0.0,514.1823799425126,1317.9173567790178,0.0,0.0,0.0,0.0,0.0,9823.062954943627,0.0,0.0
2015-02-14,5.83218,1180.77876612091,1126.9940480181126,543.340278710579,0.0,0.0,0.0,0.0,0.0,0.0,0.0,0.0,1626.92471544839,0.0,0.0,0.0,0.0,0.0,8527.375740620488,0.0,0.0
2015-02-21,6.44198,1326.71839729253,1282.908146882561,715.8233277010262,0.0,0.0,0.0,0.0,0.0,0.0,629.568895759988,744.8440875656337,1277.1177438874572,0.0,0.0,0.0,0.0,0.0,10434.749406017365,0.0,0.0
2015-02-28,6.32893,1210.0151978255135,1542.9932170652846,565.2781717506903,542.3566740757831,0.0,0.0,0.0,0.0,0.0,0.0,0.0,1511.7177873356095,0.0,0.0,0.0,0.0,0.0,9011.879158694295,680.9667673187546,725.3328106792478
2015-03-07,6.42088,808.488623446086,956.8087739193984,751.5960534150064,0.0,0.0,0.0,0.0,0.0,0.0,0.0,0.0,1339.2122964424398,0.0,0.0,0.0,0.0,0.0,9106.527383156945,0.0,0.0
2015-03-14,5.5252,798.9783972604612,1254.2809007746134,1014.4281923250306,0.0,0.0,0.0,0.0,0.0,0.0,0.0,0.0,1087.990492377602,0.0,0.0,0.0,0.0,0.0,6960.699888474046,0.0,0.0
2015-03-21,4.21696,721.4280810745463,1082.6837332256623,730.3588293050166,0.0,0.0,0.0,0.0,0.0,0.0,0.0,0.0,1714.7149369750136,0.0,0.0,0.0,0.0,0.0,6334.868192241266,0.0,0.0
2015-03-28,3.98078,0.0,0.0,0.0,0.0,0.0,0.0,0.0,0.0,0.0,0.0,0.0,1154.351188706374,0.0,0.0,0.0,0.0,0.0,8313.107555741542,0.0,0.0
2015-04-04,3.24798,0.0,0.0,0.0,0.0,0.0,0.0,0.0,0.0,0.0,0.0,0.0,1874.223688284656,0.0,0.0,0.0,0.0,0.0,5461.92747182743,0.0,0.0
2015-04-11,3.06616,0.0,0.0,0.0,0.0,879.0610652253798,0.0,0.0,0.0,0.0,0.0,0.0,814.7462097763308,0.0,0.0,0.0,0.0,0.0,7429.163412770189,0.0,0.0
2015-04-18,2.50502,0.0,0.0,0.0,0.0,0.0,0.0,0.0,0.0,0.0,766.765592123895,0.0,1050.3958328028475,0.0,0.0,0.0,0.0,0.0,6507.649692571224,0.0,0.0
2015-04-25,2.69645,0.0,0.0,0.0,0.0,0.0,0.0,0.0,0.0,0.0,0.0,0.0,0.0,0.0,0.0,0.0,0.0,0.0,6478.168693427166,0.0,0.0
2015-05-02,2.46013,0.0,0.0,0.0,0.0,0.0,0.0,0.0,0.0,0.0,0.0,0.0,774.9870126549946,0.0,0.0,0.0,0.0,0.0,6412.78304579121,0.0,0.0
2015-05-09,2.28433,0.0,0.0,0.0,0.0,0.0,970.3613580581592,0.0,0.0,0.0,0.0,0.0,971.0578134814552,0.0,0.0,0.0,0.0,0.0,8173.290127460664,0.0,0.0
2015-05-16,2.36609,0.0,0.0,0.0,0.0,0.0,0.0,0.0,0.0,0.0,0.0,840.6928640506547,1117.5503545148472,0.0,0.0,0.0,0.0,0.0,6956.880090609662,0.0,0.0
2015-05-23,1.9207,0.0,0.0,0.0,0.0,0.0,0.0,0.0,0.0,0.0,0.0,0.0,1594.666477278767,0.0,0.0,0.0,0.0,0.0,7563.146821825467,0.0,0.0
2015-05-30,1.90867,0.0,0.0,0.0,0.0,0.0,0.0,0.0,0.0,0.0,0.0,0.0,884.2670628960968,0.0,0.0,0.0,0.0,0.0,4757.475497336784,0.0,0.0
2015-06-06,1.64819,0.0,0.0,0.0,0.0,0.0,0.0,0.0,0.0,0.0,0.0,0.0,0.0,0.0,0.0,0.0,0.0,0.0,6192.0270106069365,0.0,0.0
2015-06-13,1.46889,0.0,0.0,0.0,0.0,0.0,0.0,0.0,0.0,0.0,0.0,0.0,999.2660065119926,0.0,0.0,0.0,0.0,0.0,5099.780878482216,0.0,0.0
2015-06-20,1.47422,0.0,0.0,0.0,0.0,0.0,0.0,0.0,0.0,0.0,0.0,0.0,1123.3488637544156,0.0,0.0,0.0,0.0,0.0,6153.352384390322,0.0,0.0
2015-06-27,1.62843,0.0,0.0,0.0,0.0,0.0,0.0,0.0,0.0,0.0,0.0,0.0,0.0,0.0,0.0,0.0,0.0,0.0,5230.287938406076,0.0,0.0
2015-07-04,1.43311,0.0,0.0,0.0,0.0,0.0,0.0,0.0,0.0,0.0,0.0,0.0,0.0,0.0,0.0,0.0,0.0,0.0,6761.19701878258,0.0,0.0
2015-07-11,1.43233,0.0,0.0,0.0,0.0,0.0,0.0,0.0,0.0,0.0,0.0,814.3192111551108,0.0,0.0,0.0,0.0,0.0,0.0,5453.834587783171,0.0,0.0
2015-07-18,1.23758,0.0,0.0,0.0,0.0,0.0,0.0,0.0,0.0,0.0,0.0,0.0,0.0,0.0,0.0,0.0,0.0,0.0,6445.817465054538,0.0,0.0
2015-07-25,1.3491,0.0,0.0,0.0,0.0,0.0,0.0,0.0,0.0,0.0,0.0,0.0,1046.0371104144651,0.0,0.0,0.0,0.0,0.0,6361.406550061426,0.0,0.0
2015-08-01,1.33222,0.0,0.0,0.0,0.0,0.0,0.0,0.0,0.0,0.0,0.0,0.0,804.7957042506615,0.0,0.0,0.0,0.0,0.0,6206.855346953825,0.0,0.0
2015-08-08,1.13267,0.0,0.0,0.0,0.0,0.0,0.0,1158.4915330804836,0.0,0.0,0.0,0.0,1083.756071528237,0.0,0.0,0.0,0.0,0.0,6302.677964307342,0.0,0.0
2015-08-15,1.31951,0.0,0.0,0.0,0.0,0.0,0.0,0.0,0.0,0.0,0.0,0.0,693.1616199845649,0.0,0.0,0.0,0.0,0.0,5329.261729130893,0.0,0.0
2015-08-22,1.60092,0.0,0.0,0.0,0.0,0.0,0.0,0.0,0.0,0.0,0.0,0.0,1138.3015134926302,0.0,0.0,0.0,0.0,0.0,7809.910097745902,0.0,0.0
2015-08-29,1.57368,0.0,0.0,0.0,0.0,0.0,0.0,0.0,0.0,0.0,1572.0084783804843,0.0,1115.722444721027,0.0,0.0,0.0,0.0,0.0,6938.077536711943,0.0,0.0
2015-09-05,2.53905,0.0,0.0,0.0,0.0,0.0,0.0,0.0,0.0,0.0,0.0,0.0,946.2155178836402,0.0,0.0,0.0,0.0,0.0,6247.873438935545,0.0,0.0
2015-09-12,1.93839,0.0,0.0,0.0,0.0,0.0,0.0,0.0,0.0,0.0,0.0,0.0,1192.617877032962,0.0,0.0,0.0,0.0,0.0,6155.359535794397,0.0,0.0
2015-09-19,2.11071,0.0,0.0,0.0,0.0,0.0,0.0,0.0,0.0,0.0,0.0,0.0,0.0,0.0,0.0,0.0,0.0,0.0,6197.592975759011,0.0,0.0
2015-09-26,2.3217,0.0,0.0,0.0,0.0,0.0,0.0,0.0,0.0,0.0,786.345825992966,0.0,870.3800403458478,0.0,0.0,0.0,0.0,0.0,5797.577832166923,0.0,0.0
2015-10-03,2.19729,0.0,0.0,0.0,0.0,0.0,0.0,0.0,0.0,0.0,0.0,0.0,1280.0995554453675,0.0,0.0,0.0,0.0,0.0,6849.776965174724,0.0,0.0
2015-10-10,2.15856,1041.3912633326186,0.0,0.0,0.0,0.0,655.4302276184285,0.0,0.0,0.0,0.0,0.0,1542.7726114357065,0.0,0.0,0.0,0.0,0.0,6797.065383296899,0.0,0.0
2015-10-17,2.57163,1076.6529246328964,932.5512871989964,0.0,0.0,0.0,647.1170728157109,0.0,0.0,0.0,0.0,0.0,1128.6200509146072,0.0,0.0,0.0,0.0,0.0,6930.110185763541,0.0,0.0
2015-10-24,2.59902,0.0,0.0,0.0,0.0,640.2744133261516,0.0,0.0,0.0,0.0,0.0,0.0,1404.1014841683302,0.0,0.0,0.0,0.0,0.0,8853.561488383586,0.0,0.0
2015-10-31,2.55443,944.6377756980866,0.0,0.0,0.0,0.0,0.0,0.0,0.0,0.0,0.0,0.0,1775.4981667774102,0.0,0.0,0.0,0.0,0.0,6596.03777309331,0.0,0.0
2015-11-07,2.38468,793.1070284644679,507.482016501893,0.0,645.8798000018123,0.0,0.0,0.0,0.0,0.0,0.0,0.0,1396.849470703977,0.0,0.0,0.0,0.0,0.0,6944.25504925798,0.0,0.0
2015-11-14,2.73615,661.6126582641971,1044.3184714817824,0.0,0.0,0.0,0.0,0.0,0.0,0.0,0.0,0.0,1752.192242049158,0.0,0.0,0.0,0.0,0.0,7752.257054673484,0.0,0.0
2015-11-21,3.16855,573.4894752321834,0.0,0.0,0.0,0.0,0.0,0.0,0.0,0.0,0.0,615.3618442331904,1441.0678757909695,0.0,0.0,0.0,0.0,0.0,9526.484870921637,0.0,0.0
2015-11-28,3.37755,0.0,706.4992310678178,0.0,0.0,0.0,0.0,0.0,0.0,0.0,0.0,0.0,882.0053205260115,0.0,0.0,0.0,0.0,0.0,11736.041311559717,0.0,0.0
2015-12-05,3.32872,855.7840582801181,0.0,551.3732914587728,0.0,0.0,0.0,0.0,0.0,0.0,0.0,0.0,2150.050712952542,0.0,0.0,0.0,0.0,0.0,8402.073186071842,0.0,0.0
2015-12-12,3.09749,552.470837440738,0.0,647.6312751015575,0.0,0.0,0.0,0.0,0.0,0.0,0.0,0.0,2064.144775605538,0.0,0.0,0.0,0.0,0.0,7566.545281909382,0.0,0.0
2015-12-19,3.18088,0.0,0.0,1264.7685266781427,0.0,0.0,0.0,0.0,0.0,0.0,0.0,0.0,1534.814329913165,0.0,0.0,0.0,0.0,0.0,9376.910399511406,0.0,0.0
2015-12-26,3.73491,0.0,0.0,760.1905921939766,0.0,0.0,0.0,0.0,0.0,0.0,0.0,0.0,1755.6139918096812,0.0,0.0,0.0,0.0,0.0,7370.754328358399,0.0,0.0
2016-01-02,3.25682,0.0,739.0295918714601,642.3300615559873,0.0,0.0,0.0,0.0,0.0,0.0,0.0,762.1382828731971,1881.640564386782,0.0,0.0,0.0,0.0,0.0,9800.498544415124,0.0,0.0
2016-01-09,2.65897,445.0552014931728,955.2278988756234,1096.9722079425485,0.0,0.0,0.0,0.0,0.0,0.0,0.0,0.0,1740.6300755599786,0.0,466.0273778864809,0.0,0.0,0.0,9432.401917224426,0.0,0.0
2016-01-16,2.4243,432.6829688914347,0.0,947.8584549095924,0.0,0.0,0.0,0.0,0.0,0.0,0.0,0.0,1415.8985614964845,0.0,0.0,0.0,0.0,0.0,9579.45159039782,0.0,0.0
2016-01-23,2.8172,0.0,698.8425920415224,1279.317641064458,0.0,0.0,0.0,0.0,0.0,0.0,0.0,0.0,1547.2514434853667,0.0,0.0,0.0,0.0,0.0,11628.975240523116,0.0,0.0
2016-01-30,3.15879,618.26705268327,0.0,468.58426002144506,0.0,0.0,0.0,0.0,0.0,0.0,0.0,0.0,1808.251675345938,0.0,0.0,0.0,0.0,0.0,8812.103012880572,0.0,0.0
2016-02-06,2.87259,515.9578177784433,0.0,1323.5231357819523,0.0,0.0,0.0,0.0,0.0,0.0,0.0,0.0,1606.2321931538863,0.0,0.0,0.0,0.0,0.0,7599.955165398717,0.0,0.0
2016-02-13,3.51508,442.17275016756565,625.006057150898,1337.6482355773685,0.0,0.0,0.0,0.0,0.0,0.0,0.0,0.0,1501.79878906482,0.0,0.0,0.0,0.0,0.0,10682.082821913298,0.0,0.0
2016-02-20,3.54654,889.9425913117609,621.9471821961511,640.82906982747,0.0,0.0,423.5609511889581,0.0,0.0,0.0,0.0,444.0306364310508,1809.2208509561783,448.6017789361752,0.0,0.0,0.0,0.0,8362.540596593024,0.0,0.0
2016-02-27,4.57577,1322.70622979676,1016.6012183238772,986.6143640615936,0.0,0.0,0.0,0.0,0.0,0.0,0.0,0.0,1437.4300206497755,0.0,0.0,0.0,0.0,0.0,6874.933683094502,0.0,0.0
2016-03-05,4.8877,1562.6133991455042,1388.177065036111,478.04500658107145,578.5136678503551,497.7850842398233,473.52826454102046,0.0,0.0,0.0,0.0,0.0,1335.257591969493,369.9980427147681,0.0,0.0,0.0,0.0,7274.283895488682,0.0,0.0
2016-03-12,5.35687,1181.5154906983837,559.0584214881504,363.1415252901744,0.0,482.24286744115375,0.0,0.0,0.0,0.0,0.0,0.0,1568.7086697757652,0.0,0.0,0.0,0.0,0.0,7489.766303917621,0.0,0.0
2016-03-19,4.11273,1115.7869827507072,1335.876056853512,0.0,438.7966154990949,464.8011580190228,0.0,0.0,864.7322579570554,864.7322579570554,0.0,0.0,1479.835282697171,0.0,0.0,0.0,0.0,0.0,7319.377163535136,0.0,0.0
2016-03-26,3.84615,686.4255774319115,547.0117359521529,515.8669392487407,0.0,0.0,478.3170435833158,0.0,0.0,0.0,0.0,0.0,1323.5006317136776,0.0,0.0,474.2101203048954,0.0,0.0,7741.333682088171,0.0,0.0
2016-04-02,3.78362,776.5346516876001,0.0,0.0,0.0,0.0,500.9804932096463,0.0,492.64829346458765,492.6482934645877,0.0,0.0,1207.8134050826156,446.70258797602247,0.0,0.0,409.2423670827911,409.242367082791,7354.064956062062,0.0,0.0
2016-04-09,3.1701,556.4747139696957,582.2088747500715,0.0,0.0,0.0,0.0,0.0,0.0,0.0,0.0,0.0,1018.738239238342,0.0,0.0,0.0,0.0,0.0,7261.097670475998,0.0,0.0
2016-04-16,3.39072,584.7815655106709,496.3425067028316,0.0,360.27160779504544,0.0,0.0,0.0,0.0,0.0,0.0,0.0,972.4999233287454,0.0,0.0,0.0,0.0,0.0,8010.03514498158,0.0,0.0
2016-04-23,2.58117,905.5418430080274,967.9763330572404,0.0,0.0,0.0,0.0,0.0,0.0,0.0,0.0,0.0,931.5005426783224,0.0,0.0,0.0,0.0,0.0,8055.290910523889,0.0,0.0
2016-04-30,2.45303,624.1788639087764,411.85311964319385,0.0,0.0,502.9693254580536,0.0,0.0,0.0,0.0,0.0,0.0,820.9979317337377,0.0,0.0,485.80895124069394,0.0,0.0,7948.352076210993,0.0,0.0
2016-05-07,2.05388,0.0,377.8115447725437,0.0,0.0,0.0,0.0,0.0,0.0,0.0,0.0,0.0,910.4020090195404,0.0,0.0,0.0,0.0,0.0,7226.315422279749,0.0,0.0
2016-05-14,2.18008,0.0,453.3352918990536,0.0,0.0,0.0,0.0,400.45648955617503,0.0,0.0,0.0,0.0,1413.8968633206375,0.0,0.0,0.0,0.0,0.0,8528.794277333596,0.0,0.0
2016-05-21,2.23964,0.0,0.0,408.0062838657868,0.0,0.0,0.0,0.0,0.0,0.0,0.0,488.7815398269408,1021.6175905255208,0.0,0.0,0.0,0.0,0.0,7062.221525644304,0.0,0.0
2016-05-28,2.22658,0.0,0.0,0.0,0.0,0.0,0.0,0.0,0.0,0.0,0.0,0.0,1282.7015796040846,0.0,0.0,0.0,0.0,0.0,5832.854448276896,0.0,0.0
2016-06-04,1.97856,989.9555647427262,0.0,0.0,0.0,0.0,0.0,0.0,0.0,0.0,0.0,0.0,1020.7803943932648,0.0,0.0,0.0,0.0,0.0,5527.227040895295,0.0,0.0
2016-06-11,1.49065,600.6279272943738,552.3789044488535,0.0,0.0,0.0,0.0,0.0,0.0,0.0,0.0,0.0,1013.9797226694234,0.0,0.0,0.0,0.0,0.0,6377.485868287311,0.0,0.0
2016-06-18,1.44634,467.3501348420045,0.0,0.0,0.0,0.0,403.9349973888134,0.0,0.0,0.0,0.0,0.0,921.7673441525604,0.0,0.0,418.058920497124,0.0,0.0,6599.589154465932,0.0,0.0
2016-06-25,1.48546,0.0,0.0,0.0,0.0,0.0,0.0,0.0,0.0,0.0,0.0,0.0,0.0,0.0,0.0,0.0,0.0,0.0,6395.997246176147,0.0,0.0
2016-07-02,1.20597,0.0,0.0,0.0,0.0,0.0,0.0,0.0,0.0,0.0,0.0,432.0841626913872,808.9827139572576,0.0,0.0,0.0,0.0,0.0,6618.421520104687,0.0,0.0
2016-07-09,1.12159,0.0,0.0,0.0,0.0,0.0,0.0,0.0,0.0,0.0,0.0,0.0,816.7721752650577,0.0,0.0,0.0,0.0,0.0,6620.515557196405,0.0,0.0
2016-07-16,1.24944,0.0,0.0,0.0,0.0,0.0,0.0,0.0,0.0,0.0,0.0,0.0,538.0775455720822,0.0,0.0,0.0,0.0,0.0,6077.806741098601,0.0,0.0
2016-07-23,1.12422,0.0,0.0,0.0,0.0,0.0,0.0,0.0,0.0,0.0,0.0,0.0,912.8211043448716,0.0,0.0,0.0,0.0,0.0,6102.096161797317,0.0,0.0
2016-07-30,1.19877,0.0,0.0,0.0,0.0,0.0,0.0,0.0,0.0,0.0,0.0,0.0,740.5988625743985,0.0,0.0,0.0,0.0,0.0,6778.602441733898,459.7335200922439,0.0
2016-08-06,1.28663,0.0,0.0,0.0,0.0,0.0,0.0,0.0,0.0,0.0,0.0,418.6219902191048,876.8579812758236,0.0,0.0,0.0,0.0,0.0,7048.454305738202,396.8784154338885,0.0
2016-08-13,1.51692,0.0,0.0,0.0,0.0,0.0,0.0,0.0,0.0,0.0,0.0,0.0,653.1775482500294,0.0,0.0,0.0,0.0,0.0,5767.17182507213,0.0,0.0
2016-08-20,1.67972,0.0,0.0,0.0,0.0,0.0,0.0,0.0,0.0,0.0,0.0,0.0,937.831759594528,0.0,0.0,0.0,0.0,0.0,6938.097940221287,0.0,0.0
2016-08-27,2.14676,0.0,597.2496548063764,0.0,0.0,0.0,0.0,0.0,0.0,0.0,0.0,0.0,747.325051201232,0.0,0.0,0.0,0.0,0.0,6551.709289030033,0.0,0.0
2016-09-03,1.9484,370.7142843977383,0.0,0.0,0.0,0.0,0.0,0.0,0.0,0.0,0.0,0.0,1315.9907863917283,0.0,0.0,0.0,0.0,0.0,6512.243535741172,0.0,0.0
2016-09-10,2.04315,0.0,412.8607398448702,0.0,0.0,0.0,0.0,0.0,0.0,0.0,0.0,0.0,903.4172192931136,0.0,0.0,0.0,0.0,0.0,6597.953034829505,0.0,0.0
2016-09-17,1.80416,735.7435354528316,0.0,0.0,0.0,0.0,694.9790652042808,0.0,0.0,0.0,0.0,0.0,2964.7142928174726,0.0,0.0,0.0,0.0,0.0,7254.002595955502,0.0,0.0
2016-09-24,1.80599,563.1700414002507,0.0,0.0,0.0,0.0,425.8609280356341,0.0,0.0,0.0,0.0,0.0,1623.744227202019,0.0,0.0,0.0,0.0,0.0,5993.279937044332,0.0,0.0
2016-10-01,1.97368,663.6521677880875,455.7989730994924,480.3187353368133,0.0,0.0,395.8264105127938,0.0,0.0,0.0,0.0,0.0,1091.0076779006197,0.0,0.0,0.0,0.0,0.0,6346.776671632564,0.0,0.0
2016-10-08,1.94482,723.4495810588871,0.0,514.0374460653629,0.0,0.0,0.0,0.0,0.0,0.0,0.0,0.0,1368.4324885789974,0.0,0.0,0.0,0.0,0.0,7496.087890301044,359.6780942825521,0.0
2016-10-15,2.04569,864.1073210171063,500.33614309822167,0.0,490.7596133770746,0.0,914.095631877046,0.0,0.0,0.0,0.0,0.0,1453.1808200290595,0.0,0.0,0.0,0.0,0.0,6918.102172457863,0.0,0.0
2016-10-22,2.28732,715.9217120421381,472.3196489139893,0.0,0.0,0.0,687.032998202706,0.0,0.0,0.0,0.0,0.0,1252.1733527604283,0.0,0.0,0.0,0.0,0.0,7484.003851608617,0.0,0.0
2016-10-29,2.60329,914.5655894138762,644.8260274847283,0.0,0.0,0.0,551.6048134563223,0.0,0.0,0.0,0.0,0.0,882.0624874945609,0.0,0.0,0.0,0.0,0.0,8240.623856236736,0.0,0.0
2016-11-05,2.92228,824.4718413566843,621.9299110204911,0.0,0.0,0.0,0.0,434.4109090759114,0.0,0.0,364.3567707402317,0.0,1577.88507750003,0.0,0.0,0.0,442.0495710070962,442.0495710070964,6300.240756774399,0.0,0.0
2016-11-12,2.98825,519.0580392054035,365.0717684070513,549.0541315338128,0.0,0.0,469.5740481178547,0.0,0.0,0.0,0.0,0.0,905.7321545109056,0.0,0.0,0.0,0.0,0.0,7981.919665925332,0.0,0.0
2016-11-19,2.68891,447.2699686624621,835.7347984383293,737.0291249200094,0.0,0.0,0.0,0.0,0.0,0.0,0.0,0.0,1439.6474082505072,0.0,0.0,0.0,0.0,0.0,9429.80511720495,0.0,0.0
2016-11-26,3.59271,439.1576027847236,502.7252692688357,691.3595539103684,0.0,0.0,0.0,0.0,0.0,0.0,0.0,0.0,1492.1745368368136,0.0,0.0,0.0,0.0,0.0,9691.91714225172,0.0,0.0
2016-12-03,3.05013,499.6330967854259,508.8811409377775,855.9180101589114,0.0,0.0,0.0,0.0,0.0,0.0,0.0,0.0,1492.8394695892584,0.0,0.0,0.0,0.0,0.0,10327.777627126336,362.7167991712284,0.0
2016-12-10,2.79641,707.292305075538,460.28683712669016,594.0612172902609,0.0,0.0,507.4850154614902,0.0,0.0,0.0,0.0,0.0,1238.3120139991702,0.0,0.0,0.0,0.0,0.0,11972.529089465552,0.0,0.0
2016-12-17,3.57419,627.4283956570632,626.8747042960667,1168.0365900279965,371.7952613568857,0.0,408.2669908088844,0.0,0.0,0.0,0.0,0.0,1820.9477402936056,0.0,0.0,423.9868096177479,0.0,0.0,11300.279959399026,0.0,0.0
2016-12-24,4.79193,1058.8748028629643,798.4122771522701,1316.8318480275836,0.0,423.7235187672168,488.2093052210512,0.0,0.0,0.0,0.0,0.0,1548.0143650391772,0.0,0.0,0.0,0.0,0.0,12335.173544603776,0.0,0.0
2016-12-31,4.07867,803.4807982454455,654.6625414103065,1100.9709506865945,0.0,0.0,406.4402747611539,0.0,0.0,0.0,0.0,0.0,1650.8617760854725,0.0,0.0,0.0,0.0,0.0,7947.389112816562,0.0,0.0
2017-01-07,3.4803,522.1368461236262,524.6663363169588,1475.515012144229,680.4979059526607,0.0,0.0,0.0,0.0,0.0,0.0,0.0,1882.841159692549,0.0,0.0,0.0,0.0,0.0,11728.283480480855,0.0,0.0
2017-01-14,3.37425,858.1966811980391,1039.837627310752,1196.8469748628982,0.0,0.0,0.0,395.20429634266407,0.0,0.0,0.0,0.0,2007.7106285341372,0.0,0.0,0.0,0.0,0.0,11148.919242678654,0.0,0.0
2017-01-21,4.1751,811.5561225186503,953.9857909137392,1173.866533203334,0.0,0.0,0.0,0.0,0.0,0.0,0.0,0.0,1581.7401341070988,0.0,0.0,0.0,0.0,0.0,7362.244679665084,0.0,0.0
2017-01-28,3.57162,1551.3931082211743,966.47949479992,720.4551976545632,451.8085134853498,0.0,919.0188933419593,0.0,0.0,0.0,0.0,0.0,1695.425798442114,343.444965115207,0.0,0.0,385.0467080472865,385.0467080472865,8602.240362268045,565.7197702107252,0.0
2017-02-04,5.50059,2194.0032466266075,1823.178122441376,999.375915335762,633.5244357900523,574.4392077136268,732.9089006321268,349.1667928836782,366.410329859929,366.410329859929,593.070354825509,463.81310418716726,1698.7376534506384,456.28657841129416,348.3975100346411,0.0,0.0,0.0,9168.27477600722,457.0452568941583,0.0
2017-02-11,6.42202,2693.968522357515,1906.2103194026936,792.2449164794208,543.9112772612206,486.1817106077697,923.4199371898573,442.68007107710895,0.0,0.0,417.2193743256925,0.0,1050.4144030871062,0.0,0.0,0.0,0.0,0.0,8710.447711288649,0.0,0.0
2017-02-18,6.25095,3018.320596369569,2380.342279727957,563.2683316852008,650.7999794691747,827.586252811277,981.4670680984806,386.3315502973381,0.0,0.0,609.6667712107334,750.5344459537095,1561.8518345203,451.9590347896507,0.0,0.0,325.3404021244683,325.3404021244683,7979.745856879079,372.182684473296,358.1988912413876
2017-02-25,6.78651,2444.8616026930617,1891.6084265805616,600.7478382731235,783.6670157119788,612.455792916983,1305.4585826422708,405.6609214293496,0.0,0.0,439.8417472899073,0.0,1505.3500724689538,459.3626207841185,0.0,0.0,0.0,0.0,8616.375960374147,0.0,0.0
2017-03-04,5.83258,1218.466747659891,1075.209578670292,743.3297241573875,479.3056638572753,323.1144306624109,518.7014592936251,0.0,0.0,0.0,0.0,348.06661030537555,1392.5700034256024,0.0,426.4853782197643,0.0,0.0,0.0,7782.24913839454,0.0,0.0
2017-03-11,5.11857,1309.2609246395214,1339.2583892371258,419.7462157311761,492.7630283636136,0.0,639.6799515632378,0.0,0.0,0.0,334.80067084943465,685.8842170730437,1536.5931090038014,0.0,0.0,0.0,616.3813965257118,616.3813965257118,8044.551882618004,0.0,0.0
2017-03-18,4.78162,1066.15168368008,1324.251905868852,0.0,497.4128407272876,623.877437214896,0.0,0.0,0.0,0.0,0.0,370.13886757024073,1516.0073667941645,0.0,0.0,0.0,0.0,0.0,9356.084793660992,0.0,0.0
2017-03-25,3.88553,1168.1640984824023,784.7229359993954,0.0,0.0,434.9246395483382,404.9522579820004,0.0,0.0,0.0,0.0,0.0,1151.4467107900805,0.0,392.2203830811055,0.0,0.0,0.0,7771.53013537874,0.0,0.0
2017-04-01,3.44721,533.554368478256,442.4313041920297,408.5773235346398,0.0,0.0,0.0,0.0,0.0,0.0,0.0,0.0,1185.1804232312577,0.0,0.0,0.0,0.0,0.0,7850.527284865143,0.0,0.0
2017-04-08,2.87508,591.000404396449,644.7452947697774,0.0,0.0,0.0,0.0,430.45417244978455,0.0,0.0,333.171904056444,338.1903970224823,838.7023192615126,0.0,0.0,0.0,0.0,0.0,6939.900706505137,0.0,0.0
2017-04-15,3.23921,754.5569948693994,0.0,0.0,0.0,0.0,0.0,0.0,0.0,0.0,0.0,0.0,1332.755488434511,0.0,0.0,0.0,0.0,0.0,8707.388892713494,0.0,0.0
2017-04-22,2.76871,616.1146261186741,0.0,0.0,0.0,0.0,0.0,0.0,0.0,0.0,0.0,0.0,1231.7990156667609,0.0,0.0,0.0,0.0,0.0,8065.009519549323,0.0,0.0
2017-04-29,2.26128,742.774758355202,465.3067148973844,0.0,0.0,0.0,375.8569703747572,0.0,0.0,0.0,0.0,0.0,1258.2513849963134,0.0,0.0,0.0,0.0,0.0,9061.882611138251,0.0,0.0
2017-05-06,2.07801,544.8597167772746,0.0,0.0,0.0,0.0,0.0,0.0,0.0,0.0,0.0,0.0,885.8717270986833,0.0,0.0,0.0,0.0,0.0,8237.676302100104,0.0,0.0
2017-05-13,2.15738,360.6715526611041,0.0,0.0,0.0,0.0,0.0,0.0,0.0,0.0,0.0,0.0,1089.8747326218447,0.0,0.0,0.0,0.0,0.0,8300.633808398412,0.0,0.0
2017-05-20,2.33797,0.0,464.6001377603899,0.0,0.0,0.0,0.0,0.0,0.0,0.0,0.0,0.0,859.1475430051751,0.0,0.0,0.0,0.0,0.0,7115.594442410961,0.0,0.0
2017-05-27,2.25424,0.0,0.0,0.0,0.0,0.0,0.0,0.0,0.0,0.0,0.0,0.0,1116.6184577438548,0.0,0.0,0.0,0.0,0.0,6367.81629157485,0.0,384.6191755881469
2017-06-03,1.76245,0.0,0.0,0.0,0.0,0.0,0.0,0.0,0.0,0.0,0.0,0.0,592.8340815754817,0.0,0.0,0.0,0.0,0.0,5806.31144224108,0.0,0.0
2017-06-10,1.78197,443.47184717301263,405.412544335192,0.0,0.0,0.0,0.0,0.0,0.0,0.0,0.0,0.0,969.4379888079958,0.0,0.0,0.0,0.0,0.0,6250.063449527186,0.0,0.0
2017-06-17,1.80792,0.0,0.0,0.0,0.0,0.0,0.0,0.0,0.0,0.0,0.0,0.0,389.9907029537087,0.0,0.0,0.0,0.0,0.0,6009.021263391831,0.0,0.0
2017-06-24,1.36037,0.0,0.0,0.0,0.0,0.0,0.0,0.0,0.0,0.0,0.0,0.0,761.9213315612219,0.0,0.0,0.0,0.0,0.0,6319.760724786069,0.0,0.0
2017-07-01,1.37673,400.35691048748447,0.0,0.0,0.0,0.0,0.0,0.0,0.0,0.0,0.0,0.0,679.9872382245941,0.0,0.0,0.0,0.0,0.0,6432.382033465978,0.0,0.0
2017-07-08,1.49562,0.0,0.0,0.0,0.0,0.0,0.0,0.0,0.0,0.0,0.0,0.0,772.8641307600973,0.0,418.1847581692416,0.0,0.0,0.0,6781.623516236179,0.0,0.0
2017-07-15,1.15319,0.0,0.0,0.0,0.0,0.0,0.0,0.0,0.0,0.0,0.0,0.0,724.4874747608978,0.0,0.0,412.9925750487947,0.0,0.0,6226.462941306603,0.0,0.0
2017-07-22,1.40341,0.0,543.9594120415113,0.0,0.0,0.0,400.7758629639288,0.0,0.0,0.0,0.0,0.0,576.2124820957777,0.0,0.0,0.0,0.0,0.0,6511.961257596137,0.0,0.0
2017-07-29,1.04305,0.0,0.0,0.0,0.0,0.0,0.0,0.0,0.0,0.0,0.0,0.0,814.1750786411335,0.0,0.0,0.0,0.0,0.0,6893.807198330587,0.0,0.0
2017-08-05,1.10808,0.0,0.0,0.0,410.8866839511786,0.0,0.0,0.0,0.0,0.0,0.0,0.0,651.1969050755062,0.0,0.0,0.0,0.0,0.0,5952.836616620612,0.0,0.0
2017-08-12,1.44106,0.0,0.0,0.0,0.0,0.0,0.0,0.0,0.0,0.0,0.0,0.0,1196.5945112515606,0.0,0.0,0.0,0.0,0.0,6760.008189789931,0.0,0.0
2017-08-19,1.5379,0.0,0.0,0.0,0.0,0.0,0.0,0.0,0.0,0.0,0.0,0.0,905.2475938548343,0.0,0.0,0.0,0.0,0.0,7500.992908091682,0.0,0.0
2017-08-26,2.91122,553.692638550819,0.0,375.0762759433832,0.0,0.0,466.4610961445343,0.0,0.0,0.0,0.0,0.0,1004.8612238877928,0.0,0.0,0.0,0.0,0.0,7217.244775938741,0.0,0.0
2017-09-02,3.40079,382.76084308943615,322.0208867000052,0.0,0.0,0.0,0.0,0.0,0.0,0.0,0.0,0.0,1079.1581968074722,0.0,0.0,0.0,0.0,0.0,6671.173176832325,0.0,0.0
2017-09-09,2.18348,607.1231205015714,691.1579901327417,0.0,0.0,0.0,0.0,0.0,0.0,0.0,0.0,0.0,1282.6422470709642,0.0,0.0,0.0,0.0,0.0,7840.018983254921,0.0,0.0
2017-09-16,1.89839,0.0,0.0,0.0,0.0,0.0,322.8978744791382,0.0,0.0,0.0,0.0,0.0,1071.3784193486144,0.0,0.0,0.0,0.0,0.0,7253.892208801119,0.0,0.0
2017-09-23,1.96141,878.0758489761074,445.8106410519876,0.0,0.0,0.0,0.0,0.0,0.0,0.0,0.0,0.0,1405.0972241923594,0.0,0.0,0.0,0.0,0.0,8020.12379212749,0.0,0.0
2017-09-30,2.25916,724.8737927549114,0.0,332.2334579628076,0.0,0.0,456.380504789264,0.0,0.0,0.0,0.0,345.8973466723967,1456.6167184444296,0.0,0.0,0.0,0.0,0.0,6569.979193525335,412.4159096115581,0.0
2017-10-07,2.43024,655.5714683929289,430.0651208003933,416.7917711461712,338.595799815888,0.0,477.6653650721455,340.43565241823194,0.0,0.0,0.0,0.0,849.0354935595697,0.0,0.0,0.0,0.0,0.0,5931.519067257528,0.0,0.0
2017-10-14,2.23943,1364.5784918108395,385.6780694498007,397.1952103028527,0.0,0.0,333.4132828318332,0.0,0.0,0.0,0.0,0.0,920.8701039094004,0.0,0.0,0.0,0.0,0.0,8290.764364889292,411.993521822836,0.0
2017-10-21,2.15558,917.6093974972111,591.2525668353746,0.0,0.0,0.0,609.7959542647885,0.0,0.0,0.0,0.0,0.0,1916.6103994210164,0.0,0.0,0.0,0.0,0.0,7786.683537043211,0.0,0.0
2017-10-28,2.80514,1111.0966669171023,687.8254316858942,0.0,423.8672939039606,587.4373671116282,532.7239132419019,0.0,0.0,0.0,0.0,0.0,1291.0772620803343,0.0,0.0,0.0,0.0,0.0,10849.1617917694,0.0,0.0
2017-11-04,3.16718,1456.8997661484746,1076.8277032870026,0.0,580.4535017714021,388.4723709465513,612.8372298875076,0.0,0.0,0.0,0.0,0.0,1271.2713662691167,0.0,0.0,0.0,0.0,0.0,9905.543425141792,0.0,0.0
2017-11-11,4.40592,1766.3234538219515,1280.8660993599697,619.5236084068132,374.6289792843723,582.1217061368167,1008.393964488126,0.0,0.0,0.0,351.45323226403974,0.0,1200.2808742652944,0.0,0.0,0.0,0.0,0.0,8750.603683477551,348.0860304154169,0.0
2017-11-18,5.28736,1492.0379855555973,1254.3855369292098,610.2731933508011,778.3264406401746,437.0457541745226,500.5490765037127,376.6264405892966,0.0,0.0,334.58363605555314,638.8887810403415,1341.2184804668948,0.0,692.6198224544817,0.0,378.32370846520143,378.3237084652015,9593.385887239616,0.0,0.0
2017-11-25,6.08059,1330.9592908705008,1382.9328064464703,1031.2318441327448,443.5064464209337,0.0,0.0,0.0,0.0,0.0,0.0,0.0,2098.505243708555,0.0,0.0,0.0,0.0,0.0,10483.557155665643,0.0,0.0
2017-12-02,5.56944,1674.87095792106,1558.6798422569054,860.305506401777,608.8760616089046,455.0204494201701,922.7803324785042,406.9130888720492,0.0,0.0,357.5538373297952,0.0,2102.927749435009,0.0,0.0,0.0,0.0,0.0,9949.952729057552,0.0,0.0
2017-12-09,5.92406,1770.2147447117363,1527.7006247724155,824.5327393195281,534.357746088536,584.2703672895952,923.4292386017788,0.0,307.4612445077988,307.4612445077988,0.0,476.1054193230785,1800.3858584088323,0.0,0.0,0.0,0.0,0.0,11620.592646976207,0.0,0.0
2017-12-16,8.49014,3126.653996044145,1869.2777275706587,1179.273582935705,777.3789276839134,872.5430774142161,843.3270630339899,371.6474887278613,497.050909762694,497.0509097626938,392.6045974534964,0.0,2001.363380280981,0.0,421.85247413867495,0.0,0.0,0.0,11852.7994115843,0.0,453.4536951671074
2017-12-23,12.2444,4556.729184913606,3758.0662239215535,1113.5945322084606,1487.0080842493992,1492.0504130175295,1840.0554684672472,705.3677027568191,535.342471070487,535.342471070487,529.0671455326815,809.4874563467408,2165.4660446952853,632.111048502992,446.9782032680194,1006.4125190895668,719.6099149963687,719.609914996369,11221.560857113043,472.32344588653376,0.0
2017-12-30,14.1183,5272.805644727931,3282.79503223908,1210.4644575977952,1438.6509154438716,1635.0478648972455,1754.5101288950243,726.0236550635431,752.4125096818275,752.4125096818277,589.0173627927363,868.2035218311249,3058.011446314841,589.8499408111583,525.1844221690793,1032.274680517736,673.8289431691448,673.8289431691448,14115.940221265048,466.31854234039577,0.0
2018-01-06,9.99491,4294.226936988506,3434.82725168258,990.7666136861128,1158.7407668548462,1124.7543179715012,1505.5903928175935,820.8956226176111,505.6980554675494,505.6980554675494,905.4378656366906,1034.6285870987294,2850.5703272709657,871.0606765836507,576.2191103592975,1426.7092545959667,353.1072158386966,353.1072158386967,21498.8687897868,482.95419285846594,0.0
2018-01-13,10.7371,6719.80939186544,4367.461524173465,916.3767007336246,1751.780504971398,1614.9809234621446,2394.721424329452,721.7288840870661,714.2725537414723,714.2725537414723,962.1937966077148,1107.1667456357018,3702.640772193152,523.6502490447621,451.5907803326911,1685.3566359629865,1224.4904466691337,1224.4904466691337,11739.586342037215,0.0,0.0
2018-01-20,9.37762,5562.589907789919,4870.204923077016,1216.2398082806842,1458.5355983602874,1300.7373352755028,1962.9012449329016,538.9297350055546,528.120807671514,528.1208076715138,567.5811595452136,1264.3573802717706,2778.4875220760787,1073.3323142132365,977.1702895782264,627.752581060076,681.7555345258684,681.7555345258684,17432.299466753706,700.8040981352575,310.9980365318606
2018-01-27,10.4791,7477.214786900759,5432.734975056668,1107.953367018232,1220.4626128113805,860.387847646509,2975.5594042740945,953.1170800527884,600.4760358870147,600.4760358870146,1377.9323882373574,1487.516249377907,2944.8915079917238,1266.5473840936745,668.5008395240977,831.8607116642435,651.4182925403796,651.4182925403795,11070.814086463324,769.2858054966538,0.0
2018-02-03,9.49246,6703.7678186003,5162.809122565853,730.8813688678973,1523.552223753858,1506.499004626385,2997.6260369337883,797.468560553392,627.6130674281327,627.6130674281326,702.1398596400421,1259.103155714413,2108.0180184857472,1023.9868944743048,685.6066874242015,652.2547461904735,727.0733786543725,727.0733786543724,9747.71268225437,728.2991908443618,494.4292076774559
2018-02-10,8.75438,5864.683709629263,4812.7482080356085,923.4376741147948,955.41242501546,834.7337545578611,2568.7824050905506,722.7767559946899,400.3914128807469,400.391412880747,1131.7769892313063,1674.1678488913317,2375.585874107871,1208.9509095130445,461.838949399849,300.26933195789525,1337.14719791258,1337.14719791258,9045.565350993336,570.2598020550846,0.0
2018-02-17,7.7409,4907.393123799814,3751.275366094002,0.0,793.2254118847931,753.9780786904635,1925.0444176017224,678.4131519877703,528.8721203744426,528.8721203744427,665.3907706060653,1373.176611715444,2328.9065942825428,676.7880522597628,492.8116234010322,513.034704485068,320.7032038763164,320.7032038763164,8763.79396025781,362.0978821633499,0.0
2018-02-24,5.80919,2348.273250481367,1944.3059594297777,802.5581602954725,502.3573188276396,524.836375771405,755.3945072345634,338.79988194466495,0.0,0.0,0.0,606.6892898493509,1824.9939702211109,475.0831318781394,316.57694754798786,0.0,0.0,0.0,7736.533374595631,0.0,0.0
2018-03-03,3.87465,1526.442814177056,1342.0141592334128,562.9375214292384,0.0,395.32526501323787,399.9634334751671,0.0,0.0,0.0,399.26084205458704,414.7211886950378,1621.0470196939905,0.0,0.0,0.0,0.0,0.0,7849.754230736227,0.0,0.0
2018-03-10,3.12924,903.1332121790916,853.7594896277849,423.2889265747738,448.414645400837,0.0,504.124077104933,0.0,0.0,0.0,0.0,554.5215488833041,1797.4781644945926,0.0,0.0,0.0,354.8088246632011,354.8088246632012,8465.576882831954,0.0,0.0
2018-03-17,2.94579,869.1987600813115,892.1139467038552,795.2472594250261,0.0,346.2710669281695,0.0,0.0,0.0,0.0,0.0,0.0,1393.8184830180892,0.0,0.0,0.0,0.0,0.0,7751.277362218982,0.0,0.0
2018-03-24,2.68391,575.7954393139922,675.8913697464014,351.6957441477672,0.0,0.0,350.2624852550308,0.0,0.0,0.0,0.0,0.0,1489.9076852514245,0.0,0.0,0.0,0.0,0.0,9399.590956000762,0.0,0.0
2018-03-31,2.33991,706.8213850022283,654.8615449265639,405.58618300879766,0.0,0.0,0.0,0.0,0.0,0.0,0.0,0.0,1261.2947663807988,0.0,0.0,0.0,0.0,0.0,7914.116967526153,0.0,0.0
2018-04-07,2.24547,0.0,469.8076303471908,316.0909494782269,316.70334844663165,0.0,0.0,493.9563174624885,0.0,0.0,0.0,0.0,1328.7644306357302,0.0,0.0,0.0,0.0,0.0,8163.387239709876,0.0,0.0
2018-04-14,2.57074,350.7366294539415,434.7321792348242,0.0,0.0,0.0,316.762666416048,0.0,0.0,0.0,0.0,0.0,1589.359309458879,0.0,0.0,0.0,0.0,0.0,7517.9335687553,0.0,0.0
2018-04-21,2.17982,517.3044768779987,369.1000192919745,0.0,0.0,0.0,0.0,0.0,0.0,0.0,0.0,0.0,1463.1647239854296,0.0,0.0,0.0,0.0,0.0,8875.185440941184,0.0,0.0
2018-04-28,2.22198,492.8739861217604,0.0,416.644688304718,0.0,0.0,0.0,0.0,0.0,0.0,0.0,0.0,1562.7807754066162,0.0,0.0,0.0,0.0,0.0,9688.296978352322,0.0,0.0
2018-05-05,2.34473,403.4030335263932,532.5323686012057,0.0,0.0,0.0,0.0,0.0,0.0,0.0,0.0,0.0,1327.1074103414885,0.0,0.0,0.0,0.0,0.0,8257.996394243257,0.0,0.0
2018-05-12,1.96673,338.7437077933867,0.0,0.0,0.0,0.0,0.0,0.0,0.0,0.0,0.0,0.0,1252.9697354189202,0.0,0.0,0.0,0.0,0.0,8049.510557919564,0.0,0.0
2018-05-19,1.88175,0.0,0.0,0.0,0.0,0.0,0.0,0.0,0.0,0.0,0.0,0.0,1201.02171152021,0.0,0.0,0.0,0.0,0.0,8039.513725658045,0.0,0.0
2018-05-26,1.824,351.0640796639637,411.1326737233324,0.0,0.0,0.0,0.0,0.0,0.0,0.0,0.0,0.0,891.8390474042502,0.0,0.0,0.0,0.0,0.0,6572.083540374994,0.0,0.0
2018-06-02,1.9456,0.0,0.0,0.0,0.0,0.0,0.0,0.0,0.0,0.0,0.0,0.0,867.4144418855865,0.0,0.0,341.26049360886043,0.0,0.0,6215.463019160661,0.0,0.0
2018-06-09,1.38915,0.0,0.0,0.0,0.0,0.0,0.0,0.0,0.0,0.0,0.0,0.0,847.435887900284,0.0,0.0,0.0,0.0,0.0,7385.379102720009,0.0,0.0
2018-06-16,1.26806,0.0,0.0,0.0,0.0,0.0,0.0,0.0,0.0,0.0,0.0,0.0,780.8177943822288,0.0,0.0,0.0,0.0,0.0,6052.789780218925,0.0,0.0
2018-06-23,1.15507,0.0,0.0,0.0,0.0,0.0,0.0,0.0,0.0,0.0,0.0,0.0,943.584715885113,0.0,0.0,0.0,0.0,0.0,6349.222925423542,0.0,0.0
2018-06-30,1.15998,0.0,0.0,0.0,0.0,0.0,0.0,0.0,0.0,0.0,0.0,0.0,749.3247961885202,0.0,0.0,0.0,0.0,0.0,7228.772699479111,0.0,0.0
2018-07-07,1.35505,0.0,0.0,0.0,0.0,0.0,0.0,0.0,0.0,0.0,0.0,0.0,735.2794698296253,0.0,0.0,0.0,0.0,0.0,7551.502539385345,0.0,0.0
2018-07-14,1.1408,0.0,0.0,0.0,0.0,0.0,0.0,0.0,0.0,0.0,0.0,0.0,636.699919722015,0.0,0.0,0.0,0.0,0.0,6293.848726824021,0.0,0.0
2018-07-21,0.997889,329.8436233188864,0.0,0.0,0.0,0.0,0.0,0.0,0.0,0.0,0.0,0.0,846.4646134535793,0.0,0.0,0.0,0.0,0.0,6582.163646842994,0.0,0.0
2018-07-28,1.14843,0.0,0.0,0.0,0.0,0.0,0.0,0.0,0.0,0.0,0.0,0.0,730.5369905961466,0.0,0.0,0.0,0.0,0.0,6497.811014610744,0.0,0.0
2018-08-04,1.05817,0.0,0.0,0.0,0.0,0.0,0.0,0.0,0.0,0.0,0.0,0.0,458.0560987292569,0.0,0.0,0.0,0.0,0.0,6927.426082080953,0.0,0.0
2018-08-11,1.10771,435.6306694522379,0.0,0.0,0.0,0.0,0.0,0.0,0.0,0.0,0.0,0.0,389.5044504787775,0.0,0.0,0.0,0.0,0.0,6709.771240326732,0.0,0.0
2018-08-18,1.54768,0.0,0.0,0.0,0.0,0.0,0.0,0.0,0.0,0.0,0.0,0.0,966.1673800124204,0.0,0.0,0.0,0.0,0.0,6181.314611582421,0.0,0.0
2018-08-25,1.73671,479.736542100286,0.0,0.0,0.0,0.0,0.0,0.0,0.0,0.0,0.0,0.0,1181.793487961642,0.0,0.0,0.0,0.0,0.0,7959.494480109822,0.0,0.0
2018-09-01,2.25188,405.89190034004565,0.0,0.0,0.0,0.0,0.0,0.0,0.0,0.0,0.0,0.0,1023.0661456149676,0.0,0.0,0.0,0.0,0.0,8406.211546246981,0.0,0.0
2018-09-08,1.91326,687.2440279534097,512.9851877029325,0.0,0.0,0.0,364.1204480674694,0.0,0.0,0.0,485.14213573801146,0.0,1449.1256241880803,0.0,0.0,0.0,0.0,0.0,5983.832179916588,0.0,0.0
2018-09-15,1.71897,571.0101897593089,0.0,378.0817541299179,0.0,0.0,0.0,0.0,0.0,0.0,0.0,0.0,1286.8314285083738,0.0,0.0,0.0,0.0,0.0,6623.273963796326,0.0,0.0
2018-09-22,1.84735,523.5203824641924,606.1351575340004,0.0,0.0,0.0,0.0,0.0,0.0,0.0,0.0,0.0,1058.8255667256974,0.0,0.0,0.0,0.0,0.0,7332.976994656152,0.0,0.0
2018-09-29,1.94573,342.3439145894747,591.2403763871981,0.0,348.82782338479456,0.0,404.15327398990274,0.0,477.1096373820031,477.1096373820031,0.0,0.0,1202.4483693819295,0.0,0.0,0.0,0.0,0.0,7710.54364722465,0.0,0.0
2018-10-06,1.93019,911.5362977444156,378.81515650513376,0.0,0.0,0.0,403.5535083368197,0.0,0.0,0.0,0.0,324.42230252272327,1179.679703683956,0.0,0.0,0.0,0.0,0.0,7340.020235789109,0.0,0.0
2018-10-13,1.99827,824.9558800982044,565.0693354355179,564.5288967079252,0.0,0.0,433.1473647886138,0.0,410.6228499466866,410.6228499466866,0.0,0.0,1278.4326723039678,0.0,0.0,0.0,0.0,0.0,6723.929056891969,0.0,0.0
2018-10-20,2.19066,1515.9844052835963,579.3015669439294,644.0263789398136,0.0,0.0,1147.9460173166676,390.02440342930856,0.0,0.0,0.0,0.0,1124.716603512631,0.0,0.0,0.0,0.0,0.0,9122.199186202406,0.0,0.0
2018-10-27,2.50883,773.2826014612838,649.8338594236317,559.094269179389,328.97335325440747,0.0,760.356540400444,370.34183361342826,0.0,0.0,0.0,344.0837377701386,1743.741387859785,0.0,0.0,0.0,0.0,0.0,9761.945325253688,0.0,0.0
2018-11-03,2.70222,1155.3816392898498,1515.6767933131578,854.3695692110161,0.0,414.84452990452206,453.43794419600505,524.9242050046855,0.0,0.0,360.8494899030768,0.0,1725.012123004149,0.0,0.0,0.0,0.0,0.0,7982.56936005993,0.0,0.0
2018-11-10,2.84541,965.480142646252,630.0663872817216,1077.5900462209356,0.0,299.917199467948,460.95001827825286,0.0,0.0,0.0,0.0,0.0,1379.942398141271,0.0,0.0,0.0,0.0,0.0,10880.740053480702,0.0,0.0
2018-11-17,3.26548,904.2208315324484,426.8128530534325,1738.3499298934116,401.8968243749418,965.312500671514,544.4701887785873,0.0,0.0,0.0,0.0,0.0,2267.3165544279923,0.0,0.0,0.0,0.0,0.0,14535.660703754043,0.0,0.0
2018-11-24,3.30231,966.1744483137712,839.5966031487477,1739.5993104556885,0.0,0.0,373.4338777117371,409.24869007055423,0.0,0.0,0.0,0.0,1563.3974537827428,0.0,0.0,0.0,0.0,0.0,9744.16720543767,0.0,0.0
2018-12-01,3.41987,678.1846741793667,603.0163053481144,1277.8244227139587,0.0,0.0,0.0,0.0,0.0,0.0,0.0,0.0,2376.411388412119,0.0,0.0,0.0,0.0,0.0,10579.624029363427,0.0,0.0
2018-12-08,3.22215,447.5397815667806,833.1721822038544,1769.7346186399068,0.0,0.0,536.9897552665263,0.0,0.0,0.0,0.0,0.0,1574.6572494736786,0.0,0.0,0.0,0.0,0.0,14783.919500534674,0.0,0.0
2018-12-15,3.40722,712.6469027723952,466.51845497520833,2015.2376793495573,0.0,0.0,0.0,0.0,0.0,0.0,0.0,0.0,1697.0486588217154,0.0,0.0,0.0,0.0,0.0,16243.777461867216,0.0,0.0
2018-12-22,4.566,852.4788038217315,907.767852680997,2004.839334162515,0.0,0.0,565.4437680947062,0.0,0.0,0.0,0.0,0.0,1859.641135565114,0.0,0.0,0.0,0.0,0.0,11917.916814542146,0.0,0.0
2018-12-29,5.04239,1419.9325845852254,1002.320617813803,2090.071620196074,825.5210170222776,692.2151158848051,606.4972063570417,562.3079656353973,0.0,0.0,0.0,0.0,2002.1894811110544,0.0,455.4960313271,0.0,0.0,0.0,9978.065399201956,0.0,0.0
2019-01-05,4.07899,924.71687673978,1580.2143952346212,1525.211888391499,717.8494069291733,433.47262543100464,645.1464481293066,0.0,0.0,0.0,0.0,0.0,1944.966229582652,0.0,0.0,0.0,0.0,0.0,8030.974815182387,0.0,0.0
2019-01-12,3.56447,1124.588219708044,0.0,1018.8451905735408,0.0,332.81099345541736,470.0626837820711,0.0,0.0,0.0,0.0,0.0,1312.0577062420157,0.0,0.0,0.0,0.0,0.0,9255.696509096755,0.0,0.0
2019-01-19,4.10309,1185.055677489898,752.9353451518231,667.5737253432414,339.2409092189352,0.0,1064.250685800418,0.0,0.0,0.0,0.0,0.0,1464.305571822934,0.0,0.0,0.0,0.0,0.0,10273.055834886662,0.0,0.0
2019-01-26,5.19119,1861.8222923331505,1630.2598722455296,507.16824936313503,517.2778732044665,626.9057715105616,945.9298803934796,441.15316507072566,329.51204911176296,329.51204911176296,425.0984346687278,489.5741359067108,2399.7917056111146,450.6239481461757,0.0,0.0,516.8012351711709,516.8012351711708,12854.980504413244,396.4707663467915,0.0
2019-02-02,7.14015,3963.132427800007,2642.2535904110778,683.4459946466874,997.8774414943032,1056.7146016703468,2090.1383125934053,752.9942313706817,0.0,0.0,472.2396052998067,749.3122036800467,1696.63260389028,889.3843875613762,518.9019427061479,0.0,547.8423434666558,547.8423434666557,13585.219361406977,694.2456476389854,488.6222075240258
2019-02-09,8.78375,5588.26161234201,4492.816957803816,757.0622096108868,1339.8055698587568,1359.937783498235,2268.3896364559423,383.1279852088328,605.0096246507651,605.0096246507651,399.5293751721079,1664.9145960283151,1694.658157933002,736.2683908215337,747.7665622608647,557.2812447345515,689.394818086177,689.394818086177,11520.89254150438,709.6770763827025,0.0
2019-02-16,9.85001,6183.118862497564,4091.739946231068,516.1887735965926,1619.2561912939912,1683.9768799451883,2152.7652353745902,622.481670727526,667.1673688520651,667.1673688520651,886.4694644828372,1128.6359422727726,2007.6421376151443,500.94892073558657,482.4774451699312,1181.1676733691538,794.5285600831043,794.5285600831045,11404.17406106481,630.023597540224,0.0
2019-02-23,7.62465,3674.175952512605,2874.110201937761,0.0,1045.7844801416968,1154.9414303582994,1839.326911897048,447.0214515763654,324.35260694597946,324.3526069459795,472.2044781815741,857.5695059798069,2092.636950841854,777.8429667487211,849.8632930009113,535.9930722563274,455.903305888295,455.9033058882949,10144.726533375522,835.2743671124459,0.0
2019-03-02,6.52977,2341.58727393559,1780.8799319763953,376.7279893604285,625.082143710905,706.2530420690762,994.174154711923,0.0,0.0,0.0,0.0,415.6153467236974,1338.527611284445,351.9485093006817,500.52255720142233,451.0861645146954,414.5596779701609,414.55967797016086,9273.97576527796,0.0,0.0
2019-03-09,6.13532,1756.808311314147,1180.620866786285,660.4588596938839,414.3480955344561,384.373597345077,562.9164457146803,0.0,0.0,0.0,0.0,436.0819950244687,1518.70415687322,0.0,496.54401472062426,0.0,0.0,0.0,10099.460452895875,0.0,0.0
2019-03-16,4.60165,1671.3879502810976,1002.9986247009124,467.79856119946527,534.4712887575898,352.6957603921376,566.8839823877184,0.0,0.0,0.0,0.0,0.0,1951.075776004214,0.0,0.0,0.0,550.1937672266107,550.1937672266107,7917.11485983089,0.0,0.0
2019-03-23,3.31953,1081.5686724698994,961.9071298274172,0.0,496.5124005259983,0.0,708.4323718593811,0.0,0.0,0.0,328.4295200136241,344.51304474631075,1466.705410762772,0.0,0.0,0.0,0.0,0.0,8959.329959625784,0.0,0.0
2019-03-30,3.11137,831.3363919728245,0.0,0.0,0.0,0.0,715.0529847248738,0.0,0.0,0.0,0.0,0.0,1805.9896841521625,0.0,524.216095208802,0.0,367.5927551418945,367.5927551418945,7903.651777551784,0.0,0.0
2019-04-06,3.07604,608.273495867064,413.6280724867962,0.0,0.0,0.0,482.764194512651,0.0,0.0,0.0,0.0,0.0,1488.8985783659334,0.0,0.0,0.0,375.2505401585729,375.2505401585729,8764.935763611758,0.0,0.0
2019-04-13,2.49986,806.3623435490916,314.3906259112603,0.0,0.0,0.0,0.0,0.0,0.0,0.0,0.0,0.0,1454.0505389699242,0.0,0.0,0.0,0.0,0.0,8854.023991979084,0.0,0.0
2019-04-20,2.7143,370.03679135947823,349.67579169771096,0.0,0.0,0.0,0.0,0.0,0.0,0.0,0.0,0.0,1685.1186288539805,0.0,0.0,0.0,0.0,0.0,8354.549223710004,0.0,0.0
2019-04-27,2.51548,568.4490505632552,338.0661457702284,0.0,0.0,0.0,0.0,0.0,0.0,0.0,0.0,0.0,1136.2382119556476,0.0,0.0,0.0,0.0,0.0,8467.34673539748,0.0,0.0
2019-05-04,2.18778,513.9208537151595,0.0,0.0,0.0,0.0,0.0,0.0,352.7713705516373,352.77137055163723,0.0,0.0,1338.0473782875142,0.0,0.0,0.0,0.0,0.0,7711.100079059258,0.0,0.0
2019-05-11,2.00099,451.3820955735872,349.6778186479161,0.0,0.0,0.0,0.0,0.0,0.0,0.0,0.0,493.94452708006907,1319.3137947786204,0.0,339.83497798810794,0.0,0.0,0.0,6822.147334678886,0.0,483.7854698049654
2019-05-18,2.20207,488.1376328300482,0.0,0.0,0.0,0.0,0.0,0.0,0.0,0.0,0.0,0.0,1719.1848870513302,0.0,0.0,0.0,0.0,0.0,8069.240183095434,0.0,0.0
2019-05-25,1.8805,0.0,488.83447267170845,0.0,430.7923620658953,0.0,0.0,0.0,0.0,0.0,0.0,0.0,914.6412890227588,0.0,0.0,0.0,0.0,0.0,7414.525303098871,0.0,0.0
2019-06-01,1.93183,0.0,0.0,0.0,0.0,0.0,0.0,0.0,0.0,0.0,0.0,0.0,899.359152782082,0.0,0.0,0.0,0.0,0.0,6977.556552098686,0.0,0.0
2019-06-08,1.40854,751.4988531838561,447.5766672347512,0.0,0.0,0.0,0.0,0.0,0.0,0.0,0.0,0.0,1120.119119922146,0.0,0.0,0.0,0.0,0.0,7300.741727073372,0.0,0.0
2019-06-15,1.56415,0.0,0.0,0.0,0.0,0.0,0.0,0.0,0.0,0.0,0.0,0.0,1077.1137875264358,0.0,0.0,0.0,0.0,0.0,6538.455899168521,0.0,0.0
2019-06-22,1.18351,451.20824641336543,0.0,465.6629792690641,0.0,0.0,0.0,0.0,0.0,0.0,0.0,0.0,830.6333628785945,0.0,0.0,0.0,0.0,0.0,7254.031088273992,0.0,0.0
2019-06-29,1.11187,0.0,0.0,0.0,0.0,0.0,0.0,0.0,0.0,0.0,0.0,0.0,758.1927950041194,0.0,0.0,0.0,0.0,0.0,6219.550867815207,0.0,0.0
2019-07-06,1.0119,0.0,0.0,0.0,0.0,0.0,0.0,0.0,0.0,0.0,0.0,0.0,1257.4861372304963,0.0,0.0,0.0,0.0,0.0,6571.504224256699,0.0,0.0
2019-07-13,0.901607,0.0,0.0,0.0,0.0,0.0,0.0,0.0,0.0,0.0,0.0,0.0,736.304278572102,0.0,0.0,0.0,0.0,0.0,7259.624326133556,0.0,0.0
2019-07-20,0.891277,0.0,0.0,0.0,0.0,0.0,0.0,0.0,0.0,0.0,0.0,0.0,911.9500604369806,0.0,0.0,0.0,0.0,0.0,6431.891976513336,0.0,0.0
2019-07-27,0.94864,0.0,0.0,0.0,0.0,0.0,0.0,0.0,0.0,0.0,0.0,0.0,1182.1109224123957,0.0,0.0,0.0,0.0,0.0,6445.914140550927,0.0,0.0
2019-08-03,0.974763,332.00720881266403,0.0,0.0,0.0,0.0,0.0,0.0,0.0,0.0,528.2593180012087,0.0,697.557903319822,0.0,0.0,0.0,0.0,0.0,7161.063420580281,0.0,0.0
2019-08-10,1.11724,0.0,0.0,0.0,0.0,0.0,0.0,0.0,328.9250525474116,328.9250525474116,0.0,0.0,882.6076312177905,0.0,0.0,0.0,0.0,0.0,6500.074911200542,0.0,0.0
2019-08-17,1.11119,0.0,490.776993629965,0.0,0.0,0.0,0.0,0.0,0.0,0.0,0.0,0.0,1196.418199665943,0.0,0.0,0.0,0.0,0.0,7208.845331014553,0.0,342.39963235807204
2019-08-24,1.58004,0.0,0.0,0.0,0.0,0.0,0.0,0.0,0.0,0.0,0.0,0.0,1166.7036749088145,0.0,0.0,0.0,0.0,0.0,7174.4843794556655,0.0,0.0
2019-08-31,1.80196,0.0,446.2440974757207,521.1041391914853,0.0,0.0,0.0,0.0,0.0,0.0,0.0,0.0,993.3794580307492,0.0,0.0,0.0,0.0,0.0,7087.404307173701,0.0,0.0
2019-09-07,1.88953,612.0293405907952,295.2992663107277,328.99476586245385,361.1799889416933,0.0,486.7933910256896,0.0,0.0,0.0,0.0,0.0,1157.7595055038548,0.0,0.0,0.0,0.0,0.0,7243.707406598392,0.0,0.0
2019-09-14,1.92056,763.7534642433249,316.1546066646354,492.5047038871303,0.0,0.0,0.0,0.0,0.0,0.0,0.0,0.0,1388.7663896615522,0.0,0.0,0.0,0.0,0.0,7686.692945126722,0.0,0.0
2019-09-21,1.81055,535.3038231489223,427.6333189201241,458.5032697175689,0.0,0.0,493.1400777034471,0.0,0.0,0.0,0.0,0.0,1380.5540522579388,0.0,0.0,0.0,0.0,0.0,7147.514736412764,0.0,0.0
2019-09-28,1.85135,1106.6982169302887,0.0,590.1273516101795,0.0,0.0,548.8376096125946,0.0,0.0,0.0,0.0,0.0,1101.0987157593868,0.0,0.0,0.0,0.0,0.0,7079.013967559513,0.0,0.0
2019-10-05,1.93891,1174.5750564256437,670.9156294564915,522.4975805212013,0.0,293.8779699884307,667.3147419624007,0.0,0.0,0.0,0.0,0.0,1791.5042853974526,0.0,0.0,0.0,0.0,0.0,7595.543041008709,0.0,0.0
2019-10-12,2.03907,1031.8575335796947,450.2239124117039,615.5162959494908,0.0,387.2109933434604,403.5980289788805,0.0,0.0,0.0,0.0,0.0,1476.5400210216062,538.1272662370841,0.0,0.0,0.0,0.0,7833.163416534009,0.0,0.0
2019-10-19,2.07059,1023.8464529782576,722.1767553104988,543.1746995410517,0.0,0.0,548.9545452886812,0.0,0.0,0.0,0.0,333.8826855018272,1830.12713099414,0.0,0.0,0.0,0.0,0.0,8196.80668052087,0.0,0.0
2019-10-26,2.96099,1055.881851091107,1061.481392089512,993.4660872837632,0.0,341.5586368947197,721.62943988787,0.0,0.0,0.0,0.0,0.0,1835.595320247549,0.0,0.0,0.0,266.4843549670385,266.4843549670385,8287.415956553641,0.0,0.0
2019-11-02,2.62253,1053.344585359654,843.9554041027545,747.413380915505,0.0,206.21469274447892,768.7882609085478,256.9921769345337,0.0,0.0,0.0,0.0,1446.859335293108,0.0,0.0,0.0,201.00767661995056,201.0076766199506,11295.43209013593,0.0,0.0
2019-11-09,4.07347,1183.8857411666136,549.812612099401,1181.120323889033,337.9748427747536,314.1402625860025,563.431079463834,312.5090197848823,0.0,0.0,0.0,0.0,1461.213205641851,0.0,0.0,0.0,0.0,0.0,11259.123670311064,0.0,0.0
2019-11-16,5.02775,1092.9589726669683,1031.3566058505753,1714.5509239324986,0.0,0.0,668.76145137144,242.7803802454703,0.0,0.0,230.66005267386143,398.9271237441228,2184.5971428781595,0.0,0.0,0.0,194.8841360372342,194.8841360372342,16332.651649282672,0.0,0.0
2019-11-23,6.063,1592.1064640069665,878.9249133092119,2146.018227456465,351.5321435770948,334.0620813709969,608.2520926870577,319.6053964691752,0.0,0.0,0.0,0.0,2276.2704495994603,0.0,0.0,0.0,247.15481365375703,247.15481365375703,11542.026054381531,0.0,0.0
2019-11-30,7.3034,1477.542514385496,857.3174387345161,1858.6792761462596,597.7546770229443,415.7311796973582,438.698154951852,0.0,0.0,0.0,0.0,359.9633650485379,1462.7472333956323,0.0,0.0,393.198632670792,299.8516340208917,299.8516340208917,9797.991711728326,0.0,0.0
2019-12-07,5.20234,1816.5749779375803,1336.956794153417,1791.4791248310494,463.6899681008186,424.4308780768161,327.60292585799675,0.0,0.0,0.0,323.0524070007229,387.813889704123,2037.1147123321955,298.79721955387856,0.0,0.0,0.0,0.0,10786.17376032501,0.0,0.0
2019-12-14,5.79212,1353.2457300415483,1329.6506268482894,1589.3597725725567,468.18511627915854,347.79228187277045,542.092400643975,345.99144143166546,0.0,0.0,453.5773628764349,341.869896244766,1617.5591979238134,642.2978887867108,0.0,0.0,0.0,0.0,9966.442181789338,0.0,0.0
2019-12-21,7.16889,2455.729705053008,1973.2305079719567,1925.3478171323964,637.8396780512982,941.6439015248158,741.3155532008683,404.532026206752,404.6709198577108,404.6709198577108,0.0,827.828738944064,1456.105670120346,293.6219329399849,0.0,0.0,317.4276392160738,317.4276392160738,9141.40190222683,0.0,0.0
2019-12-28,8.43441,2454.98491576547,1965.8129023278896,1197.7354690404195,715.4634030951873,670.5878382173311,1009.4508660777174,364.4064866357734,310.7073699615514,310.7073699615514,0.0,422.4946581593563,3064.6537125662976,672.1332069399327,0.0,0.0,386.26347761065233,386.26347761065233,10452.524454610588,0.0,0.0
2020-01-04,6.40639,2481.305143540053,1725.1213066729056,1373.4988657968847,965.5791056822682,706.0992969797855,698.8739755254468,524.9927974540002,411.5229269909088,411.5229269909088,386.6726717059193,539.4667009815424,2753.949863322844,0.0,0.0,0.0,457.5714495148325,457.5714495148325,8793.516352721195,0.0,0.0
2020-01-11,4.85695,1872.3346109434056,878.324309882937,855.9194284318736,471.0526686821362,550.8441399897839,804.3744473467781,275.3666132714744,566.0011936660335,566.0011936660335,0.0,362.1670795317255,2528.886450640966,303.7816142203989,0.0,0.0,0.0,0.0,8230.679644461266,0.0,0.0
2020-01-18,5.1818,1807.310106951579,1357.6225239829507,544.9849148726672,637.5486308600919,619.0304597324223,776.4878326166096,273.87432186996216,0.0,0.0,278.6894656201755,839.2297783228202,1797.5758640584386,405.2620786385464,0.0,0.0,0.0,0.0,8235.225354380704,0.0,271.9122067614141
2020-01-25,5.80814,2038.409330876454,1803.3770572590013,444.1084827058319,832.4194920523021,477.1618793998064,1258.3467495887194,400.1612950586197,737.272813124978,737.2728131249778,281.9522074201904,919.3035595523048,2099.9148132491414,419.5154353480539,0.0,0.0,314.7291740433681,314.729174043368,10648.64215516452,268.68116117061663,0.0
2020-02-01,6.96873,3308.040821753872,2219.6578798690107,754.7960431031144,456.1830355006997,667.620258549118,1520.888182518889,319.8867329783879,0.0,0.0,539.3064517811282,366.0559986014475,1765.4324056508904,527.5556485310053,493.6445773962407,0.0,761.7267668557179,761.7267668557176,8967.810057912668,525.2095437205394,0.0
2020-02-08,6.83419,2783.436912991001,2040.093370698115,344.925700651924,774.5383317165067,557.3120635335852,1504.0403045667365,341.53316218286767,390.5714934293159,390.5714934293159,280.40937947505495,483.7871917419178,1556.1689484038036,403.4132618457988,396.0774880927512,0.0,628.5561506905279,628.5561506905279,9720.933390605982,526.9807757844042,0.0
2020-02-15,6.29736,2968.1824851948886,1852.881480400932,507.56912303902135,767.7569097294224,1056.301420481039,1510.6096632462072,0.0,0.0,0.0,0.0,420.3395947316421,2163.1157659314217,279.73362613041184,532.7472825239794,576.6911559645145,592.7169112135889,592.7169112135889,8583.974901192661,457.31994947834846,0.0
2020-02-22,5.65263,2477.579135071416,2002.3349914125447,0.0,632.8161210764815,523.4709697920275,1100.3616785575475,311.9676309337957,0.0,0.0,422.835363033801,418.0873815061801,2084.1639428479684,455.2533996557467,315.9927954885509,379.3906266053016,861.0372509600243,861.0372509600243,8963.593146291467,0.0,0.0
2020-02-29,5.86837,3495.848218668378,1735.4358722106942,361.2989072368897,669.5553915272626,686.283436136014,1242.778963775255,278.66806915251937,513.6672086003127,513.6672086003127,514.3359898491851,289.5898331791132,1921.1364332840424,480.9238171802504,376.1833719981889,0.0,0.0,0.0,9427.443164707624,452.09064949669926,384.2423429872483
2020-03-07,5.21506,4659.525335053882,1618.64488433457,381.9201643486703,380.35724953956645,614.8829210479777,1418.6519262201912,325.6731973514999,666.5175029098642,666.5175029098641,0.0,580.8750970088187,2224.1212268911327,341.3047288874603,320.1495684068343,441.4217657608753,264.7136995969966,264.7136995969966,8791.683494368222,0.0,0.0
2020-03-14,5.49606,8815.817156120747,2326.1721654426287,354.6856748609086,599.7059675103452,661.1921237703467,2410.47298480982,0.0,390.913562046558,390.913562046558,629.7820590029073,851.890122365401,3019.054453614108,612.554159763417,401.4378629924415,0.0,522.5194903267106,522.5194903267106,8290.882644493975,416.0303614748743,0.0
2020-03-21,5.85904,7559.725820009663,2356.2414935912707,266.44289241101666,703.8048732999503,1054.5830838376664,1937.659896739014,287.65899277927423,0.0,0.0,622.1108718382497,893.846392949655,3367.103691560936,525.1676794112755,0.0,0.0,282.4993953547705,282.49939535477046,8770.468586624516,0.0,0.0
2020-03-28,4.70052,5115.823733897184,1403.410650517902,0.0,446.50732820736255,459.1208228719452,1181.417465654078,452.3437980498271,0.0,0.0,673.5968325600683,597.0970073745181,3529.702405039543,248.8556507406849,0.0,0.0,0.0,0.0,7993.384021270033,0.0,0.0
2020-04-04,4.09708,4617.848356364717,483.23983250258186,0.0,558.4741875456599,442.9895804583599,879.0355851876125,370.4773578429136,408.0839065174304,408.0839065174304,0.0,0.0,3045.065412929856,0.0,0.0,0.0,298.9182679672136,298.9182679672136,7165.202495722341,0.0,0.0
2020-04-11,3.12139,2963.8451746278656,0.0,0.0,359.7166278649709,0.0,728.2324463420676,0.0,293.790577870612,293.790577870612,0.0,0.0,1970.8950706938272,0.0,0.0,0.0,0.0,0.0,8133.224491492401,0.0,364.0346637412376
2020-04-18,2.5065,2017.474080169752,0.0,0.0,0.0,260.247814984599,273.07386824406507,0.0,0.0,0.0,0.0,0.0,1767.5354587737215,0.0,0.0,0.0,0.0,0.0,7240.249374691518,0.0,0.0
2020-04-25,2.60903,1987.162920143314,0.0,0.0,0.0,242.7362024690904,368.0768516507909,303.39584668931843,0.0,0.0,0.0,0.0,1033.8886538585862,0.0,0.0,0.0,0.0,0.0,6628.204838344106,0.0,0.0
2020-05-02,1.6141,1400.479121100615,0.0,0.0,0.0,0.0,438.535531097755,0.0,0.0,0.0,0.0,0.0,1083.8532729415545,0.0,0.0,0.0,0.0,0.0,6760.645097859394,0.0,0.0
2020-05-09,1.5586,1123.3716565362247,0.0,0.0,0.0,0.0,403.3805370536534,0.0,0.0,0.0,0.0,0.0,1497.874836853325,0.0,0.0,0.0,0.0,0.0,6525.443854618826,0.0,0.0
2020-05-16,1.33956,1235.2059458985907,0.0,0.0,0.0,0.0,0.0,0.0,0.0,0.0,0.0,0.0,959.8257527981826,0.0,0.0,0.0,0.0,0.0,6007.414900485907,0.0,0.0
2020-05-23,1.18563,920.1490004846264,246.44413544618945,0.0,0.0,0.0,268.0864408444051,0.0,0.0,0.0,0.0,0.0,688.4436676684797,0.0,0.0,0.0,0.0,0.0,6440.273964061596,0.0,0.0
2020-05-30,1.52781,1188.8924755222365,0.0,0.0,0.0,0.0,0.0,0.0,0.0,0.0,0.0,0.0,964.4034476321266,0.0,0.0,0.0,0.0,0.0,6902.634408377441,0.0,0.0
2020-06-06,0.970874,361.9322317777002,0.0,0.0,0.0,0.0,0.0,0.0,0.0,0.0,0.0,0.0,949.8424407084656,0.0,0.0,0.0,0.0,0.0,6371.466856892331,0.0,0.0
2020-06-13,1.08153,451.7744786027477,0.0,0.0,0.0,0.0,0.0,0.0,0.0,0.0,0.0,0.0,1012.6065021582752,0.0,292.7560676781892,0.0,0.0,0.0,6105.937958421738,0.0,0.0
2020-06-20,1.58215,791.5162975114055,0.0,0.0,0.0,0.0,0.0,0.0,0.0,0.0,0.0,0.0,921.087449279834,0.0,0.0,0.0,0.0,0.0,6809.054514981536,0.0,0.0
2020-06-27,1.7632,703.5611525785574,305.8428824316257,0.0,0.0,0.0,322.96462236672966,0.0,0.0,0.0,0.0,0.0,1093.716400969906,252.46160164355604,0.0,0.0,0.0,0.0,6726.221760757858,0.0,0.0
