date,Montana,flu symptoms,the flu,how long flu,flu how long,symptoms of flu,influenza a,bronchitis,the flu symptoms,contagious flu,a influenza,rsv,flu cold,flu contagious,stomach flu,flu a,pneumonia,flu fever,fever flu,how long does flu last,sinus
2010-10-09,0.0371195,0.0,0.0,0.0,0.0,0.0,0.0,0.0,0.0,0.0,0.0,0.0,0.0,0.0,0.0,0.0,0.0,0.0,0.0,0.0,0.0
2010-10-16,0.180963,0.0,0.0,0.0,0.0,0.0,0.0,0.0,0.0,0.0,0.0,0.0,0.0,0.0,5204.885365956578,0.0,0.0,0.0,0.0,6594.742201483479,0.0
2010-10-23,0.185874,0.0,0.0,0.0,0.0,0.0,0.0,0.0,5146.109313570324,0.0,0.0,0.0,0.0,0.0,0.0,0.0,0.0,0.0,0.0,0.0,0.0
2010-10-30,0.0363901,0.0,0.0,0.0,0.0,0.0,0.0,0.0,0.0,0.0,0.0,0.0,0.0,0.0,0.0,0.0,0.0,0.0,0.0,0.0,0.0
2010-11-06,0.0405186,0.0,0.0,0.0,0.0,0.0,3972.34826305634,0.0,0.0,0.0,0.0,0.0,0.0,0.0,0.0,0.0,0.0,0.0,0.0,0.0,4475.763034943967
2010-11-13,0.243902,0.0,0.0,0.0,0.0,0.0,0.0,0.0,0.0,0.0,0.0,0.0,0.0,0.0,0.0,0.0,0.0,0.0,0.0,0.0,0.0
2010-11-20,0.10993,0.0,0.0,0.0,0.0,0.0,0.0,0.0,0.0,0.0,0.0,0.0,0.0,0.0,4455.052500056042,0.0,0.0,0.0,0.0,0.0,0.0
2010-11-27,0.537057,0.0,0.0,0.0,0.0,0.0,0.0,0.0,0.0,0.0,0.0,0.0,0.0,0.0,0.0,0.0,0.0,0.0,0.0,0.0,0.0
2010-12-04,0.0380518,0.0,0.0,0.0,0.0,0.0,0.0,0.0,0.0,0.0,0.0,0.0,0.0,0.0,0.0,0.0,0.0,0.0,0.0,0.0,0.0
2010-12-11,0.0359454,0.0,0.0,0.0,0.0,0.0,0.0,0.0,0.0,0.0,0.0,0.0,0.0,0.0,0.0,0.0,0.0,0.0,0.0,0.0,0.0
2010-12-18,0.0772798,0.0,0.0,0.0,0.0,0.0,0.0,0.0,0.0,0.0,0.0,0.0,0.0,0.0,0.0,0.0,0.0,0.0,0.0,0.0,0.0
2010-12-25,0.062422,0.0,0.0,0.0,0.0,0.0,0.0,0.0,0.0,0.0,0.0,0.0,0.0,0.0,0.0,0.0,0.0,0.0,0.0,0.0,0.0
2011-01-01,0.234926,0.0,0.0,0.0,0.0,0.0,0.0,0.0,0.0,0.0,0.0,0.0,0.0,0.0,0.0,0.0,4627.0224445580525,0.0,0.0,0.0,0.0
2011-01-08,0.0,0.0,0.0,0.0,0.0,0.0,0.0,0.0,0.0,0.0,0.0,0.0,0.0,0.0,0.0,0.0,0.0,0.0,0.0,0.0,0.0
2011-01-15,0.221926,0.0,0.0,0.0,0.0,0.0,0.0,1782.7003411925343,0.0,0.0,0.0,0.0,0.0,0.0,0.0,0.0,0.0,0.0,0.0,0.0,2067.4118822741666
2011-01-22,0.251004,0.0,0.0,0.0,0.0,0.0,0.0,0.0,0.0,0.0,0.0,0.0,0.0,0.0,0.0,0.0,2698.440840458054,0.0,0.0,0.0,0.0
2011-01-29,0.207828,0.0,0.0,0.0,0.0,0.0,0.0,0.0,0.0,0.0,0.0,0.0,0.0,0.0,0.0,0.0,0.0,0.0,0.0,0.0,0.0
2011-02-05,0.836972,0.0,0.0,0.0,0.0,0.0,0.0,0.0,0.0,0.0,0.0,0.0,0.0,0.0,0.0,0.0,0.0,0.0,0.0,0.0,0.0
2011-02-12,0.355114,0.0,0.0,0.0,0.0,0.0,0.0,0.0,0.0,0.0,0.0,0.0,0.0,0.0,0.0,0.0,2935.5684312146423,0.0,0.0,0.0,2889.0364595551814
2011-02-19,0.701262,0.0,0.0,0.0,0.0,0.0,1829.6782131211976,0.0,0.0,0.0,0.0,0.0,0.0,0.0,0.0,0.0,0.0,0.0,0.0,0.0,0.0
2011-02-26,1.10193,0.0,0.0,0.0,0.0,0.0,0.0,0.0,0.0,0.0,0.0,0.0,0.0,0.0,0.0,0.0,0.0,0.0,0.0,0.0,0.0
2011-03-05,1.11654,0.0,0.0,0.0,0.0,0.0,0.0,0.0,0.0,0.0,0.0,0.0,0.0,0.0,0.0,0.0,2044.5045668057992,0.0,0.0,0.0,0.0
2011-03-12,0.801165,0.0,0.0,0.0,0.0,0.0,0.0,0.0,0.0,0.0,0.0,0.0,0.0,0.0,0.0,0.0,3889.2985588302154,0.0,0.0,0.0,2547.175284214967
2011-03-19,0.815376,0.0,0.0,0.0,0.0,0.0,0.0,0.0,0.0,0.0,0.0,0.0,0.0,0.0,0.0,0.0,2265.889160185834,0.0,0.0,0.0,0.0
2011-03-26,0.835189,0.0,0.0,0.0,0.0,0.0,0.0,0.0,0.0,0.0,0.0,0.0,0.0,0.0,0.0,0.0,0.0,0.0,0.0,0.0,2549.044793228427
2011-04-02,0.4662,0.0,0.0,0.0,0.0,0.0,0.0,0.0,0.0,0.0,0.0,0.0,0.0,0.0,0.0,0.0,0.0,0.0,0.0,0.0,0.0
2011-04-09,0.27933,0.0,0.0,0.0,0.0,0.0,0.0,0.0,0.0,0.0,0.0,0.0,0.0,0.0,0.0,0.0,0.0,0.0,0.0,0.0,1752.6239457139632
2011-04-16,0.235018,0.0,0.0,0.0,0.0,0.0,0.0,1789.960083622259,0.0,0.0,0.0,0.0,0.0,0.0,0.0,0.0,2084.011500755331,0.0,0.0,0.0,0.0
2011-04-23,0.0297885,0.0,0.0,0.0,0.0,0.0,0.0,0.0,0.0,0.0,0.0,0.0,0.0,0.0,0.0,0.0,0.0,0.0,0.0,0.0,0.0
2011-04-30,0.0,0.0,0.0,0.0,0.0,0.0,0.0,0.0,0.0,0.0,0.0,0.0,1723.3166833462608,0.0,0.0,0.0,0.0,0.0,0.0,0.0,0.0
2011-05-07,0.0,0.0,0.0,0.0,0.0,0.0,0.0,0.0,0.0,0.0,0.0,0.0,0.0,0.0,0.0,0.0,0.0,0.0,0.0,0.0,0.0
2011-05-14,0.0,0.0,0.0,0.0,0.0,0.0,0.0,0.0,0.0,0.0,0.0,0.0,0.0,0.0,0.0,0.0,1926.6252803973173,0.0,0.0,0.0,1884.825627555764
2011-05-21,0.0,0.0,0.0,0.0,0.0,0.0,0.0,2037.99117990344,0.0,0.0,0.0,0.0,0.0,0.0,0.0,0.0,0.0,0.0,0.0,0.0,0.0
2011-05-28,0.0,0.0,0.0,0.0,0.0,2445.869951950905,0.0,0.0,0.0,0.0,0.0,0.0,0.0,0.0,0.0,0.0,0.0,0.0,0.0,0.0,0.0
2011-06-04,0.0,0.0,0.0,0.0,0.0,0.0,0.0,0.0,0.0,0.0,0.0,0.0,0.0,0.0,0.0,0.0,0.0,0.0,0.0,0.0,2016.677855135733
2011-06-11,0.0,0.0,0.0,0.0,0.0,0.0,0.0,0.0,0.0,2127.33834600793,0.0,0.0,0.0,0.0,0.0,0.0,0.0,0.0,0.0,0.0,0.0
2011-06-18,0.0,0.0,0.0,0.0,0.0,0.0,0.0,0.0,0.0,0.0,0.0,0.0,0.0,0.0,0.0,0.0,0.0,0.0,0.0,0.0,0.0
2011-06-25,0.0,0.0,0.0,0.0,0.0,0.0,0.0,0.0,0.0,0.0,0.0,0.0,0.0,0.0,0.0,0.0,0.0,0.0,0.0,0.0,0.0
2011-07-02,0.0,0.0,0.0,0.0,0.0,0.0,0.0,0.0,0.0,0.0,0.0,0.0,0.0,0.0,0.0,0.0,0.0,0.0,0.0,0.0,2021.0341803718295
2011-07-09,0.0,0.0,0.0,0.0,0.0,0.0,0.0,0.0,0.0,0.0,0.0,0.0,0.0,0.0,0.0,0.0,0.0,0.0,0.0,0.0,0.0
2011-07-16,0.0,0.0,0.0,0.0,0.0,0.0,0.0,0.0,0.0,0.0,0.0,0.0,0.0,0.0,0.0,0.0,0.0,0.0,0.0,0.0,0.0
2011-07-23,0.0,0.0,0.0,0.0,0.0,0.0,0.0,0.0,0.0,0.0,0.0,0.0,0.0,0.0,0.0,0.0,0.0,0.0,0.0,2180.543873275777,0.0
2011-07-30,0.0,0.0,0.0,0.0,0.0,0.0,0.0,0.0,0.0,0.0,0.0,0.0,0.0,0.0,0.0,0.0,0.0,0.0,0.0,0.0,0.0
2011-08-06,0.0,0.0,0.0,0.0,0.0,0.0,0.0,0.0,0.0,0.0,0.0,0.0,0.0,0.0,0.0,0.0,0.0,0.0,0.0,0.0,0.0
2011-08-13,0.0,0.0,2082.052741329536,0.0,0.0,0.0,0.0,0.0,0.0,0.0,0.0,0.0,0.0,0.0,0.0,0.0,0.0,0.0,0.0,0.0,0.0
2011-08-20,0.0,0.0,0.0,0.0,0.0,0.0,0.0,0.0,0.0,0.0,0.0,0.0,0.0,0.0,4880.03811393492,0.0,0.0,0.0,0.0,0.0,0.0
2011-08-27,0.0,0.0,0.0,0.0,0.0,0.0,0.0,0.0,0.0,0.0,0.0,0.0,0.0,0.0,0.0,0.0,0.0,0.0,0.0,0.0,0.0
2011-09-03,0.0,0.0,0.0,0.0,0.0,0.0,0.0,0.0,0.0,0.0,0.0,0.0,0.0,0.0,0.0,0.0,0.0,0.0,0.0,0.0,0.0
2011-09-10,0.0,0.0,0.0,0.0,0.0,0.0,0.0,0.0,0.0,0.0,0.0,0.0,0.0,0.0,0.0,0.0,0.0,0.0,0.0,0.0,2655.9815921737318
2011-09-17,0.0,0.0,0.0,0.0,0.0,0.0,0.0,0.0,0.0,0.0,0.0,1976.681094563372,0.0,0.0,2026.5036205869485,0.0,0.0,0.0,0.0,0.0,1904.769546585361
2011-09-24,0.0530223,0.0,0.0,0.0,0.0,0.0,0.0,0.0,0.0,0.0,0.0,0.0,0.0,0.0,0.0,0.0,0.0,0.0,0.0,0.0,2336.591354065301
2011-10-01,0.0,0.0,0.0,0.0,0.0,0.0,0.0,0.0,0.0,0.0,0.0,0.0,0.0,0.0,0.0,0.0,0.0,0.0,0.0,0.0,0.0
2011-10-08,0.0,0.0,0.0,0.0,0.0,0.0,0.0,0.0,0.0,0.0,0.0,0.0,2148.5466348187315,0.0,0.0,0.0,0.0,0.0,0.0,0.0,0.0
2011-10-15,0.0907853,0.0,0.0,0.0,0.0,0.0,0.0,0.0,0.0,0.0,0.0,0.0,0.0,0.0,0.0,0.0,0.0,0.0,0.0,0.0,0.0
2011-10-22,0.039604,0.0,1777.2065155286257,0.0,0.0,0.0,0.0,0.0,0.0,0.0,0.0,0.0,0.0,0.0,1949.5521547026256,0.0,0.0,0.0,0.0,0.0,0.0
2011-10-29,0.15949,0.0,0.0,0.0,0.0,0.0,0.0,0.0,0.0,0.0,0.0,0.0,0.0,0.0,0.0,0.0,0.0,0.0,0.0,0.0,0.0
2011-11-05,0.177148,0.0,0.0,0.0,0.0,0.0,0.0,0.0,0.0,0.0,0.0,0.0,0.0,0.0,0.0,0.0,0.0,0.0,0.0,0.0,1706.5496788581363
2011-11-12,0.0,0.0,0.0,0.0,0.0,0.0,0.0,2250.591901446712,0.0,0.0,0.0,0.0,0.0,0.0,0.0,0.0,0.0,0.0,0.0,0.0,0.0
2011-11-19,0.120289,0.0,0.0,0.0,0.0,0.0,0.0,0.0,0.0,0.0,0.0,0.0,0.0,0.0,0.0,0.0,2484.400258123153,0.0,0.0,0.0,0.0
2011-11-26,0.45425,0.0,0.0,0.0,0.0,0.0,0.0,0.0,0.0,0.0,0.0,0.0,0.0,0.0,0.0,0.0,0.0,0.0,0.0,0.0,0.0
2011-12-03,0.294985,0.0,0.0,0.0,0.0,0.0,0.0,0.0,0.0,0.0,0.0,0.0,0.0,0.0,0.0,0.0,0.0,0.0,0.0,0.0,0.0
2011-12-10,0.174749,0.0,0.0,0.0,0.0,0.0,0.0,0.0,0.0,0.0,0.0,0.0,0.0,0.0,0.0,0.0,0.0,0.0,0.0,1920.9206115334732,0.0
2011-12-17,0.129814,0.0,0.0,0.0,0.0,0.0,0.0,0.0,0.0,0.0,0.0,0.0,0.0,0.0,0.0,0.0,0.0,0.0,0.0,0.0,2000.893022013057
2011-12-24,0.19305,0.0,0.0,0.0,0.0,0.0,0.0,0.0,0.0,0.0,0.0,0.0,0.0,2480.505093481199,0.0,0.0,0.0,0.0,0.0,0.0,0.0
2011-12-31,0.165837,2705.1990612738955,0.0,0.0,0.0,0.0,0.0,0.0,2129.2866217017317,0.0,0.0,2502.084222878748,0.0,0.0,0.0,0.0,0.0,0.0,0.0,0.0,0.0
2012-01-07,0.120555,0.0,0.0,0.0,0.0,0.0,0.0,0.0,0.0,0.0,0.0,0.0,0.0,0.0,0.0,0.0,0.0,0.0,0.0,0.0,0.0
2012-01-14,0.201918,0.0,0.0,0.0,0.0,0.0,0.0,0.0,0.0,0.0,0.0,0.0,0.0,0.0,0.0,0.0,0.0,0.0,0.0,0.0,2273.387815856145
2012-01-21,0.180397,0.0,0.0,0.0,0.0,0.0,0.0,0.0,0.0,1681.0449929259764,0.0,0.0,0.0,0.0,0.0,0.0,1537.7196834862607,0.0,0.0,0.0,0.0
2012-01-28,0.171453,0.0,0.0,0.0,0.0,0.0,0.0,0.0,0.0,0.0,0.0,0.0,0.0,0.0,0.0,0.0,0.0,0.0,0.0,0.0,0.0
2012-02-04,0.247117,0.0,0.0,0.0,0.0,0.0,0.0,0.0,0.0,0.0,0.0,0.0,0.0,0.0,0.0,0.0,0.0,0.0,0.0,0.0,0.0
2012-02-11,0.27933,0.0,0.0,0.0,0.0,0.0,0.0,0.0,0.0,0.0,0.0,0.0,0.0,0.0,0.0,0.0,2186.573765990328,0.0,0.0,0.0,1654.2536101866783
2012-02-18,0.211238,0.0,0.0,0.0,0.0,0.0,0.0,0.0,0.0,0.0,0.0,0.0,0.0,0.0,0.0,0.0,0.0,0.0,0.0,1695.2590025594825,0.0
2012-02-25,0.741084,0.0,0.0,0.0,0.0,0.0,0.0,0.0,0.0,0.0,0.0,2508.7726316133776,0.0,0.0,0.0,0.0,2586.3239675705654,0.0,0.0,0.0,0.0
2012-03-03,0.46875,0.0,0.0,0.0,0.0,0.0,0.0,0.0,0.0,0.0,0.0,0.0,0.0,0.0,0.0,0.0,0.0,0.0,0.0,0.0,0.0
2012-03-10,0.845899,0.0,0.0,0.0,0.0,0.0,0.0,0.0,0.0,0.0,0.0,2120.4577000561458,0.0,0.0,0.0,0.0,0.0,0.0,0.0,0.0,0.0
2012-03-17,1.17335,0.0,0.0,0.0,0.0,1574.021957168476,0.0,0.0,0.0,0.0,0.0,0.0,0.0,0.0,0.0,0.0,0.0,0.0,0.0,0.0,0.0
2012-03-24,0.744806,0.0,0.0,0.0,0.0,0.0,0.0,0.0,0.0,0.0,0.0,0.0,0.0,0.0,0.0,0.0,1712.8432087381057,0.0,0.0,0.0,0.0
2012-03-31,0.15674,0.0,0.0,0.0,0.0,0.0,0.0,0.0,0.0,0.0,0.0,0.0,1845.7983804263952,1945.708484111993,0.0,0.0,0.0,0.0,0.0,0.0,0.0
2012-04-07,0.185759,0.0,0.0,0.0,0.0,0.0,0.0,1588.7277294435046,0.0,0.0,0.0,0.0,0.0,0.0,0.0,0.0,0.0,0.0,0.0,0.0,1838.7667554421105
2012-04-14,0.394737,0.0,0.0,0.0,0.0,0.0,0.0,0.0,0.0,0.0,0.0,0.0,0.0,0.0,0.0,0.0,0.0,0.0,0.0,0.0,0.0
2012-04-21,0.0821693,0.0,0.0,0.0,0.0,0.0,0.0,0.0,0.0,0.0,0.0,0.0,0.0,0.0,1717.2176339645848,0.0,0.0,0.0,0.0,0.0,0.0
2012-04-28,0.401768,0.0,0.0,0.0,0.0,1919.2343516457129,0.0,0.0,0.0,0.0,0.0,0.0,0.0,0.0,0.0,0.0,0.0,0.0,0.0,0.0,0.0
2012-05-05,0.0,0.0,0.0,0.0,0.0,0.0,0.0,0.0,0.0,0.0,0.0,0.0,0.0,0.0,0.0,0.0,0.0,0.0,0.0,0.0,0.0
2012-05-12,0.119522,0.0,0.0,0.0,0.0,0.0,0.0,0.0,0.0,0.0,0.0,0.0,0.0,0.0,0.0,0.0,0.0,0.0,0.0,0.0,2182.507134400607
2012-05-19,0.0,0.0,0.0,0.0,0.0,0.0,0.0,3252.7158053017824,0.0,0.0,0.0,0.0,0.0,0.0,0.0,0.0,0.0,0.0,0.0,0.0,2327.3532370234093
2012-05-26,0.0,0.0,0.0,0.0,0.0,0.0,0.0,0.0,0.0,0.0,0.0,0.0,0.0,0.0,0.0,0.0,0.0,0.0,0.0,0.0,0.0
2012-06-02,0.0,0.0,0.0,0.0,0.0,0.0,0.0,0.0,0.0,0.0,0.0,0.0,0.0,0.0,0.0,0.0,0.0,0.0,0.0,0.0,0.0
2012-06-09,0.0,0.0,0.0,0.0,0.0,0.0,0.0,0.0,0.0,0.0,0.0,0.0,0.0,0.0,0.0,0.0,0.0,0.0,0.0,0.0,2553.306126097156
2012-06-16,0.0,0.0,0.0,0.0,0.0,0.0,0.0,0.0,0.0,0.0,0.0,0.0,0.0,0.0,0.0,0.0,0.0,0.0,0.0,0.0,0.0
2012-06-23,0.0,0.0,1928.0121872822424,0.0,0.0,2984.846192709157,0.0,0.0,0.0,0.0,0.0,0.0,0.0,0.0,0.0,0.0,0.0,2562.0536805349266,2562.0536805349266,0.0,0.0
2012-06-30,0.0,0.0,0.0,0.0,0.0,0.0,0.0,0.0,0.0,0.0,0.0,0.0,0.0,0.0,0.0,0.0,0.0,0.0,0.0,0.0,0.0
2012-07-07,0.0,0.0,0.0,0.0,0.0,0.0,0.0,0.0,0.0,0.0,0.0,0.0,0.0,0.0,0.0,0.0,0.0,0.0,0.0,0.0,4323.0899343734445
2012-07-14,0.0,0.0,0.0,0.0,0.0,0.0,0.0,0.0,0.0,0.0,0.0,0.0,0.0,0.0,0.0,0.0,0.0,0.0,0.0,0.0,1973.772072071846
2012-07-21,0.0,0.0,0.0,0.0,0.0,0.0,0.0,0.0,0.0,0.0,0.0,0.0,0.0,0.0,0.0,0.0,0.0,0.0,0.0,0.0,0.0
2012-07-28,0.0,0.0,0.0,0.0,0.0,0.0,0.0,0.0,0.0,0.0,0.0,0.0,0.0,0.0,0.0,0.0,0.0,0.0,0.0,0.0,0.0
2012-08-04,0.0,0.0,0.0,0.0,0.0,0.0,0.0,0.0,0.0,0.0,0.0,0.0,0.0,0.0,0.0,0.0,0.0,0.0,0.0,0.0,0.0
2012-08-11,0.0,0.0,0.0,0.0,0.0,0.0,0.0,0.0,0.0,0.0,0.0,0.0,0.0,0.0,0.0,0.0,0.0,0.0,0.0,0.0,0.0
2012-08-18,0.0,0.0,0.0,0.0,0.0,1631.140588714379,0.0,0.0,0.0,0.0,0.0,0.0,0.0,0.0,0.0,0.0,0.0,0.0,0.0,0.0,0.0
2012-08-25,0.0,0.0,0.0,0.0,0.0,0.0,0.0,0.0,0.0,0.0,0.0,0.0,0.0,0.0,0.0,0.0,0.0,0.0,0.0,0.0,0.0
2012-09-01,0.0,0.0,0.0,0.0,0.0,0.0,0.0,0.0,0.0,0.0,0.0,0.0,0.0,0.0,0.0,0.0,0.0,0.0,0.0,0.0,0.0
2012-09-08,0.0,0.0,0.0,0.0,0.0,0.0,0.0,0.0,0.0,0.0,0.0,0.0,0.0,0.0,0.0,0.0,0.0,0.0,0.0,0.0,0.0
2012-09-15,0.0,0.0,0.0,0.0,0.0,0.0,0.0,0.0,0.0,0.0,0.0,0.0,0.0,0.0,0.0,0.0,0.0,0.0,0.0,0.0,0.0
2012-09-22,0.0,0.0,2189.900581288024,0.0,0.0,0.0,0.0,0.0,0.0,0.0,0.0,0.0,0.0,0.0,0.0,0.0,0.0,0.0,0.0,0.0,3453.267326143301
2012-09-29,0.0,0.0,0.0,0.0,0.0,0.0,0.0,0.0,0.0,0.0,0.0,0.0,0.0,0.0,0.0,0.0,0.0,0.0,0.0,0.0,0.0
2012-10-06,0.170474,0.0,0.0,0.0,0.0,0.0,2258.5091723833107,0.0,0.0,0.0,0.0,0.0,0.0,0.0,0.0,0.0,1777.436441912293,0.0,0.0,0.0,1863.1987826951924
2012-10-13,0.148976,0.0,0.0,0.0,0.0,0.0,0.0,0.0,0.0,0.0,0.0,0.0,0.0,0.0,0.0,0.0,1866.827239616321,0.0,0.0,0.0,1945.29288212426
2012-10-20,0.17325,0.0,0.0,0.0,0.0,1619.1853280149298,0.0,0.0,0.0,0.0,0.0,1661.6201056428688,0.0,0.0,0.0,0.0,0.0,0.0,0.0,0.0,0.0
2012-10-27,0.0769231,0.0,0.0,0.0,0.0,0.0,0.0,0.0,0.0,0.0,0.0,0.0,0.0,0.0,0.0,0.0,0.0,0.0,0.0,0.0,1982.275370346826
2012-11-03,0.188182,0.0,0.0,0.0,0.0,0.0,0.0,0.0,0.0,0.0,0.0,0.0,0.0,0.0,0.0,0.0,0.0,0.0,0.0,0.0,0.0
2012-11-10,0.120822,0.0,0.0,0.0,0.0,0.0,1456.8244662146133,0.0,0.0,0.0,0.0,0.0,0.0,0.0,0.0,0.0,0.0,0.0,0.0,1910.33798947477,0.0
2012-11-17,0.15829,0.0,0.0,0.0,0.0,0.0,0.0,0.0,0.0,0.0,0.0,0.0,0.0,0.0,0.0,0.0,0.0,0.0,0.0,0.0,0.0
2012-11-24,0.426743,0.0,0.0,0.0,0.0,0.0,0.0,0.0,0.0,0.0,0.0,0.0,0.0,0.0,0.0,0.0,0.0,0.0,0.0,0.0,0.0
2012-12-01,0.101317,1298.7801377033063,0.0,0.0,0.0,0.0,0.0,0.0,0.0,0.0,0.0,0.0,0.0,0.0,0.0,0.0,2453.413996196437,0.0,0.0,0.0,0.0
2012-12-08,0.186986,0.0,0.0,0.0,0.0,1704.2068171824017,0.0,0.0,0.0,0.0,0.0,0.0,0.0,0.0,0.0,0.0,1997.6940510314269,0.0,0.0,0.0,0.0
2012-12-15,0.18315,0.0,1491.1214162816218,1358.500284685678,1358.500284685678,0.0,0.0,0.0,0.0,0.0,0.0,0.0,0.0,0.0,1645.425221798871,0.0,1377.8702316824017,0.0,0.0,0.0,0.0
2012-12-22,1.22505,0.0,0.0,0.0,0.0,0.0,0.0,0.0,0.0,0.0,0.0,0.0,0.0,0.0,0.0,0.0,0.0,0.0,0.0,0.0,0.0
2012-12-29,0.631136,0.0,0.0,0.0,0.0,0.0,0.0,0.0,0.0,0.0,0.0,0.0,0.0,0.0,0.0,0.0,0.0,0.0,0.0,0.0,0.0
2013-01-05,1.06045,2030.16832840134,2146.7115154235257,0.0,0.0,0.0,0.0,1589.8428371505613,0.0,0.0,0.0,0.0,0.0,0.0,0.0,0.0,0.0,0.0,0.0,0.0,1759.1330302025394
2013-01-12,1.05949,2150.341552474777,1987.3339740274305,0.0,0.0,1382.647451286748,0.0,0.0,0.0,0.0,1952.2251776022035,0.0,0.0,0.0,1431.5495994072028,0.0,0.0,0.0,0.0,1700.0402472605635,1681.8629623099732
2013-01-19,1.3905,1477.5475795695431,1797.352048013023,0.0,0.0,0.0,0.0,0.0,0.0,0.0,0.0,0.0,0.0,1417.235973048623,0.0,0.0,1291.179596692304,0.0,0.0,0.0,1769.6616453342594
2013-01-26,1.22777,2581.205572413614,1384.3417021457008,0.0,0.0,0.0,0.0,0.0,0.0,0.0,0.0,0.0,0.0,1461.6469332830138,0.0,0.0,1845.244778871888,0.0,0.0,0.0,0.0
2013-02-02,1.32319,0.0,1770.6405172780037,0.0,0.0,0.0,0.0,0.0,0.0,0.0,0.0,0.0,0.0,0.0,0.0,0.0,0.0,0.0,0.0,0.0,1615.3445166760375
2013-02-09,0.956938,1605.2599236760916,1292.362195137695,0.0,0.0,0.0,0.0,0.0,0.0,0.0,0.0,0.0,0.0,0.0,0.0,0.0,0.0,0.0,0.0,0.0,2225.821150626075
2013-02-16,0.2886,0.0,0.0,0.0,0.0,0.0,0.0,0.0,0.0,0.0,0.0,1402.8107710300126,0.0,0.0,0.0,0.0,0.0,0.0,0.0,0.0,1366.4209217100188
2013-02-23,1.03766,0.0,0.0,0.0,0.0,0.0,0.0,0.0,0.0,0.0,0.0,1533.2470526849274,0.0,0.0,0.0,0.0,2391.034440678447,0.0,0.0,0.0,0.0
2013-03-02,0.837277,0.0,0.0,0.0,0.0,0.0,0.0,0.0,0.0,0.0,0.0,1275.838470629491,0.0,0.0,0.0,0.0,1965.5181830734653,0.0,0.0,0.0,1612.6849157649633
2013-03-09,0.778066,0.0,0.0,1612.946029924483,1612.946029924483,0.0,0.0,0.0,0.0,1347.0049602356692,0.0,2197.2600807682275,0.0,0.0,0.0,0.0,0.0,0.0,0.0,0.0,2778.911138679534
2013-03-16,1.38462,0.0,0.0,0.0,0.0,0.0,0.0,0.0,0.0,0.0,0.0,0.0,0.0,0.0,0.0,0.0,0.0,0.0,0.0,0.0,1621.2300023692735
2013-03-23,0.389656,0.0,0.0,0.0,0.0,0.0,0.0,0.0,0.0,0.0,0.0,0.0,0.0,0.0,0.0,0.0,0.0,0.0,0.0,0.0,2291.8618120186693
2013-03-30,0.580998,0.0,0.0,0.0,0.0,0.0,0.0,0.0,0.0,0.0,0.0,0.0,0.0,0.0,0.0,0.0,0.0,0.0,0.0,0.0,1532.5853329745505
2013-04-06,0.155925,0.0,0.0,0.0,0.0,0.0,0.0,0.0,0.0,0.0,0.0,0.0,0.0,1729.2283745445352,0.0,0.0,0.0,0.0,0.0,0.0,0.0
2013-04-13,0.21606,0.0,0.0,0.0,0.0,0.0,0.0,1767.494566530175,0.0,0.0,0.0,0.0,0.0,0.0,0.0,0.0,0.0,0.0,0.0,0.0,2670.501877482719
2013-04-20,0.0362056,0.0,0.0,0.0,0.0,0.0,0.0,0.0,0.0,0.0,0.0,0.0,0.0,0.0,0.0,0.0,0.0,0.0,0.0,0.0,1710.0181721512572
2013-04-27,0.177054,0.0,0.0,0.0,0.0,0.0,0.0,0.0,1236.388097622918,0.0,0.0,0.0,0.0,0.0,0.0,0.0,0.0,0.0,0.0,0.0,1576.7846069678528
2013-05-04,0.0,0.0,0.0,0.0,0.0,0.0,0.0,0.0,0.0,0.0,0.0,0.0,0.0,0.0,0.0,0.0,0.0,0.0,0.0,0.0,1601.9707998417207
2013-05-11,0.0,0.0,0.0,0.0,0.0,0.0,0.0,0.0,0.0,0.0,0.0,0.0,0.0,0.0,0.0,0.0,0.0,0.0,0.0,0.0,0.0
2013-05-18,0.0412541,0.0,0.0,0.0,0.0,0.0,0.0,0.0,0.0,0.0,0.0,0.0,0.0,0.0,0.0,0.0,0.0,0.0,0.0,0.0,0.0
2013-05-25,0.110011,0.0,0.0,0.0,0.0,0.0,0.0,0.0,0.0,0.0,0.0,0.0,0.0,0.0,0.0,0.0,0.0,0.0,0.0,0.0,1733.7667132360734
2013-06-01,0.0,0.0,0.0,0.0,0.0,0.0,1603.7844215183748,0.0,0.0,0.0,0.0,0.0,0.0,0.0,0.0,0.0,0.0,0.0,0.0,0.0,1719.134764919866
2013-06-08,0.245218,0.0,0.0,0.0,0.0,0.0,0.0,0.0,0.0,0.0,1858.197103151367,0.0,0.0,0.0,0.0,0.0,0.0,0.0,0.0,0.0,0.0
2013-06-15,0.0791139,0.0,0.0,0.0,0.0,0.0,0.0,0.0,0.0,0.0,0.0,0.0,0.0,0.0,0.0,0.0,0.0,0.0,0.0,0.0,1669.589963160443
2013-06-22,0.226929,0.0,0.0,0.0,0.0,0.0,0.0,0.0,0.0,0.0,0.0,0.0,0.0,0.0,0.0,0.0,0.0,0.0,0.0,0.0,0.0
2013-06-29,0.0784314,0.0,3949.598177280018,0.0,0.0,0.0,0.0,0.0,0.0,0.0,0.0,0.0,0.0,0.0,0.0,0.0,0.0,0.0,0.0,0.0,1416.454907766877
2013-07-06,0.0,0.0,0.0,0.0,0.0,0.0,0.0,0.0,0.0,0.0,0.0,0.0,0.0,0.0,0.0,0.0,0.0,0.0,0.0,0.0,0.0
2013-07-13,0.0,0.0,0.0,0.0,0.0,0.0,0.0,0.0,0.0,0.0,0.0,0.0,0.0,0.0,0.0,0.0,0.0,0.0,0.0,0.0,2400.173174738104
2013-07-20,0.0,0.0,0.0,0.0,0.0,0.0,0.0,0.0,0.0,0.0,0.0,0.0,0.0,0.0,0.0,0.0,0.0,0.0,0.0,0.0,0.0
2013-07-27,0.0729395,0.0,0.0,0.0,0.0,0.0,0.0,0.0,0.0,0.0,0.0,0.0,0.0,0.0,0.0,1524.273969523511,0.0,0.0,0.0,0.0,1792.0778074205157
2013-08-03,0.0,0.0,0.0,0.0,0.0,0.0,0.0,0.0,0.0,0.0,0.0,1798.593202388802,0.0,0.0,0.0,0.0,0.0,0.0,0.0,0.0,0.0
2013-08-10,0.0,1375.2973544438248,0.0,0.0,0.0,0.0,0.0,0.0,0.0,0.0,0.0,0.0,0.0,0.0,0.0,0.0,0.0,0.0,0.0,0.0,0.0
2013-08-17,0.0,1304.324370775197,0.0,0.0,0.0,0.0,0.0,0.0,0.0,0.0,0.0,0.0,0.0,0.0,1346.2509183438178,0.0,0.0,0.0,0.0,0.0,0.0
2013-08-24,0.0,0.0,0.0,0.0,0.0,0.0,0.0,0.0,0.0,0.0,0.0,0.0,0.0,0.0,0.0,0.0,0.0,0.0,0.0,0.0,0.0
2013-08-31,0.0,0.0,0.0,0.0,0.0,0.0,0.0,0.0,0.0,0.0,0.0,0.0,0.0,0.0,0.0,0.0,0.0,0.0,0.0,0.0,0.0
2013-09-07,0.0,0.0,1722.7472396445996,0.0,0.0,0.0,0.0,0.0,0.0,0.0,0.0,0.0,0.0,0.0,0.0,0.0,0.0,0.0,0.0,0.0,0.0
2013-09-14,0.0,0.0,0.0,0.0,0.0,0.0,0.0,0.0,0.0,0.0,0.0,0.0,0.0,0.0,0.0,0.0,0.0,0.0,0.0,0.0,1494.666484636177
2013-09-21,0.0581734,0.0,0.0,0.0,0.0,0.0,0.0,0.0,0.0,0.0,0.0,0.0,0.0,0.0,0.0,0.0,1566.0525495814836,0.0,0.0,0.0,0.0
2013-09-28,0.0,0.0,0.0,0.0,0.0,0.0,0.0,0.0,0.0,0.0,0.0,0.0,0.0,0.0,0.0,0.0,0.0,0.0,0.0,0.0,0.0
2013-10-05,0.0852152,0.0,0.0,0.0,0.0,0.0,0.0,0.0,0.0,0.0,0.0,0.0,0.0,0.0,0.0,0.0,0.0,0.0,0.0,0.0,1807.217619992201
2013-10-12,0.113766,0.0,0.0,0.0,0.0,0.0,0.0,0.0,0.0,0.0,0.0,0.0,0.0,0.0,0.0,0.0,0.0,0.0,0.0,0.0,0.0
2013-10-19,0.0796495,0.0,0.0,0.0,0.0,0.0,0.0,0.0,0.0,0.0,0.0,0.0,0.0,0.0,0.0,0.0,0.0,0.0,0.0,0.0,2066.495764390572
2013-10-26,0.0,0.0,0.0,0.0,0.0,0.0,0.0,1603.8151990796168,0.0,0.0,0.0,0.0,0.0,0.0,0.0,0.0,0.0,0.0,0.0,0.0,1505.7834797026733
2013-11-02,0.0776096,0.0,0.0,0.0,0.0,0.0,0.0,0.0,0.0,0.0,0.0,0.0,0.0,0.0,0.0,0.0,0.0,0.0,0.0,0.0,1803.9426702457715
2013-11-09,0.0376932,0.0,2001.2572152718376,0.0,0.0,0.0,0.0,0.0,0.0,0.0,0.0,0.0,0.0,0.0,0.0,0.0,1397.6020175944875,0.0,0.0,0.0,2287.637824515136
2013-11-16,0.295334,0.0,0.0,0.0,0.0,0.0,0.0,0.0,0.0,0.0,0.0,0.0,0.0,0.0,0.0,0.0,0.0,0.0,0.0,0.0,2032.248130586637
2013-11-23,0.22409,0.0,0.0,0.0,0.0,0.0,0.0,1647.7265273114333,0.0,0.0,0.0,0.0,0.0,0.0,0.0,0.0,0.0,0.0,0.0,0.0,0.0
2013-11-30,0.169683,0.0,0.0,0.0,0.0,0.0,0.0,0.0,0.0,0.0,0.0,0.0,0.0,0.0,0.0,0.0,0.0,0.0,0.0,0.0,1303.36795044697
2013-12-07,0.473244,0.0,0.0,0.0,0.0,0.0,0.0,0.0,0.0,0.0,0.0,0.0,0.0,0.0,0.0,1221.6641024462212,0.0,0.0,0.0,0.0,1894.115822401372
2013-12-14,0.452117,0.0,0.0,0.0,0.0,0.0,0.0,0.0,0.0,0.0,0.0,0.0,0.0,0.0,1160.532371798115,0.0,0.0,0.0,0.0,0.0,1935.5638837486883
2013-12-21,0.834028,0.0,0.0,1361.6729281557853,1361.6729281557853,0.0,1869.227613810495,0.0,0.0,0.0,0.0,0.0,0.0,0.0,0.0,0.0,0.0,0.0,0.0,0.0,1520.652637066943
2013-12-28,4.81586,1691.402502949771,0.0,0.0,0.0,0.0,0.0,0.0,0.0,0.0,0.0,0.0,0.0,0.0,0.0,0.0,2534.1700825502435,0.0,0.0,0.0,1818.9687571606617
2014-01-04,2.97143,1268.276880994816,0.0,0.0,0.0,0.0,0.0,1522.4281235152555,0.0,0.0,0.0,0.0,0.0,0.0,0.0,1309.167163066241,1762.95238730698,0.0,0.0,0.0,0.0
2014-01-11,1.69348,0.0,1467.6872070013526,0.0,0.0,0.0,0.0,0.0,0.0,0.0,1573.321879048929,0.0,0.0,0.0,0.0,0.0,1661.892193026607,0.0,0.0,0.0,1468.4595477426335
2014-01-18,1.01585,1139.4080021978748,1667.751406287509,0.0,0.0,0.0,0.0,0.0,0.0,0.0,1299.577409931443,1221.530831652199,0.0,0.0,0.0,0.0,0.0,0.0,0.0,0.0,0.0
2014-01-25,0.635497,1113.6630247135845,0.0,0.0,0.0,0.0,0.0,0.0,0.0,0.0,0.0,0.0,0.0,0.0,1380.125589750451,0.0,1689.84681656679,0.0,0.0,0.0,1568.8698010612495
2014-02-01,0.145613,0.0,0.0,0.0,0.0,0.0,0.0,0.0,0.0,0.0,0.0,0.0,0.0,0.0,0.0,0.0,0.0,0.0,0.0,0.0,2474.359056428936
2014-02-08,0.518327,0.0,0.0,0.0,0.0,0.0,0.0,0.0,0.0,0.0,0.0,0.0,0.0,0.0,0.0,0.0,1399.264904596656,0.0,0.0,0.0,2106.219934843144
2014-02-15,0.143885,0.0,0.0,0.0,0.0,0.0,0.0,0.0,0.0,0.0,0.0,0.0,0.0,0.0,0.0,0.0,1252.0129335904703,0.0,0.0,0.0,2299.754827140929
2014-02-22,0.331538,0.0,0.0,0.0,0.0,1371.2629012089335,0.0,0.0,0.0,0.0,0.0,0.0,0.0,0.0,0.0,0.0,2335.658228880055,0.0,0.0,0.0,2246.2726445008534
2014-03-01,0.15625,0.0,0.0,0.0,0.0,0.0,0.0,0.0,0.0,1157.154036042151,0.0,0.0,0.0,0.0,0.0,0.0,1260.2641429565606,0.0,0.0,0.0,1392.0291841131625
2014-03-08,0.403522,0.0,0.0,0.0,0.0,0.0,0.0,0.0,0.0,0.0,0.0,0.0,0.0,0.0,0.0,0.0,1370.5977279389974,1176.130309783712,1176.130309783712,0.0,1145.9413107598734
2014-03-15,0.0,0.0,1305.594744441688,0.0,0.0,0.0,0.0,0.0,0.0,0.0,0.0,0.0,0.0,0.0,0.0,0.0,0.0,0.0,0.0,0.0,1979.4878795984807
2014-03-22,0.103663,0.0,0.0,0.0,0.0,0.0,0.0,0.0,0.0,0.0,0.0,0.0,0.0,0.0,0.0,0.0,0.0,0.0,0.0,0.0,1364.8630910886664
2014-03-29,0.0347343,0.0,0.0,0.0,0.0,0.0,0.0,0.0,0.0,0.0,0.0,0.0,0.0,0.0,0.0,0.0,1396.7387311123368,0.0,0.0,0.0,1612.8226951613983
2014-04-05,0.290135,0.0,0.0,0.0,0.0,0.0,0.0,0.0,0.0,0.0,0.0,0.0,0.0,0.0,0.0,0.0,0.0,0.0,0.0,0.0,0.0
2014-04-12,0.0336927,0.0,0.0,0.0,0.0,0.0,0.0,0.0,0.0,0.0,0.0,0.0,0.0,1371.63872788638,0.0,0.0,0.0,0.0,0.0,0.0,1419.291332647787
2014-04-19,0.0344828,0.0,0.0,0.0,0.0,0.0,0.0,0.0,0.0,0.0,0.0,0.0,0.0,0.0,0.0,0.0,2422.140862280113,0.0,0.0,0.0,2146.075409393596
2014-04-26,0.0700035,1693.8524030214537,0.0,0.0,0.0,0.0,0.0,0.0,0.0,0.0,0.0,0.0,0.0,0.0,0.0,0.0,1411.4687415402934,0.0,0.0,0.0,0.0
2014-05-03,0.0344116,1248.7437336217135,0.0,0.0,0.0,0.0,0.0,0.0,0.0,0.0,0.0,0.0,0.0,0.0,0.0,0.0,1291.5156830864396,0.0,0.0,0.0,1726.3226633111171
2014-05-10,0.0691324,0.0,0.0,0.0,0.0,0.0,0.0,0.0,0.0,0.0,0.0,0.0,0.0,0.0,0.0,0.0,1488.2249692099156,0.0,0.0,0.0,0.0
2014-05-17,0.0,0.0,0.0,0.0,0.0,0.0,0.0,0.0,0.0,0.0,0.0,0.0,0.0,0.0,0.0,0.0,1535.3953708026008,0.0,0.0,0.0,0.0
2014-05-24,0.0754148,0.0,0.0,0.0,0.0,0.0,0.0,0.0,0.0,0.0,0.0,0.0,0.0,0.0,0.0,0.0,2066.040312580291,0.0,0.0,0.0,0.0
2014-05-31,0.0,0.0,0.0,0.0,0.0,0.0,0.0,0.0,0.0,0.0,0.0,0.0,0.0,0.0,0.0,0.0,0.0,0.0,0.0,0.0,1797.8572191222388
2014-06-07,0.224972,0.0,0.0,0.0,0.0,0.0,0.0,0.0,0.0,0.0,0.0,0.0,0.0,0.0,0.0,2676.19660507044,1805.4862250322687,0.0,0.0,0.0,0.0
2014-06-14,0.0597015,0.0,0.0,0.0,0.0,0.0,0.0,1970.5352698997524,0.0,0.0,0.0,0.0,0.0,0.0,0.0,0.0,0.0,0.0,0.0,0.0,0.0
2014-06-21,0.0672948,0.0,0.0,0.0,0.0,0.0,0.0,0.0,0.0,0.0,0.0,0.0,0.0,0.0,0.0,0.0,0.0,1609.816182244832,1609.816182244832,0.0,0.0
2014-06-28,0.0625782,0.0,0.0,0.0,0.0,0.0,0.0,0.0,0.0,0.0,0.0,0.0,0.0,0.0,0.0,0.0,0.0,0.0,0.0,0.0,0.0
2014-07-05,0.0,0.0,0.0,0.0,0.0,0.0,0.0,0.0,0.0,0.0,0.0,0.0,0.0,1887.1543964397677,0.0,0.0,0.0,0.0,0.0,0.0,0.0
2014-07-12,0.0,0.0,0.0,0.0,0.0,0.0,0.0,0.0,0.0,0.0,0.0,0.0,0.0,0.0,0.0,0.0,1426.7481994282257,0.0,0.0,0.0,0.0
2014-07-19,0.0,0.0,0.0,0.0,0.0,0.0,0.0,1481.953778580949,0.0,0.0,0.0,0.0,0.0,0.0,0.0,0.0,0.0,0.0,0.0,0.0,0.0
2014-07-26,0.0,0.0,0.0,0.0,0.0,0.0,0.0,0.0,0.0,0.0,0.0,0.0,0.0,0.0,0.0,0.0,0.0,0.0,0.0,0.0,0.0
2014-08-02,0.0,0.0,0.0,0.0,0.0,0.0,0.0,0.0,0.0,0.0,0.0,0.0,0.0,0.0,0.0,0.0,1492.5788733929105,0.0,0.0,0.0,0.0
2014-08-09,0.0,0.0,0.0,0.0,0.0,1912.206028881251,0.0,0.0,0.0,0.0,0.0,0.0,0.0,0.0,0.0,0.0,1493.030208264761,0.0,0.0,0.0,0.0
2014-08-16,0.0,0.0,0.0,0.0,0.0,0.0,0.0,0.0,0.0,0.0,0.0,0.0,0.0,0.0,0.0,1831.3489986699888,0.0,0.0,0.0,0.0,1360.5977230714022
2014-08-23,0.0,0.0,0.0,0.0,0.0,0.0,0.0,0.0,0.0,0.0,0.0,0.0,0.0,0.0,0.0,0.0,0.0,0.0,0.0,0.0,0.0
2014-08-30,0.0,0.0,0.0,0.0,0.0,0.0,0.0,0.0,0.0,0.0,0.0,0.0,0.0,0.0,0.0,0.0,0.0,0.0,0.0,0.0,0.0
2014-09-06,0.0,0.0,0.0,0.0,0.0,0.0,0.0,0.0,0.0,1328.1162893199482,0.0,0.0,0.0,0.0,0.0,0.0,1540.1939678869448,0.0,0.0,0.0,0.0
2014-09-13,0.0,0.0,0.0,0.0,0.0,0.0,0.0,0.0,0.0,0.0,0.0,0.0,0.0,0.0,0.0,0.0,0.0,0.0,0.0,0.0,0.0
2014-09-20,0.0,0.0,0.0,0.0,0.0,0.0,0.0,0.0,0.0,1385.3106378055672,0.0,0.0,0.0,0.0,0.0,0.0,0.0,0.0,0.0,0.0,0.0
2014-09-27,0.0882613,0.0,0.0,0.0,0.0,0.0,0.0,0.0,0.0,0.0,0.0,0.0,0.0,0.0,0.0,0.0,1315.959137720659,0.0,0.0,0.0,1416.1928603736835
2014-10-04,0.096401,0.0,0.0,0.0,0.0,0.0,0.0,0.0,0.0,0.0,0.0,0.0,0.0,0.0,0.0,0.0,1472.8361614790667,0.0,0.0,0.0,1404.75302307533
2014-10-11,0.0,0.0,1295.795450883822,0.0,0.0,0.0,0.0,0.0,0.0,0.0,0.0,0.0,0.0,0.0,0.0,0.0,1787.211754250737,0.0,0.0,0.0,1495.848190648051
2014-10-18,0.0597907,0.0,0.0,0.0,0.0,0.0,0.0,0.0,0.0,0.0,0.0,0.0,0.0,0.0,0.0,0.0,0.0,0.0,0.0,0.0,1560.0689925173028
2014-10-25,0.126984,0.0,1221.821480582914,0.0,0.0,0.0,1228.221917488018,0.0,0.0,0.0,1320.5762655679046,0.0,0.0,0.0,0.0,0.0,0.0,0.0,0.0,0.0,0.0
2014-11-01,0.118941,1388.2632012513673,1569.9914492636135,0.0,0.0,0.0,0.0,0.0,0.0,0.0,0.0,0.0,0.0,0.0,0.0,0.0,0.0,0.0,0.0,0.0,1341.6849971563668
2014-11-08,0.188088,2073.1004681194822,0.0,0.0,0.0,2476.969485393005,0.0,0.0,0.0,0.0,0.0,0.0,0.0,0.0,0.0,1190.284063739632,0.0,0.0,0.0,0.0,0.0
2014-11-15,0.138696,0.0,0.0,0.0,0.0,0.0,0.0,0.0,0.0,0.0,0.0,0.0,0.0,0.0,0.0,0.0,0.0,0.0,0.0,0.0,0.0
2014-11-22,0.126823,0.0,0.0,0.0,0.0,1188.1511867842185,0.0,1225.707421414433,0.0,0.0,0.0,0.0,0.0,0.0,0.0,0.0,2143.630007524731,0.0,0.0,0.0,0.0
2014-11-29,0.129422,0.0,0.0,0.0,0.0,0.0,0.0,0.0,0.0,0.0,0.0,1308.917875639233,0.0,0.0,0.0,0.0,1629.1715420240637,0.0,0.0,0.0,1289.688519997005
2014-12-06,0.0272926,0.0,1401.4818108013517,1179.5021011882911,1179.5021011882911,0.0,0.0,1211.7918665977293,0.0,0.0,0.0,0.0,0.0,0.0,0.0,0.0,0.0,0.0,0.0,0.0,1455.1331180878938
2014-12-13,0.569544,0.0,0.0,0.0,0.0,1563.5654796277606,0.0,0.0,0.0,0.0,0.0,0.0,0.0,0.0,0.0,0.0,0.0,0.0,0.0,0.0,1257.917048215915
2014-12-20,0.542373,0.0,0.0,0.0,0.0,0.0,0.0,0.0,0.0,0.0,0.0,0.0,0.0,0.0,0.0,0.0,0.0,0.0,0.0,0.0,0.0
2014-12-27,1.47992,0.0,0.0,0.0,0.0,0.0,0.0,3548.5177834809047,0.0,0.0,0.0,0.0,0.0,0.0,0.0,0.0,0.0,0.0,0.0,0.0,1561.2667568039492
2015-01-03,0.98668,1252.834568664377,0.0,0.0,0.0,0.0,0.0,0.0,0.0,0.0,1285.1631955322434,0.0,0.0,0.0,0.0,0.0,0.0,0.0,0.0,0.0,0.0
2015-01-10,1.40569,1895.0820887894129,1534.6061141417815,0.0,0.0,0.0,0.0,1456.156215275279,0.0,0.0,0.0,0.0,0.0,0.0,0.0,0.0,1421.2880102815227,0.0,0.0,0.0,1252.8594969676938
2015-01-17,1.73021,1202.8338807011953,0.0,0.0,0.0,0.0,0.0,0.0,0.0,0.0,0.0,0.0,0.0,0.0,0.0,0.0,1779.395492436635,0.0,0.0,0.0,0.0
2015-01-24,1.84049,1379.7576094633334,1358.3293778941531,1355.5591660657674,1355.5591660657674,0.0,1654.6635430395504,0.0,0.0,0.0,0.0,2025.099006361819,0.0,0.0,1449.5415970696454,0.0,1356.8099893929966,0.0,0.0,0.0,1280.0402345305938
2015-01-31,2.0467,1968.4058922409213,0.0,0.0,0.0,0.0,0.0,1518.0749053487605,0.0,0.0,0.0,1342.0762684103283,0.0,0.0,0.0,0.0,1743.0129675948422,0.0,0.0,0.0,1880.825840179464
2015-02-07,1.28351,1368.2184348788212,0.0,0.0,0.0,0.0,0.0,1758.614202639695,0.0,0.0,0.0,0.0,0.0,0.0,0.0,0.0,0.0,0.0,0.0,0.0,1705.614367144419
2015-02-14,0.606936,0.0,0.0,0.0,0.0,0.0,0.0,2551.921215251889,0.0,0.0,0.0,1368.7893761312832,0.0,0.0,0.0,0.0,1747.0970447720172,0.0,0.0,0.0,1410.0927154255985
2015-02-21,0.376648,0.0,1627.7590814818518,0.0,0.0,1313.528075144059,0.0,0.0,0.0,0.0,0.0,1477.2763722889636,0.0,0.0,0.0,0.0,2173.933100671505,1247.5816510384657,1247.5816510384657,0.0,1774.4490477912866
2015-02-28,0.59812,0.0,0.0,0.0,0.0,0.0,0.0,0.0,0.0,0.0,0.0,1918.7567798543832,0.0,0.0,0.0,0.0,0.0,0.0,0.0,0.0,2875.5716933308217
2015-03-07,0.4,0.0,0.0,0.0,0.0,0.0,0.0,0.0,0.0,0.0,0.0,1257.0612658567734,0.0,0.0,1985.5409002427136,0.0,1605.3558477496156,0.0,0.0,0.0,0.0
2015-03-14,0.71708,0.0,0.0,0.0,0.0,0.0,0.0,0.0,0.0,0.0,0.0,0.0,0.0,0.0,0.0,0.0,0.0,0.0,0.0,0.0,2090.5841940381665
2015-03-21,0.795229,0.0,0.0,0.0,0.0,0.0,0.0,0.0,0.0,0.0,0.0,0.0,0.0,0.0,0.0,0.0,0.0,0.0,0.0,0.0,1724.8698503692751
2015-03-28,0.735059,0.0,0.0,0.0,0.0,0.0,0.0,0.0,0.0,0.0,0.0,0.0,0.0,0.0,0.0,0.0,2520.558465426,0.0,0.0,0.0,0.0
2015-04-04,0.177857,0.0,0.0,0.0,0.0,0.0,0.0,0.0,0.0,0.0,0.0,0.0,0.0,0.0,0.0,0.0,0.0,0.0,0.0,0.0,0.0
2015-04-11,0.166168,0.0,0.0,1118.3699512028654,1118.3699512028654,0.0,0.0,0.0,0.0,0.0,0.0,0.0,0.0,0.0,0.0,0.0,1499.6729449442498,1120.8364601122091,1120.8364601122091,0.0,2642.8772075790835
2015-04-18,0.166389,0.0,0.0,0.0,0.0,0.0,0.0,0.0,0.0,0.0,0.0,0.0,0.0,0.0,0.0,0.0,1981.5749021977715,0.0,0.0,0.0,1718.9034758422167
2015-04-25,0.200602,0.0,0.0,0.0,0.0,0.0,0.0,0.0,0.0,0.0,0.0,0.0,0.0,0.0,0.0,0.0,0.0,0.0,0.0,0.0,1954.797687273636
2015-05-02,0.269088,0.0,0.0,0.0,0.0,0.0,0.0,1523.0776048710077,0.0,0.0,0.0,0.0,0.0,0.0,0.0,0.0,0.0,0.0,0.0,0.0,2040.8413498782077
2015-05-09,0.0699301,0.0,0.0,0.0,0.0,0.0,0.0,0.0,0.0,0.0,0.0,0.0,0.0,0.0,0.0,0.0,1764.1854619752987,0.0,0.0,0.0,0.0
2015-05-16,0.0,0.0,0.0,0.0,0.0,0.0,0.0,0.0,0.0,0.0,0.0,0.0,0.0,0.0,0.0,0.0,1805.1008429608364,0.0,0.0,0.0,1402.298750427287
2015-05-23,0.0,0.0,0.0,0.0,0.0,0.0,0.0,0.0,0.0,0.0,0.0,0.0,0.0,0.0,0.0,0.0,0.0,0.0,0.0,0.0,2906.9930351334037
2015-05-30,0.143472,0.0,0.0,1445.8461126313823,1445.8461126313823,0.0,0.0,0.0,0.0,0.0,0.0,0.0,0.0,0.0,0.0,0.0,0.0,0.0,0.0,0.0,0.0
2015-06-06,0.0,0.0,0.0,0.0,0.0,0.0,0.0,0.0,0.0,0.0,0.0,1811.2809373047453,0.0,0.0,0.0,0.0,0.0,0.0,0.0,0.0,1538.4554842427417
2015-06-13,0.0,0.0,0.0,0.0,0.0,0.0,0.0,0.0,0.0,0.0,0.0,0.0,0.0,0.0,0.0,0.0,0.0,0.0,0.0,0.0,0.0
2015-06-20,0.0600962,0.0,0.0,0.0,0.0,0.0,0.0,0.0,0.0,0.0,0.0,0.0,0.0,0.0,0.0,0.0,0.0,0.0,0.0,0.0,1807.205560602741
2015-06-27,0.0,0.0,0.0,0.0,0.0,0.0,0.0,0.0,0.0,0.0,0.0,0.0,0.0,0.0,0.0,0.0,0.0,0.0,0.0,0.0,0.0
2015-07-04,0.0,1422.644208844665,1393.1681954741086,0.0,0.0,0.0,0.0,0.0,0.0,0.0,0.0,1278.7327990146312,0.0,0.0,0.0,0.0,0.0,0.0,0.0,0.0,2205.6069774621715
2015-07-11,0.109951,0.0,0.0,0.0,0.0,0.0,0.0,0.0,0.0,0.0,0.0,0.0,0.0,0.0,0.0,0.0,0.0,0.0,0.0,0.0,0.0
2015-07-18,0.0,0.0,0.0,0.0,0.0,0.0,0.0,1518.7702740247505,0.0,0.0,0.0,0.0,0.0,0.0,0.0,1228.574299806516,1146.7880219857802,0.0,0.0,0.0,0.0
2015-07-25,0.0550055,0.0,0.0,0.0,0.0,0.0,0.0,0.0,0.0,0.0,0.0,0.0,0.0,0.0,0.0,0.0,0.0,0.0,0.0,0.0,1241.1538621789553
2015-08-01,0.157563,0.0,0.0,0.0,0.0,0.0,0.0,0.0,0.0,0.0,1264.416630429581,0.0,0.0,0.0,0.0,0.0,1581.9012876240763,0.0,0.0,0.0,0.0
2015-08-08,0.212766,0.0,0.0,0.0,0.0,0.0,0.0,0.0,0.0,0.0,0.0,0.0,0.0,0.0,0.0,0.0,0.0,0.0,0.0,0.0,0.0
2015-08-15,0.0,0.0,0.0,0.0,0.0,0.0,0.0,0.0,0.0,0.0,0.0,0.0,0.0,0.0,0.0,0.0,0.0,0.0,0.0,0.0,1480.2641456133415
2015-08-22,0.0,0.0,0.0,0.0,0.0,0.0,0.0,0.0,0.0,0.0,0.0,0.0,0.0,0.0,0.0,0.0,0.0,0.0,0.0,0.0,0.0
2015-08-29,0.0,0.0,0.0,0.0,0.0,0.0,0.0,0.0,0.0,0.0,0.0,0.0,0.0,0.0,0.0,0.0,0.0,0.0,0.0,0.0,0.0
2015-09-05,0.0,0.0,0.0,0.0,0.0,0.0,0.0,0.0,0.0,0.0,0.0,0.0,0.0,0.0,0.0,0.0,0.0,0.0,0.0,0.0,0.0
2015-09-12,0.0494315,0.0,0.0,0.0,0.0,0.0,0.0,0.0,0.0,0.0,0.0,0.0,0.0,0.0,0.0,0.0,0.0,0.0,0.0,0.0,0.0
2015-09-19,0.140302,0.0,0.0,0.0,0.0,0.0,0.0,0.0,0.0,0.0,0.0,1376.2008411686977,0.0,0.0,0.0,0.0,0.0,0.0,0.0,0.0,1402.7479937665362
2015-09-26,0.130548,0.0,0.0,0.0,0.0,0.0,0.0,0.0,0.0,0.0,0.0,0.0,0.0,0.0,0.0,0.0,0.0,0.0,0.0,0.0,0.0
2015-10-03,0.0581734,0.0,0.0,0.0,0.0,0.0,0.0,0.0,1053.6112974979017,0.0,0.0,0.0,0.0,0.0,0.0,1352.742464464208,1698.73337624312,0.0,0.0,0.0,0.0
2015-10-10,0.129618,0.0,0.0,0.0,0.0,0.0,0.0,0.0,0.0,0.0,0.0,0.0,0.0,0.0,0.0,0.0,2492.520033388543,0.0,0.0,0.0,1714.7125759798123
2015-10-17,0.110092,1425.9310996174995,0.0,0.0,0.0,0.0,0.0,0.0,0.0,0.0,0.0,0.0,0.0,0.0,0.0,0.0,0.0,0.0,0.0,0.0,2000.8883004749252
2015-10-24,0.286328,0.0,0.0,0.0,0.0,0.0,0.0,0.0,0.0,0.0,0.0,0.0,0.0,0.0,0.0,0.0,1615.8281068195367,0.0,0.0,0.0,1975.2269851073245
2015-10-31,0.059453,0.0,0.0,0.0,0.0,0.0,0.0,0.0,0.0,0.0,0.0,0.0,0.0,0.0,0.0,0.0,1494.0948024295842,0.0,0.0,0.0,2655.2211389581776
2015-11-07,0.193299,0.0,1201.5740365934284,0.0,0.0,0.0,0.0,0.0,0.0,0.0,0.0,0.0,0.0,0.0,0.0,0.0,1190.9616981206225,0.0,0.0,0.0,2443.7116210684194
2015-11-14,0.23488,0.0,0.0,0.0,0.0,0.0,0.0,0.0,0.0,0.0,0.0,0.0,0.0,0.0,0.0,0.0,1141.56635241844,0.0,0.0,0.0,2269.348889693067
2015-11-21,0.0518135,0.0,0.0,0.0,0.0,0.0,0.0,0.0,0.0,0.0,0.0,0.0,0.0,1048.95065863344,0.0,0.0,1468.126173140966,0.0,0.0,0.0,1801.7995375414885
2015-11-28,0.195084,0.0,0.0,0.0,0.0,0.0,0.0,0.0,0.0,0.0,0.0,0.0,0.0,0.0,0.0,0.0,0.0,0.0,0.0,0.0,0.0
2015-12-05,0.13031,0.0,0.0,0.0,0.0,0.0,0.0,1144.3274410118613,0.0,0.0,0.0,0.0,0.0,0.0,0.0,0.0,1129.792567337083,0.0,0.0,0.0,0.0
2015-12-12,0.1321,1105.299728279669,0.0,0.0,0.0,0.0,0.0,0.0,0.0,0.0,0.0,0.0,0.0,0.0,0.0,0.0,1079.5799171214087,0.0,0.0,0.0,1856.0013632041869
2015-12-19,0.140895,0.0,0.0,0.0,0.0,0.0,0.0,0.0,0.0,0.0,0.0,0.0,0.0,0.0,0.0,0.0,1149.893299626916,0.0,0.0,0.0,0.0
2015-12-26,0.239693,0.0,0.0,0.0,0.0,0.0,0.0,0.0,0.0,0.0,0.0,0.0,0.0,2162.1553395885558,1270.3261350128012,0.0,0.0,0.0,0.0,0.0,1674.6610742512817
2016-01-02,0.27946,0.0,0.0,0.0,0.0,0.0,0.0,0.0,0.0,0.0,0.0,0.0,0.0,0.0,0.0,0.0,1770.3190044283124,0.0,0.0,0.0,1917.67172903486
2016-01-09,0.123495,0.0,0.0,0.0,0.0,0.0,0.0,0.0,0.0,0.0,0.0,0.0,0.0,0.0,0.0,0.0,1605.999396827554,0.0,0.0,0.0,1530.7787236544525
2016-01-16,0.0592944,0.0,0.0,1635.15256712502,1635.1525671250197,0.0,0.0,0.0,0.0,0.0,0.0,0.0,0.0,0.0,0.0,0.0,0.0,0.0,0.0,0.0,1296.931687938458
2016-01-23,0.129534,0.0,0.0,0.0,0.0,0.0,0.0,0.0,0.0,0.0,0.0,0.0,0.0,0.0,0.0,0.0,1360.588839265597,0.0,0.0,0.0,2207.632192510818
2016-01-30,0.246548,0.0,0.0,0.0,0.0,1444.1246280257951,0.0,1121.9547452194547,0.0,0.0,0.0,0.0,0.0,0.0,0.0,0.0,0.0,0.0,0.0,0.0,2573.306647363556
2016-02-06,0.224027,0.0,1035.946181909526,0.0,0.0,0.0,0.0,1138.2131129344612,0.0,0.0,0.0,1039.7700666703,0.0,0.0,1446.0766556133226,1140.8178295464463,1390.80603726718,0.0,0.0,0.0,2435.287334013204
2016-02-13,0.336962,1276.9804607331537,0.0,0.0,0.0,0.0,0.0,963.6022838798428,1392.897600242817,0.0,0.0,0.0,0.0,0.0,0.0,0.0,1976.2719045957597,0.0,0.0,0.0,1859.0504942276248
2016-02-20,0.349548,0.0,0.0,0.0,0.0,0.0,0.0,0.0,0.0,0.0,0.0,1146.6413814905738,0.0,0.0,0.0,0.0,1146.8855998858462,0.0,0.0,0.0,1396.33523530941
2016-02-27,0.247321,0.0,0.0,0.0,0.0,0.0,0.0,0.0,0.0,0.0,0.0,1197.945358626772,0.0,0.0,0.0,0.0,1617.4946436221346,0.0,0.0,0.0,2120.2243495670773
2016-03-05,0.60347,0.0,0.0,0.0,0.0,0.0,0.0,1604.5001464133804,0.0,0.0,0.0,0.0,0.0,0.0,0.0,0.0,959.8539378900068,0.0,0.0,0.0,1606.2978935260992
2016-03-12,0.35229,0.0,998.7192460060876,1592.195016743678,1592.195016743678,0.0,0.0,0.0,0.0,0.0,0.0,0.0,0.0,0.0,0.0,0.0,1476.720888981215,0.0,0.0,0.0,1922.068949017621
2016-03-19,1.23457,0.0,1019.9285540644556,0.0,0.0,0.0,0.0,0.0,0.0,0.0,0.0,1039.860449467882,0.0,0.0,1210.2157801889189,0.0,1921.438436347656,0.0,0.0,0.0,1530.3228026104855
2016-03-26,0.43494,0.0,1542.7910403572964,0.0,0.0,0.0,0.0,1323.6941873254657,0.0,0.0,0.0,0.0,0.0,0.0,944.7209004772532,0.0,2767.6015087421065,0.0,0.0,0.0,1187.8646198846395
2016-04-02,0.31091,981.4725410469764,0.0,0.0,0.0,0.0,0.0,0.0,0.0,0.0,0.0,0.0,0.0,0.0,0.0,0.0,1532.1918557047973,0.0,0.0,0.0,0.0
2016-04-09,0.514756,1326.4685276200476,1151.5286199771365,0.0,0.0,0.0,0.0,0.0,0.0,0.0,1318.4110815338474,0.0,0.0,0.0,0.0,0.0,1369.84046650511,0.0,0.0,0.0,1266.130900795769
2016-04-16,0.237844,0.0,0.0,0.0,0.0,0.0,0.0,0.0,0.0,0.0,0.0,0.0,0.0,967.244380703055,0.0,0.0,996.175756815864,0.0,0.0,0.0,1128.687804410141
2016-04-23,0.424516,0.0,0.0,0.0,0.0,0.0,0.0,0.0,0.0,0.0,0.0,0.0,1171.6162094042932,0.0,0.0,0.0,1259.3940957169298,0.0,0.0,0.0,1339.5249394010823
2016-04-30,0.528541,0.0,1546.4775212406482,0.0,0.0,0.0,0.0,0.0,0.0,0.0,0.0,0.0,0.0,1589.906484190965,0.0,0.0,0.0,0.0,0.0,0.0,0.0
2016-05-07,0.511836,0.0,0.0,0.0,0.0,0.0,0.0,0.0,0.0,0.0,1185.757997961795,0.0,0.0,0.0,0.0,0.0,1272.314662253396,0.0,0.0,0.0,1554.2374860484044
2016-05-14,0.10803,0.0,0.0,0.0,0.0,0.0,0.0,0.0,0.0,0.0,0.0,0.0,0.0,0.0,0.0,0.0,0.0,0.0,0.0,0.0,2243.354100213425
2016-05-21,0.0,0.0,0.0,0.0,0.0,0.0,0.0,989.0239744709454,0.0,0.0,0.0,0.0,0.0,0.0,0.0,0.0,0.0,0.0,0.0,0.0,0.0
2016-05-28,0.0,0.0,0.0,0.0,0.0,0.0,0.0,0.0,0.0,1164.8271144686887,0.0,0.0,0.0,0.0,0.0,0.0,968.3261966840926,0.0,0.0,0.0,2216.490284905591
2016-06-04,0.0,0.0,0.0,0.0,0.0,0.0,0.0,0.0,0.0,0.0,0.0,0.0,0.0,0.0,0.0,0.0,2044.469961804448,0.0,0.0,0.0,0.0
2016-06-11,0.0,0.0,0.0,0.0,0.0,0.0,0.0,0.0,0.0,0.0,0.0,0.0,0.0,0.0,0.0,0.0,0.0,0.0,0.0,0.0,1000.4489323622836
2016-06-18,0.0,0.0,0.0,0.0,0.0,0.0,0.0,0.0,0.0,0.0,0.0,0.0,0.0,0.0,0.0,0.0,0.0,0.0,0.0,0.0,1317.55129470489
2016-06-25,0.0,0.0,0.0,0.0,0.0,0.0,0.0,0.0,0.0,0.0,0.0,0.0,0.0,0.0,0.0,0.0,1344.462090815423,0.0,0.0,0.0,1029.7073783505157
2016-07-02,0.0696864,0.0,0.0,0.0,0.0,0.0,0.0,0.0,0.0,0.0,0.0,0.0,0.0,0.0,0.0,0.0,0.0,0.0,0.0,0.0,0.0
2016-07-09,0.0,0.0,0.0,0.0,0.0,0.0,0.0,0.0,0.0,0.0,0.0,0.0,0.0,0.0,0.0,0.0,0.0,0.0,0.0,0.0,0.0
2016-07-16,0.0,0.0,0.0,0.0,0.0,0.0,0.0,0.0,0.0,0.0,0.0,0.0,0.0,0.0,0.0,0.0,0.0,0.0,0.0,0.0,0.0
2016-07-23,0.0,0.0,0.0,0.0,0.0,0.0,0.0,0.0,0.0,0.0,0.0,0.0,0.0,0.0,0.0,0.0,0.0,0.0,0.0,0.0,0.0
2016-07-30,0.0,0.0,0.0,0.0,0.0,0.0,0.0,0.0,0.0,0.0,0.0,0.0,0.0,0.0,0.0,0.0,1138.4934468149768,0.0,0.0,0.0,0.0
2016-08-06,0.0,1032.050972237145,0.0,0.0,0.0,0.0,0.0,0.0,0.0,0.0,0.0,0.0,0.0,0.0,0.0,0.0,0.0,0.0,0.0,0.0,0.0
2016-08-13,0.0,0.0,0.0,0.0,0.0,0.0,0.0,0.0,0.0,0.0,0.0,0.0,0.0,0.0,0.0,0.0,0.0,0.0,0.0,0.0,0.0
2016-08-20,0.0,0.0,0.0,0.0,0.0,0.0,0.0,0.0,0.0,0.0,0.0,0.0,0.0,0.0,0.0,0.0,0.0,0.0,0.0,0.0,1171.057615410176
2016-08-27,0.0657462,0.0,0.0,0.0,0.0,0.0,0.0,0.0,0.0,0.0,0.0,0.0,0.0,0.0,0.0,0.0,1023.3123354180444,0.0,0.0,0.0,0.0
2016-09-03,0.0,0.0,0.0,0.0,0.0,0.0,0.0,0.0,0.0,0.0,0.0,0.0,0.0,0.0,0.0,0.0,0.0,0.0,0.0,0.0,0.0
2016-09-10,0.0679348,0.0,1140.3109590965655,0.0,0.0,0.0,0.0,0.0,0.0,0.0,0.0,0.0,0.0,0.0,0.0,0.0,0.0,0.0,0.0,0.0,0.0
2016-09-17,0.0,0.0,0.0,0.0,0.0,0.0,0.0,0.0,0.0,0.0,0.0,0.0,0.0,1208.042885166889,0.0,0.0,4135.236692047418,0.0,0.0,0.0,1083.108257992277
2016-09-24,0.0,0.0,0.0,0.0,0.0,0.0,0.0,0.0,0.0,0.0,0.0,0.0,0.0,0.0,0.0,0.0,1208.1634615773048,0.0,0.0,0.0,2243.343895370386
2016-10-01,0.0,0.0,0.0,0.0,0.0,0.0,1405.255984786642,0.0,0.0,0.0,0.0,0.0,939.7844871890878,0.0,0.0,0.0,1079.1617249493604,0.0,0.0,0.0,0.0
2016-10-08,0.0,0.0,0.0,0.0,0.0,0.0,0.0,0.0,0.0,0.0,0.0,0.0,0.0,0.0,0.0,0.0,1663.134495381051,0.0,0.0,0.0,907.1326511809954
2016-10-15,0.255428,0.0,993.1576140491602,0.0,0.0,0.0,0.0,0.0,0.0,0.0,0.0,0.0,0.0,0.0,0.0,0.0,1425.172409751349,0.0,0.0,0.0,0.0
2016-10-22,0.20552,0.0,972.472352317792,1053.389126289348,1053.389126289348,0.0,0.0,0.0,0.0,0.0,0.0,0.0,0.0,0.0,0.0,1214.308480069444,1376.0279265400245,0.0,0.0,0.0,1592.7481269359969
2016-10-29,0.142005,0.0,0.0,0.0,0.0,0.0,0.0,0.0,0.0,0.0,0.0,0.0,0.0,0.0,0.0,0.0,1409.8837701908335,0.0,0.0,0.0,1308.2389588122544
2016-11-05,0.112867,0.0,0.0,0.0,0.0,0.0,0.0,0.0,0.0,0.0,0.0,0.0,0.0,0.0,0.0,910.2746538518064,1305.9701781356398,0.0,0.0,0.0,1082.698999326792
2016-11-12,0.215285,0.0,0.0,0.0,0.0,0.0,0.0,0.0,0.0,0.0,0.0,0.0,0.0,0.0,0.0,0.0,916.6349921439833,0.0,0.0,0.0,1007.4894318361468
2016-11-19,0.145858,0.0,0.0,0.0,0.0,0.0,0.0,0.0,0.0,0.0,0.0,0.0,0.0,0.0,0.0,0.0,1438.8414613959987,0.0,0.0,0.0,0.0
2016-11-26,0.15273,0.0,1013.029262556882,0.0,0.0,0.0,0.0,0.0,0.0,0.0,0.0,0.0,0.0,0.0,0.0,0.0,0.0,0.0,0.0,0.0,1869.7385062611204
2016-12-03,0.0269251,0.0,0.0,0.0,0.0,0.0,0.0,0.0,0.0,0.0,0.0,0.0,0.0,0.0,0.0,931.3978198844673,1131.3028765165604,0.0,0.0,0.0,1181.4460859678595
2016-12-10,0.12987,1151.319262998902,1170.5094221942988,1137.7017528857093,1137.7017528857093,0.0,0.0,0.0,0.0,0.0,0.0,0.0,0.0,0.0,0.0,0.0,1117.5564303249098,0.0,0.0,0.0,2329.2530132462234
2016-12-17,0.196271,0.0,0.0,0.0,0.0,0.0,0.0,0.0,0.0,0.0,0.0,0.0,0.0,0.0,0.0,0.0,0.0,0.0,0.0,0.0,1538.0252476755466
2016-12-24,0.565171,0.0,1025.0337066263046,0.0,0.0,0.0,0.0,1475.028641565474,939.0463483763358,0.0,0.0,0.0,0.0,0.0,0.0,0.0,1311.061503368792,1162.6299381379552,1162.6299381379552,0.0,1252.047703373241
2016-12-31,0.229489,0.0,884.9644469604162,1516.0730963573212,1516.0730963573212,0.0,987.4517612737336,960.1414831295748,0.0,0.0,1485.1945960064286,0.0,0.0,0.0,0.0,0.0,1706.690095695416,0.0,0.0,0.0,2313.918186675224
2017-01-07,0.234926,0.0,1714.0221362533837,0.0,0.0,0.0,0.0,0.0,0.0,0.0,0.0,1254.3529995947138,1050.9443620104391,0.0,0.0,1196.594799415097,1473.486542287527,0.0,0.0,0.0,1919.2007444773344
2017-01-14,0.393106,0.0,0.0,0.0,0.0,0.0,0.0,0.0,0.0,0.0,0.0,828.7045156993556,0.0,0.0,0.0,0.0,1450.5628739689837,0.0,0.0,0.0,1414.283702289498
2017-01-21,0.48226,878.0078245550852,1673.444716123455,0.0,0.0,0.0,0.0,0.0,0.0,0.0,833.9102738474359,1659.1298434443777,0.0,0.0,0.0,0.0,0.0,0.0,0.0,0.0,1616.6009822486603
2017-01-28,0.312767,1303.3069663486945,1494.571212557676,0.0,0.0,0.0,1587.7932969617784,1170.377963154895,0.0,0.0,1585.019420652927,2176.010246105306,0.0,0.0,0.0,1070.8621408187598,1395.8349483406828,0.0,0.0,0.0,1960.3964058812464
2017-02-04,0.504484,820.448891257357,1084.9057710621364,0.0,0.0,0.0,1291.3294377305974,834.9481980774988,0.0,0.0,1153.6533987910948,2185.7620882766487,0.0,0.0,0.0,0.0,2015.459622214065,0.0,0.0,0.0,2398.8009704800647
2017-02-11,0.542083,858.7268827831176,1146.3834584334986,0.0,0.0,0.0,0.0,1001.546055931891,0.0,0.0,0.0,2272.779354794855,0.0,0.0,0.0,0.0,1302.5872040001009,0.0,0.0,0.0,2112.309818956672
2017-02-18,0.117268,0.0,1630.9160059617202,0.0,0.0,0.0,1139.1918043567518,1169.5256256868602,0.0,0.0,967.8428818197152,2441.941139720872,0.0,0.0,1100.276046373173,0.0,1939.741564809137,0.0,0.0,0.0,1662.0049441136116
2017-02-25,0.244275,0.0,1393.7442127655297,0.0,0.0,0.0,0.0,0.0,0.0,0.0,1035.0451957856178,1183.9905985299515,0.0,0.0,1062.51962185416,0.0,1872.2885097404069,0.0,0.0,0.0,1356.0626516388552
2017-03-04,0.152672,0.0,0.0,0.0,0.0,0.0,0.0,774.0140947867369,0.0,0.0,0.0,802.6377800079955,0.0,0.0,828.3405381809761,0.0,1347.634529194961,0.0,0.0,0.0,2515.238209088902
2017-03-11,0.204499,0.0,0.0,0.0,0.0,0.0,0.0,886.1137527002561,0.0,0.0,0.0,1459.24431604908,0.0,0.0,0.0,0.0,1176.8409516100644,0.0,0.0,0.0,1378.7952422669314
2017-03-18,0.252101,0.0,1045.7816847252366,0.0,0.0,0.0,0.0,0.0,0.0,0.0,0.0,0.0,0.0,845.1620555331345,0.0,0.0,859.4912107087899,0.0,0.0,0.0,2258.9509505505844
2017-03-25,0.0403877,0.0,803.4849269089557,0.0,0.0,0.0,849.2723649563317,0.0,0.0,0.0,0.0,0.0,0.0,0.0,0.0,0.0,1566.144877864267,0.0,0.0,0.0,2078.615125941318
2017-04-01,0.228768,0.0,0.0,0.0,0.0,0.0,0.0,0.0,0.0,0.0,1096.5201979352005,0.0,0.0,0.0,0.0,0.0,0.0,0.0,0.0,0.0,925.5622869641428
2017-04-08,0.163621,0.0,0.0,0.0,0.0,0.0,0.0,0.0,0.0,0.0,0.0,0.0,0.0,0.0,0.0,0.0,985.8194769016676,0.0,0.0,0.0,1166.391664662074
2017-04-15,0.0575043,0.0,0.0,0.0,0.0,0.0,0.0,0.0,0.0,0.0,0.0,0.0,0.0,0.0,0.0,0.0,1167.299492576318,0.0,0.0,0.0,0.0
2017-04-22,0.111888,0.0,0.0,0.0,0.0,0.0,0.0,0.0,0.0,0.0,0.0,0.0,1057.3917473274953,0.0,0.0,0.0,1103.5836030283765,0.0,0.0,0.0,1841.8319587593487
2017-04-29,0.0484027,0.0,0.0,0.0,0.0,0.0,0.0,0.0,0.0,0.0,0.0,0.0,0.0,0.0,0.0,0.0,1496.7522806001443,0.0,0.0,0.0,860.8438219075964
2017-05-06,0.0,0.0,0.0,0.0,0.0,0.0,0.0,1068.852473993714,0.0,0.0,0.0,0.0,0.0,0.0,0.0,0.0,1177.912012170853,0.0,0.0,0.0,1748.4235847839982
2017-05-13,0.0,0.0,0.0,0.0,0.0,0.0,0.0,0.0,0.0,0.0,0.0,0.0,0.0,0.0,0.0,0.0,0.0,0.0,0.0,0.0,1136.6531420642964
2017-05-20,0.0,0.0,0.0,0.0,0.0,0.0,0.0,1154.8761142312844,0.0,0.0,0.0,0.0,0.0,0.0,0.0,0.0,1434.669505921892,0.0,0.0,0.0,0.0
2017-05-27,0.0,0.0,0.0,0.0,0.0,0.0,0.0,0.0,0.0,0.0,0.0,0.0,0.0,0.0,0.0,0.0,951.158132395958,970.9368217697624,970.9368217697624,0.0,0.0
2017-06-03,0.0,0.0,0.0,0.0,0.0,0.0,0.0,1094.299606403832,0.0,0.0,0.0,0.0,0.0,0.0,0.0,0.0,1375.9068909275225,1227.2903269661422,1227.2903269661422,0.0,1880.5138805516383
2017-06-10,0.0,0.0,0.0,0.0,0.0,0.0,0.0,0.0,0.0,0.0,0.0,0.0,0.0,1039.4536816192358,0.0,0.0,0.0,0.0,0.0,0.0,1234.4930758213477
2017-06-17,0.0,0.0,0.0,0.0,0.0,0.0,0.0,0.0,0.0,0.0,0.0,0.0,0.0,0.0,0.0,0.0,0.0,0.0,0.0,0.0,1923.5441609978293
2017-06-24,0.0,0.0,0.0,0.0,0.0,1445.5691548651478,0.0,0.0,0.0,0.0,0.0,0.0,0.0,0.0,0.0,0.0,1208.4468471659138,0.0,0.0,0.0,0.0
2017-07-01,0.0,0.0,0.0,0.0,0.0,0.0,0.0,0.0,0.0,0.0,0.0,0.0,0.0,0.0,0.0,0.0,0.0,0.0,0.0,0.0,1588.6342044162002
2017-07-08,0.0,0.0,0.0,0.0,0.0,0.0,0.0,0.0,0.0,0.0,0.0,0.0,1111.43218776565,0.0,0.0,0.0,0.0,0.0,0.0,0.0,925.51339525793
2017-07-15,0.0,0.0,0.0,0.0,0.0,0.0,0.0,0.0,0.0,0.0,0.0,0.0,0.0,0.0,0.0,0.0,1133.6406391257217,0.0,0.0,0.0,0.0
2017-07-22,0.0,0.0,0.0,0.0,0.0,0.0,0.0,0.0,0.0,0.0,0.0,0.0,0.0,0.0,0.0,0.0,0.0,0.0,0.0,0.0,0.0
2017-07-29,0.0,0.0,0.0,0.0,0.0,0.0,0.0,0.0,0.0,0.0,0.0,0.0,0.0,0.0,0.0,0.0,0.0,0.0,0.0,0.0,1697.1149977779094
2017-08-05,0.0,0.0,0.0,0.0,0.0,0.0,0.0,0.0,0.0,0.0,0.0,0.0,0.0,0.0,0.0,0.0,0.0,0.0,0.0,0.0,1364.8504842209916
2017-08-12,0.0,0.0,0.0,0.0,0.0,0.0,0.0,0.0,1247.283810656224,0.0,0.0,0.0,0.0,0.0,0.0,0.0,0.0,0.0,0.0,0.0,938.1288317812422
2017-08-19,0.0,0.0,0.0,0.0,0.0,0.0,0.0,0.0,0.0,0.0,0.0,0.0,0.0,0.0,868.9492923003362,0.0,0.0,0.0,0.0,0.0,0.0
2017-08-26,0.0,0.0,0.0,0.0,0.0,0.0,0.0,0.0,0.0,0.0,0.0,0.0,0.0,0.0,0.0,848.3774316984437,998.4461580784084,0.0,0.0,0.0,0.0
2017-09-02,0.0,0.0,0.0,0.0,0.0,0.0,0.0,0.0,0.0,0.0,0.0,0.0,0.0,0.0,1717.6592404245555,0.0,0.0,0.0,0.0,0.0,1269.5147438179506
2017-09-09,0.0,0.0,0.0,0.0,0.0,0.0,0.0,0.0,0.0,0.0,0.0,0.0,0.0,0.0,0.0,0.0,797.3978948760581,0.0,0.0,0.0,0.0
2017-09-16,0.0,0.0,1665.9636684215284,783.9506725327524,783.9506725327524,0.0,0.0,0.0,0.0,0.0,0.0,0.0,0.0,0.0,0.0,0.0,1053.5027896975869,0.0,0.0,0.0,1045.8752574964603
2017-09-23,0.0,0.0,851.2133980365459,0.0,0.0,0.0,0.0,0.0,0.0,0.0,0.0,852.2532332274973,0.0,0.0,0.0,0.0,0.0,0.0,0.0,0.0,1220.5242273403376
2017-09-30,0.0,0.0,0.0,0.0,0.0,0.0,0.0,0.0,0.0,0.0,0.0,0.0,0.0,0.0,0.0,0.0,1099.1774528954295,0.0,0.0,0.0,1309.879224146172
2017-10-07,0.165792,0.0,0.0,0.0,0.0,0.0,0.0,0.0,886.590688754627,0.0,0.0,0.0,0.0,0.0,0.0,0.0,0.0,0.0,0.0,0.0,1783.7359258093293
2017-10-14,0.0620732,0.0,0.0,0.0,0.0,0.0,0.0,1318.3676548914164,0.0,898.7816394989509,0.0,0.0,0.0,0.0,0.0,0.0,0.0,0.0,0.0,0.0,1601.0235420756462
2017-10-21,0.0586166,0.0,843.4926580179803,0.0,0.0,0.0,0.0,0.0,0.0,0.0,0.0,0.0,0.0,0.0,0.0,0.0,1504.8348754105157,0.0,0.0,0.0,2239.8018943193097
2017-10-28,0.0565451,0.0,0.0,0.0,0.0,0.0,0.0,0.0,0.0,0.0,0.0,0.0,0.0,0.0,0.0,0.0,1765.818627466863,0.0,0.0,0.0,1112.2975011817175
2017-11-04,0.194121,0.0,1183.9621421213542,0.0,0.0,923.9903312229844,0.0,0.0,0.0,0.0,0.0,0.0,0.0,0.0,0.0,0.0,0.0,0.0,0.0,0.0,1406.4056753797086
2017-11-11,0.128164,0.0,0.0,0.0,0.0,0.0,0.0,0.0,0.0,0.0,0.0,0.0,0.0,0.0,0.0,0.0,1534.5320888762706,0.0,0.0,0.0,0.0
2017-11-18,0.108196,0.0,890.6605848926273,0.0,0.0,0.0,0.0,0.0,0.0,0.0,0.0,0.0,0.0,0.0,0.0,0.0,781.5173819352839,0.0,0.0,0.0,1157.5173296636972
2017-11-25,0.231481,0.0,813.5348815383497,0.0,0.0,0.0,0.0,0.0,0.0,0.0,0.0,0.0,0.0,0.0,0.0,0.0,1110.702896180043,0.0,0.0,0.0,1451.6307272150596
2017-12-02,0.0948767,850.3429104123093,0.0,0.0,0.0,0.0,0.0,924.8925365709696,0.0,0.0,0.0,0.0,0.0,0.0,750.9346552488739,0.0,873.9853315093519,0.0,0.0,0.0,1290.0119426518709
2017-12-09,0.105988,0.0,891.197988209327,0.0,0.0,0.0,0.0,0.0,0.0,0.0,0.0,0.0,0.0,0.0,0.0,0.0,0.0,0.0,0.0,0.0,877.1890103887033
2017-12-16,0.0831716,810.666133000146,1191.3393878384966,0.0,0.0,0.0,0.0,1079.2163064132098,0.0,0.0,865.6045414428872,0.0,0.0,0.0,792.8701252902888,0.0,1373.7803688877154,0.0,0.0,1416.5838559755553,2845.575799338553
2017-12-23,0.0637146,1020.7437721019865,0.0,0.0,0.0,0.0,0.0,1084.7062896359255,0.0,0.0,967.3281708089684,0.0,0.0,0.0,0.0,890.4333284163554,1054.5147529450571,0.0,0.0,0.0,2488.347723797065
2017-12-30,0.176991,0.0,0.0,0.0,0.0,0.0,1029.143334581768,1012.3419860626572,0.0,0.0,0.0,0.0,0.0,0.0,1221.7319302078597,0.0,918.2201450215086,0.0,0.0,0.0,1977.9193226470145
2018-01-06,0.118906,1059.6059297623497,1919.8370982537847,0.0,0.0,0.0,0.0,839.776039791692,0.0,0.0,0.0,1697.2597421245955,1130.5067476537686,0.0,938.7267061729729,0.0,2183.642721425061,0.0,0.0,0.0,2520.24490284457
2018-01-13,0.636364,1817.4875364645384,1944.436901226525,0.0,0.0,0.0,0.0,1793.2290881925053,0.0,0.0,0.0,0.0,0.0,0.0,1000.9658591531974,735.9655343562248,1961.685355827559,0.0,0.0,0.0,2865.649076332835
2018-01-20,0.538827,3529.433590564885,2066.9391049730893,0.0,0.0,0.0,0.0,1382.7610841703636,0.0,0.0,0.0,961.512983292048,0.0,0.0,1606.569854535927,832.8788435830037,1508.7154549938002,0.0,0.0,0.0,1668.5276086121316
2018-01-27,0.414594,3198.1110648420613,2794.6624686027203,0.0,0.0,1095.118661624561,887.293495933329,0.0,0.0,0.0,744.3852605272599,1214.2292340557792,0.0,0.0,912.184438399138,1321.363293131857,1626.7114291556356,0.0,0.0,0.0,1664.1051543001606
2018-02-03,0.702106,2127.5488514390386,3417.755563687518,0.0,0.0,0.0,1642.53645482541,806.0879070607494,0.0,974.051692623192,1168.4144939225998,0.0,0.0,0.0,0.0,1555.6582605598978,2430.31054451668,0.0,0.0,0.0,1649.665536839044
2018-02-10,0.467675,2826.030540244089,3568.644969993196,0.0,0.0,877.8715024226689,1376.0779579515686,0.0,989.162417131549,0.0,0.0,1175.0192692924743,0.0,0.0,717.7999800835654,906.699934751045,2524.928101995398,0.0,0.0,0.0,1644.4973001630729
2018-02-17,0.473538,3241.888973451196,3306.2815532732075,762.4484889290059,762.4484889290057,760.8965555551626,0.0,1044.4142980536303,0.0,0.0,0.0,1132.27299031842,0.0,0.0,0.0,0.0,2461.59775357491,0.0,0.0,0.0,2080.23854962421
2018-02-24,0.593565,1476.453018312712,2173.77107355742,0.0,0.0,0.0,0.0,0.0,0.0,0.0,762.5670591882838,1167.9537203539835,0.0,0.0,893.2262611109408,743.1220718827863,2249.8264095795585,0.0,0.0,0.0,3427.886504795157
2018-03-03,0.886076,1907.3609087903023,2372.2354803071808,0.0,0.0,0.0,1196.276989985112,1023.8590153659392,0.0,991.14340205476,1401.6924984574932,918.6300576495028,0.0,0.0,0.0,0.0,2277.6783353960823,0.0,0.0,0.0,2627.1265586874297
2018-03-10,0.504112,765.7396633520658,1761.4769969137187,0.0,0.0,0.0,0.0,0.0,0.0,0.0,998.0563367810996,0.0,0.0,0.0,0.0,0.0,2055.765832312943,0.0,0.0,0.0,2791.1881334134428
2018-03-17,0.382618,1090.134891210338,0.0,0.0,0.0,0.0,0.0,851.9906506034367,0.0,0.0,872.3092752592361,1247.730895909271,0.0,0.0,0.0,0.0,1712.954252480754,0.0,0.0,0.0,2389.6673982742527
2018-03-24,0.376648,0.0,1682.7320912942942,1126.5155441591146,1126.5155441591148,0.0,1224.9586835917885,0.0,0.0,0.0,0.0,0.0,0.0,0.0,0.0,0.0,1279.556735539704,0.0,0.0,0.0,1737.2135677079657
2018-03-31,0.332336,0.0,1073.7431297385797,0.0,0.0,0.0,891.7046512300145,0.0,0.0,0.0,0.0,891.9307213995567,0.0,0.0,0.0,0.0,830.1781789902661,0.0,0.0,0.0,1050.0876579975882
2018-04-07,0.478334,898.0592725234583,0.0,0.0,0.0,0.0,0.0,844.5276028991442,0.0,0.0,947.8676819065174,0.0,0.0,0.0,0.0,0.0,987.475544346391,0.0,0.0,0.0,1364.193200827059
2018-04-14,0.535714,0.0,0.0,0.0,0.0,0.0,0.0,0.0,0.0,0.0,0.0,1115.6922339872085,0.0,0.0,0.0,0.0,1236.8752215305756,0.0,0.0,0.0,1200.6803236438284
2018-04-21,0.182577,0.0,1056.1556707425689,0.0,0.0,0.0,0.0,0.0,0.0,0.0,0.0,0.0,766.7164402636788,0.0,0.0,0.0,1027.7652869689243,0.0,0.0,0.0,870.1978561924632
2018-04-28,0.0,0.0,0.0,0.0,0.0,0.0,0.0,0.0,0.0,0.0,0.0,0.0,0.0,0.0,0.0,0.0,1310.121636830772,0.0,0.0,0.0,1734.503080773668
2018-05-05,0.0,0.0,0.0,0.0,0.0,0.0,0.0,0.0,0.0,0.0,0.0,0.0,1255.5272076705269,0.0,0.0,0.0,759.1822266365191,0.0,0.0,0.0,1468.9412377393453
2018-05-12,0.0574713,0.0,0.0,0.0,0.0,0.0,0.0,0.0,0.0,0.0,0.0,0.0,0.0,0.0,0.0,0.0,1380.344551133786,0.0,0.0,0.0,904.3976974019912
2018-05-19,0.0,0.0,0.0,0.0,0.0,0.0,0.0,0.0,0.0,0.0,0.0,0.0,0.0,0.0,0.0,0.0,0.0,0.0,0.0,0.0,1198.7524663603808
2018-05-26,0.0,0.0,0.0,0.0,0.0,0.0,0.0,0.0,0.0,0.0,0.0,0.0,0.0,0.0,0.0,0.0,869.8018585485584,0.0,0.0,0.0,881.484288451326
2018-06-02,0.0,0.0,0.0,0.0,0.0,0.0,0.0,0.0,0.0,0.0,0.0,0.0,0.0,0.0,0.0,0.0,913.9112049475672,0.0,0.0,0.0,1322.7728869516402
2018-06-09,0.0,0.0,0.0,0.0,0.0,0.0,0.0,0.0,0.0,0.0,0.0,0.0,0.0,0.0,0.0,0.0,845.3785329550133,0.0,0.0,0.0,926.7803913414044
2018-06-16,0.0,0.0,0.0,0.0,0.0,0.0,0.0,0.0,0.0,0.0,0.0,0.0,0.0,0.0,0.0,0.0,0.0,0.0,0.0,0.0,1693.950980538936
2018-06-23,0.0,0.0,0.0,0.0,0.0,0.0,0.0,0.0,0.0,0.0,0.0,0.0,0.0,0.0,0.0,0.0,0.0,0.0,0.0,0.0,1280.5514198542955
2018-06-30,0.0,0.0,0.0,0.0,0.0,0.0,0.0,0.0,0.0,0.0,0.0,0.0,0.0,0.0,0.0,0.0,1197.4064738195382,0.0,0.0,0.0,1308.3288539401074
2018-07-07,0.0,0.0,0.0,0.0,0.0,0.0,0.0,0.0,1269.1945494839572,0.0,0.0,0.0,0.0,0.0,0.0,0.0,1830.556395029005,0.0,0.0,0.0,1445.7257829318714
2018-07-14,0.0,0.0,0.0,0.0,0.0,0.0,0.0,0.0,0.0,0.0,0.0,0.0,0.0,0.0,0.0,0.0,0.0,0.0,0.0,0.0,1041.8954147989914
2018-07-21,0.0,0.0,0.0,0.0,0.0,0.0,0.0,0.0,0.0,0.0,0.0,0.0,0.0,0.0,0.0,0.0,0.0,0.0,0.0,0.0,1211.359462157622
2018-07-28,0.0,0.0,0.0,0.0,0.0,0.0,0.0,0.0,0.0,0.0,0.0,0.0,827.6763046438674,0.0,0.0,0.0,0.0,0.0,0.0,0.0,921.0604712323366
2018-08-04,0.0,0.0,0.0,0.0,0.0,0.0,0.0,0.0,1337.680893296557,0.0,0.0,0.0,0.0,0.0,0.0,0.0,0.0,0.0,0.0,0.0,0.0
2018-08-11,0.0,0.0,0.0,0.0,0.0,0.0,0.0,0.0,0.0,0.0,0.0,0.0,0.0,0.0,0.0,0.0,0.0,0.0,0.0,0.0,0.0
2018-08-18,0.0,0.0,0.0,0.0,0.0,0.0,0.0,0.0,0.0,0.0,0.0,0.0,0.0,0.0,0.0,0.0,0.0,0.0,0.0,0.0,1723.9941871518818
2018-08-25,0.0,0.0,0.0,0.0,0.0,0.0,0.0,0.0,0.0,0.0,0.0,0.0,1375.6319283025557,0.0,1071.904872397466,0.0,953.5825469551388,0.0,0.0,0.0,1582.616613842398
2018-09-01,0.0,0.0,0.0,0.0,0.0,0.0,0.0,0.0,0.0,0.0,0.0,0.0,0.0,0.0,0.0,844.0191417515373,0.0,0.0,0.0,0.0,0.0
2018-09-08,0.0,0.0,0.0,0.0,0.0,0.0,0.0,0.0,0.0,0.0,0.0,0.0,0.0,0.0,0.0,0.0,808.7175870179225,0.0,0.0,0.0,1341.7964216877706
2018-09-15,0.0,0.0,917.5717450604571,0.0,0.0,0.0,0.0,0.0,0.0,0.0,0.0,0.0,0.0,0.0,0.0,0.0,0.0,0.0,0.0,0.0,868.4510784549033
2018-09-22,0.0,0.0,0.0,0.0,0.0,0.0,0.0,0.0,0.0,0.0,0.0,0.0,0.0,0.0,0.0,0.0,1391.7658290986508,0.0,0.0,0.0,1212.674384843578
2018-09-29,0.0,0.0,925.746914536098,769.8982598076058,769.8982598076058,0.0,0.0,0.0,0.0,0.0,0.0,0.0,0.0,0.0,0.0,0.0,1652.0405761252557,0.0,0.0,0.0,1045.9319034209188
2018-10-06,0.634962,0.0,1990.1759932461189,891.2463048173731,891.246304817373,0.0,0.0,1020.1482509303077,0.0,0.0,0.0,900.4923402244721,0.0,0.0,0.0,0.0,1244.5521820328415,0.0,0.0,0.0,2183.900115073913
2018-10-13,0.541221,0.0,1664.9165482249616,0.0,0.0,0.0,0.0,958.0981397039424,0.0,0.0,0.0,0.0,0.0,0.0,0.0,0.0,1709.9295069613108,0.0,0.0,0.0,1446.0771246377456
2018-10-20,0.718391,0.0,938.8473387638288,0.0,0.0,0.0,0.0,0.0,0.0,0.0,0.0,0.0,0.0,0.0,0.0,1593.7881502828018,2010.9225326984636,0.0,0.0,0.0,3119.99524337909
2018-10-27,0.580357,0.0,972.5923303924936,0.0,0.0,0.0,0.0,0.0,0.0,0.0,0.0,0.0,0.0,0.0,0.0,0.0,1078.8830439362869,0.0,0.0,0.0,902.3092910157366
2018-11-03,0.708248,1218.8089179186145,835.6891056613625,0.0,0.0,0.0,0.0,0.0,0.0,0.0,0.0,0.0,0.0,0.0,0.0,0.0,1534.9147656470611,0.0,0.0,0.0,1549.3509464525591
2018-11-10,0.592277,0.0,0.0,0.0,0.0,0.0,0.0,889.3141279317786,0.0,0.0,0.0,0.0,0.0,0.0,0.0,0.0,760.5559570129942,0.0,0.0,0.0,1444.5846210785774
2018-11-17,0.714286,0.0,0.0,0.0,0.0,0.0,0.0,821.6972609554032,0.0,0.0,0.0,0.0,0.0,0.0,0.0,0.0,1813.899560844927,0.0,0.0,0.0,2521.075386775382
2018-11-24,1.30226,0.0,0.0,0.0,0.0,0.0,0.0,0.0,0.0,929.8357403105388,0.0,0.0,0.0,0.0,0.0,0.0,0.0,0.0,0.0,0.0,1594.249490058112
2018-12-01,0.885296,0.0,0.0,0.0,0.0,0.0,0.0,965.5870726705796,0.0,0.0,0.0,0.0,0.0,0.0,0.0,0.0,0.0,0.0,0.0,0.0,1953.621562495777
2018-12-08,0.665795,0.0,0.0,0.0,0.0,0.0,0.0,0.0,0.0,0.0,0.0,0.0,0.0,0.0,0.0,764.1746821143926,1721.3651017339196,0.0,0.0,0.0,1627.984996481072
2018-12-15,0.892857,0.0,0.0,0.0,0.0,0.0,0.0,924.6528992340852,0.0,0.0,0.0,826.6739562394331,830.584276531004,0.0,0.0,0.0,1919.7732253124896,0.0,0.0,0.0,1235.4675347148143
2018-12-22,0.963463,0.0,822.7801239304616,0.0,0.0,0.0,0.0,0.0,0.0,0.0,0.0,0.0,0.0,0.0,0.0,0.0,1056.3990928943854,0.0,0.0,963.9510642724126,1521.484331033747
2018-12-29,2.17698,0.0,1182.3629956785749,0.0,0.0,0.0,0.0,1229.7048163380475,960.6871803139892,0.0,0.0,1074.8836857573028,0.0,0.0,0.0,943.7726058353978,1262.1700490208468,0.0,0.0,0.0,1673.0316458760426
2019-01-05,1.64133,1318.808363542752,801.3164197275606,0.0,0.0,0.0,0.0,2068.8755078322406,0.0,0.0,0.0,1126.9277008770748,0.0,0.0,0.0,0.0,1202.4514706508498,0.0,0.0,0.0,1331.4103984333003
2019-01-12,1.56068,1079.8654890575258,975.5802273028826,0.0,0.0,0.0,0.0,0.0,0.0,0.0,0.0,901.3057043042506,0.0,0.0,0.0,0.0,0.0,0.0,0.0,916.5735135305764,2334.6122333401177
2019-01-19,1.63584,1609.750491253728,1318.2310649328117,0.0,0.0,0.0,0.0,0.0,0.0,0.0,1489.0204009107174,1495.6884300091513,0.0,0.0,0.0,918.7651099427476,1758.04219388126,0.0,0.0,0.0,1871.205353146397
2019-01-26,2.02273,0.0,1143.62246288216,0.0,0.0,0.0,1029.920864667406,796.9927311099224,0.0,0.0,0.0,1576.7043575624564,0.0,0.0,0.0,0.0,2291.0027765630343,0.0,0.0,0.0,1412.1652234276903
2019-02-02,2.36801,2590.392833851579,1695.268019228396,0.0,0.0,808.0416128697167,1317.9233613755723,904.9292124926916,0.0,0.0,1357.5456965039673,1901.909600678348,0.0,0.0,0.0,1272.07081653328,1917.3577522353987,0.0,0.0,0.0,2191.699708360419
2019-02-09,3.19065,1184.0604233733293,2298.045666334968,812.2171006210655,812.2171006210655,0.0,1499.3901753630685,821.7081891134516,0.0,0.0,1357.8615799550498,1546.7856069226762,1091.6229421540174,0.0,0.0,0.0,2338.5654539643074,0.0,0.0,0.0,2272.230771747636
2019-02-16,3.56632,2046.119476993752,2319.283907523968,0.0,0.0,0.0,2205.52248962982,0.0,0.0,0.0,1446.3037256926234,1323.9319045233108,0.0,0.0,0.0,0.0,2042.5246067581827,0.0,0.0,0.0,2047.158334369023
2019-02-23,3.79244,1382.817594516746,3618.81871758296,1203.1185866714732,1203.1185866714732,0.0,1705.9532880270183,1132.9136546181232,0.0,0.0,1858.41586799414,1705.069111570327,1814.227939091107,0.0,0.0,802.0488496152603,1935.1647230750327,0.0,0.0,0.0,2790.281033460785
2019-03-02,3.63326,885.6284007931658,2563.0646894517463,743.5028092843172,743.5028092843171,0.0,2484.94633631809,0.0,0.0,0.0,2201.2454662856326,728.5570721379692,0.0,0.0,0.0,738.5775283367668,1484.6667965580248,0.0,0.0,0.0,2273.10930924353
2019-03-09,3.16529,1455.0836444146337,1132.8571739443762,0.0,0.0,0.0,2467.684077436399,1714.0659360905895,0.0,0.0,1593.1320734383978,1144.8069809848098,0.0,0.0,0.0,0.0,1716.6926553073106,0.0,0.0,0.0,2180.2868720048023
2019-03-16,3.42535,949.5560790708532,1269.7546511955898,0.0,0.0,0.0,942.6041253027478,0.0,0.0,0.0,924.8319985495964,0.0,1035.597612129632,0.0,0.0,0.0,2676.403926647084,0.0,0.0,0.0,1375.1713308958867
2019-03-23,2.26349,0.0,1036.7262446689656,0.0,0.0,0.0,0.0,798.5098310952703,0.0,0.0,869.760596501562,0.0,0.0,0.0,0.0,0.0,1170.6063617345976,0.0,0.0,0.0,1700.9224996975784
2019-03-30,1.98854,1006.3110986899086,1487.910174430085,0.0,0.0,0.0,0.0,0.0,0.0,0.0,0.0,877.5919887810041,991.5250851736336,0.0,0.0,0.0,992.2498645221128,0.0,0.0,0.0,1584.6775897737114
2019-04-06,1.23989,0.0,0.0,0.0,0.0,0.0,0.0,0.0,0.0,0.0,914.936668030532,0.0,0.0,0.0,0.0,0.0,1091.4999627734337,0.0,0.0,0.0,1642.0480598805475
2019-04-13,1.13875,0.0,0.0,0.0,0.0,0.0,0.0,0.0,0.0,0.0,0.0,0.0,0.0,0.0,0.0,0.0,1646.2633849371198,0.0,0.0,0.0,1177.5241573664125
2019-04-20,0.886171,0.0,779.0648549440929,984.5588910827364,984.5588910827364,0.0,0.0,0.0,0.0,0.0,0.0,0.0,0.0,0.0,0.0,0.0,2141.193723707652,0.0,0.0,0.0,1494.0532587403352
2019-04-27,0.852827,0.0,0.0,0.0,0.0,0.0,0.0,0.0,0.0,0.0,0.0,0.0,1035.847712478445,0.0,0.0,0.0,0.0,0.0,0.0,0.0,2170.8357485680144
2019-05-04,0.662583,0.0,0.0,0.0,0.0,0.0,0.0,0.0,0.0,0.0,0.0,0.0,0.0,0.0,0.0,0.0,1877.0463972151615,0.0,0.0,0.0,1666.139633012724
2019-05-11,0.699205,0.0,0.0,0.0,0.0,0.0,0.0,0.0,0.0,0.0,0.0,0.0,1131.9527665146202,0.0,0.0,0.0,0.0,0.0,0.0,0.0,2207.988976641052
2019-05-18,0.830827,0.0,0.0,0.0,0.0,0.0,0.0,846.7729951296382,0.0,0.0,0.0,0.0,0.0,0.0,0.0,0.0,1280.0007207406277,0.0,0.0,0.0,990.8280046389732
2019-05-25,0.822529,0.0,0.0,0.0,0.0,0.0,0.0,0.0,0.0,0.0,0.0,0.0,0.0,0.0,0.0,0.0,0.0,0.0,0.0,0.0,886.7273879354148
2019-06-01,0.676841,0.0,0.0,0.0,0.0,0.0,0.0,0.0,0.0,0.0,0.0,0.0,0.0,0.0,0.0,0.0,0.0,0.0,0.0,0.0,994.0839096949884
2019-06-08,0.751001,0.0,0.0,0.0,0.0,0.0,0.0,0.0,0.0,0.0,0.0,0.0,0.0,0.0,0.0,0.0,1332.8731224179928,0.0,0.0,0.0,2043.019612218577
2019-06-15,0.645876,0.0,0.0,0.0,0.0,0.0,0.0,0.0,0.0,0.0,0.0,0.0,0.0,0.0,0.0,0.0,845.8983345737316,0.0,0.0,0.0,1196.0017047389767
2019-06-22,0.418702,0.0,0.0,0.0,0.0,0.0,0.0,0.0,975.6082214210328,0.0,0.0,0.0,0.0,0.0,0.0,0.0,0.0,0.0,0.0,0.0,1031.0242015443414
2019-06-29,0.364773,0.0,0.0,0.0,0.0,0.0,0.0,0.0,0.0,0.0,0.0,0.0,0.0,0.0,0.0,0.0,1045.546583109126,0.0,0.0,0.0,972.1924154583512
2019-07-06,0.504686,0.0,0.0,0.0,0.0,0.0,0.0,0.0,0.0,0.0,0.0,0.0,0.0,0.0,0.0,0.0,882.8860708542659,0.0,0.0,0.0,1232.3635036407782
2019-07-13,0.552764,0.0,0.0,0.0,0.0,0.0,0.0,0.0,0.0,0.0,0.0,0.0,0.0,0.0,0.0,0.0,818.4041078521369,0.0,0.0,0.0,0.0
2019-07-20,0.478878,0.0,0.0,0.0,0.0,0.0,0.0,0.0,0.0,0.0,0.0,0.0,0.0,0.0,0.0,0.0,0.0,0.0,0.0,0.0,967.5780113236984
2019-07-27,0.409232,0.0,0.0,0.0,0.0,0.0,0.0,0.0,0.0,872.5434075011797,0.0,0.0,0.0,0.0,0.0,0.0,0.0,0.0,0.0,0.0,0.0
2019-08-03,0.359712,0.0,0.0,0.0,0.0,0.0,0.0,0.0,0.0,0.0,0.0,0.0,0.0,0.0,1176.717554898461,0.0,0.0,0.0,0.0,0.0,0.0
2019-08-10,0.424809,0.0,0.0,0.0,0.0,0.0,0.0,0.0,0.0,0.0,0.0,0.0,0.0,0.0,0.0,0.0,0.0,0.0,0.0,0.0,857.3170112689999
2019-08-17,0.373514,0.0,0.0,0.0,0.0,0.0,0.0,0.0,0.0,0.0,0.0,0.0,0.0,0.0,0.0,0.0,1332.0043590202663,0.0,0.0,0.0,0.0
2019-08-24,0.441052,0.0,0.0,0.0,0.0,0.0,0.0,0.0,0.0,0.0,0.0,0.0,0.0,0.0,0.0,0.0,991.4483970280708,0.0,0.0,0.0,1970.7972997282648
2019-08-31,0.400348,0.0,0.0,0.0,0.0,0.0,0.0,0.0,0.0,0.0,0.0,0.0,0.0,0.0,0.0,0.0,928.7472373189,0.0,0.0,0.0,982.9759082881468
2019-09-07,0.424232,748.1426251999484,0.0,0.0,0.0,0.0,0.0,0.0,0.0,0.0,770.1104254512059,0.0,0.0,0.0,0.0,0.0,713.415137447208,0.0,0.0,0.0,1021.3404183175304
2019-09-14,0.6941,800.5913617898482,0.0,0.0,0.0,0.0,0.0,0.0,0.0,0.0,0.0,0.0,0.0,0.0,0.0,0.0,0.0,0.0,0.0,0.0,760.1196121542888
2019-09-21,0.805622,0.0,741.1047494265883,0.0,0.0,0.0,0.0,0.0,0.0,0.0,0.0,0.0,0.0,0.0,0.0,0.0,940.1242203402516,0.0,0.0,0.0,1048.1072638499577
2019-09-28,0.718943,770.3047807239155,1096.1269176492483,0.0,0.0,0.0,0.0,1148.8899646858583,0.0,0.0,0.0,0.0,0.0,0.0,0.0,719.9028604460874,740.4849135784444,0.0,0.0,0.0,2447.2185200668127
2019-10-05,1.00762,0.0,1098.8472404356835,0.0,0.0,0.0,0.0,1361.3486767790478,0.0,0.0,0.0,0.0,0.0,0.0,0.0,705.3115014726378,1177.233652679544,0.0,0.0,0.0,1498.4038226753298
2019-10-12,0.799842,0.0,1128.4626426401169,0.0,0.0,0.0,0.0,0.0,0.0,0.0,0.0,0.0,0.0,0.0,0.0,0.0,1096.9801173171302,0.0,0.0,0.0,1297.0398037583132
2019-10-19,0.682563,0.0,1363.2704722821552,0.0,0.0,0.0,0.0,0.0,0.0,0.0,0.0,0.0,0.0,745.7734129836676,0.0,1707.149498114987,0.0,0.0,0.0,0.0,1843.283767964828
2019-10-26,0.760525,0.0,752.8806784956855,0.0,0.0,0.0,0.0,0.0,0.0,0.0,0.0,0.0,0.0,0.0,0.0,0.0,1537.1111436353592,0.0,0.0,0.0,1545.8050677351912
2019-11-02,0.796503,0.0,1185.803386221226,0.0,0.0,0.0,0.0,0.0,0.0,0.0,0.0,0.0,769.2352765567576,0.0,0.0,0.0,1775.7868233080144,0.0,0.0,0.0,1460.5442141154033
2019-11-09,0.930997,871.9459678704646,0.0,0.0,0.0,0.0,0.0,908.102434748091,0.0,0.0,0.0,0.0,0.0,0.0,0.0,0.0,1417.8380951606475,0.0,0.0,0.0,1843.056252207272
2019-11-16,1.1386,0.0,761.7312998610223,0.0,0.0,0.0,0.0,0.0,0.0,0.0,0.0,0.0,0.0,0.0,0.0,0.0,750.8396061524347,0.0,0.0,0.0,1304.614966856581
2019-11-23,1.18399,0.0,0.0,0.0,0.0,0.0,0.0,0.0,0.0,0.0,0.0,0.0,0.0,0.0,0.0,738.1392080736517,1137.5101063473587,0.0,0.0,0.0,2015.9779347208605
2019-11-30,1.42826,810.3998712957124,836.1754691521244,0.0,0.0,0.0,0.0,0.0,0.0,0.0,0.0,0.0,0.0,0.0,0.0,0.0,1241.8449336640929,0.0,0.0,0.0,1982.089730727561
2019-12-07,1.21029,0.0,0.0,0.0,0.0,0.0,0.0,0.0,0.0,0.0,0.0,0.0,1184.1869017785193,0.0,0.0,0.0,1134.5739758870486,0.0,0.0,0.0,2007.1308366293165
2019-12-14,1.31013,715.6164534536567,0.0,0.0,0.0,0.0,873.5700627130886,0.0,0.0,0.0,0.0,0.0,0.0,0.0,0.0,865.0513606243115,1010.2268898092088,0.0,0.0,0.0,1491.4800704155543
2019-12-21,1.59242,756.5122676240609,1340.4270182522357,916.8552396766238,916.855239676624,0.0,0.0,0.0,0.0,0.0,0.0,847.9776506363969,0.0,0.0,0.0,1066.1794608766593,1683.218982820695,0.0,0.0,0.0,1204.2088538555874
2019-12-28,2.28766,1087.897957006157,985.217015851718,0.0,0.0,0.0,0.0,1169.1395464002808,0.0,0.0,0.0,0.0,0.0,794.7888484354564,871.6300806449443,0.0,2081.8341090066483,0.0,0.0,0.0,2052.8961735338025
2020-01-04,2.18523,908.0175075386928,895.2572990510288,0.0,0.0,0.0,0.0,1065.5017905175491,0.0,0.0,0.0,0.0,0.0,0.0,0.0,0.0,1814.6347960626645,0.0,0.0,0.0,2350.051882850089
2020-01-11,2.05238,1366.3929314423258,1421.1056058658064,0.0,0.0,0.0,1003.1172755644216,914.1212215746748,0.0,0.0,776.4589557162114,1118.6849077831455,0.0,0.0,1744.1037132242848,0.0,2504.958691149258,828.3983602817891,828.3983602817889,0.0,2786.4852319203437
2020-01-18,2.11912,731.6250163224865,1413.982725603268,0.0,0.0,0.0,0.0,0.0,0.0,0.0,0.0,1008.2621287128152,0.0,0.0,0.0,0.0,1395.1598695829443,0.0,0.0,0.0,2466.111999362212
2020-01-25,3.1558,959.0115120660724,2379.11042198575,0.0,0.0,0.0,1031.3607412092754,899.632625309126,0.0,0.0,1280.1126024305058,1682.4311909050828,0.0,0.0,0.0,803.1183272994132,1349.0805691882324,0.0,0.0,0.0,1489.8379730930326
2020-02-01,3.73816,1507.8065862966344,2600.370915538091,0.0,0.0,0.0,1042.7705234121945,0.0,0.0,0.0,1025.6983695432814,1744.785332122277,0.0,0.0,0.0,0.0,2358.961132026529,0.0,0.0,0.0,2378.520013684537
2020-02-08,3.67587,1754.0830451705865,2622.6240812872024,760.0557398064414,760.0557398064414,0.0,1283.5598573955529,0.0,0.0,0.0,882.8422696437059,0.0,673.5572759240528,0.0,0.0,772.4532303839259,2127.532661267276,833.342259247574,833.3422592475739,0.0,1796.9389224107026
2020-02-15,3.75749,1864.1675233877315,3158.9743326496127,0.0,0.0,0.0,1717.8380005445213,1719.72028928182,0.0,0.0,1258.1948350236903,1487.8303099382922,1753.8305233988756,0.0,0.0,1232.904579855568,2003.024468653384,706.0974091316742,706.0974091316742,0.0,2352.2949858100355
2020-02-22,3.58841,1048.473424351565,2457.9517498104865,1183.0245947099882,1183.024594709988,0.0,0.0,1113.9841622727156,0.0,689.8699048062388,0.0,1014.4190508861576,0.0,0.0,0.0,1147.948822494882,1860.639006350989,0.0,0.0,0.0,2946.189491422188
2020-02-29,3.73482,1494.4142074394074,4466.855209840589,664.9610826890258,664.9610826890261,0.0,1847.5295702388223,1076.4890882520149,0.0,653.9336910386531,986.4987862501256,903.1673574061984,0.0,0.0,0.0,1360.785138415227,2922.228265276774,0.0,0.0,1956.209922994187,1941.6901913825088
2020-03-07,4.51121,2123.71796332414,6393.743522731981,968.6455582212994,968.6455582212996,1092.4952774494022,2105.60277887022,1108.863281317406,1345.7534972005758,0.0,2009.8961376190075,936.2369337261418,854.3489525718763,0.0,0.0,1621.5621647485282,2988.1294703085086,0.0,0.0,0.0,2341.843096377765
2020-03-14,4.87274,3015.098699859557,10747.579475063225,1277.5968732022632,1277.5968732022632,912.505299182346,2120.068727092319,711.0738759918984,0.0,0.0,1429.3051748272533,0.0,1406.6842676390554,0.0,0.0,2393.696708865596,3102.5615525217045,0.0,0.0,0.0,2445.9077532690817
2020-03-21,4.54203,3149.630163700472,9138.465240219646,1070.839062427286,1070.839062427286,908.4495290079052,1195.6045896934147,1149.9304129329428,707.9723565503646,699.3798950086066,1256.7306640146671,0.0,968.3187428214076,0.0,0.0,2122.57173638325,3281.62507188094,0.0,0.0,0.0,1320.3881524126434
2020-03-28,3.56859,1124.2653096454585,6141.246881464902,987.3562369953625,987.3562369953622,637.2105729082186,765.1200654412521,910.3147061287872,0.0,0.0,0.0,625.3025892253324,676.9397987222242,0.0,0.0,2130.546146595452,2250.9882221665043,0.0,0.0,0.0,3110.1783404069006
2020-04-04,2.26566,840.3105732820673,5621.613823110452,742.69273514689,742.6927351468898,0.0,0.0,845.0721358220587,0.0,0.0,731.4890629462566,0.0,0.0,0.0,0.0,1174.0643065503134,1694.7352430062008,0.0,0.0,0.0,1290.1021813119096
2020-04-11,1.5327,0.0,4583.764945470705,697.9613942537784,697.9613942537785,0.0,0.0,677.6310071320634,0.0,0.0,0.0,0.0,0.0,0.0,0.0,692.1515820086236,2647.360364622936,0.0,0.0,0.0,1431.9073658410648
2020-04-18,1.10488,0.0,2945.037174127668,0.0,0.0,0.0,0.0,616.2421693823543,0.0,0.0,0.0,0.0,0.0,0.0,0.0,868.4647779021188,829.0365289241147,0.0,0.0,0.0,1166.4126542516935
2020-04-25,0.984176,0.0,2442.428078550576,0.0,0.0,0.0,0.0,0.0,0.0,0.0,0.0,0.0,0.0,0.0,0.0,0.0,1182.0786324217593,0.0,0.0,0.0,780.8141806645909
2020-05-02,0.677806,0.0,2503.2194518314213,0.0,0.0,0.0,0.0,0.0,0.0,0.0,0.0,0.0,0.0,0.0,0.0,0.0,1593.3420931717917,0.0,0.0,0.0,656.8484479260751
2020-05-09,0.563595,0.0,2012.3429035040908,0.0,0.0,0.0,0.0,0.0,0.0,0.0,0.0,0.0,0.0,0.0,730.7003197614632,0.0,1107.9628164907135,0.0,0.0,0.0,866.4140708320315
2020-05-16,0.355366,0.0,1636.042526631561,0.0,0.0,0.0,0.0,0.0,0.0,0.0,0.0,0.0,0.0,0.0,0.0,658.3160562593041,777.6860700640339,0.0,0.0,0.0,1326.1682487898015
2020-05-23,0.58936,0.0,2066.387181739355,0.0,0.0,0.0,0.0,781.89418064712,0.0,0.0,0.0,0.0,0.0,0.0,0.0,0.0,869.119737800284,0.0,0.0,0.0,1153.797819606893
2020-05-30,0.476493,1227.4421459507705,1470.2281224475896,0.0,0.0,0.0,0.0,0.0,0.0,0.0,0.0,0.0,0.0,0.0,0.0,0.0,651.412376746116,0.0,0.0,0.0,824.4704862040252
2020-06-06,0.367085,0.0,0.0,0.0,0.0,0.0,0.0,0.0,0.0,0.0,0.0,0.0,0.0,0.0,0.0,0.0,638.721732033814,0.0,0.0,0.0,0.0
2020-06-13,0.450607,0.0,0.0,0.0,0.0,0.0,0.0,0.0,0.0,0.0,0.0,0.0,0.0,0.0,0.0,0.0,1187.999961190044,0.0,0.0,0.0,1614.2245240541797
2020-06-20,0.456621,0.0,683.914086748717,0.0,0.0,0.0,0.0,0.0,0.0,0.0,0.0,0.0,0.0,0.0,0.0,0.0,0.0,0.0,0.0,0.0,632.1851855390103
2020-06-27,0.749362,0.0,712.2817640997256,0.0,0.0,0.0,0.0,0.0,0.0,0.0,0.0,0.0,0.0,0.0,0.0,0.0,0.0,0.0,0.0,0.0,826.3737505867871
