date,Nebraska,a influenza,influenza a,influenza symptoms,influenza a symptoms,the flu,flu symptoms,influenza b,flu cold,flu a,rsv,pneumonia,sinus,how long flu,flu how long,symptoms of flu,bronchitis,the flu symptoms,contagious flu,flu contagious,stomach flu
2010-10-09,2.19978,0.0,0.0,0.0,0.0,0.0,0.0,0.0,0.0,0.0,0.0,0.0,2351.878224735862,0.0,0.0,0.0,0.0,0.0,0.0,0.0,0.0
2010-10-16,2.73532,0.0,0.0,0.0,0.0,0.0,0.0,0.0,0.0,0.0,1698.9857226895672,2029.631326226444,1704.2884896447752,0.0,0.0,0.0,1863.8027590201204,0.0,0.0,0.0,0.0
2010-10-23,3.31103,0.0,0.0,0.0,0.0,0.0,0.0,0.0,0.0,0.0,0.0,2304.9165949292483,0.0,0.0,0.0,0.0,0.0,0.0,0.0,0.0,0.0
2010-10-30,2.05761,0.0,0.0,0.0,0.0,0.0,0.0,0.0,0.0,0.0,0.0,0.0,1867.5685487800204,0.0,0.0,0.0,1675.312097650719,0.0,0.0,0.0,0.0
2010-11-06,0.376712,0.0,0.0,0.0,0.0,0.0,0.0,0.0,0.0,0.0,0.0,2091.697149271032,0.0,0.0,0.0,0.0,0.0,0.0,0.0,0.0,0.0
2010-11-13,2.96108,0.0,0.0,0.0,0.0,0.0,0.0,0.0,0.0,0.0,0.0,0.0,0.0,0.0,0.0,0.0,0.0,0.0,0.0,0.0,0.0
2010-11-20,2.42303,0.0,0.0,0.0,0.0,0.0,0.0,0.0,0.0,0.0,0.0,1787.5860375864215,0.0,0.0,0.0,0.0,2089.464813919455,0.0,0.0,0.0,0.0
2010-11-27,0.614754,0.0,0.0,0.0,0.0,0.0,0.0,0.0,0.0,0.0,0.0,0.0,1765.7186555170704,0.0,0.0,0.0,0.0,0.0,0.0,0.0,0.0
2010-12-04,2.8157,0.0,0.0,0.0,0.0,0.0,0.0,0.0,0.0,0.0,0.0,0.0,0.0,0.0,0.0,0.0,0.0,0.0,0.0,0.0,0.0
2010-12-11,2.46212,0.0,0.0,0.0,0.0,0.0,0.0,0.0,0.0,1589.9753492334964,0.0,1366.8034269925402,2275.4310734935893,0.0,0.0,0.0,1647.4999642238813,0.0,0.0,0.0,0.0
2010-12-18,3.2371,0.0,0.0,0.0,0.0,0.0,0.0,0.0,0.0,0.0,0.0,0.0,0.0,0.0,0.0,0.0,0.0,0.0,0.0,0.0,0.0
2010-12-25,2.22063,0.0,0.0,0.0,0.0,0.0,0.0,0.0,0.0,0.0,1888.6443488756315,0.0,2633.4983562009365,0.0,0.0,0.0,1803.3132663338151,0.0,0.0,0.0,0.0
2011-01-01,3.82883,0.0,0.0,0.0,0.0,0.0,0.0,0.0,0.0,0.0,0.0,0.0,0.0,0.0,0.0,1851.1203337291245,0.0,0.0,0.0,0.0,0.0
2011-01-08,3.00619,0.0,0.0,0.0,0.0,0.0,0.0,0.0,0.0,0.0,0.0,1404.821430422494,1421.1198542377151,0.0,0.0,0.0,0.0,0.0,0.0,0.0,0.0
2011-01-15,2.95939,0.0,0.0,0.0,0.0,822.1058554898742,0.0,0.0,0.0,0.0,0.0,742.7474513766139,1127.4476059820704,0.0,0.0,0.0,887.0508821846056,0.0,0.0,0.0,979.965526958642
2011-01-22,3.12049,0.0,0.0,0.0,0.0,798.2483075908173,0.0,0.0,0.0,0.0,0.0,979.4218018225954,1430.407603548013,0.0,0.0,0.0,1444.0378863004405,0.0,0.0,0.0,0.0
2011-01-29,4.47843,0.0,0.0,0.0,0.0,1092.0128543599158,0.0,0.0,0.0,0.0,0.0,1112.1016290907733,1921.65357824558,0.0,0.0,0.0,1089.502297035245,0.0,0.0,0.0,0.0
2011-02-05,6.28019,0.0,0.0,915.0844681215176,0.0,0.0,0.0,0.0,0.0,0.0,754.239734592908,1321.5377112073872,1485.425706973382,0.0,0.0,0.0,829.9585270840658,0.0,1252.1045061141228,1252.1045061141228,0.0
2011-02-12,3.68098,1318.032749462898,845.3499140750081,0.0,0.0,0.0,0.0,0.0,0.0,0.0,841.7494154068859,2194.829038926553,1723.228249657893,0.0,0.0,0.0,0.0,0.0,0.0,0.0,0.0
2011-02-19,4.43182,1403.871077413109,1451.07143403883,853.3131321868776,0.0,791.0512930682204,0.0,1158.5529284609431,0.0,0.0,790.3319826784611,987.501194593197,925.2169274439452,0.0,0.0,0.0,1399.7603541163164,0.0,0.0,0.0,0.0
2011-02-26,8.24176,1066.7158949116097,779.937896404389,0.0,0.0,0.0,1255.5830716563082,1179.670343500573,0.0,0.0,0.0,905.0855046287144,1625.317213363183,0.0,0.0,0.0,0.0,0.0,0.0,0.0,0.0
2011-03-05,6.80219,0.0,0.0,0.0,787.4223782421152,0.0,897.1239662577557,0.0,0.0,0.0,961.0721297489334,1790.2153747749635,1800.8596938874732,0.0,0.0,0.0,821.206885613699,0.0,0.0,0.0,0.0
2011-03-12,5.88957,942.5049591660054,1002.379675477609,0.0,0.0,0.0,0.0,0.0,0.0,0.0,1479.068346706901,1326.862090705631,1887.5774148789903,0.0,0.0,0.0,0.0,0.0,0.0,0.0,0.0
2011-03-19,2.89517,1075.5243613847697,983.9771727712764,1375.049020705677,0.0,0.0,0.0,0.0,0.0,0.0,828.0916807644983,0.0,1661.6991416169335,0.0,0.0,843.9188671667359,1214.4685255808242,0.0,0.0,0.0,0.0
2011-03-26,1.56352,0.0,0.0,0.0,0.0,0.0,0.0,0.0,0.0,0.0,0.0,1788.6032075362918,2333.986307332681,0.0,0.0,0.0,0.0,0.0,0.0,0.0,0.0
2011-04-02,1.16105,0.0,0.0,0.0,0.0,0.0,1091.175165613662,0.0,0.0,0.0,0.0,963.62259835776,1870.97993739626,0.0,0.0,0.0,726.9371496147829,0.0,0.0,0.0,0.0
2011-04-09,0.894234,0.0,0.0,0.0,0.0,0.0,0.0,0.0,0.0,0.0,0.0,933.1881844132084,1561.716592715881,0.0,0.0,0.0,0.0,0.0,0.0,0.0,0.0
2011-04-16,1.43939,0.0,0.0,0.0,0.0,0.0,0.0,0.0,0.0,0.0,1171.4088937128108,783.1565747947735,1581.2324512828675,0.0,0.0,0.0,842.973152696329,0.0,0.0,0.0,0.0
2011-04-23,1.05422,0.0,0.0,0.0,0.0,0.0,0.0,0.0,0.0,0.0,0.0,1336.6484513728608,0.0,0.0,0.0,0.0,0.0,0.0,0.0,0.0,0.0
2011-04-30,0.513834,0.0,0.0,0.0,0.0,0.0,0.0,0.0,0.0,0.0,0.0,1426.3480617869193,1143.348293754794,0.0,0.0,0.0,0.0,0.0,0.0,0.0,0.0
2011-05-07,0.421546,0.0,0.0,0.0,0.0,0.0,0.0,0.0,0.0,0.0,0.0,0.0,0.0,0.0,0.0,0.0,0.0,0.0,0.0,0.0,0.0
2011-05-14,0.283286,0.0,0.0,0.0,0.0,0.0,0.0,0.0,0.0,0.0,0.0,0.0,1108.5335377147665,0.0,0.0,0.0,0.0,0.0,0.0,0.0,0.0
2011-05-21,0.395062,0.0,0.0,864.4873960272607,0.0,0.0,0.0,0.0,0.0,0.0,0.0,0.0,1070.7586329790777,0.0,0.0,0.0,0.0,0.0,0.0,0.0,0.0
2011-05-28,0.185071,0.0,0.0,0.0,0.0,0.0,0.0,0.0,0.0,0.0,0.0,1060.9726394037802,1228.6081899658618,0.0,0.0,0.0,0.0,0.0,0.0,0.0,0.0
2011-06-04,0.183374,0.0,0.0,1261.9452815659315,1799.4446953416036,0.0,0.0,0.0,0.0,0.0,0.0,0.0,1455.3916614920547,0.0,0.0,0.0,0.0,0.0,0.0,0.0,0.0
2011-06-11,0.330251,0.0,0.0,0.0,0.0,0.0,0.0,0.0,0.0,0.0,0.0,0.0,0.0,0.0,0.0,0.0,1458.1661590400895,0.0,0.0,0.0,0.0
2011-06-18,0.0875657,0.0,0.0,0.0,0.0,0.0,0.0,0.0,0.0,0.0,0.0,0.0,0.0,0.0,0.0,0.0,0.0,0.0,0.0,0.0,0.0
2011-06-25,0.168067,0.0,0.0,0.0,0.0,0.0,0.0,0.0,0.0,0.0,0.0,0.0,1389.7988255499458,0.0,0.0,0.0,1080.9722799436065,0.0,0.0,0.0,0.0
2011-07-02,0.0656599,0.0,0.0,0.0,0.0,0.0,0.0,0.0,0.0,0.0,0.0,1146.8298592939864,1272.0624275594323,0.0,0.0,0.0,0.0,0.0,0.0,0.0,0.0
2011-07-09,0.123609,0.0,1178.272378972992,0.0,0.0,0.0,0.0,0.0,0.0,0.0,0.0,0.0,1975.4918505322253,0.0,0.0,0.0,0.0,0.0,0.0,0.0,0.0
2011-07-16,0.0517063,0.0,0.0,0.0,0.0,1081.1477787956337,0.0,0.0,0.0,0.0,0.0,0.0,0.0,0.0,0.0,0.0,900.7160047698147,0.0,0.0,0.0,0.0
2011-07-23,0.148478,0.0,0.0,0.0,0.0,0.0,0.0,0.0,0.0,0.0,0.0,1367.3835972325162,1145.2675182029946,0.0,0.0,0.0,0.0,0.0,0.0,0.0,998.3975450060834
2011-07-30,0.264375,0.0,0.0,0.0,0.0,0.0,0.0,0.0,773.9134385156739,0.0,0.0,1166.3014609641082,1102.936877212112,0.0,0.0,0.0,0.0,0.0,0.0,0.0,0.0
2011-08-06,0.0746269,0.0,0.0,0.0,0.0,0.0,0.0,0.0,0.0,0.0,0.0,1091.2992099171192,1062.742838832236,0.0,0.0,0.0,0.0,0.0,0.0,0.0,0.0
2011-08-13,0.134953,0.0,0.0,0.0,0.0,0.0,0.0,0.0,0.0,0.0,0.0,844.2856357459207,0.0,0.0,0.0,0.0,0.0,0.0,0.0,0.0,0.0
2011-08-20,0.369822,0.0,0.0,0.0,0.0,0.0,0.0,0.0,0.0,0.0,0.0,0.0,0.0,0.0,0.0,0.0,0.0,0.0,0.0,0.0,0.0
2011-08-27,0.191083,0.0,0.0,1125.3906170783696,0.0,0.0,0.0,0.0,0.0,0.0,0.0,2367.631872733612,1144.9207790118774,0.0,0.0,0.0,0.0,0.0,0.0,0.0,0.0
2011-09-03,0.31348,0.0,0.0,0.0,0.0,0.0,0.0,0.0,0.0,828.7748397127134,0.0,0.0,925.764795886389,0.0,0.0,0.0,0.0,0.0,0.0,0.0,0.0
2011-09-10,0.932994,0.0,0.0,0.0,0.0,0.0,0.0,0.0,843.699747409881,0.0,0.0,1182.4008746327552,1281.658331351258,0.0,0.0,0.0,0.0,0.0,0.0,0.0,0.0
2011-09-17,3.05206,0.0,0.0,0.0,0.0,0.0,0.0,0.0,963.1891405925992,0.0,0.0,774.77587048975,961.4097733118506,0.0,0.0,0.0,0.0,0.0,0.0,0.0,0.0
2011-09-24,1.09546,0.0,0.0,0.0,0.0,0.0,0.0,0.0,0.0,0.0,0.0,1261.160095347612,1662.888324638666,0.0,0.0,0.0,0.0,0.0,0.0,0.0,0.0
2011-10-01,0.933707,0.0,0.0,0.0,0.0,0.0,0.0,0.0,0.0,0.0,0.0,1308.2549844976586,922.059846324794,0.0,0.0,0.0,861.7510878400093,0.0,0.0,0.0,0.0
2011-10-08,0.592639,0.0,0.0,0.0,0.0,1086.5583655288838,0.0,0.0,0.0,0.0,0.0,0.0,1463.4140543042404,0.0,0.0,0.0,970.0602937764156,0.0,0.0,0.0,0.0
2011-10-15,0.379703,0.0,0.0,0.0,0.0,0.0,860.1295697536542,0.0,0.0,0.0,0.0,1150.6756294343743,777.3679255714728,721.6304201086407,721.6304201086407,0.0,0.0,0.0,0.0,0.0,0.0
2011-10-22,0.284991,0.0,0.0,0.0,0.0,905.86847793149,0.0,0.0,745.0900416435964,0.0,0.0,799.8632600656468,1078.8875396076935,0.0,0.0,0.0,0.0,0.0,0.0,0.0,0.0
2011-10-29,2.12194,0.0,0.0,0.0,0.0,0.0,889.5087116701153,0.0,0.0,0.0,0.0,1347.0061988390194,2196.097906532869,0.0,0.0,0.0,0.0,0.0,0.0,0.0,0.0
2011-11-05,2.50852,0.0,0.0,0.0,0.0,0.0,894.3281254542142,0.0,0.0,0.0,0.0,1349.151758129987,1692.5491042210986,0.0,0.0,0.0,0.0,0.0,0.0,0.0,0.0
2011-11-12,2.52708,0.0,0.0,0.0,0.0,1638.936638165169,0.0,0.0,0.0,701.5097131073846,0.0,0.0,1187.816121460456,0.0,0.0,0.0,0.0,0.0,0.0,0.0,938.9361445585088
2011-11-19,0.331736,0.0,0.0,0.0,0.0,0.0,0.0,0.0,0.0,0.0,0.0,795.6126151414542,1247.5560980924067,0.0,0.0,0.0,0.0,0.0,0.0,0.0,0.0
2011-11-26,0.6413,0.0,0.0,0.0,0.0,0.0,772.4194227931789,0.0,0.0,0.0,0.0,1116.4639470880854,916.31212228524,0.0,0.0,0.0,0.0,0.0,0.0,0.0,0.0
2011-12-03,2.35746,0.0,0.0,0.0,0.0,802.8547248172068,0.0,0.0,0.0,0.0,0.0,1140.6641746191112,1522.9768048353194,0.0,0.0,0.0,708.826248329596,583.854343546679,0.0,0.0,672.2921419862995
2011-12-10,0.749064,0.0,0.0,0.0,0.0,601.1558087543667,0.0,0.0,0.0,0.0,0.0,906.7658448425864,1520.8423016326856,0.0,0.0,0.0,573.1639754877693,0.0,0.0,0.0,0.0
2011-12-17,2.91712,0.0,0.0,0.0,0.0,555.1293764728389,0.0,0.0,0.0,0.0,0.0,1134.6150836369918,1614.882457485853,0.0,0.0,0.0,632.4754840980727,0.0,0.0,0.0,0.0
2011-12-24,2.5609,0.0,0.0,0.0,0.0,733.7143034962183,986.645862757538,0.0,0.0,0.0,0.0,565.1457393624607,854.0502185075858,0.0,0.0,0.0,0.0,0.0,0.0,0.0,580.0540031781882
2011-12-31,4.84754,0.0,0.0,0.0,0.0,811.9695976871118,810.8478644227662,0.0,0.0,0.0,0.0,960.0589958860484,1242.4302604462875,0.0,0.0,0.0,596.8359683373744,0.0,0.0,0.0,1096.7561999455747
2012-01-07,2.38516,0.0,0.0,0.0,0.0,455.8312283944236,978.1292755119738,476.7888124996801,0.0,0.0,518.5178724685758,885.7571493658265,2099.6032945602783,0.0,0.0,521.6124059055463,0.0,0.0,0.0,0.0,663.8797340400428
2012-01-14,2.99539,0.0,0.0,0.0,0.0,814.3176764763663,598.5219979215377,0.0,0.0,0.0,596.1556140456535,1242.901417361811,1718.087657707585,0.0,0.0,0.0,451.98927895317246,0.0,0.0,0.0,0.0
2012-01-21,3.42776,0.0,0.0,0.0,0.0,593.8364383417352,0.0,0.0,0.0,0.0,766.1943558336055,1241.4836118611563,1599.2379301445742,0.0,0.0,0.0,483.5320868793268,0.0,0.0,0.0,0.0
2012-01-28,2.77476,0.0,0.0,0.0,0.0,0.0,0.0,0.0,0.0,0.0,769.0651555938181,1431.3426285133537,2067.239661420393,0.0,0.0,0.0,0.0,0.0,0.0,0.0,0.0
2012-02-04,4.11413,0.0,0.0,0.0,0.0,438.8744729732923,765.0843943425283,0.0,0.0,0.0,1117.0567615827288,1338.8618540322052,1684.8563080694046,0.0,0.0,0.0,685.9904914293915,0.0,0.0,0.0,0.0
2012-02-11,3.47065,0.0,0.0,0.0,0.0,0.0,0.0,0.0,0.0,0.0,1077.0131002461094,1774.95129048173,1694.8038152398867,0.0,0.0,0.0,509.9910912688032,0.0,0.0,0.0,0.0
2012-02-18,3.28767,0.0,0.0,0.0,0.0,0.0,0.0,0.0,0.0,0.0,1398.3662732201317,1071.8415246982022,1510.8039709966276,0.0,0.0,0.0,0.0,0.0,0.0,0.0,0.0
2012-02-25,3.03721,0.0,0.0,0.0,0.0,575.2545795805183,0.0,0.0,0.0,0.0,1018.65772151408,1260.6749829756984,2058.605111235752,0.0,0.0,0.0,0.0,0.0,0.0,0.0,0.0
2012-03-03,4.29316,0.0,0.0,0.0,0.0,813.9284562762964,0.0,0.0,0.0,695.8252118016607,884.8892362519242,2000.11799165666,1063.9717867602376,0.0,0.0,0.0,821.3672223214967,0.0,0.0,0.0,0.0
2012-03-10,3.45146,0.0,741.7236956613605,534.6990354987839,0.0,863.1826457788012,0.0,0.0,0.0,0.0,799.5974644758699,809.2629241445602,1689.139613952985,0.0,0.0,0.0,661.5224142652888,0.0,0.0,0.0,569.5592095863059
2012-03-17,2.75108,0.0,465.47909126959576,0.0,0.0,598.7314608149504,0.0,0.0,0.0,0.0,773.3599266073902,1242.5200992457137,2002.8341615807665,0.0,0.0,0.0,776.3844831107323,0.0,0.0,0.0,648.9509218799301
2012-03-24,2.16561,0.0,0.0,0.0,0.0,0.0,0.0,0.0,0.0,0.0,554.1933421247844,776.3097108750684,1410.1483833819443,0.0,0.0,0.0,0.0,0.0,0.0,0.0,0.0
2012-03-31,2.30399,0.0,0.0,0.0,0.0,0.0,0.0,0.0,0.0,0.0,0.0,779.1145376855532,574.5447905578142,0.0,0.0,0.0,617.1054611086962,0.0,0.0,0.0,0.0
2012-04-07,2.01005,0.0,0.0,0.0,0.0,0.0,0.0,0.0,0.0,0.0,0.0,662.2392033612683,693.29643655864,0.0,0.0,0.0,935.3386263970966,0.0,0.0,0.0,0.0
2012-04-14,1.90753,0.0,0.0,0.0,0.0,835.8023071915222,0.0,0.0,714.206435111921,0.0,0.0,770.4862753497565,1234.7860279739589,0.0,0.0,0.0,1306.09041990915,0.0,0.0,0.0,0.0
2012-04-21,2.04753,0.0,0.0,0.0,0.0,0.0,0.0,0.0,0.0,0.0,0.0,858.4618815699216,1259.1418561312023,0.0,0.0,0.0,0.0,0.0,0.0,0.0,0.0
2012-04-28,1.65508,0.0,0.0,0.0,0.0,0.0,0.0,0.0,0.0,0.0,0.0,1402.990047779704,1830.3806180705587,0.0,0.0,0.0,846.8510253158804,0.0,0.0,0.0,0.0
2012-05-05,3.22203,0.0,0.0,0.0,0.0,0.0,0.0,0.0,0.0,0.0,0.0,0.0,0.0,0.0,0.0,0.0,0.0,0.0,0.0,0.0,0.0
2012-05-12,3.58402,0.0,0.0,0.0,0.0,0.0,0.0,0.0,0.0,0.0,0.0,0.0,985.5852471784428,0.0,0.0,0.0,0.0,0.0,0.0,0.0,0.0
2012-05-19,2.82455,0.0,0.0,0.0,0.0,0.0,0.0,0.0,0.0,0.0,0.0,0.0,848.0092533247088,0.0,0.0,0.0,0.0,0.0,0.0,0.0,0.0
2012-05-26,2.43228,0.0,0.0,0.0,0.0,0.0,0.0,0.0,0.0,0.0,0.0,0.0,1569.3185840718115,0.0,0.0,0.0,0.0,0.0,0.0,0.0,0.0
2012-06-02,0.930233,0.0,0.0,0.0,0.0,0.0,0.0,0.0,0.0,0.0,0.0,1137.5429820678344,0.0,0.0,0.0,0.0,0.0,0.0,0.0,0.0,0.0
2012-06-09,0.15186,0.0,0.0,0.0,0.0,0.0,0.0,0.0,0.0,0.0,0.0,0.0,792.9332763419151,0.0,0.0,915.58460902244,0.0,0.0,0.0,0.0,0.0
2012-06-16,0.435098,0.0,0.0,0.0,0.0,0.0,0.0,0.0,0.0,0.0,0.0,0.0,808.7433782015951,0.0,0.0,0.0,0.0,0.0,0.0,0.0,0.0
2012-06-23,0.235294,0.0,0.0,0.0,0.0,0.0,0.0,0.0,0.0,0.0,0.0,790.0099695001713,0.0,0.0,0.0,0.0,0.0,0.0,0.0,0.0,0.0
2012-06-30,0.224972,0.0,0.0,0.0,1300.8305066528008,0.0,0.0,0.0,0.0,0.0,0.0,0.0,0.0,0.0,0.0,0.0,0.0,0.0,0.0,0.0,0.0
2012-07-07,0.974513,0.0,0.0,0.0,0.0,0.0,0.0,0.0,0.0,0.0,0.0,0.0,0.0,0.0,0.0,0.0,0.0,0.0,0.0,0.0,0.0
2012-07-14,0.293255,0.0,0.0,0.0,0.0,0.0,0.0,0.0,0.0,0.0,0.0,903.9990876221144,1244.6163591180946,0.0,0.0,0.0,0.0,0.0,0.0,0.0,0.0
2012-07-21,0.359454,0.0,0.0,0.0,0.0,0.0,0.0,0.0,0.0,0.0,0.0,0.0,809.5385023125502,0.0,0.0,0.0,0.0,0.0,0.0,0.0,0.0
2012-07-28,0.549073,0.0,0.0,0.0,0.0,0.0,0.0,0.0,0.0,0.0,0.0,0.0,0.0,0.0,0.0,0.0,0.0,0.0,0.0,0.0,0.0
2012-08-04,1.03022,0.0,0.0,0.0,0.0,0.0,0.0,0.0,0.0,0.0,0.0,0.0,845.1368838324836,0.0,0.0,0.0,0.0,0.0,0.0,0.0,0.0
2012-08-11,0.530786,0.0,0.0,0.0,0.0,0.0,0.0,0.0,0.0,0.0,0.0,820.2365102369534,0.0,0.0,0.0,0.0,0.0,0.0,0.0,0.0,0.0
2012-08-18,0.540054,0.0,0.0,0.0,0.0,0.0,0.0,0.0,1191.7310840205137,837.0432374742608,0.0,1016.975150233824,1216.8953587279518,0.0,0.0,0.0,0.0,0.0,0.0,0.0,0.0
2012-08-25,2.25485,0.0,0.0,0.0,0.0,0.0,0.0,0.0,0.0,0.0,0.0,787.9439997788728,2001.6638751990893,0.0,0.0,0.0,0.0,0.0,0.0,0.0,1172.0728180346416
2012-09-01,3.18318,0.0,0.0,0.0,0.0,0.0,0.0,0.0,0.0,0.0,0.0,0.0,1398.446970239194,0.0,0.0,0.0,0.0,0.0,0.0,0.0,0.0
2012-09-08,3.65591,0.0,0.0,0.0,0.0,826.1128354343933,0.0,0.0,0.0,889.1215298046627,0.0,0.0,1533.9013358833051,0.0,0.0,0.0,0.0,0.0,0.0,0.0,0.0
2012-09-15,4.41065,0.0,921.7933189969564,0.0,0.0,0.0,0.0,0.0,0.0,0.0,0.0,1744.367754637064,2611.2282882511017,0.0,0.0,0.0,0.0,0.0,0.0,0.0,0.0
2012-09-22,4.86275,0.0,0.0,0.0,0.0,0.0,803.3720773074846,0.0,0.0,0.0,0.0,798.4132575232758,1871.024000506078,0.0,0.0,0.0,700.2391486120625,0.0,0.0,0.0,0.0
2012-09-29,4.35403,0.0,0.0,0.0,0.0,869.4529077791173,0.0,0.0,0.0,0.0,0.0,1404.5219587381116,662.813976629712,0.0,0.0,0.0,885.4014790802893,0.0,0.0,0.0,0.0
2012-10-06,2.80287,0.0,0.0,0.0,0.0,0.0,0.0,0.0,0.0,0.0,0.0,0.0,1464.454577279275,0.0,0.0,0.0,0.0,0.0,0.0,0.0,0.0
2012-10-13,2.66876,0.0,0.0,0.0,0.0,0.0,0.0,0.0,0.0,865.8883644844472,0.0,1022.6295361856614,1120.5660976245078,0.0,0.0,0.0,0.0,0.0,0.0,0.0,0.0
2012-10-20,2.52572,0.0,0.0,0.0,0.0,938.168333876172,0.0,0.0,0.0,0.0,0.0,1313.4621460192616,1544.7983994096153,0.0,0.0,0.0,1065.823066887038,0.0,0.0,0.0,0.0
2012-10-27,3.18166,0.0,0.0,1386.553617950938,0.0,732.07285441353,0.0,0.0,0.0,0.0,0.0,1366.3553453363654,1495.331634658031,0.0,0.0,0.0,0.0,0.0,0.0,0.0,0.0
2012-11-03,3.04601,0.0,0.0,0.0,0.0,0.0,0.0,0.0,0.0,0.0,0.0,746.365048498371,1472.168154330957,0.0,0.0,0.0,0.0,0.0,0.0,0.0,0.0
2012-11-10,1.92698,0.0,0.0,0.0,0.0,0.0,0.0,0.0,0.0,0.0,684.1573987699801,668.4125025449792,1268.5875954481623,0.0,0.0,0.0,629.4846165681957,0.0,0.0,0.0,0.0
2012-11-17,3.09826,0.0,0.0,0.0,0.0,0.0,0.0,0.0,0.0,0.0,0.0,808.5830528360403,667.4679868145773,0.0,0.0,0.0,0.0,0.0,0.0,0.0,0.0
2012-11-24,2.12982,0.0,0.0,0.0,0.0,757.71099141649,0.0,846.4024128196434,0.0,634.0070348319774,0.0,1443.1658119806252,1676.8209847886187,0.0,0.0,0.0,0.0,0.0,0.0,0.0,0.0
2012-12-01,3.26223,0.0,0.0,0.0,0.0,751.4617198148035,0.0,0.0,0.0,0.0,0.0,842.6328564522502,1495.643959834992,576.0215798456476,576.0215798456476,0.0,0.0,0.0,0.0,0.0,733.9066569725317
2012-12-08,2.2716,0.0,0.0,0.0,0.0,1125.12136580961,928.6613504375972,0.0,0.0,0.0,0.0,1330.9902059189742,1329.6343028516978,0.0,0.0,0.0,0.0,0.0,0.0,0.0,929.8274702625994
2012-12-15,2.82964,0.0,0.0,0.0,0.0,761.7428822428941,653.4962837775875,0.0,0.0,0.0,0.0,1126.8035243088186,999.6012124661602,0.0,0.0,0.0,894.7015838971284,0.0,0.0,0.0,0.0
2012-12-22,6.81524,0.0,795.9440118077921,0.0,0.0,1063.645044120898,693.5953570090355,0.0,0.0,0.0,0.0,1697.1635162739303,1309.354784525265,0.0,0.0,0.0,902.0184270458068,820.5239678806511,0.0,0.0,0.0
2012-12-29,10.1455,1577.402746665586,1415.0806887722918,1644.2465324582097,0.0,1413.5800361284512,2025.075568923991,852.6748748095264,0.0,0.0,752.2361415440059,0.0,2262.919634816514,0.0,0.0,0.0,728.744226513034,0.0,0.0,0.0,1055.2787390801875
2013-01-05,8.65229,1251.0539637262514,992.3230843021098,837.0740009468583,0.0,2020.4119100006392,958.1150303015656,913.3893675625244,0.0,671.8680732814003,0.0,1664.6566645342073,2135.3956846313267,0.0,0.0,0.0,707.2449891990092,0.0,0.0,0.0,0.0
2013-01-12,10.1024,1424.2582549494705,1725.9082577609645,1101.3919308525954,0.0,4009.606896434897,3854.041251237587,1061.8282635406715,704.648565683188,1720.8071340210815,1132.1428007339605,1428.0478167174947,1350.4228989774972,811.1674293703759,811.1674293703759,0.0,1046.879976708316,882.5620321599464,0.0,0.0,0.0
2013-01-19,9.41499,1843.600869149775,2268.903041426637,1417.8088889564829,706.8598116803695,3737.90229488595,3075.652749222872,1002.9064318699964,0.0,1272.8215900256412,1669.2170426833193,911.0795200532856,1913.170954938664,0.0,0.0,0.0,762.6616541187008,603.7522265907144,0.0,0.0,0.0
2013-01-26,9.67664,1130.8874053440943,1342.8274981290908,1230.5183388458106,0.0,1826.18217259196,1801.7384913027893,1037.5433033645472,0.0,1080.987310309544,1379.9192866158987,1061.9049114227223,1921.064981727511,0.0,0.0,0.0,823.6358837033295,0.0,0.0,0.0,654.784204160318
2013-02-02,8.77193,935.096959515789,0.0,0.0,0.0,848.603580888895,1121.5143194015975,0.0,0.0,0.0,1352.9141670202002,1495.4072955743468,1239.7184219579997,569.9621558647807,569.9621558647809,0.0,932.0984911661528,0.0,0.0,0.0,592.6885525426507
2013-02-09,6.27462,0.0,634.7717637948801,772.150806363112,0.0,1294.1441897385253,1418.8952047062487,0.0,0.0,0.0,1623.924177929213,1579.7213735741195,2118.9433827688317,557.7036952170921,557.7036952170922,0.0,957.7748909333458,0.0,0.0,0.0,1314.437762941674
2013-02-16,5.84396,0.0,0.0,0.0,0.0,538.0360519373345,730.4405194485578,0.0,0.0,0.0,1039.0958679968096,1390.6909621403768,1474.8381706477512,0.0,0.0,0.0,1368.7383364657148,0.0,0.0,0.0,0.0
2013-02-23,5.60621,0.0,0.0,0.0,0.0,579.8410965441797,0.0,0.0,0.0,770.6431084857388,1709.224423080134,1813.436877256208,1128.6076646153515,0.0,0.0,764.1084613202311,0.0,0.0,0.0,0.0,753.4423113938104
2013-03-02,4.66401,0.0,0.0,0.0,0.0,558.6161814766069,0.0,0.0,0.0,0.0,1072.9011330032831,720.5129147485893,1697.8702699492758,0.0,0.0,0.0,861.4219010980328,0.0,0.0,0.0,1768.1686283289666
2013-03-09,3.06711,0.0,0.0,1053.404983857041,0.0,573.2648226724921,0.0,707.9269932036265,0.0,0.0,0.0,1339.6005067142971,1494.577862855161,0.0,0.0,0.0,567.79018724748,0.0,0.0,0.0,0.0
2013-03-16,3.87945,0.0,0.0,0.0,0.0,0.0,0.0,0.0,0.0,0.0,0.0,964.1345898051014,924.1177601258072,0.0,0.0,0.0,0.0,0.0,0.0,0.0,0.0
2013-03-23,3.07491,0.0,0.0,663.9654305097786,0.0,0.0,0.0,0.0,0.0,0.0,0.0,0.0,1191.0772095412988,0.0,0.0,0.0,0.0,0.0,0.0,0.0,0.0
2013-03-30,3.34101,0.0,0.0,0.0,0.0,0.0,0.0,0.0,0.0,0.0,0.0,0.0,1052.2732552684993,0.0,0.0,0.0,553.6133419401143,0.0,0.0,0.0,0.0
2013-04-06,2.66117,0.0,0.0,0.0,0.0,798.3964852259464,1102.1723587328086,0.0,0.0,0.0,0.0,687.5816030482717,1928.3812269583573,0.0,0.0,0.0,719.5507741604126,0.0,0.0,0.0,0.0
2013-04-13,2.08668,0.0,0.0,0.0,0.0,654.4068661524852,0.0,0.0,0.0,0.0,0.0,665.7508095542117,920.6529920104604,0.0,0.0,0.0,625.320789359273,0.0,0.0,0.0,0.0
2013-04-20,2.99728,0.0,0.0,0.0,0.0,592.8990632449196,0.0,0.0,0.0,0.0,0.0,796.2805241623545,1398.935016953389,0.0,0.0,0.0,0.0,0.0,0.0,0.0,0.0
2013-04-27,2.43995,0.0,0.0,0.0,0.0,536.7177410083187,0.0,0.0,0.0,0.0,0.0,1021.6717967714468,0.0,0.0,0.0,0.0,0.0,0.0,0.0,0.0,686.3568613544033
2013-05-04,2.36794,0.0,0.0,0.0,0.0,0.0,0.0,0.0,750.231208589629,0.0,0.0,1298.4537029446783,1435.0185641391622,0.0,0.0,0.0,0.0,0.0,0.0,0.0,0.0
2013-05-11,2.20905,0.0,0.0,0.0,0.0,0.0,0.0,0.0,0.0,0.0,0.0,612.3170921505405,1552.4016905665162,0.0,0.0,0.0,961.1721509326452,0.0,0.0,0.0,0.0
2013-05-18,2.32681,0.0,0.0,0.0,0.0,0.0,0.0,0.0,0.0,0.0,0.0,778.2726616941428,814.004480976531,0.0,0.0,0.0,653.8577365530567,0.0,0.0,0.0,0.0
2013-05-25,2.48705,0.0,0.0,0.0,0.0,0.0,0.0,0.0,0.0,0.0,0.0,0.0,1203.3682068231983,0.0,0.0,0.0,0.0,0.0,0.0,0.0,0.0
2013-06-01,2.81955,0.0,0.0,0.0,0.0,0.0,0.0,0.0,0.0,0.0,0.0,0.0,1335.7124389616347,0.0,0.0,0.0,1303.4609989888502,0.0,0.0,0.0,0.0
2013-06-08,0.358423,0.0,0.0,0.0,0.0,0.0,0.0,0.0,0.0,0.0,0.0,0.0,1219.2095137547367,0.0,0.0,0.0,709.7846400551543,0.0,0.0,0.0,0.0
2013-06-15,0.312175,0.0,0.0,0.0,0.0,0.0,0.0,0.0,0.0,0.0,0.0,0.0,655.0918297541169,0.0,0.0,0.0,0.0,0.0,0.0,0.0,0.0
2013-06-22,0.855615,0.0,597.4333926687106,0.0,0.0,0.0,0.0,0.0,0.0,0.0,0.0,702.191637681931,728.6824784020102,0.0,0.0,0.0,0.0,0.0,0.0,0.0,0.0
2013-06-29,0.439078,0.0,0.0,0.0,0.0,0.0,0.0,0.0,0.0,0.0,0.0,1356.3445037764868,911.1463609135086,0.0,0.0,0.0,0.0,0.0,0.0,0.0,0.0
2013-07-06,0.336134,0.0,0.0,0.0,0.0,0.0,0.0,0.0,0.0,0.0,0.0,0.0,1664.946821397505,0.0,0.0,0.0,0.0,0.0,0.0,0.0,0.0
2013-07-13,0.37831,0.0,0.0,0.0,0.0,0.0,0.0,0.0,0.0,0.0,591.7702789138785,0.0,618.4528542278948,0.0,0.0,0.0,0.0,0.0,0.0,0.0,0.0
2013-07-20,0.490196,0.0,0.0,0.0,0.0,0.0,0.0,0.0,0.0,0.0,0.0,0.0,862.9664018386592,639.7199209251565,639.7199209251565,677.0729906605118,614.4367206859399,0.0,0.0,0.0,0.0
2013-07-27,0.900901,0.0,0.0,0.0,0.0,0.0,0.0,0.0,0.0,0.0,0.0,0.0,1394.5400219258047,0.0,0.0,0.0,0.0,0.0,0.0,0.0,0.0
2013-08-03,0.55788,0.0,0.0,0.0,0.0,0.0,0.0,0.0,0.0,0.0,0.0,889.4691858515107,0.0,0.0,0.0,0.0,0.0,0.0,0.0,0.0,0.0
2013-08-10,4.83736,770.1611341786212,0.0,0.0,630.5187570684371,0.0,0.0,0.0,0.0,0.0,0.0,932.0227929428896,703.1484515871105,0.0,0.0,0.0,0.0,655.641404909471,0.0,0.0,0.0
2013-08-17,2.94302,0.0,0.0,0.0,0.0,553.0591814989795,0.0,0.0,0.0,0.0,0.0,0.0,664.6333640968649,0.0,0.0,0.0,778.2803295187373,0.0,0.0,0.0,0.0
2013-08-24,2.9601,0.0,0.0,0.0,0.0,0.0,0.0,0.0,0.0,0.0,0.0,957.0182638428636,1058.3420608529811,0.0,0.0,0.0,0.0,0.0,0.0,0.0,0.0
2013-08-31,0.763359,0.0,0.0,0.0,0.0,0.0,0.0,0.0,0.0,0.0,0.0,995.3197398892096,1075.1341839767726,0.0,0.0,0.0,1118.758132021825,0.0,0.0,0.0,0.0
2013-09-07,3.4678,0.0,0.0,0.0,0.0,0.0,553.5717200376082,0.0,0.0,0.0,0.0,1092.400415065805,730.1707064403168,0.0,0.0,0.0,936.9336827169476,0.0,0.0,0.0,0.0
2013-09-14,4.96134,0.0,0.0,0.0,0.0,0.0,0.0,0.0,0.0,0.0,0.0,869.6368305220105,1182.4384658838455,0.0,0.0,0.0,634.3391244164624,0.0,0.0,0.0,0.0
2013-09-21,3.85941,0.0,0.0,0.0,0.0,0.0,0.0,0.0,0.0,0.0,0.0,931.9320395502048,1548.4565737360167,0.0,0.0,0.0,539.9586857902899,0.0,0.0,0.0,0.0
2013-09-28,4.7043,0.0,0.0,0.0,0.0,0.0,0.0,0.0,0.0,678.6447232719165,0.0,805.5293764109718,1578.6945665746453,0.0,0.0,0.0,0.0,0.0,0.0,0.0,0.0
2013-10-05,0.469484,0.0,0.0,0.0,0.0,787.8633786387384,0.0,0.0,0.0,518.3420658671077,0.0,1259.958167891091,1185.199363482337,0.0,0.0,0.0,0.0,0.0,0.0,0.0,0.0
2013-10-12,0.76,0.0,0.0,0.0,0.0,726.1082671860488,581.4967366767615,0.0,0.0,0.0,0.0,1389.931360169851,1333.8981924094344,0.0,0.0,0.0,0.0,0.0,0.0,0.0,0.0
2013-10-19,0.79698,0.0,0.0,0.0,0.0,0.0,0.0,0.0,0.0,602.7291837595071,0.0,742.0526878870056,973.171245396634,0.0,0.0,0.0,0.0,0.0,0.0,0.0,0.0
2013-10-26,0.947672,0.0,0.0,0.0,0.0,707.1420630820734,0.0,0.0,0.0,700.3388960796925,0.0,1162.923591134644,1192.678534868944,0.0,0.0,0.0,0.0,0.0,0.0,0.0,0.0
2013-11-02,0.472306,0.0,0.0,0.0,0.0,532.160742681113,0.0,0.0,0.0,0.0,0.0,1674.4524093219643,1631.6613195645805,0.0,0.0,0.0,0.0,0.0,0.0,0.0,0.0
2013-11-09,0.690407,0.0,0.0,0.0,0.0,0.0,676.5826568260429,0.0,0.0,0.0,0.0,1160.6779390859697,1677.449890802539,0.0,0.0,0.0,919.7246780665276,0.0,0.0,0.0,0.0
2013-11-16,0.953107,0.0,0.0,0.0,0.0,0.0,0.0,0.0,0.0,531.592026432995,0.0,0.0,1234.017714857442,0.0,0.0,0.0,548.048759270992,0.0,0.0,0.0,0.0
2013-11-23,0.679456,0.0,0.0,0.0,0.0,618.5177055783713,740.562155235589,0.0,0.0,0.0,0.0,1377.5267338066635,1482.1164541215935,0.0,0.0,0.0,767.3458659254079,0.0,0.0,0.0,0.0
2013-11-30,0.900424,0.0,724.2281467244587,0.0,0.0,684.2287794910748,0.0,0.0,0.0,0.0,0.0,1017.7337580796492,1099.6043833287968,0.0,0.0,0.0,1155.7726756838315,0.0,0.0,0.0,0.0
2013-12-07,0.712946,0.0,0.0,0.0,0.0,623.0634222310811,527.9295657279085,0.0,0.0,0.0,0.0,993.4907425373297,923.6978927755736,0.0,0.0,0.0,720.0160157892093,0.0,0.0,0.0,568.4314154812307
2013-12-14,0.899743,0.0,0.0,0.0,0.0,938.2738101878164,608.2354790949948,0.0,0.0,0.0,0.0,1029.9781650255893,1269.4208855367367,0.0,0.0,0.0,0.0,0.0,0.0,0.0,518.675532800474
2013-12-21,1.17925,0.0,0.0,0.0,0.0,688.830983442536,687.3413229572225,0.0,0.0,0.0,718.0399132286251,1423.9792098830994,1657.5405481800317,0.0,0.0,0.0,977.1773106422044,0.0,0.0,0.0,672.6093987747175
2013-12-28,1.56863,1166.255309624534,929.5018261950444,0.0,0.0,1173.9709727658153,1013.270406363888,0.0,0.0,0.0,0.0,1039.3935156196617,924.8855849353912,0.0,0.0,0.0,977.4091871920226,0.0,0.0,0.0,738.0959991055821
2014-01-04,1.87768,605.2815584769436,0.0,706.3099178757121,0.0,1352.8186101563383,1293.5684099702066,0.0,0.0,664.037276285516,1239.000909294855,1430.304129381993,1778.1746593057092,609.582165213732,609.582165213732,0.0,788.2903317319267,0.0,0.0,0.0,627.926160047743
2014-01-11,1.77795,796.1628726723188,698.6614892847609,0.0,0.0,888.0057218699932,936.2865648600812,0.0,0.0,0.0,0.0,1421.5425801397137,2164.5134049539097,0.0,0.0,0.0,664.9186089336827,0.0,1015.3922584292884,1015.3922584292884,803.5023395779949
2014-01-18,1.97794,782.5351100013552,1091.726557128211,0.0,0.0,1161.3569697540404,1165.507039909622,0.0,0.0,0.0,0.0,1702.9937766430785,1811.627747169044,496.5779401721194,496.5779401721194,0.0,0.0,0.0,0.0,0.0,576.2121661157597
2014-01-25,2.49233,541.6630696262039,620.1540444209609,510.9076628277711,0.0,801.6505167346633,1123.8903511288893,0.0,490.9435601877456,0.0,0.0,832.41986498898,1818.6934425737395,0.0,0.0,0.0,805.2566327388597,0.0,0.0,0.0,0.0
2014-02-01,2.04842,0.0,656.8299788162667,0.0,0.0,1048.21077195039,515.6545441001846,0.0,0.0,0.0,642.3423977787644,1552.8407065976487,2783.9219226554524,0.0,0.0,0.0,609.9813646550784,0.0,0.0,0.0,733.2747846021199
2014-02-08,1.99442,0.0,0.0,0.0,0.0,729.806689831091,789.2642160529023,0.0,0.0,0.0,592.0138123539181,1625.6452571198165,2001.2427311443043,0.0,0.0,0.0,0.0,0.0,0.0,0.0,1013.0885731046328
2014-02-15,1.21046,0.0,0.0,0.0,0.0,712.2108212518823,0.0,0.0,496.667024107928,0.0,0.0,1967.1608401244507,2360.945594216576,0.0,0.0,0.0,1111.6405504943516,0.0,0.0,0.0,625.6148965959503
2014-02-22,0.808081,0.0,0.0,0.0,0.0,714.6601497683644,870.0921151843842,0.0,0.0,0.0,598.9192959956812,1627.2112823043706,2191.825229968187,0.0,0.0,0.0,999.2530302714704,0.0,0.0,0.0,0.0
2014-03-01,0.574713,0.0,0.0,0.0,0.0,746.2511094088195,0.0,0.0,0.0,0.0,0.0,1437.3454822928252,1311.5384300929256,0.0,0.0,0.0,1125.0835394952496,0.0,0.0,0.0,625.6925741202847
2014-03-08,0.97269,557.9821837297261,0.0,0.0,0.0,709.4092956922892,0.0,0.0,0.0,603.8820703450526,621.8953534405606,1215.633927951046,1793.7998382125045,0.0,0.0,0.0,748.3771603746428,0.0,634.9114251410309,634.9114251410308,599.2470759831648
2014-03-15,1.09393,0.0,541.6404210470761,0.0,501.0206424901007,686.5076598667094,0.0,0.0,0.0,0.0,0.0,1338.7262297775803,1856.8178816254087,0.0,0.0,0.0,0.0,0.0,0.0,0.0,727.3050615045286
2014-03-22,0.747664,0.0,480.598046863502,0.0,0.0,457.0859778062397,483.0283541640617,0.0,0.0,451.22918943990186,0.0,0.0,1793.9205395871384,0.0,0.0,0.0,594.8053484355955,0.0,0.0,0.0,476.42463007643255
2014-03-29,0.44428,0.0,0.0,0.0,0.0,0.0,0.0,0.0,0.0,0.0,467.0482234747328,0.0,1706.600574483506,0.0,0.0,0.0,0.0,0.0,0.0,0.0,835.7403150275123
2014-04-05,0.652842,0.0,0.0,0.0,0.0,591.6581822026452,0.0,0.0,0.0,0.0,468.5920988850055,952.5582525383468,1467.3923756211834,0.0,0.0,0.0,1095.5203132429642,0.0,0.0,0.0,0.0
2014-04-12,0.678989,0.0,0.0,0.0,0.0,500.9537428715926,0.0,0.0,0.0,0.0,0.0,1427.0980925367448,1380.1186241648747,0.0,0.0,0.0,576.8486852424081,0.0,0.0,0.0,473.2169635031332
2014-04-19,0.510204,0.0,0.0,0.0,0.0,0.0,0.0,0.0,0.0,0.0,614.301866649092,1050.6733824802693,1238.860894546186,0.0,0.0,0.0,631.2235667960671,0.0,0.0,0.0,0.0
2014-04-26,0.405515,0.0,0.0,0.0,0.0,0.0,0.0,0.0,0.0,0.0,0.0,968.8835865553295,1043.276436018419,0.0,0.0,0.0,0.0,0.0,0.0,0.0,471.2644676676122
2014-05-03,0.235849,0.0,0.0,0.0,0.0,474.8814510540592,0.0,0.0,0.0,0.0,0.0,793.4023272629745,802.0551056916339,0.0,0.0,0.0,548.560383286552,0.0,0.0,0.0,0.0
2014-05-10,0.647059,0.0,0.0,0.0,598.9735626020191,0.0,0.0,0.0,0.0,0.0,0.0,843.8482009207479,1058.596919431609,0.0,0.0,0.0,843.4860705278094,0.0,0.0,0.0,548.775548464739
2014-05-17,0.436137,0.0,0.0,0.0,0.0,604.1272752637622,0.0,0.0,0.0,0.0,0.0,666.8811394874165,831.5673218657174,0.0,0.0,0.0,551.6861344866483,0.0,0.0,0.0,0.0
2014-05-24,0.666667,0.0,0.0,0.0,0.0,0.0,0.0,0.0,0.0,0.0,0.0,578.5116482052607,999.5176610733644,0.0,0.0,0.0,684.2291966055117,0.0,0.0,0.0,0.0
2014-05-31,0.564061,0.0,0.0,0.0,0.0,0.0,0.0,0.0,577.4526426185682,0.0,0.0,656.240365834767,606.2755997196733,0.0,0.0,0.0,0.0,0.0,0.0,0.0,638.9556675441141
2014-06-07,1.35135,0.0,0.0,0.0,0.0,0.0,0.0,0.0,0.0,0.0,0.0,0.0,755.3522782520889,0.0,0.0,0.0,0.0,0.0,0.0,0.0,0.0
2014-06-14,0.244898,0.0,0.0,0.0,0.0,0.0,0.0,0.0,0.0,0.0,0.0,1059.9064981915756,1154.8016177908644,0.0,0.0,0.0,617.4718175637879,0.0,0.0,0.0,756.5109957494404
2014-06-21,0.776531,0.0,0.0,0.0,0.0,0.0,0.0,0.0,0.0,0.0,0.0,0.0,1212.768193894372,0.0,0.0,0.0,0.0,0.0,0.0,0.0,0.0
2014-06-28,0.738916,0.0,0.0,0.0,0.0,0.0,0.0,0.0,0.0,0.0,0.0,825.4380207596428,0.0,0.0,0.0,0.0,0.0,0.0,0.0,0.0,0.0
2014-07-05,1.18519,0.0,0.0,0.0,0.0,0.0,0.0,0.0,0.0,806.669286587883,0.0,644.3998087097666,587.966316264036,0.0,0.0,0.0,607.2940905372637,0.0,0.0,0.0,0.0
2014-07-12,0.40201,0.0,0.0,0.0,0.0,0.0,0.0,0.0,0.0,0.0,0.0,0.0,1237.788575215546,0.0,0.0,0.0,0.0,0.0,0.0,0.0,758.3629109831454
2014-07-19,0.740741,0.0,0.0,0.0,0.0,0.0,0.0,0.0,0.0,1193.6029428585575,716.7026086943775,0.0,1168.4426708094534,0.0,0.0,0.0,0.0,0.0,0.0,0.0,0.0
2014-07-26,0.786517,0.0,0.0,0.0,0.0,0.0,0.0,0.0,0.0,0.0,0.0,0.0,758.7778501568041,0.0,0.0,0.0,0.0,0.0,0.0,0.0,0.0
2014-08-02,0.753498,0.0,0.0,0.0,0.0,0.0,0.0,0.0,0.0,0.0,0.0,1066.195369847641,1569.0963517225623,0.0,0.0,0.0,656.5328875224766,0.0,0.0,0.0,0.0
2014-08-09,0.925926,0.0,0.0,0.0,0.0,0.0,0.0,0.0,0.0,0.0,0.0,0.0,1104.109723143933,0.0,0.0,0.0,688.8883826256005,0.0,0.0,0.0,0.0
2014-08-16,0.686695,0.0,0.0,0.0,0.0,0.0,0.0,0.0,0.0,0.0,0.0,697.5963668392784,1335.301035946236,0.0,0.0,0.0,0.0,0.0,0.0,0.0,0.0
2014-08-23,1.21382,0.0,0.0,0.0,0.0,0.0,0.0,0.0,702.5117220046287,0.0,0.0,875.5137596317606,1768.519025475675,0.0,0.0,0.0,628.0026326636641,0.0,0.0,0.0,0.0
2014-08-30,1.0979,0.0,0.0,0.0,0.0,0.0,0.0,0.0,0.0,0.0,0.0,1009.4570657319724,1389.0328453940035,577.8821270485823,577.8821270485823,0.0,1154.6801197403877,0.0,0.0,0.0,0.0
2014-09-06,1.07914,0.0,0.0,0.0,0.0,0.0,0.0,0.0,543.9601770211424,0.0,0.0,1856.435286208521,1749.7754757009666,0.0,0.0,0.0,795.338761356654,0.0,0.0,0.0,0.0
2014-09-13,1.89019,0.0,0.0,0.0,0.0,0.0,0.0,0.0,0.0,0.0,0.0,1425.510655870297,593.23836977452,0.0,0.0,0.0,936.720431949697,0.0,0.0,0.0,0.0
2014-09-20,1.44788,0.0,0.0,0.0,0.0,0.0,0.0,0.0,0.0,0.0,0.0,553.2918965075249,1623.4898613710789,0.0,0.0,0.0,886.3496005409813,581.8014827766814,0.0,0.0,0.0
2014-09-27,1.06075,0.0,0.0,0.0,0.0,0.0,0.0,0.0,0.0,0.0,0.0,963.8964483586574,1727.8703674494705,0.0,0.0,0.0,1001.1684889228934,0.0,0.0,0.0,0.0
2014-10-04,0.630564,0.0,0.0,0.0,0.0,554.3971798025588,0.0,0.0,821.2456874258465,0.0,0.0,1954.6546160418288,1251.5387939346986,0.0,0.0,0.0,613.3070008575576,0.0,0.0,0.0,0.0
2014-10-11,0.741565,0.0,0.0,0.0,0.0,1394.2716195085852,0.0,0.0,0.0,631.228815742534,0.0,1491.081960149314,1702.846570535695,0.0,0.0,0.0,518.2221819221298,0.0,0.0,0.0,0.0
2014-10-18,0.855545,0.0,0.0,0.0,0.0,1403.062910942803,588.0887208993378,0.0,0.0,870.155315480256,0.0,1277.6249350285218,772.4085320391774,0.0,0.0,0.0,1271.040110704586,0.0,0.0,0.0,0.0
2014-10-25,0.530906,0.0,0.0,0.0,0.0,1054.9499025435875,805.9539544573846,0.0,0.0,0.0,0.0,1071.9649866050258,1459.471181564432,0.0,0.0,0.0,553.0145029150924,0.0,0.0,0.0,0.0
2014-11-01,0.420008,0.0,0.0,0.0,0.0,681.8114026941602,0.0,0.0,0.0,623.644702617842,0.0,1929.6129801563552,1616.2711857444135,0.0,0.0,0.0,709.4770395827493,0.0,0.0,0.0,0.0
2014-11-08,0.293871,0.0,0.0,0.0,0.0,870.795480140071,0.0,0.0,0.0,0.0,0.0,869.8926501039564,1971.23941886807,0.0,0.0,0.0,513.9549797359039,0.0,0.0,0.0,0.0
2014-11-15,0.684671,0.0,0.0,0.0,0.0,727.6977308067468,0.0,0.0,0.0,0.0,739.7301544653429,1645.723806208906,1455.9794794436127,0.0,0.0,0.0,722.134684209837,0.0,0.0,0.0,0.0
2014-11-22,0.676397,1033.2736733554989,0.0,0.0,0.0,0.0,0.0,0.0,0.0,0.0,0.0,1879.503880447098,1494.289204080409,0.0,0.0,0.0,731.1160801970295,0.0,0.0,0.0,0.0
2014-11-29,0.872516,0.0,0.0,0.0,0.0,0.0,0.0,0.0,662.3964569782902,0.0,0.0,1357.1202849214349,1733.1150385881306,0.0,0.0,0.0,569.3917495673109,0.0,0.0,0.0,0.0
2014-12-06,1.12994,0.0,0.0,0.0,0.0,0.0,482.5261612461049,0.0,0.0,0.0,651.8076829252506,1297.7935565741511,1615.8678510039588,0.0,0.0,0.0,514.8618602610264,0.0,0.0,0.0,0.0
2014-12-13,1.3936,813.8931185198304,791.0747066686349,1029.460489109906,0.0,749.0776993326194,739.2819920249977,0.0,0.0,0.0,0.0,1348.3091852460225,1501.7657276876903,0.0,0.0,0.0,809.2265221533116,0.0,0.0,0.0,653.306984369439
2014-12-20,2.57791,1283.1182251914242,1123.3092918863774,0.0,0.0,1141.910290660652,733.386009543328,0.0,0.0,0.0,0.0,1355.553871372579,1211.5667626550112,0.0,0.0,0.0,577.2360902312596,0.0,0.0,0.0,0.0
2014-12-27,4.92802,1938.617609326448,1218.0429668509605,635.7453454059298,0.0,1749.6027908637463,1419.4192045954487,0.0,0.0,0.0,914.0455648615584,1385.7050365536122,1740.3464118665422,0.0,0.0,0.0,667.6431590311898,0.0,0.0,0.0,1010.1295808289768
2015-01-03,3.54312,1295.3244842073484,1530.632338639793,742.7517835300296,0.0,2022.3066132360923,2082.456711501045,665.988353559818,782.0076359930928,0.0,664.0723604777746,1107.0522085955174,2082.4280774528893,0.0,0.0,548.4903631965841,971.3888792981692,0.0,0.0,0.0,891.866766453317
2015-01-10,2.82328,1655.041209696344,2079.833315667265,1310.2049292737086,825.5120626556654,2183.2795972823324,1658.7477369216886,0.0,501.79078633385967,849.3293067145371,980.0589097534686,1743.8565598987411,1709.5540575895184,482.16081445441904,482.1608144544191,560.508028192421,1022.114033792898,0.0,0.0,0.0,770.6745779627
2015-01-17,2.54025,1820.4149494276812,2365.325227134823,1993.4189519992085,0.0,1482.9987513698852,1497.4563042567097,0.0,0.0,0.0,534.2456991977621,1127.2424884147922,1483.1039113523293,647.2974861431842,647.2974861431842,0.0,808.2446930278286,0.0,660.9711407083572,660.9711407083572,0.0
2015-01-24,5.80942,2355.0353374165943,2134.3146538506185,1200.3321820632834,1049.5406867633023,1685.3567759551668,1213.8031393146389,0.0,0.0,648.2815621928504,532.4921384138004,1789.517391926725,1946.7719031804545,0.0,0.0,0.0,0.0,0.0,0.0,0.0,514.6997283205279
2015-01-31,4.06442,1772.1584092475655,1909.4094335720445,1355.3628966920603,636.014329490689,1292.9932532605314,1156.736372351915,489.0433553682056,0.0,789.5841686221332,751.3955029610461,1992.2754794896885,2204.792921354924,446.0058040451604,446.0058040451604,626.3206923553989,859.4388522263462,0.0,0.0,0.0,0.0
2015-02-07,2.80483,999.41749773004,896.2192011941515,574.3595540127899,0.0,880.4049262805237,588.7708048190316,0.0,568.7287989515941,0.0,1408.111072236965,2060.109235926634,1047.8101205236756,0.0,0.0,0.0,1091.4558254746355,0.0,0.0,0.0,504.6319665269047
2015-02-14,1.70599,0.0,920.7355963237084,450.84089877886095,0.0,0.0,812.9460797486666,490.0389132371526,0.0,0.0,733.1653944512532,1181.2082708177234,2186.9861144227966,0.0,0.0,0.0,940.366608302139,0.0,0.0,0.0,457.98920177226495
2015-02-21,1.54268,557.7743790442357,689.323340429502,705.1745048253268,0.0,761.8770477502195,0.0,514.7247652240378,0.0,0.0,877.5194999104745,1430.9336111703126,2033.341744770152,0.0,0.0,0.0,614.0431058653498,0.0,0.0,0.0,0.0
2015-02-28,1.48305,0.0,446.2439967757863,441.80284318088366,0.0,704.5039062675505,534.4981168134944,0.0,0.0,0.0,837.6835548569047,1853.1475789745816,1952.9208348145933,0.0,0.0,0.0,1356.948021274762,0.0,0.0,0.0,514.8816302322706
2015-03-07,1.75055,653.1066682258989,579.9952292725974,485.7834485746982,0.0,1013.6966526790444,0.0,472.0746348889655,0.0,0.0,663.1719833487291,1830.83092758297,1863.123072927036,0.0,0.0,0.0,911.7139295253724,0.0,0.0,0.0,0.0
2015-03-14,2.20345,714.7890836312273,592.4004150215505,885.6571042843055,0.0,546.7871151265831,519.3039112004252,1368.1986587838692,928.4758286785232,0.0,1203.1527298835683,1661.9910278708203,1522.4074984297638,0.0,0.0,0.0,988.4008008859458,0.0,0.0,0.0,0.0
2015-03-21,2.3017,845.6583229597009,490.4239035694517,543.2727844631079,562.6120998096649,774.1479445872711,0.0,1016.1776311491452,0.0,0.0,0.0,1801.787978587498,1939.488226344316,0.0,0.0,0.0,503.62569604890894,0.0,0.0,0.0,0.0
2015-03-28,2.39542,833.3907850716499,0.0,524.4003045498719,0.0,0.0,0.0,646.407925094089,0.0,0.0,552.5692840289515,2011.307956362967,2181.731784871597,0.0,0.0,0.0,714.660929497002,0.0,0.0,0.0,0.0
2015-04-04,2.08991,0.0,0.0,0.0,0.0,0.0,591.199066599973,513.0456400199593,0.0,0.0,0.0,1164.4075743953094,1619.9906603618138,0.0,0.0,673.2441465392839,618.2077530713233,0.0,0.0,0.0,668.1291846409433
2015-04-11,1.28593,0.0,0.0,0.0,0.0,469.57058373743536,461.2926171696192,767.3829579798855,0.0,0.0,0.0,1135.4967098196587,1405.1935477423258,0.0,0.0,0.0,741.5318238569736,0.0,0.0,0.0,0.0
2015-04-18,0.962567,0.0,532.8671505823166,0.0,0.0,588.5290582269711,478.163283508485,0.0,0.0,0.0,546.3994139993686,998.503388281568,1890.7593178651173,0.0,0.0,0.0,0.0,0.0,0.0,0.0,0.0
2015-04-25,0.796312,0.0,0.0,0.0,0.0,620.9144326217215,0.0,0.0,0.0,0.0,0.0,1402.1444770751164,1443.3280507384643,0.0,0.0,0.0,701.2922562997314,0.0,0.0,0.0,0.0
2015-05-02,0.679348,0.0,0.0,0.0,0.0,667.7522025502192,0.0,0.0,0.0,0.0,0.0,755.8265860233007,1423.705550963405,0.0,0.0,0.0,0.0,0.0,0.0,0.0,0.0
2015-05-09,0.932744,0.0,0.0,0.0,0.0,515.5684898941905,0.0,0.0,0.0,0.0,0.0,883.3969299374015,779.5348654183337,0.0,0.0,0.0,0.0,0.0,0.0,0.0,0.0
2015-05-16,0.90854,0.0,596.0090260373777,0.0,0.0,0.0,0.0,0.0,0.0,0.0,0.0,866.3029959289978,1436.248882120395,0.0,0.0,0.0,0.0,0.0,0.0,0.0,0.0
2015-05-23,0.614628,0.0,0.0,0.0,0.0,0.0,0.0,0.0,0.0,0.0,0.0,1006.2519374995202,1521.1014241338855,0.0,0.0,0.0,0.0,0.0,0.0,0.0,0.0
2015-05-30,0.630517,0.0,0.0,0.0,0.0,0.0,0.0,0.0,0.0,0.0,0.0,1164.0611375343033,890.3799416821214,0.0,0.0,0.0,0.0,0.0,0.0,0.0,0.0
2015-06-06,0.68408,0.0,0.0,0.0,0.0,0.0,0.0,0.0,0.0,0.0,0.0,679.7728085310632,1870.532198370932,0.0,0.0,0.0,592.8617978553442,0.0,0.0,0.0,0.0
2015-06-13,0.667111,0.0,0.0,0.0,0.0,0.0,0.0,0.0,0.0,0.0,0.0,518.2486482907341,1219.2485596545596,973.6828309109096,973.6828309109098,0.0,0.0,0.0,0.0,0.0,0.0
2015-06-20,0.480513,0.0,0.0,0.0,0.0,0.0,0.0,0.0,0.0,798.6735234037543,0.0,905.7851545385456,913.6207199731653,0.0,0.0,0.0,0.0,0.0,0.0,0.0,0.0
2015-06-27,0.561224,0.0,0.0,0.0,0.0,0.0,0.0,0.0,0.0,0.0,0.0,0.0,1026.3637177349542,0.0,0.0,0.0,523.3521849612221,0.0,0.0,0.0,0.0
2015-07-04,0.373134,0.0,0.0,0.0,0.0,0.0,613.1800564865163,0.0,0.0,0.0,0.0,0.0,926.1305671730764,0.0,0.0,0.0,493.1522360699579,0.0,0.0,0.0,0.0
2015-07-11,0.366838,0.0,0.0,0.0,0.0,0.0,0.0,0.0,0.0,0.0,0.0,0.0,1126.3178210265737,0.0,0.0,0.0,478.719868711532,0.0,0.0,0.0,0.0
2015-07-18,0.933908,0.0,0.0,0.0,0.0,0.0,0.0,0.0,577.8802229583785,0.0,0.0,720.4259826342726,0.0,0.0,0.0,0.0,0.0,0.0,0.0,0.0,0.0
2015-07-25,0.785546,0.0,0.0,0.0,0.0,0.0,0.0,0.0,0.0,0.0,0.0,0.0,1131.9911564225931,0.0,0.0,0.0,0.0,0.0,0.0,0.0,0.0
2015-08-01,0.832702,0.0,0.0,0.0,0.0,0.0,0.0,0.0,0.0,0.0,0.0,623.7912978078602,583.6261451199916,0.0,0.0,0.0,0.0,0.0,0.0,0.0,0.0
2015-08-08,1.01664,0.0,0.0,0.0,462.02627448307766,0.0,0.0,0.0,0.0,0.0,0.0,1148.965034314674,683.5419921996348,0.0,0.0,0.0,0.0,0.0,475.1284098769244,475.1284098769244,0.0
2015-08-15,0.44843,0.0,0.0,0.0,0.0,0.0,0.0,0.0,0.0,0.0,0.0,916.0800036548642,939.4912005273872,0.0,0.0,0.0,643.5804390436442,0.0,0.0,0.0,0.0
2015-08-22,0.783699,0.0,0.0,0.0,0.0,0.0,0.0,0.0,0.0,0.0,0.0,756.6693916312038,989.725273284026,0.0,0.0,0.0,0.0,0.0,0.0,0.0,0.0
2015-08-29,0.609756,0.0,0.0,0.0,0.0,443.5886270995063,0.0,0.0,0.0,0.0,0.0,787.0772992964905,1229.5729742828726,0.0,0.0,0.0,443.3129916000509,0.0,0.0,0.0,0.0
2015-09-05,0.507614,0.0,0.0,0.0,0.0,0.0,0.0,0.0,0.0,0.0,0.0,815.8401997099676,1320.8471576396428,0.0,0.0,0.0,419.4332911568712,0.0,0.0,0.0,0.0
2015-09-12,0.820896,0.0,0.0,0.0,0.0,0.0,0.0,0.0,0.0,0.0,0.0,1431.3238501862754,1248.1449113318236,0.0,0.0,0.0,710.4298801615496,0.0,0.0,0.0,0.0
2015-09-19,0.572519,0.0,0.0,0.0,0.0,0.0,0.0,0.0,0.0,0.0,0.0,1042.9377142748892,1217.5085260107878,0.0,0.0,0.0,503.8860060975608,0.0,0.0,0.0,509.00693466734725
2015-09-26,0.720839,0.0,0.0,0.0,0.0,548.8700912020192,0.0,0.0,0.0,0.0,0.0,810.2012394922749,1238.897786086266,0.0,0.0,0.0,856.4718591123926,0.0,0.0,0.0,0.0
2015-10-03,1.19403,0.0,0.0,0.0,0.0,0.0,832.9266569057604,0.0,0.0,0.0,0.0,1187.1995923496272,1190.9240970349176,0.0,0.0,0.0,950.8096397395872,0.0,0.0,0.0,0.0
2015-10-10,0.428878,0.0,0.0,0.0,0.0,782.0395236205063,0.0,0.0,616.2583683565274,738.8324070404765,0.0,1412.2375671461623,1414.9997704117668,0.0,0.0,0.0,581.4991012450638,0.0,0.0,0.0,456.7690340086617
2015-10-17,0.451722,0.0,0.0,0.0,0.0,0.0,0.0,0.0,0.0,605.7059091361522,0.0,938.3424649704644,1371.4119079943628,0.0,0.0,0.0,1157.0782724917228,0.0,0.0,0.0,565.9884988186669
2015-10-24,0.498287,0.0,0.0,0.0,0.0,1074.7884271161174,563.7017804124242,0.0,0.0,0.0,0.0,1409.045474830838,1915.8454409541805,0.0,0.0,0.0,585.3000412490384,0.0,0.0,0.0,478.8239140436487
2015-10-31,0.331583,0.0,0.0,0.0,0.0,607.1722866464553,879.2681681368134,0.0,0.0,584.7375408131268,0.0,1531.109697399238,1371.5209053014437,0.0,0.0,0.0,835.0848713668995,0.0,0.0,0.0,0.0
2015-11-07,0.489663,0.0,0.0,0.0,0.0,482.0474037845421,0.0,0.0,0.0,465.8498936118421,0.0,892.6424597416064,1490.9834060639337,0.0,0.0,0.0,773.515941821139,0.0,0.0,0.0,488.53913085989166
2015-11-14,0.565771,0.0,0.0,0.0,0.0,0.0,0.0,0.0,0.0,492.5281628251574,0.0,1262.9383420305703,1888.5518683258024,0.0,0.0,0.0,1370.2450347260865,0.0,0.0,0.0,436.129788772996
2015-11-21,0.921788,0.0,0.0,0.0,0.0,618.176815058109,0.0,0.0,0.0,0.0,0.0,1417.687707497705,1375.044778797026,0.0,0.0,0.0,916.204795503512,0.0,0.0,0.0,504.17902667489193
2015-11-28,0.697293,0.0,0.0,0.0,0.0,510.6821454908408,0.0,0.0,0.0,0.0,0.0,1278.3728304521935,926.4794215955548,0.0,0.0,0.0,0.0,0.0,0.0,0.0,0.0
2015-12-05,0.350263,0.0,0.0,0.0,0.0,578.5549371516512,444.1996064405196,0.0,0.0,0.0,0.0,1105.1555875511272,1481.3811986264254,0.0,0.0,0.0,663.728483005195,0.0,0.0,0.0,0.0
2015-12-12,0.833066,0.0,0.0,0.0,0.0,544.0282010045515,0.0,0.0,0.0,420.3342771356921,0.0,1305.937005296029,1247.6959855376747,0.0,0.0,0.0,934.936190712338,0.0,0.0,0.0,721.6177610398977
2015-12-19,0.545455,0.0,0.0,0.0,0.0,0.0,439.9193499630752,0.0,0.0,0.0,602.7812109957981,1067.8599002699027,1352.8678928026131,0.0,0.0,0.0,719.7567370566671,0.0,0.0,0.0,858.259460414163
2015-12-26,0.459982,0.0,0.0,0.0,0.0,0.0,515.9840912496262,0.0,0.0,0.0,0.0,947.7777604525196,1331.4017038990726,0.0,0.0,0.0,0.0,0.0,0.0,0.0,649.3895280613374
2016-01-02,0.421151,0.0,0.0,0.0,0.0,731.7916648568068,603.8646958135731,0.0,0.0,616.9581643382952,572.7362951003539,1176.0358608021188,1729.6383263982827,0.0,0.0,0.0,865.9733773067467,0.0,0.0,0.0,0.0
2016-01-09,0.529412,0.0,0.0,0.0,0.0,407.2146924001746,681.3496572199992,0.0,0.0,704.231648221626,0.0,1821.7491799298205,1440.348185436598,0.0,0.0,0.0,737.6644694281433,0.0,459.377210369095,459.3772103690949,552.2671181073789
2016-01-16,0.527395,0.0,0.0,0.0,0.0,0.0,406.85973188810186,0.0,0.0,0.0,0.0,1576.7935379829269,1424.477486667877,0.0,0.0,0.0,435.22024439773566,0.0,0.0,0.0,422.0459483933213
2016-01-23,0.328554,0.0,0.0,0.0,0.0,460.6082280170843,0.0,0.0,0.0,0.0,0.0,1157.1237243526489,2112.923039622929,0.0,0.0,0.0,429.62965424408384,0.0,0.0,0.0,588.4382024399799
2016-01-30,0.406858,0.0,0.0,0.0,0.0,0.0,0.0,0.0,0.0,0.0,755.4442370647943,1175.9291029213032,1701.0259941503898,0.0,0.0,0.0,0.0,0.0,0.0,0.0,0.0
2016-02-06,0.437158,0.0,0.0,0.0,0.0,0.0,0.0,0.0,0.0,0.0,640.8739495693006,977.9287600217302,1644.262086735824,0.0,0.0,0.0,0.0,0.0,0.0,0.0,0.0
2016-02-13,0.704424,0.0,0.0,0.0,0.0,656.4107047295569,0.0,0.0,0.0,0.0,921.0700615520692,1074.418026239317,1911.24157313741,0.0,0.0,0.0,531.9642598868829,0.0,0.0,0.0,528.1526667240951
2016-02-20,0.699097,0.0,0.0,0.0,0.0,438.41719069712514,0.0,0.0,0.0,0.0,643.6321902251567,1332.427772622146,1805.6976199783528,0.0,0.0,0.0,760.4584071566776,0.0,0.0,0.0,404.35952122730106
2016-02-27,1.00546,441.9467598121143,0.0,0.0,0.0,634.8640283597085,568.6591040426823,0.0,424.3042134475064,0.0,1037.6604624261938,897.1519949431664,2085.2188054578733,0.0,0.0,0.0,698.616789138658,0.0,0.0,0.0,0.0
2016-03-05,1.48835,1013.2989138210288,564.155848293128,0.0,0.0,0.0,591.3743217199332,0.0,0.0,0.0,1519.3403037242365,1249.385759489297,2334.3795143342227,0.0,0.0,0.0,931.331784023432,0.0,0.0,0.0,0.0
2016-03-12,1.60966,907.7633675409428,693.5554772695801,0.0,0.0,482.5684770925285,453.5446609627408,0.0,0.0,0.0,1099.2389309261343,668.3891029884593,1378.6144248531002,0.0,0.0,0.0,727.3723419279354,0.0,0.0,0.0,844.6869200406102
2016-03-19,0.845728,1034.9417964305828,909.0348014577004,0.0,0.0,563.8649821578414,0.0,0.0,0.0,487.6226271669655,684.0373860510417,1124.4175998163414,1673.3129898523748,0.0,0.0,0.0,474.1647676879214,0.0,0.0,0.0,796.5217892784664
2016-03-26,1.05159,639.989989828513,848.9002383524399,0.0,0.0,748.6018123996711,0.0,0.0,0.0,0.0,0.0,917.9356984344836,1668.0397674492217,464.5064325698865,464.5064325698865,0.0,814.649198966413,0.0,0.0,0.0,0.0
2016-04-02,1.08728,489.1713129854167,461.0941666965862,0.0,0.0,1103.8047170124648,448.2207114687944,0.0,0.0,0.0,0.0,837.8506412032633,2316.780855062712,0.0,0.0,0.0,0.0,0.0,0.0,0.0,0.0
2016-04-09,0.730337,407.473257862893,0.0,0.0,0.0,392.33885860299216,0.0,0.0,0.0,528.6580840610835,524.140902455407,1405.7597805893977,2165.327796568765,0.0,0.0,0.0,803.2227919578263,0.0,0.0,0.0,500.2812255169643
2016-04-16,0.472953,0.0,0.0,0.0,0.0,0.0,0.0,0.0,0.0,0.0,0.0,1988.0607114514885,1511.1504463632434,0.0,0.0,0.0,873.7764186551623,0.0,0.0,0.0,0.0
2016-04-23,0.350058,573.0225043252696,0.0,479.2689079373457,0.0,0.0,0.0,0.0,0.0,0.0,0.0,881.3250647284561,1059.9503709423493,0.0,0.0,0.0,653.1716726433049,0.0,0.0,0.0,0.0
2016-04-30,0.597015,0.0,0.0,0.0,0.0,0.0,0.0,0.0,0.0,0.0,0.0,884.4735393052586,1467.7390609557522,0.0,0.0,0.0,463.4872948662783,0.0,0.0,0.0,359.26428249302563
2016-05-07,0.347442,0.0,0.0,0.0,0.0,373.3109572784628,0.0,373.7649742219583,0.0,0.0,0.0,837.19481755482,1311.623585416216,0.0,0.0,0.0,499.9561466675475,0.0,0.0,0.0,0.0
2016-05-14,0.336474,0.0,0.0,0.0,0.0,394.26993325517066,0.0,0.0,0.0,0.0,433.2646816135331,0.0,1796.6958704256997,0.0,0.0,0.0,396.8432282158064,0.0,0.0,0.0,0.0
2016-05-21,0.396825,0.0,0.0,0.0,0.0,0.0,983.0334206781648,0.0,0.0,0.0,0.0,692.9223014784055,1176.4825115516635,0.0,0.0,0.0,439.3573015611488,0.0,0.0,0.0,0.0
2016-05-28,0.236546,0.0,0.0,0.0,0.0,0.0,0.0,0.0,0.0,0.0,0.0,898.9197256158127,1151.4895013262471,0.0,0.0,0.0,0.0,0.0,0.0,0.0,0.0
2016-06-04,0.564175,0.0,0.0,0.0,0.0,0.0,0.0,0.0,0.0,0.0,570.4169307087099,455.3757481949916,854.9557792664978,0.0,0.0,0.0,0.0,0.0,0.0,0.0,0.0
2016-06-11,0.383352,0.0,0.0,0.0,0.0,0.0,0.0,0.0,0.0,0.0,0.0,659.9293535219252,1275.932635125331,0.0,0.0,0.0,655.3631235136573,0.0,0.0,0.0,0.0
2016-06-18,0.265957,0.0,0.0,0.0,0.0,0.0,0.0,0.0,0.0,0.0,0.0,828.7010388696903,1018.7146471222704,0.0,0.0,0.0,0.0,0.0,0.0,0.0,0.0
2016-06-25,0.554401,0.0,0.0,0.0,380.801714502838,0.0,0.0,0.0,0.0,0.0,0.0,968.8030304190864,1379.2449395664923,0.0,0.0,0.0,0.0,0.0,0.0,0.0,0.0
2016-07-02,0.632911,0.0,0.0,0.0,0.0,0.0,0.0,0.0,0.0,593.9158979502845,0.0,552.5817521322903,1022.3307197635604,0.0,0.0,0.0,0.0,0.0,0.0,0.0,0.0
2016-07-09,0.428266,547.6171651747259,0.0,0.0,0.0,0.0,0.0,0.0,0.0,0.0,0.0,873.8284588170352,1696.7912058258073,0.0,0.0,0.0,0.0,0.0,0.0,0.0,0.0
2016-07-16,0.369588,0.0,0.0,0.0,0.0,802.1936292265646,0.0,0.0,0.0,0.0,0.0,787.904627840896,1044.7802521376186,0.0,0.0,0.0,0.0,0.0,0.0,0.0,0.0
2016-07-23,0.146987,0.0,0.0,0.0,0.0,0.0,0.0,0.0,0.0,0.0,0.0,688.3370137957866,739.3384638666629,0.0,0.0,0.0,697.1988852825045,0.0,0.0,0.0,0.0
2016-07-30,0.203046,0.0,0.0,0.0,0.0,0.0,0.0,0.0,0.0,0.0,0.0,651.4041041655104,1103.7443981652104,0.0,0.0,0.0,452.3959774100417,0.0,0.0,0.0,0.0
2016-08-06,0.380771,0.0,0.0,0.0,0.0,0.0,0.0,0.0,0.0,0.0,0.0,499.2089286751607,1045.8447231289008,0.0,0.0,0.0,0.0,0.0,0.0,0.0,0.0
2016-08-13,0.334821,0.0,0.0,0.0,0.0,0.0,0.0,0.0,0.0,0.0,0.0,0.0,1288.6000131834428,453.4180354306077,453.4180354306077,0.0,0.0,0.0,0.0,0.0,0.0
2016-08-20,0.353565,0.0,0.0,0.0,0.0,0.0,0.0,0.0,0.0,0.0,0.0,663.7205454073215,935.0766611141204,0.0,0.0,0.0,463.5619025580991,0.0,0.0,0.0,0.0
2016-08-27,0.316957,0.0,0.0,0.0,0.0,0.0,0.0,0.0,0.0,0.0,0.0,608.1434264702413,1147.988483909348,0.0,0.0,0.0,490.04751974590033,0.0,0.0,0.0,0.0
2016-09-03,0.394477,0.0,0.0,0.0,0.0,422.819038203448,0.0,0.0,0.0,0.0,0.0,555.5534533899256,1547.2195930812788,641.5055691813338,641.505569181334,0.0,531.7530467561137,0.0,0.0,0.0,0.0
2016-09-10,0.378993,0.0,0.0,0.0,0.0,0.0,410.0152827469851,0.0,0.0,0.0,0.0,527.3078467236085,1389.247109593853,0.0,0.0,0.0,559.3489867978351,0.0,0.0,0.0,0.0
2016-09-17,0.381316,0.0,0.0,0.0,0.0,0.0,0.0,0.0,0.0,0.0,368.0056152260476,3008.672511499318,1407.2293141745224,0.0,0.0,0.0,735.7101585801639,0.0,0.0,0.0,0.0
2016-09-24,0.435493,0.0,0.0,0.0,0.0,0.0,0.0,0.0,0.0,543.2820174490383,0.0,1324.598843309035,1798.9713714249674,0.0,0.0,0.0,691.7686042762509,0.0,0.0,0.0,0.0
2016-10-01,0.220386,0.0,0.0,0.0,0.0,505.9376297103455,0.0,0.0,0.0,393.3998659426315,0.0,1250.1683566906313,1385.608356484678,0.0,0.0,0.0,759.093827578981,0.0,0.0,0.0,403.59425029777697
2016-10-08,0.335161,0.0,0.0,0.0,0.0,535.1113240493956,484.3581844465997,0.0,0.0,0.0,0.0,1280.7755958959715,1034.507813285327,0.0,0.0,0.0,477.7280455219738,0.0,0.0,0.0,0.0
2016-10-15,0.253991,0.0,0.0,0.0,0.0,816.0574295256268,0.0,0.0,0.0,0.0,0.0,1452.4102283168372,1490.2521978778525,0.0,0.0,0.0,764.6760354173476,0.0,0.0,0.0,0.0
2016-10-22,0.27907,0.0,564.6212723957294,0.0,0.0,882.9856909057778,0.0,0.0,450.7593533071874,503.4167276528789,0.0,1203.8678182221445,856.4643604129909,0.0,0.0,0.0,480.9756455430416,0.0,431.8791702135754,431.8791702135753,0.0
2016-10-29,0.15758,0.0,0.0,0.0,0.0,611.2134554783604,612.5430036483556,0.0,0.0,941.569784639478,0.0,1302.8240298122614,1230.7903368063128,0.0,0.0,0.0,499.1152334999445,0.0,0.0,0.0,0.0
2016-11-05,0.416295,0.0,0.0,0.0,0.0,489.3008953659335,0.0,0.0,0.0,0.0,0.0,1201.0802612195284,1089.5579515531583,0.0,0.0,0.0,849.4849660380996,0.0,0.0,0.0,0.0
2016-11-12,0.584966,0.0,0.0,0.0,0.0,0.0,0.0,0.0,0.0,0.0,0.0,1449.0193885864062,1422.830701219461,0.0,0.0,0.0,871.3218534280328,0.0,397.6606121905767,397.6606121905767,0.0
2016-11-19,0.409707,0.0,0.0,447.95548929409887,0.0,453.2037038085044,432.6628833556492,0.0,0.0,0.0,446.423003009559,1438.9574666703174,1894.4835933122436,0.0,0.0,0.0,836.2893185150093,0.0,0.0,0.0,466.6944864962252
2016-11-26,0.572246,0.0,0.0,0.0,0.0,599.4208070501396,0.0,0.0,0.0,466.6076414968487,487.532201450124,1024.2351226832072,1446.859672264852,0.0,0.0,0.0,891.0829332193189,0.0,0.0,0.0,0.0
2016-12-03,0.796266,0.0,0.0,0.0,0.0,810.9855313198273,0.0,0.0,502.8027340108522,377.196395977389,379.3054113380129,1673.976420389355,1495.9923113101584,363.0791034542005,363.0791034542005,0.0,725.3970624293702,0.0,0.0,0.0,0.0
2016-12-10,0.466708,0.0,0.0,0.0,0.0,437.4154078882246,0.0,0.0,0.0,0.0,410.6742760422969,1429.6945795022832,1925.983100528132,0.0,0.0,0.0,1140.1758773360405,0.0,0.0,0.0,511.3311733551311
2016-12-17,0.498287,0.0,382.4546513866939,0.0,0.0,738.028083596239,0.0,0.0,0.0,0.0,637.0658050029941,1654.101832352605,1600.148036784634,0.0,0.0,0.0,548.9851602441878,0.0,0.0,0.0,483.44686124967495
2016-12-24,0.942737,0.0,0.0,0.0,0.0,623.3865437472211,461.9740567329754,412.1084270228536,0.0,0.0,393.1998778039398,1671.6094335270654,1607.79833714064,0.0,0.0,0.0,1222.6749602301247,0.0,0.0,0.0,1103.1345797507888
2016-12-31,1.00209,411.5790499687938,429.8082505879876,0.0,0.0,920.2135523020112,817.3902342778955,0.0,0.0,555.862684860875,1136.7661963272817,1407.428489156174,2271.3211692156588,0.0,0.0,455.4892392574464,955.7434060757066,0.0,0.0,0.0,1358.4241517498715
2017-01-07,1.47908,891.8688741526868,837.0846262056722,381.4583165788131,0.0,983.8752269921852,594.2248981601515,0.0,0.0,0.0,1108.780435314735,1847.060685030396,2377.891103062981,533.9893189178722,533.9893189178722,0.0,1451.7272955032845,0.0,0.0,0.0,1383.726513666752
2017-01-14,1.6377,1221.1746280453103,1243.204074887918,676.7969945967159,532.1928769492026,1206.4641099188036,909.6505934570386,0.0,0.0,432.0219459053538,1850.4468418953716,1933.345731875676,1922.2090314696404,0.0,0.0,0.0,1215.1650980217137,431.9034127633289,0.0,0.0,672.0994044942184
2017-01-21,2.86899,1652.6580185062685,1656.2245769709198,877.5578599983112,522.9603971598417,1159.6559074420848,576.5976038336428,0.0,447.1257950494957,0.0,1297.9709741704012,1705.7079808055687,1783.4537469600086,0.0,0.0,0.0,1378.0277204986544,0.0,0.0,0.0,784.1752611237583
2017-01-28,2.60756,1985.4821481046145,2297.022795754101,501.5159554130564,679.8032457227041,1347.4402021258368,907.899086048895,0.0,0.0,463.2294463039038,1318.2698710595432,1779.086740288137,1940.711564655976,0.0,0.0,0.0,600.1848994987814,0.0,0.0,0.0,652.9787406095618
2017-02-04,3.20242,2556.036254898079,2538.3841681505905,1240.2834490075977,744.919604645944,1850.0365188356725,1116.9983932941525,383.7814454595933,0.0,408.7175756843216,1226.0117059238598,1666.7138967632984,2335.2720738068238,438.7632215582618,438.7632215582619,0.0,706.4709691539117,0.0,0.0,0.0,840.5151348115513
2017-02-11,4.17193,3081.3987154788065,2978.102506164585,1462.840991273079,872.5174253581386,1971.8459486254,904.7376292739392,872.9543795466209,355.3700832357685,568.8381115836315,1507.5171001525034,1545.1313883471184,2143.480905711254,0.0,0.0,400.03448380300335,779.514441969105,459.15145786844926,527.163150340937,527.1631503409369,546.6126075846875
2017-02-18,2.29617,2210.427968044118,2149.634969555738,1089.1108680882635,732.0708373246937,1187.2879598978327,602.2056657399676,791.7089486021396,0.0,335.9502596796669,976.9906119530086,1492.106428134938,2255.1690874264623,588.6338384697544,588.6338384697546,0.0,1050.9388779371077,0.0,0.0,0.0,1001.3785085096648
2017-02-25,1.93638,2233.6123319816397,2136.7666627679105,1079.457441387095,630.0695432106512,615.5188025359886,1057.7710591367818,859.8352815396664,0.0,432.0379391223377,964.5175917391524,1240.4638686697126,2263.166885544172,0.0,0.0,0.0,487.30725114147725,0.0,0.0,0.0,468.3944510383323
2017-03-04,1.24297,1005.5895910457876,1197.603812278904,765.6382525502759,0.0,813.1682419265571,448.74391565097625,448.6992386476415,0.0,0.0,779.123440053593,1037.1804227238056,2267.1490769990232,0.0,0.0,0.0,888.9411890220039,0.0,0.0,0.0,414.2843038755958
2017-03-11,1.54799,1141.4467691216146,966.3565859765644,574.7861833754966,488.9683986351938,654.2355647592344,408.0226349274122,652.5514822376765,0.0,0.0,712.663437856818,720.9283198782969,1621.965947261959,0.0,0.0,0.0,817.514026165781,0.0,0.0,0.0,705.7107501371199
2017-03-18,1.98883,629.1971896190944,635.2117440323922,362.69566177753,0.0,604.0725986946095,419.2185795219954,425.93262966580704,356.85601749762293,0.0,557.2234294528319,735.6320816526288,2427.05923464582,0.0,0.0,0.0,474.7067906400712,0.0,0.0,0.0,511.5295703292976
2017-03-25,1.35802,633.0445805372583,542.1590541737074,0.0,0.0,550.6848355586702,0.0,526.9135349495476,0.0,0.0,599.7304063965529,1341.8454980891793,1551.81550323027,0.0,0.0,0.0,961.5848167096152,0.0,0.0,0.0,0.0
2017-04-01,0.888585,547.6801182644072,547.8411720393248,388.5839991153453,0.0,351.0241928370771,0.0,732.2364682577083,0.0,0.0,0.0,1064.9841885328026,1821.8137416290097,0.0,0.0,0.0,545.9523660184234,0.0,0.0,0.0,0.0
2017-04-08,0.887282,367.8416291906058,0.0,0.0,0.0,628.9110121189675,389.2180727984416,1198.8510080227522,0.0,0.0,0.0,1309.21198716215,2009.143957256639,0.0,0.0,0.0,881.6078550122122,0.0,0.0,0.0,0.0
2017-04-15,0.635425,0.0,0.0,0.0,0.0,653.5016525595903,0.0,0.0,0.0,0.0,0.0,830.457894838243,1180.7134718383622,0.0,0.0,0.0,538.864456317286,0.0,0.0,0.0,0.0
2017-04-22,0.258207,386.7746348942421,0.0,0.0,0.0,0.0,371.4035810020334,374.556343776474,0.0,0.0,0.0,992.0462926350682,1142.7294804080443,0.0,0.0,0.0,789.6290055722815,0.0,0.0,0.0,0.0
2017-04-29,0.348888,0.0,0.0,0.0,0.0,0.0,0.0,0.0,0.0,0.0,0.0,1054.7118070335562,1640.6314602391135,0.0,0.0,0.0,724.7045831253974,0.0,358.2792364341856,358.2792364341856,0.0
2017-05-06,0.266548,0.0,0.0,0.0,0.0,417.71577088943405,337.48125301032843,0.0,0.0,0.0,499.29018097407936,866.8525381487316,1418.0315862322605,0.0,0.0,0.0,793.9675830945566,0.0,0.0,0.0,0.0
2017-05-13,0.261666,0.0,0.0,0.0,0.0,0.0,0.0,0.0,0.0,0.0,0.0,1040.860936412998,1425.9958500603009,0.0,0.0,0.0,422.69035423054993,0.0,0.0,0.0,0.0
2017-05-20,0.449583,0.0,0.0,0.0,0.0,0.0,0.0,0.0,0.0,0.0,0.0,819.9796787161625,1205.2164153192643,0.0,0.0,0.0,555.9803819597491,483.3768678482122,0.0,0.0,387.61685790385
2017-05-27,0.0643915,0.0,0.0,0.0,0.0,0.0,419.12825994498377,0.0,0.0,0.0,0.0,873.8931596597047,1065.526634437683,0.0,0.0,0.0,551.1150726876522,0.0,0.0,0.0,0.0
2017-06-03,0.192123,0.0,0.0,0.0,0.0,0.0,0.0,0.0,0.0,454.8913403464969,0.0,772.413638571189,1741.705195133536,0.0,0.0,0.0,0.0,0.0,0.0,0.0,0.0
2017-06-10,0.351906,0.0,0.0,0.0,0.0,0.0,0.0,0.0,0.0,0.0,0.0,975.0984811397684,1532.8101771005252,0.0,0.0,0.0,0.0,0.0,0.0,0.0,370.2997527850973
2017-06-17,0.369231,0.0,0.0,0.0,484.1297584257148,0.0,0.0,0.0,0.0,0.0,0.0,405.3781776206044,668.6736854591061,0.0,0.0,0.0,373.9201077763887,0.0,0.0,0.0,0.0
2017-06-24,0.236827,0.0,0.0,0.0,0.0,0.0,0.0,0.0,0.0,0.0,0.0,682.8810831973209,871.6515179728167,0.0,0.0,0.0,425.3315759617673,0.0,0.0,0.0,399.7152660645318
2017-07-01,0.416667,0.0,0.0,0.0,0.0,0.0,0.0,0.0,0.0,0.0,0.0,653.5604493978884,1143.8939232073626,0.0,0.0,0.0,0.0,0.0,0.0,0.0,0.0
2017-07-08,0.170503,0.0,693.2827333287084,0.0,0.0,0.0,0.0,0.0,0.0,0.0,427.783615286948,429.3166631167444,398.7981186259543,0.0,0.0,0.0,388.838953508537,0.0,0.0,0.0,0.0
2017-07-15,0.191083,0.0,0.0,0.0,0.0,0.0,0.0,0.0,0.0,0.0,0.0,695.2858323762744,1376.268050043207,0.0,0.0,0.0,0.0,0.0,0.0,0.0,0.0
2017-07-22,0.232423,0.0,0.0,0.0,0.0,0.0,0.0,0.0,0.0,0.0,0.0,449.23227114108727,961.256228811982,0.0,0.0,0.0,421.087035942336,0.0,0.0,0.0,442.1801084478952
2017-07-29,0.0,0.0,0.0,0.0,0.0,0.0,0.0,0.0,0.0,0.0,0.0,592.6012905526042,1289.527238441302,0.0,0.0,0.0,0.0,0.0,0.0,0.0,0.0
2017-08-05,0.910643,0.0,0.0,0.0,0.0,0.0,0.0,0.0,0.0,0.0,0.0,509.09062826605367,1411.4872157816435,0.0,0.0,0.0,0.0,0.0,0.0,0.0,0.0
2017-08-12,0.524781,0.0,0.0,0.0,0.0,0.0,0.0,0.0,361.2065470519181,0.0,0.0,520.6525055372188,1065.157568902374,0.0,0.0,0.0,373.3550447025807,0.0,0.0,0.0,0.0
2017-08-19,0.198939,533.5919910717198,0.0,0.0,0.0,0.0,0.0,0.0,0.0,0.0,0.0,563.8843708974177,1258.0645958011562,0.0,0.0,0.0,0.0,0.0,0.0,0.0,0.0
2017-08-26,0.972447,0.0,0.0,0.0,0.0,0.0,0.0,0.0,0.0,0.0,0.0,915.683101714135,1204.1414431482062,0.0,0.0,0.0,492.6238079054384,0.0,0.0,0.0,0.0
2017-09-02,0.674663,0.0,0.0,0.0,0.0,426.6782002985057,0.0,0.0,0.0,0.0,0.0,832.8491769619902,1886.6475295449968,0.0,0.0,572.8520779069769,341.68783019476234,0.0,0.0,0.0,0.0
2017-09-09,1.2966,363.942159188908,0.0,0.0,0.0,458.6597982035393,0.0,0.0,0.0,0.0,0.0,994.1744350556684,1699.5285226292187,0.0,0.0,0.0,0.0,0.0,0.0,0.0,0.0
2017-09-16,0.423131,0.0,0.0,0.0,0.0,469.99126660969046,0.0,0.0,0.0,0.0,0.0,956.9062108341852,1583.4818876763493,0.0,0.0,0.0,454.97944584999766,0.0,0.0,0.0,0.0
2017-09-23,0.928074,0.0,0.0,0.0,0.0,474.5255332873915,0.0,0.0,0.0,0.0,0.0,1032.0568707538998,1059.0949234507798,0.0,0.0,0.0,791.0069167703737,0.0,0.0,0.0,0.0
2017-09-30,0.705219,0.0,0.0,0.0,0.0,794.6243590748834,0.0,0.0,0.0,0.0,412.43639710341546,998.58418384786,1160.4319185732802,0.0,0.0,0.0,525.4627032192948,0.0,0.0,0.0,527.5637777939146
2017-10-07,1.28434,0.0,0.0,0.0,0.0,512.8787317083984,424.36507729223416,0.0,0.0,616.6602764363411,0.0,1080.3950359215064,1678.8793371450768,0.0,0.0,489.0614055664462,383.1775809947816,0.0,0.0,0.0,449.057600616662
2017-10-14,1.32443,0.0,0.0,0.0,0.0,484.8919043478007,0.0,0.0,0.0,426.89033344212186,0.0,971.7726776402376,1437.5960660737542,0.0,0.0,0.0,485.4687420748355,0.0,0.0,0.0,426.7651839097469
2017-10-21,1.82091,0.0,0.0,0.0,0.0,785.7412314236814,365.4062603587263,0.0,0.0,485.7556586820164,0.0,1086.91238543009,1366.7379920958035,0.0,0.0,0.0,516.7245161031725,0.0,0.0,0.0,0.0
2017-10-28,1.89781,0.0,0.0,0.0,0.0,477.2849889261602,0.0,0.0,0.0,564.5461124991766,0.0,1755.399830312851,1746.110437075849,368.0573319427728,368.0573319427728,0.0,906.4110878903218,0.0,0.0,0.0,0.0
2017-11-04,2.09036,0.0,0.0,0.0,0.0,808.5674119737758,920.4444602883044,0.0,0.0,0.0,0.0,1197.0006852365009,1708.8011616431731,0.0,0.0,0.0,440.6144135146161,0.0,0.0,0.0,358.7581970381069
2017-11-11,2.57595,322.3378600930461,0.0,0.0,0.0,730.8930294816865,459.93808841413227,0.0,335.9111601799656,446.454367565283,0.0,1150.8273709597267,1665.2741839839891,330.1592614857706,330.1592614857706,700.3541879234656,502.0306888277907,0.0,0.0,0.0,417.9693337190844
2017-11-18,2.63039,0.0,0.0,0.0,0.0,781.0522052314823,568.0847455284178,0.0,371.218919267349,0.0,0.0,1579.501246684036,1755.1269859312597,0.0,0.0,0.0,573.8154029869856,0.0,0.0,0.0,413.4888407181064
2017-11-25,3.22741,368.60576484974064,340.9394969974929,0.0,0.0,749.8105716081823,381.1513930138891,0.0,0.0,440.767358464832,0.0,922.1003755764128,1482.5427145898789,348.12516602940656,348.12516602940656,0.0,1003.2286233211566,0.0,0.0,0.0,524.1126563118364
2017-12-02,2.3439,0.0,381.9491669148639,0.0,0.0,903.3472618271754,0.0,0.0,0.0,488.8198188993241,662.1645301482138,1248.059581693064,1829.8653886771808,0.0,0.0,0.0,610.0893419530674,0.0,0.0,0.0,588.3716476413571
2017-12-09,2.43848,309.4438573121179,327.9209858267555,0.0,0.0,1035.7517902126092,430.1346924012878,0.0,0.0,477.17184879464605,0.0,1367.9913106337408,1583.121903967695,400.52521371102097,400.52521371102097,0.0,593.5209810276282,0.0,0.0,0.0,503.3475592807095
2017-12-16,3.29828,521.6128815934602,684.1787541981179,476.2862399537618,0.0,999.435427106474,491.0714668409681,0.0,358.9748262515712,754.7786143779311,389.3617703006005,1815.934815508932,2038.5521076921236,0.0,0.0,0.0,503.91831827190936,0.0,0.0,0.0,633.9765408911389
2017-12-23,3.94094,1138.8483822671294,1162.0569059029583,398.0160066893973,354.2874680116776,955.5547767401936,515.7697667256293,0.0,0.0,0.0,667.0632097240921,1898.7176247982688,1950.6800049430688,424.6592418263732,424.6592418263732,337.5657303692016,727.3340863918189,0.0,0.0,0.0,978.9021997143892
2017-12-30,5.50255,1801.937577955664,1641.7483386986569,1214.4011340119853,836.0947681337208,1407.0327177908214,832.615809362409,418.6264233110823,412.15423924310994,540.2682980585914,819.5529476470787,2057.900813918603,1924.949007452584,393.0208497207335,393.0208497207336,0.0,734.914763786397,0.0,0.0,0.0,1353.396826168382
2018-01-06,5.12564,1707.9809194556483,1542.9789306982084,1132.3359867460113,658.8912834551352,1646.356346629172,1197.4952411601432,0.0,537.7627992128208,660.1229965703541,742.7541059385842,1911.0407219098413,2277.216781195748,583.3669793093773,583.3669793093771,0.0,931.7189401163716,0.0,0.0,0.0,611.3505115678324
2018-01-13,3.41618,2590.316917402597,2781.412898204677,1446.913820375023,808.2485874811819,2831.9232353022403,2243.5591301356694,1050.1955791223031,523.1045464158876,913.0214991475702,1028.1599242240106,1630.7321325131768,1785.6214003657913,620.0019363208762,620.0019363208763,521.5256556406796,966.352201231055,322.33143637896404,0.0,0.0,675.9021149444725
2018-01-20,4.36793,2301.285905566529,2431.022701332608,1433.3176734343033,679.9499706333161,3339.4679225420773,3055.365768201936,1256.2395407100948,467.1097838635318,1002.3052557588704,1340.305640562619,1607.577386939832,1782.2438180615816,586.9932491034966,586.9932491034967,695.4946299328718,1003.3443957113332,0.0,420.1013818089973,420.1013818089973,741.7059694693642
2018-01-27,6.91905,2587.240332267923,2660.410189520003,1932.322404308952,586.2824098455623,4296.385726877545,3390.653158108005,1091.5823308465474,978.4002416648992,1259.7187971008132,1382.7118651135413,2611.892485617955,2250.7626075505555,710.7393796813961,710.739379681396,477.30837327965634,912.3300081014625,558.363957883516,410.014610712023,410.0146107120229,364.5118389719013
2018-02-03,6.75453,3315.313193630906,3219.9288816142293,2830.3561162369306,935.726191380951,4714.645686498413,4246.462725462512,2229.549003503543,515.625942817535,1380.3696547143863,1422.494984412739,1366.8088486021625,2049.555003857355,863.0136116848372,863.0136116848372,864.6138925547089,807.042191219449,509.84218488645325,352.0197339171273,352.0197339171273,518.6170645433816
2018-02-10,8.88634,3014.274821344756,2914.4146409379914,2196.1048218704304,903.5776743136852,4238.821331423264,3840.231701543463,2050.950417107816,743.2746370841165,1300.396360997757,1482.405696655676,2056.5599172325324,2482.838918211536,727.9667133973961,727.966713397396,769.5520799651707,1010.3983981590084,568.9173114800838,0.0,0.0,796.5386321080886
2018-02-17,7.37729,2666.6457827814875,2892.685505213327,1435.8899553933345,342.4085882016748,3775.779154582392,2852.97976445636,1759.6468384603909,450.2993008448186,1428.272132478959,2063.98847849985,1728.8841051586664,1909.411783142078,850.1992324418355,850.1992324418355,798.5084350560691,824.4061500283988,539.6862696438935,316.26946195509976,316.26946195509976,882.840765162813
2018-02-24,6.49497,2163.1717304728604,1978.142194135296,1498.0872527322967,614.9519863926428,2852.241229793719,1793.928792288412,2252.3105725569458,363.90196807493584,868.389566320431,667.0179857582903,2027.398018785429,1679.9701180635195,369.3217423002055,369.3217423002055,361.1264366053393,1240.8201614798716,0.0,0.0,0.0,477.5833656363978
2018-03-03,5.66446,1631.4058512594572,1905.016801053183,1244.3705500245226,691.7115413137914,1835.852918280895,1319.734092680359,1494.6273949406088,490.6968827129402,519.6122146681995,963.4598472279254,1995.582939915137,2401.717032499657,324.8573850581272,324.85738505812714,376.449473005172,942.3402889174944,0.0,0.0,0.0,348.3970811149067
2018-03-10,5.87974,923.490016125676,1107.340819269309,384.7553867458844,468.7071051069349,1151.2271422836875,782.0556611618148,1589.4177259377532,323.2947349941954,321.16482831553435,766.0323525509261,1413.680718219688,1821.8588949526616,0.0,0.0,496.0927214645672,650.9531867281219,0.0,0.0,0.0,678.702134227713
2018-03-17,4.80683,827.6219254221083,810.4952726726272,0.0,0.0,777.8676741898511,932.7501696445444,805.1111598936008,0.0,0.0,934.4763056696456,924.3932632707764,1973.7883364895088,0.0,0.0,0.0,743.2065451781065,0.0,376.5608490854638,376.5608490854639,477.4821206086076
2018-03-24,3.52334,467.141930846625,461.1884028630536,361.18770735758255,0.0,856.0206714623753,354.3302691833144,638.5167338196959,0.0,444.0679609808586,0.0,1241.4406751588804,1771.920551654615,0.0,0.0,0.0,881.0831538136403,0.0,0.0,0.0,431.73616083620885
2018-03-31,3.44186,459.2537850647908,392.8924474611322,0.0,0.0,558.2932579733138,320.6040926806326,372.6873293197304,0.0,0.0,482.7120744878041,838.6003433907016,1789.066141782901,0.0,0.0,0.0,564.4374330083493,0.0,356.9335697318291,356.9335697318292,382.6007077588823
2018-04-07,3.11688,423.2071950051116,466.4340353844089,344.2355911470931,0.0,456.8724421365236,562.1935982800047,559.5306617795017,0.0,0.0,0.0,941.3326541288428,1841.3408245811663,435.25411330760096,435.25411330760096,0.0,410.8030655348292,0.0,0.0,0.0,515.97736680745
2018-04-14,2.17447,634.5354321187582,0.0,511.3302566508256,0.0,847.6688484770694,714.6292288804198,440.770840077356,0.0,350.368583988,0.0,1246.154840439261,2032.6798980680755,0.0,0.0,0.0,543.2326304939037,0.0,0.0,0.0,446.01982821136033
2018-04-21,1.81505,0.0,0.0,0.0,0.0,401.7355972341224,0.0,0.0,0.0,0.0,397.4800711704838,1272.775699892596,2100.272840465075,0.0,0.0,0.0,481.0071605881682,0.0,0.0,0.0,314.9536793829676
2018-04-28,2.19037,0.0,0.0,0.0,0.0,0.0,482.5965882414366,0.0,0.0,0.0,0.0,509.4367123302225,1521.9711811963798,0.0,0.0,0.0,547.1636145925166,0.0,0.0,0.0,434.1041891878802
2018-05-05,1.4425,0.0,0.0,0.0,0.0,433.6443789902869,609.4233624202011,0.0,0.0,0.0,0.0,1065.789775284651,1282.4479899609346,0.0,0.0,0.0,0.0,0.0,0.0,0.0,0.0
2018-05-12,1.23775,0.0,0.0,0.0,0.0,0.0,0.0,0.0,0.0,0.0,448.9961747568668,1045.0419433829272,1074.2484208409262,0.0,0.0,0.0,719.3749802295839,0.0,0.0,0.0,342.1063721098004
2018-05-19,1.22853,0.0,0.0,0.0,0.0,0.0,0.0,0.0,0.0,0.0,0.0,709.1073195606988,1380.8455093286764,0.0,0.0,0.0,375.42736530312095,0.0,0.0,0.0,0.0
2018-05-26,1.88078,0.0,0.0,0.0,0.0,0.0,0.0,0.0,0.0,0.0,0.0,770.683381558449,903.1200270468352,0.0,0.0,0.0,599.5686291059088,0.0,0.0,0.0,0.0
2018-06-02,1.87467,0.0,0.0,0.0,0.0,0.0,0.0,0.0,0.0,0.0,0.0,695.2917102768594,1104.3374969513095,0.0,0.0,0.0,0.0,0.0,0.0,0.0,0.0
2018-06-09,1.26456,0.0,0.0,0.0,0.0,0.0,436.9713644176665,0.0,0.0,0.0,0.0,790.7832526418484,1460.401913156085,0.0,0.0,0.0,556.0076275369244,0.0,0.0,0.0,0.0
2018-06-16,1.10222,0.0,0.0,0.0,0.0,0.0,0.0,0.0,0.0,0.0,0.0,423.10017683880073,1522.2688309306452,0.0,0.0,0.0,434.264358650912,0.0,0.0,0.0,0.0
2018-06-23,0.307587,0.0,0.0,0.0,0.0,0.0,0.0,0.0,0.0,0.0,0.0,589.1779134645527,882.078504343424,396.81140705516,396.8114070551599,0.0,0.0,0.0,0.0,0.0,0.0
2018-06-30,0.358365,0.0,0.0,0.0,0.0,0.0,0.0,0.0,0.0,0.0,0.0,422.5413388432269,1336.0787662871562,0.0,0.0,0.0,0.0,384.3586820012151,0.0,0.0,0.0
2018-07-07,1.37981,0.0,0.0,0.0,0.0,0.0,0.0,376.4710780257603,0.0,0.0,377.0480308703882,709.1988486371938,576.4551540379061,0.0,0.0,0.0,0.0,0.0,0.0,0.0,365.3024190969729
2018-07-14,1.00085,0.0,0.0,0.0,0.0,0.0,0.0,0.0,0.0,0.0,0.0,1046.932310869591,1087.2226908478708,0.0,0.0,0.0,423.81005032223686,0.0,0.0,0.0,0.0
2018-07-21,0.985687,0.0,0.0,0.0,0.0,0.0,0.0,0.0,0.0,0.0,0.0,667.4254609837426,905.8679091617628,0.0,0.0,0.0,544.9204130263121,0.0,0.0,0.0,0.0
2018-07-28,0.573643,0.0,0.0,0.0,0.0,0.0,0.0,0.0,0.0,0.0,0.0,382.41726272897233,1417.1941790076355,0.0,0.0,0.0,391.2254210831269,0.0,0.0,0.0,0.0
2018-08-04,0.544239,0.0,0.0,0.0,0.0,0.0,0.0,0.0,0.0,0.0,0.0,877.5753233114197,1483.002562706058,0.0,0.0,0.0,405.1995538815864,0.0,0.0,0.0,389.4994446102016
2018-08-11,1.21916,0.0,0.0,0.0,0.0,0.0,0.0,0.0,0.0,0.0,0.0,506.3233742180185,1157.1015460267397,0.0,0.0,0.0,0.0,0.0,0.0,0.0,0.0
2018-08-18,1.09091,0.0,0.0,0.0,0.0,0.0,0.0,0.0,0.0,0.0,0.0,852.6658950134645,1235.5800512295116,0.0,0.0,0.0,345.8260749340751,0.0,0.0,0.0,0.0
2018-08-25,2.13704,0.0,0.0,0.0,0.0,436.1734697705554,0.0,0.0,0.0,0.0,0.0,1014.078028292702,956.5453621884882,0.0,0.0,0.0,0.0,0.0,0.0,0.0,0.0
2018-09-01,2.13551,0.0,0.0,0.0,0.0,0.0,0.0,0.0,0.0,0.0,0.0,689.402794062222,1560.9520783268606,0.0,0.0,0.0,759.2607364226407,0.0,0.0,0.0,0.0
2018-09-08,2.27183,0.0,0.0,0.0,0.0,0.0,398.4349287477978,0.0,400.46826246619696,0.0,0.0,1051.42890386656,1516.521287041045,0.0,0.0,0.0,462.0984209795221,0.0,0.0,0.0,308.54792679517635
2018-09-15,1.65388,0.0,0.0,0.0,0.0,712.6381401743329,0.0,0.0,0.0,517.8720780573964,0.0,1014.2593457961268,1898.7745410353973,0.0,0.0,0.0,714.1022473702019,0.0,0.0,0.0,358.34380660148554
2018-09-22,1.24807,0.0,0.0,0.0,0.0,579.9905141634758,0.0,0.0,0.0,571.3448194326593,0.0,1141.5890282255918,1262.7916778787726,0.0,0.0,0.0,709.7205947943199,0.0,0.0,0.0,0.0
2018-09-29,1.45166,0.0,0.0,0.0,0.0,722.5967617161463,0.0,0.0,0.0,494.8145722999838,432.6981501128829,1280.4083609561462,1393.1779369768735,0.0,0.0,0.0,424.5827695071097,0.0,0.0,0.0,0.0
2018-10-06,1.94323,0.0,354.081226249097,0.0,0.0,1057.2352159032037,0.0,0.0,0.0,859.5890423971916,0.0,1041.6907259762268,1609.6051877976197,0.0,0.0,0.0,895.9886054495439,0.0,0.0,0.0,0.0
2018-10-13,2.73047,0.0,0.0,0.0,0.0,810.7066340184589,443.9602847834669,0.0,0.0,794.351524143987,307.20589821210484,1347.3970619086938,1191.6570553065785,0.0,0.0,0.0,510.4668662542421,500.0464399832216,0.0,0.0,460.3039167893873
2018-10-20,1.52995,0.0,0.0,0.0,0.0,1062.6807517010438,559.1899744619834,0.0,0.0,716.8727206026698,0.0,2117.130115919429,1540.4809107714902,404.2122481193461,404.2122481193461,0.0,693.8087282773358,0.0,0.0,0.0,519.3662797668546
2018-10-27,2.06318,0.0,0.0,0.0,0.0,1151.3479921228493,758.8958575469554,0.0,445.6304744045944,648.106130539124,375.3596897515815,1366.160361852175,1671.2727285737928,0.0,0.0,0.0,801.2737659309109,0.0,0.0,0.0,392.2653519495844
2018-11-03,2.22141,0.0,367.1307167047305,0.0,0.0,949.3903991471204,688.1728451379226,0.0,343.22850526921746,816.0635858537331,421.88833924059736,1762.489455474523,1356.5656056525183,0.0,0.0,0.0,598.8262813383952,0.0,0.0,0.0,435.56869099258506
2018-11-10,2.22559,0.0,0.0,0.0,0.0,577.5861422450125,478.9548835429146,341.55420089017736,338.84038673507814,518.2656446398979,546.6699437286571,1291.926336321787,1173.1578856904516,0.0,0.0,0.0,727.5996862229913,0.0,0.0,0.0,0.0
2018-11-17,2.61819,0.0,0.0,0.0,0.0,653.7272996374078,1141.304885624286,0.0,0.0,0.0,0.0,1601.784568501589,1906.5445628021075,0.0,0.0,0.0,855.5511013864704,0.0,0.0,0.0,0.0
2018-11-24,3.07619,0.0,0.0,0.0,0.0,785.4797817863249,571.30485293334,0.0,0.0,342.9516728475135,593.7304220000597,1536.854027179487,1467.5741106673984,488.2342060204239,488.2342060204238,0.0,358.4870477172844,0.0,0.0,0.0,754.9519395231752
2018-12-01,2.68817,0.0,0.0,365.6327195277022,0.0,507.5765500372559,849.5385055247002,0.0,348.9810807165588,329.0922679577357,425.66834934098887,1450.7327178786863,2167.399608420022,0.0,0.0,0.0,762.834104130956,0.0,0.0,0.0,453.52354847937096
2018-12-08,2.32166,0.0,0.0,0.0,0.0,927.7961588812586,627.7272893114542,0.0,0.0,0.0,0.0,1208.1446101643876,1455.40402611157,0.0,0.0,0.0,714.6554852070713,0.0,0.0,0.0,561.7273834957739
2018-12-15,3.27928,603.2975095767869,724.1766100390179,0.0,0.0,1006.7385492577898,650.9888822787732,326.13324611359764,503.4352571001969,793.2258839558058,510.4117201591823,1550.9315731879854,1909.6709191585296,0.0,0.0,0.0,642.6009159560222,0.0,0.0,0.0,479.6351100080603
2018-12-22,5.35202,1852.780052175614,2039.014594192701,849.8503909120287,0.0,1234.3824125269418,962.3576621050872,375.0371914732512,595.901298129078,769.0808118316478,727.1265869956617,1811.8314369242437,1745.636153335034,456.1003038215811,456.10030382158106,0.0,754.2032002757245,0.0,0.0,0.0,650.137447283535
2018-12-29,8.70194,3031.946870668872,2972.2548038723226,1348.3393007161312,401.8134417732025,2581.576786375755,1515.5546423215287,491.184908934448,416.4713315485366,522.8171161142624,1108.6716421689189,1971.6111599949493,2199.753749492914,884.6829098628414,884.6829098628413,0.0,745.2148547326444,596.9704399551947,742.4133080370696,742.4133080370696,1614.416230482954
2019-01-05,7.64405,1856.627052968872,2212.3293408178506,587.2781688442055,425.8282402998824,2721.382812028416,1740.2852064280014,654.1800852869313,0.0,1454.7656202621,1370.6595248714666,2098.5174768003963,2925.249220953111,575.6582740149637,575.6582740149637,0.0,782.2600755084117,0.0,0.0,0.0,531.6382912699835
2019-01-12,6.20358,2835.012818431944,2662.2575120654265,870.509599314929,635.13836471303,2153.061568632862,1238.9142384793645,323.2888854977886,680.2779991307189,1263.0657134163953,664.9544415876607,1766.7454028301763,2659.9203325273043,694.5800995617545,694.5800995617543,0.0,989.2187601308178,0.0,393.5554422924668,393.5554422924667,681.9407762517352
2019-01-19,8.0,3010.6544283804824,2974.378831973314,1156.499137549952,1123.6435027512844,1890.855734692399,1167.0313647767075,437.9479764865079,589.9570310065097,1004.253678800159,962.3118335442668,1720.9023401380732,2097.730432093529,460.0668586503758,460.0668586503758,410.0691532214822,1287.4266370334774,0.0,0.0,0.0,373.747784457544
2019-01-26,7.49806,2994.938536264659,2661.747099650236,1573.278407412775,564.847194651767,1745.3989652320952,1345.1589850234063,691.5945259222083,0.0,714.8121694650487,904.4735118497669,2017.2278560178008,1955.4502237583492,382.3137400523344,382.3137400523345,0.0,1134.916857995014,0.0,0.0,0.0,651.3044297370056
2019-02-02,6.78426,3547.390120792237,3509.2387221772647,1415.4873326661884,838.1387886267879,2353.534880161395,1084.7250705221386,557.6322990577318,331.7868541719461,1154.942663177761,629.6743109265908,1684.2413720694951,2284.1692364137384,395.82871285634167,395.8287128563416,0.0,1076.9728168983604,0.0,0.0,0.0,624.2269755097361
2019-02-09,6.69291,2311.1984957961586,2072.7564199095573,1094.925421687619,0.0,1466.5570289256948,1192.0813793277457,0.0,0.0,726.7742862790682,1701.028482539037,1781.659120300494,1873.906777325104,0.0,0.0,0.0,1335.8343590365698,0.0,0.0,0.0,442.6492826242537
2019-02-16,5.44769,1890.8776957033265,2012.302404423093,1099.7328882190534,685.8397331224265,987.1403682217048,1420.4231559551438,339.1758363949233,0.0,312.18217203628126,927.3823493798157,1495.1138421189064,1920.2041632946173,0.0,0.0,597.8419159276679,858.0713539874372,0.0,0.0,0.0,643.0391897161793
2019-02-23,5.02667,1193.8276477514044,1392.6513281473476,710.3489815601857,0.0,1081.2513300091043,903.9429799526124,321.7903170044137,0.0,748.1636621068188,898.2360563594445,1732.541309988631,2530.9667151915287,376.3198408868779,376.3198408868778,0.0,704.9344894726554,0.0,0.0,0.0,709.7580964866578
2019-03-02,3.83595,1353.611437467108,1231.0284989566303,635.1006695827651,392.0095188679779,1040.341687089353,792.5083004721091,0.0,0.0,447.4778086307299,829.0287104799776,1531.348969137446,2393.783064546111,0.0,0.0,0.0,539.387853565879,0.0,0.0,0.0,625.0003319767968
2019-03-09,2.97012,944.7219743277044,1224.214046817755,619.07496889878,0.0,1018.4581938990516,849.8620457606667,0.0,0.0,507.6187566684396,583.9638311375791,1699.8580895330847,2294.2874516827446,0.0,0.0,0.0,383.297239807609,0.0,0.0,0.0,0.0
2019-03-16,3.07095,723.5292268205524,782.4176739632127,388.9944306333947,0.0,722.6610235751077,0.0,0.0,323.3084059499335,417.9002474023206,0.0,1576.4347517966385,1895.9205190857167,0.0,0.0,346.87821176572135,1053.135475201076,0.0,0.0,0.0,429.2433864603565
2019-03-23,2.41402,442.63104942078513,894.7787144732724,406.543170164496,0.0,380.20431645268417,0.0,0.0,0.0,0.0,0.0,1617.2931470108083,2305.2521242391717,379.2099800449495,379.20998004494953,0.0,670.0225772251105,0.0,0.0,0.0,369.7587034398296
2019-03-30,2.60417,0.0,322.42032182059984,0.0,0.0,812.8374718513842,598.0596370959405,0.0,0.0,0.0,669.492602206229,1602.6251565104142,1562.960064289828,0.0,0.0,0.0,1074.205543442519,0.0,0.0,0.0,0.0
2019-04-06,2.51489,494.3633681024182,0.0,0.0,0.0,836.5829739651289,377.26061728376527,0.0,0.0,365.1748694023695,402.37865606762153,1168.8056350679703,1337.3242327052028,0.0,0.0,0.0,1118.48278091548,0.0,0.0,0.0,0.0
2019-04-13,2.06493,0.0,0.0,0.0,0.0,404.50258846199534,0.0,0.0,0.0,383.7175148110353,0.0,1155.747814695072,2091.953414069409,0.0,0.0,0.0,732.4419751989693,0.0,0.0,0.0,317.6398047505074
2019-04-20,1.88657,0.0,376.7087081833213,0.0,0.0,728.7378690418171,365.1138624126525,0.0,0.0,0.0,0.0,1289.9411823025648,1492.8422484465073,0.0,0.0,0.0,748.1459797458316,0.0,0.0,0.0,409.2502085148545
2019-04-27,1.51636,0.0,0.0,0.0,0.0,490.6047308214772,0.0,0.0,411.8373509945666,0.0,0.0,1155.4521186530817,1764.757028204542,0.0,0.0,0.0,709.311450862121,0.0,0.0,0.0,345.1565635446699
2019-05-04,1.58991,0.0,0.0,0.0,0.0,508.91397191930974,0.0,0.0,0.0,0.0,0.0,1147.0980274277676,1845.5110762491677,0.0,0.0,0.0,514.3747554543531,0.0,0.0,0.0,322.47367632212035
2019-05-11,1.55838,0.0,0.0,0.0,0.0,0.0,0.0,0.0,0.0,0.0,0.0,871.8694229596368,1338.6449870668707,0.0,0.0,0.0,668.3718998189138,0.0,0.0,0.0,0.0
2019-05-18,1.28423,0.0,0.0,0.0,0.0,0.0,0.0,0.0,0.0,0.0,0.0,942.6377495024296,1335.440187645692,0.0,0.0,0.0,605.3068518478789,0.0,0.0,0.0,632.2248939818472
2019-05-25,1.43474,0.0,0.0,0.0,0.0,430.6434747716538,481.1619021741154,416.3691808440897,0.0,0.0,0.0,826.3679178758422,1432.2864333864131,0.0,0.0,0.0,976.6520400956643,0.0,0.0,0.0,0.0
2019-06-01,1.36808,0.0,0.0,0.0,0.0,0.0,0.0,0.0,0.0,345.4930827483388,0.0,758.1370176665586,1259.323089679133,0.0,0.0,0.0,0.0,0.0,0.0,0.0,0.0
2019-06-08,1.09319,0.0,0.0,0.0,0.0,695.6010765112184,0.0,0.0,0.0,0.0,0.0,1045.2495156160924,1349.9681937596158,434.5833806231078,434.58338062310776,0.0,474.52855093226617,0.0,0.0,0.0,0.0
2019-06-15,1.09668,0.0,0.0,0.0,0.0,0.0,0.0,0.0,0.0,0.0,0.0,813.6175960597905,1064.1725961900124,0.0,0.0,0.0,504.9635153935766,0.0,0.0,0.0,0.0
2019-06-22,1.02929,0.0,0.0,0.0,0.0,0.0,0.0,0.0,0.0,0.0,0.0,1281.4090627782955,1309.1469432439148,0.0,0.0,0.0,571.7629577203938,0.0,0.0,0.0,0.0
2019-06-29,0.89608,0.0,0.0,0.0,0.0,0.0,0.0,0.0,0.0,0.0,0.0,551.0603281902269,1090.1608982649518,0.0,0.0,0.0,0.0,0.0,0.0,0.0,0.0
2019-07-06,1.00604,0.0,0.0,415.81537565944313,0.0,0.0,0.0,0.0,0.0,0.0,0.0,713.497453183088,1180.6905094067083,0.0,0.0,0.0,536.8622825100271,0.0,0.0,0.0,0.0
2019-07-13,0.778458,0.0,0.0,0.0,0.0,0.0,0.0,0.0,0.0,0.0,0.0,1053.1915868316455,1128.6593751424814,0.0,0.0,0.0,0.0,0.0,0.0,0.0,0.0
2019-07-20,0.981392,0.0,0.0,0.0,0.0,0.0,0.0,0.0,0.0,0.0,0.0,957.67900890138,968.1633636969318,0.0,0.0,0.0,0.0,0.0,0.0,0.0,0.0
2019-07-27,1.03746,0.0,0.0,0.0,0.0,464.54254195403263,0.0,0.0,0.0,0.0,0.0,697.0934055559095,904.0161142195244,0.0,0.0,0.0,0.0,0.0,0.0,0.0,0.0
2019-08-03,0.768945,0.0,0.0,0.0,0.0,0.0,0.0,0.0,0.0,0.0,0.0,425.6316047858786,1122.6970646863035,0.0,0.0,0.0,0.0,0.0,0.0,0.0,0.0
2019-08-10,0.827653,398.8993050347837,0.0,0.0,0.0,0.0,0.0,0.0,0.0,529.57313868835,0.0,866.2192531797392,1153.9784618165777,0.0,0.0,0.0,0.0,0.0,0.0,0.0,0.0
2019-08-17,0.899805,0.0,0.0,0.0,0.0,419.8307699389066,0.0,0.0,0.0,0.0,0.0,1113.2211149087243,1065.9846498822362,0.0,0.0,0.0,0.0,0.0,0.0,0.0,0.0
2019-08-24,1.36572,0.0,0.0,0.0,0.0,0.0,0.0,0.0,0.0,0.0,0.0,675.7407627310971,1356.6675142421825,0.0,0.0,0.0,340.19410507193214,0.0,0.0,0.0,0.0
2019-08-31,1.45747,0.0,0.0,0.0,0.0,0.0,0.0,0.0,0.0,0.0,442.92785609831,761.7783218583105,2055.3557810227376,0.0,0.0,0.0,416.3911148373237,0.0,0.0,0.0,0.0
2019-09-07,1.08568,0.0,0.0,0.0,0.0,667.0683664867661,0.0,0.0,0.0,0.0,0.0,1271.841394323098,1434.268477328366,0.0,0.0,0.0,500.3573084366261,0.0,0.0,0.0,457.9888823188576
2019-09-14,1.40331,0.0,0.0,0.0,0.0,403.2887113434314,512.0731985062848,0.0,291.81844189411504,396.5668946067025,396.47349492737857,1213.1863855233437,2011.89162611486,0.0,0.0,0.0,658.5326048443274,0.0,336.55512439572664,336.55512439572664,305.5146053105209
2019-09-21,1.28162,0.0,0.0,0.0,0.0,500.3062692879553,0.0,0.0,0.0,391.8140528122262,0.0,1022.7536119807984,1780.994042396457,0.0,0.0,414.25889044457415,471.02585968685815,0.0,0.0,0.0,300.2780914720715
2019-09-28,1.584,0.0,0.0,0.0,0.0,679.1309354294829,0.0,0.0,0.0,421.9068140068979,401.39187523419565,1253.0020806192151,1636.4208099289276,463.7805643307702,463.78056433077023,0.0,886.9026274344372,0.0,0.0,0.0,0.0
2019-10-05,1.62049,0.0,0.0,0.0,0.0,1199.8957400819595,0.0,0.0,0.0,588.8293585436876,0.0,1902.4589267066683,1632.8440608609692,0.0,0.0,0.0,744.9634395017815,0.0,0.0,0.0,313.59220694712894
2019-10-12,1.85789,0.0,0.0,0.0,0.0,1263.8483229790295,550.2581108900079,0.0,0.0,1207.9234935183756,0.0,1535.9089722052963,1512.095360069027,0.0,0.0,0.0,925.7109007371688,0.0,0.0,0.0,0.0
2019-10-19,2.30471,0.0,0.0,0.0,0.0,1669.2012259789071,623.5375709933267,0.0,473.0878889377142,712.3335480273508,433.76619032193,2188.763872567509,1515.3864205440211,0.0,0.0,0.0,748.7565492673816,0.0,0.0,0.0,0.0
2019-10-26,2.12993,362.1813135405323,0.0,0.0,0.0,796.3080775973671,567.3282251124722,0.0,0.0,828.7274159541585,361.87385207755744,1745.4564825119216,1451.5665662893991,0.0,0.0,0.0,935.350648000328,0.0,0.0,0.0,0.0
2019-11-02,2.07411,0.0,0.0,0.0,0.0,1059.7215571948948,441.7127891035397,0.0,444.5282339047134,570.3780413845757,471.6454830994903,2178.680547259794,1902.1406071404565,0.0,0.0,0.0,1021.4521745716448,0.0,0.0,0.0,443.2452865486403
2019-11-09,2.36472,0.0,0.0,0.0,0.0,1120.566514176212,635.3025771330317,0.0,0.0,759.2389850651706,494.0382673232227,1189.441404002325,1593.7668485609267,0.0,0.0,0.0,957.7715816816716,0.0,0.0,0.0,541.0504588001575
2019-11-16,2.68822,0.0,0.0,0.0,0.0,1239.3919628381766,580.8080132953836,0.0,319.6637917402449,436.5689867929067,804.5639147577235,1649.866704995275,2375.753673397389,0.0,0.0,0.0,1095.4042022397975,0.0,0.0,0.0,691.9106939168641
2019-11-23,3.49316,666.6985627488169,301.42893734242085,0.0,0.0,939.4313184915816,491.48499015907856,0.0,0.0,527.699761302344,1238.840656636538,2469.842784505241,2417.858382158533,0.0,0.0,0.0,886.0342873386695,0.0,0.0,0.0,659.8106819294273
2019-11-30,5.18686,630.1620459969326,544.2981361248442,322.11971035818453,0.0,1004.3345249883612,766.2475714041509,0.0,0.0,537.5436348536118,1736.1379561881904,793.0772154069299,1744.010276840811,0.0,0.0,0.0,977.3416715513036,0.0,0.0,0.0,437.2638925129313
2019-12-07,4.84591,581.5741402569871,654.9531399460099,0.0,346.58619919649595,1230.5021301931868,699.3209277370102,0.0,0.0,403.928858574954,1261.7076429080555,1487.4413735081505,2075.695331024447,390.81713487187335,390.81713487187335,0.0,833.5707378968076,0.0,0.0,0.0,554.4242929680688
2019-12-14,5.74106,1373.5328680418488,1329.7321594819557,554.9648977651472,0.0,1464.0970879477452,1260.6582742623868,713.6473790318894,524.1583911498793,627.4099225668938,1552.3630900969074,1774.606779094402,2210.551677729607,420.68979456590125,420.68979456590125,542.545362064963,1243.7036322443014,291.4429331243584,0.0,0.0,623.4109220450151
2019-12-21,6.15027,2317.487646207696,2240.533491155615,1293.608579159249,408.4422901901614,2759.811750816708,1271.344291764684,1450.797407421149,649.9745660916599,1048.6331785699865,2071.7475481540923,1368.2678887961952,1964.7056654261316,687.9389307845538,687.9389307845539,384.4094712808146,873.6103539026099,0.0,552.7140831378338,552.7140831378338,1186.5443480121137
2019-12-28,10.2772,3760.083448599957,3604.8604917956422,1289.8980781984324,348.0450975533428,4072.25376662222,2512.529697529263,1773.113498911358,0.0,1428.336730097851,2361.775941513485,4264.759035556351,2465.2594334989194,1122.3323348044455,1122.3323348044455,0.0,1329.326905589112,0.0,785.3820436449805,785.3820436449805,1237.5451121203466
2020-01-04,8.20282,2404.972849790777,2348.702995215402,1080.0349401092838,0.0,4275.677070735888,2069.49357538147,2151.7620833101064,1043.0884368115296,1293.807570486361,2367.49920371553,2789.7114044158666,2634.8594391750908,1405.5156074139368,1405.5156074139368,477.33968133383615,1299.5799652536564,0.0,923.6238112230402,923.6238112230402,767.4811770845148
2020-01-11,6.49802,1525.3230653641356,1491.8090573455618,884.5112068099875,0.0,1889.99077570334,1747.9663710464226,1376.105945545292,440.3861222160944,678.02885412127,1544.5644320546144,2346.102454073047,2255.516352753102,0.0,0.0,309.09562306632307,1115.8314137359505,0.0,431.4366370051233,431.4366370051233,811.1317685996055
2020-01-18,5.81837,2124.9580547890714,2173.11161864472,1073.75798505139,545.7096450656107,1755.062290620389,1425.6728511091303,2078.818181121884,580.1649984829736,437.9398994533224,1647.6696692223811,1718.3102387235217,2381.468008874768,826.9051390067813,826.9051390067813,0.0,574.553040921593,0.0,0.0,0.0,810.8956325417038
2020-01-25,5.32457,1508.1460712368082,1553.0426876113868,1144.7344553731728,328.6898168697423,2208.1337146427327,1012.0886757883072,1951.5398338012844,428.6291985857362,882.2699081002104,995.179490067772,2001.248200409248,2281.928668073368,376.6346410208337,376.6346410208337,0.0,872.1231272629145,0.0,0.0,0.0,518.3427326275676
2020-02-01,4.76562,1893.1481489402788,1996.4482102158408,1185.1401726866727,0.0,3251.2893380224823,1258.216857430857,2181.4288701553155,391.82861140466815,913.6420233220148,1259.989682058277,1611.7983924588077,2246.9270667070973,722.327247322823,722.327247322823,311.7373726352663,1006.4915243017856,291.8898996815797,0.0,0.0,436.21529962149725
2020-02-08,5.00573,2299.6889050680625,2266.928843913183,1301.4739279632813,568.6569162780836,2888.166515016016,987.1894165200162,1779.410115498417,552.7114291960514,939.3534675465274,825.3269594492753,1615.7315752698191,1926.0083555701929,493.91094460891054,493.9109446089105,447.155678456996,600.7662507300607,334.4454508788585,283.11084842104214,283.11084842104214,0.0
2020-02-15,5.17448,2244.9056387883843,2629.5882707695773,1645.3631057889838,574.4308375507167,2724.823091096913,612.7291857728738,2287.0763593219704,475.80207070688016,1180.4591201116712,382.1087984817236,1891.1359387966795,1845.8886744406248,440.3910832407264,440.3910832407264,0.0,626.8966436915086,445.3769133370352,0.0,0.0,0.0
2020-02-22,5.0326,2296.921622359955,2374.6554325855523,1377.7666749175964,563.71408545903,2104.0560707212253,1224.5903235337644,2067.3889604777737,399.63799961670645,888.2288493583883,692.7553265485973,1945.4869445637737,2216.631009512499,613.5278689460516,613.5278689460517,0.0,1009.8296929143942,332.1554863714848,0.0,0.0,525.8428270408458
2020-02-29,4.88163,2133.4244068959424,2040.665448993496,702.5410224038711,348.5243199779874,3722.095686728684,1014.3716365020456,1403.9349875028358,500.21131325928513,1174.5817551175317,383.9082044835218,2438.44425528635,2003.032703365072,755.9354451978122,755.9354451978122,0.0,901.0416363444524,375.09671640657393,0.0,0.0,619.2918498619401
2020-03-07,4.74006,1621.0357923559773,2003.7195721369296,1241.4262370086235,392.918875484669,5044.801101458927,983.568972581251,1277.6683324904325,387.6206772062512,1345.731965883818,836.3051628374332,2417.8853906911127,2261.3489162623137,638.670735096758,638.670735096758,0.0,642.7385259139644,0.0,372.0239678008656,372.0239678008655,423.0515135817532
2020-03-14,5.72947,1884.953427667462,2267.951064334381,863.9745625032288,344.7733135758494,8643.300068851951,2554.101723597136,1164.834359172071,876.6942868158845,1789.3832439394223,476.2606683731491,2969.150884997632,2047.1071313931584,545.1908338867415,545.1908338867414,808.958605700138,697.9658870885128,801.946031781643,347.5629438666756,347.5629438666756,613.2051733515872
2020-03-21,5.75028,1800.3611116184022,1659.797210702019,1015.3009968038882,524.5059418097504,6860.079034014328,1713.7766524622637,631.6117218534122,733.1006203440102,1234.5795009467745,377.2817926808319,3172.630748398638,2207.4344780318784,495.6945399890714,495.6945399890715,407.47617572415874,938.2647785104856,354.8252960568793,0.0,0.0,0.0
2020-03-28,3.32484,491.7479965423984,510.0082423735931,404.5614128504394,0.0,4692.423576135141,812.9004092520231,0.0,411.6242676349135,1293.693063147759,320.5853623173248,2496.724083928278,2072.961173848973,414.4498109859047,414.4498109859048,285.8738240632304,728.8791529058261,0.0,0.0,0.0,0.0
2020-04-04,2.49452,449.208321810682,469.744112655135,307.7988237853434,0.0,4239.295366722329,472.05919792081056,0.0,0.0,921.3061441122716,323.24846420785224,1746.8550134854552,1650.4150804878916,271.21818509818775,271.2181850981878,0.0,885.2788119014808,0.0,0.0,0.0,0.0
2020-04-11,2.35877,329.5159179948726,404.70416202974894,0.0,0.0,3254.483045043662,385.2224570184594,0.0,0.0,806.7324313450458,0.0,1512.067783211098,1350.992282970768,0.0,0.0,0.0,422.444037129978,0.0,0.0,0.0,0.0
2020-04-18,1.83824,0.0,0.0,0.0,0.0,2306.848350520088,0.0,0.0,0.0,708.788165818892,0.0,1059.9339254188294,1407.184742873727,253.64366558188703,253.6436655818871,0.0,406.266788302543,0.0,0.0,0.0,0.0
2020-04-25,1.28822,0.0,0.0,0.0,0.0,2199.0834637813946,0.0,0.0,0.0,475.7288049270708,0.0,1110.8169749219774,1120.3656940473754,0.0,0.0,0.0,0.0,0.0,0.0,0.0,378.9098446028855
2020-05-02,1.0608,0.0,0.0,370.0495510853382,0.0,1455.058699138084,0.0,307.46490876272776,0.0,280.8257558203724,0.0,735.9528384337918,990.0837896740994,0.0,0.0,0.0,0.0,0.0,0.0,0.0,0.0
2020-05-09,1.19149,0.0,0.0,0.0,0.0,1590.4400347780188,0.0,0.0,0.0,574.693987981474,0.0,481.2994091560099,855.0418559879631,0.0,0.0,0.0,0.0,0.0,0.0,0.0,0.0
2020-05-16,0.862397,0.0,0.0,0.0,0.0,1594.2988473354335,275.60427302237923,0.0,0.0,319.9296499777829,0.0,583.0737294254618,1115.9848161179364,0.0,0.0,0.0,0.0,0.0,0.0,0.0,0.0
2020-05-23,0.89739,0.0,0.0,0.0,0.0,1242.591829532347,0.0,0.0,0.0,0.0,0.0,796.8528748963915,916.7453086893108,0.0,0.0,0.0,0.0,0.0,0.0,0.0,0.0
2020-05-30,0.658307,0.0,0.0,0.0,0.0,1270.2435321740986,0.0,0.0,0.0,294.22569491591355,316.8796783909166,622.5852116018574,584.6653753321207,0.0,0.0,0.0,0.0,0.0,0.0,0.0,0.0
2020-06-06,0.735886,0.0,0.0,0.0,0.0,333.0300948095565,0.0,0.0,0.0,337.41693987619703,0.0,666.6234217075198,902.4023385277516,0.0,0.0,0.0,0.0,0.0,0.0,0.0,0.0
2020-06-13,0.556793,0.0,0.0,0.0,0.0,0.0,0.0,0.0,0.0,0.0,0.0,433.6505702211583,1070.3232857253704,0.0,0.0,0.0,0.0,0.0,0.0,0.0,0.0
2020-06-20,0.561167,0.0,0.0,0.0,0.0,287.8984966607514,0.0,0.0,0.0,0.0,0.0,787.1869395839356,689.545425074897,0.0,0.0,0.0,0.0,0.0,0.0,0.0,379.6341193468223
2020-06-27,0.429705,0.0,0.0,0.0,0.0,602.0193637418661,0.0,0.0,315.000909635541,0.0,0.0,357.53046955365306,1153.503482839839,0.0,0.0,0.0,0.0,0.0,0.0,0.0,385.5893913713932
