date,New Hampshire,the flu,flu symptoms,how long does flu last,flu a,flu cold,symptoms of flu,the flu symptoms,how long flu,flu how long,influenza a,bronchitis,contagious flu,a influenza,rsv,flu contagious,stomach flu,pneumonia,flu fever,fever flu,sinus
2010-10-09,0.0759301,0.0,0.0,0.0,0.0,0.0,0.0,0.0,0.0,0.0,0.0,0.0,0.0,0.0,0.0,0.0,0.0,1917.030041277631,0.0,0.0,0.0
2010-10-16,0.0924642,0.0,0.0,0.0,0.0,0.0,1919.1567053192257,0.0,0.0,0.0,0.0,0.0,0.0,0.0,0.0,0.0,0.0,0.0,0.0,0.0,0.0
2010-10-23,0.29361,0.0,0.0,0.0,0.0,0.0,0.0,0.0,0.0,0.0,0.0,0.0,0.0,0.0,0.0,0.0,0.0,0.0,0.0,0.0,1957.9579808624528
2010-10-30,0.178795,0.0,1742.833398042312,0.0,0.0,0.0,0.0,0.0,0.0,0.0,0.0,0.0,0.0,0.0,0.0,0.0,0.0,0.0,0.0,0.0,1854.1935000145795
2010-11-06,0.294372,0.0,0.0,0.0,0.0,0.0,0.0,0.0,0.0,0.0,0.0,0.0,0.0,0.0,0.0,0.0,0.0,0.0,0.0,0.0,2068.742550361715
2010-11-13,0.304414,0.0,0.0,0.0,0.0,0.0,0.0,0.0,0.0,0.0,0.0,0.0,0.0,0.0,0.0,0.0,0.0,0.0,0.0,0.0,0.0
2010-11-20,0.279281,0.0,0.0,0.0,0.0,2907.8785826051967,0.0,0.0,0.0,0.0,0.0,0.0,0.0,0.0,0.0,0.0,0.0,0.0,0.0,0.0,1764.615436010556
2010-11-27,0.205181,0.0,0.0,0.0,0.0,0.0,0.0,0.0,0.0,0.0,0.0,0.0,0.0,0.0,0.0,0.0,3032.7273556247787,0.0,0.0,0.0,0.0
2010-12-04,0.138806,0.0,0.0,0.0,0.0,0.0,0.0,0.0,0.0,0.0,0.0,0.0,0.0,0.0,0.0,0.0,0.0,0.0,0.0,0.0,0.0
2010-12-11,0.247015,0.0,0.0,0.0,1657.036529949726,0.0,0.0,0.0,0.0,0.0,0.0,0.0,0.0,0.0,0.0,0.0,0.0,0.0,0.0,0.0,0.0
2010-12-18,0.070922,0.0,0.0,0.0,0.0,0.0,0.0,0.0,0.0,0.0,0.0,0.0,0.0,0.0,0.0,0.0,0.0,0.0,0.0,0.0,0.0
2010-12-25,0.243309,0.0,0.0,0.0,0.0,0.0,0.0,0.0,0.0,0.0,0.0,0.0,0.0,0.0,0.0,0.0,0.0,0.0,0.0,0.0,0.0
2011-01-01,0.266046,0.0,0.0,0.0,0.0,0.0,0.0,0.0,0.0,0.0,0.0,0.0,0.0,0.0,0.0,0.0,0.0,0.0,0.0,0.0,2405.1187273012933
2011-01-08,0.328757,0.0,988.7413676528158,0.0,0.0,0.0,0.0,0.0,0.0,0.0,0.0,0.0,0.0,0.0,0.0,0.0,965.4802737150512,1936.3072506677145,0.0,0.0,1503.5200864024057
2011-01-15,0.231774,0.0,0.0,0.0,0.0,0.0,0.0,1048.6339772677484,0.0,0.0,0.0,1348.8439145173131,0.0,0.0,0.0,0.0,1142.1219250849008,1067.0328212076658,0.0,0.0,2376.840213111272
2011-01-22,0.422744,0.0,0.0,0.0,0.0,0.0,0.0,0.0,0.0,0.0,0.0,0.0,0.0,0.0,0.0,0.0,0.0,1304.6405840169805,1146.5718648048903,1146.5718648048903,1180.3109017365407
2011-01-29,0.413456,0.0,0.0,0.0,0.0,1191.723622815848,0.0,0.0,0.0,0.0,0.0,0.0,0.0,0.0,0.0,0.0,0.0,0.0,0.0,0.0,1678.5217387888756
2011-02-05,0.504732,1137.2048754896523,0.0,0.0,0.0,0.0,0.0,0.0,0.0,0.0,0.0,0.0,0.0,0.0,0.0,0.0,0.0,1114.1438299285585,0.0,0.0,1184.675227243746
2011-02-12,0.725821,0.0,0.0,0.0,0.0,0.0,0.0,0.0,0.0,0.0,0.0,1112.9684197071072,0.0,0.0,2129.3754080043477,0.0,0.0,1219.832576608496,0.0,0.0,1156.4757820235222
2011-02-19,0.66166,0.0,0.0,0.0,0.0,0.0,0.0,0.0,0.0,0.0,0.0,0.0,0.0,0.0,1227.4357177445174,0.0,0.0,1202.967578239282,0.0,0.0,0.0
2011-02-26,0.766522,1072.5938637003712,0.0,0.0,0.0,0.0,0.0,0.0,0.0,0.0,0.0,1312.4325066563288,0.0,0.0,0.0,0.0,1244.9654463731183,1365.0957076701798,0.0,0.0,1253.816300520174
2011-03-05,0.939249,0.0,1014.4947060540088,0.0,0.0,0.0,0.0,0.0,0.0,0.0,0.0,1183.406342687333,0.0,0.0,0.0,0.0,0.0,1991.7594683090445,0.0,0.0,1965.3296818325432
2011-03-12,0.529101,0.0,0.0,0.0,0.0,0.0,0.0,892.9384021228602,0.0,0.0,0.0,0.0,0.0,0.0,0.0,0.0,0.0,1258.8024440092531,0.0,0.0,1220.3025969472435
2011-03-19,0.541883,0.0,968.5941476909288,0.0,0.0,0.0,0.0,0.0,1060.6693482036274,1060.6693482036274,0.0,0.0,0.0,0.0,0.0,0.0,0.0,1141.8837368493112,0.0,0.0,1592.37998386963
2011-03-26,0.388199,0.0,0.0,0.0,0.0,0.0,0.0,0.0,0.0,0.0,0.0,0.0,0.0,0.0,0.0,0.0,0.0,1007.4922309726148,0.0,0.0,2360.035010241462
2011-04-02,0.484352,0.0,1113.2059140234546,0.0,0.0,0.0,0.0,0.0,0.0,0.0,0.0,0.0,0.0,0.0,0.0,0.0,0.0,969.3584433874684,0.0,0.0,1149.964083284246
2011-04-09,0.196773,0.0,0.0,0.0,0.0,0.0,0.0,0.0,0.0,0.0,0.0,0.0,0.0,0.0,0.0,0.0,0.0,1167.2356499173368,0.0,0.0,1894.789718105352
2011-04-16,0.0591017,0.0,0.0,0.0,0.0,0.0,0.0,0.0,0.0,0.0,0.0,0.0,0.0,0.0,0.0,0.0,0.0,1865.6918306342384,0.0,0.0,1631.8245457310109
2011-04-23,0.0441501,0.0,0.0,0.0,0.0,0.0,0.0,0.0,0.0,0.0,0.0,0.0,0.0,0.0,0.0,0.0,0.0,0.0,0.0,0.0,1927.3717332249123
2011-04-30,0.161253,0.0,1092.1950082263218,0.0,0.0,0.0,0.0,0.0,0.0,0.0,0.0,0.0,0.0,0.0,0.0,0.0,0.0,1858.2332796878848,0.0,0.0,1959.7308981231672
2011-05-07,0.0752257,0.0,0.0,0.0,0.0,0.0,0.0,0.0,0.0,0.0,0.0,926.7862861852252,0.0,0.0,0.0,0.0,0.0,0.0,0.0,0.0,0.0
2011-05-14,0.0706048,0.0,0.0,0.0,0.0,0.0,0.0,0.0,0.0,0.0,0.0,0.0,0.0,0.0,940.8852587076976,0.0,0.0,977.0273933142416,0.0,0.0,0.0
2011-05-21,0.0680735,0.0,0.0,1436.481982938379,0.0,0.0,0.0,0.0,0.0,0.0,0.0,0.0,0.0,0.0,0.0,0.0,0.0,952.03253458031,925.5924557662204,925.5924557662204,886.4240625937093
2011-05-28,0.03125,0.0,0.0,0.0,0.0,0.0,0.0,0.0,0.0,0.0,0.0,0.0,0.0,0.0,0.0,0.0,0.0,0.0,0.0,0.0,1501.9536977296732
2011-06-04,0.0448229,0.0,0.0,0.0,0.0,0.0,0.0,0.0,0.0,0.0,0.0,0.0,0.0,0.0,0.0,0.0,0.0,0.0,0.0,0.0,981.1415507611454
2011-06-11,0.0,0.0,0.0,0.0,0.0,0.0,0.0,0.0,0.0,0.0,0.0,0.0,0.0,0.0,0.0,0.0,0.0,0.0,0.0,0.0,0.0
2011-06-18,0.0,0.0,0.0,0.0,0.0,0.0,0.0,0.0,0.0,0.0,0.0,0.0,0.0,0.0,0.0,0.0,0.0,1681.115441402181,0.0,0.0,1231.9648935533478
2011-06-25,0.0367107,0.0,0.0,0.0,0.0,0.0,0.0,0.0,1403.2358684835517,1403.2358684835517,0.0,0.0,0.0,0.0,0.0,0.0,0.0,0.0,0.0,0.0,0.0
2011-07-02,0.041876,0.0,0.0,0.0,0.0,0.0,0.0,0.0,0.0,0.0,0.0,0.0,0.0,0.0,0.0,0.0,0.0,0.0,0.0,0.0,1169.3922474315675
2011-07-09,0.0,0.0,0.0,0.0,0.0,0.0,0.0,0.0,0.0,0.0,0.0,0.0,0.0,0.0,0.0,0.0,0.0,0.0,0.0,0.0,0.0
2011-07-16,0.0,0.0,0.0,0.0,0.0,0.0,1001.1937122055028,0.0,0.0,0.0,0.0,0.0,1190.868491994995,0.0,0.0,1190.868491994995,0.0,0.0,0.0,0.0,1123.134005300156
2011-07-23,0.0329381,0.0,926.7603848649647,1033.3296108849545,0.0,0.0,0.0,0.0,0.0,0.0,0.0,0.0,0.0,0.0,0.0,0.0,0.0,0.0,0.0,0.0,0.0
2011-07-30,0.0,0.0,0.0,0.0,0.0,1761.646399436307,0.0,0.0,0.0,0.0,0.0,0.0,0.0,0.0,0.0,0.0,0.0,0.0,0.0,0.0,0.0
2011-08-06,0.0308071,0.0,960.6543653611318,0.0,0.0,0.0,0.0,0.0,0.0,0.0,0.0,0.0,0.0,0.0,0.0,0.0,0.0,0.0,0.0,0.0,0.0
2011-08-13,0.0,0.0,0.0,0.0,0.0,0.0,0.0,0.0,0.0,0.0,0.0,0.0,0.0,0.0,0.0,0.0,0.0,0.0,0.0,0.0,0.0
2011-08-20,0.0314465,0.0,0.0,0.0,0.0,0.0,0.0,0.0,0.0,0.0,0.0,0.0,0.0,0.0,0.0,0.0,0.0,0.0,0.0,0.0,1156.4192068648588
2011-08-27,0.0,0.0,0.0,0.0,0.0,0.0,0.0,0.0,0.0,0.0,0.0,0.0,0.0,0.0,0.0,0.0,0.0,0.0,0.0,0.0,0.0
2011-09-03,0.032,0.0,0.0,0.0,0.0,0.0,0.0,0.0,0.0,0.0,0.0,0.0,0.0,0.0,0.0,0.0,0.0,0.0,0.0,0.0,0.0
2011-09-10,0.0,0.0,0.0,0.0,0.0,0.0,0.0,0.0,0.0,0.0,0.0,0.0,0.0,0.0,0.0,0.0,0.0,0.0,0.0,0.0,0.0
2011-09-17,0.0297885,0.0,0.0,0.0,0.0,0.0,0.0,0.0,0.0,0.0,0.0,0.0,0.0,0.0,0.0,0.0,0.0,972.052901679234,0.0,0.0,2013.1313797507096
2011-09-24,0.08726,0.0,0.0,0.0,0.0,0.0,0.0,0.0,0.0,0.0,0.0,0.0,0.0,0.0,0.0,0.0,0.0,1372.4773420666152,0.0,0.0,0.0
2011-10-01,0.150466,0.0,0.0,0.0,0.0,0.0,0.0,906.0679054103404,0.0,0.0,0.0,0.0,0.0,0.0,0.0,0.0,0.0,0.0,0.0,0.0,1707.400465673304
2011-10-08,0.120518,897.2927254212752,0.0,0.0,0.0,0.0,0.0,0.0,0.0,0.0,0.0,0.0,0.0,0.0,0.0,0.0,0.0,928.3500810025424,0.0,0.0,1015.2376448399212
2011-10-15,0.253646,0.0,0.0,0.0,0.0,0.0,0.0,0.0,0.0,0.0,0.0,0.0,0.0,0.0,0.0,0.0,0.0,1145.1280576258644,0.0,0.0,952.803182892021
2011-10-22,0.128182,0.0,0.0,0.0,0.0,0.0,0.0,0.0,0.0,0.0,0.0,0.0,0.0,0.0,0.0,0.0,0.0,1368.2327994310567,0.0,0.0,0.0
2011-10-29,0.384053,0.0,0.0,0.0,0.0,0.0,0.0,0.0,0.0,0.0,0.0,0.0,0.0,0.0,0.0,0.0,0.0,1118.6784392734194,0.0,0.0,0.0
2011-11-05,0.271897,0.0,0.0,0.0,0.0,0.0,0.0,0.0,0.0,0.0,0.0,0.0,0.0,0.0,0.0,0.0,0.0,1358.6765122583147,0.0,0.0,0.0
2011-11-12,0.285225,0.0,954.360318459391,0.0,0.0,0.0,0.0,0.0,0.0,0.0,941.6959483202584,1721.287556157539,0.0,941.6959483202584,0.0,0.0,0.0,0.0,1259.4755825984914,1259.475582598491,0.0
2011-11-19,0.380417,0.0,0.0,0.0,0.0,0.0,0.0,0.0,0.0,0.0,0.0,966.0993392373946,0.0,0.0,0.0,0.0,0.0,0.0,0.0,0.0,2264.934891099018
2011-11-26,0.285789,0.0,0.0,0.0,0.0,0.0,1226.4617580820486,0.0,0.0,0.0,0.0,1054.2417095600651,0.0,0.0,0.0,0.0,0.0,1350.9875753931142,0.0,0.0,984.6544967084628
2011-12-03,0.33153,0.0,0.0,0.0,0.0,0.0,0.0,0.0,0.0,0.0,0.0,0.0,0.0,0.0,0.0,0.0,1141.4120364802593,1583.1453458089095,0.0,0.0,1294.946309279144
2011-12-10,0.348584,0.0,0.0,0.0,0.0,802.2585264205877,0.0,0.0,0.0,0.0,0.0,0.0,0.0,0.0,0.0,0.0,0.0,1183.3400144578368,0.0,0.0,1213.6263481506778
2011-12-17,0.358637,0.0,0.0,0.0,0.0,0.0,0.0,0.0,0.0,0.0,0.0,0.0,0.0,0.0,0.0,0.0,0.0,1476.2694895564257,0.0,0.0,1860.4148730371485
2011-12-24,0.220662,0.0,0.0,0.0,0.0,0.0,0.0,0.0,0.0,0.0,0.0,0.0,0.0,0.0,0.0,0.0,0.0,1811.2481617509095,0.0,0.0,1506.5900098965851
2011-12-31,0.245474,0.0,871.7112842473305,0.0,0.0,0.0,0.0,0.0,0.0,0.0,0.0,0.0,0.0,0.0,0.0,0.0,0.0,1371.1881827353045,0.0,0.0,2106.579366934317
2012-01-07,0.367647,0.0,0.0,0.0,0.0,0.0,0.0,0.0,0.0,0.0,0.0,1027.5493803109096,0.0,0.0,0.0,0.0,0.0,1241.86112641715,0.0,0.0,2151.9139873410127
2012-01-14,0.140788,0.0,0.0,0.0,983.3660030014304,0.0,0.0,0.0,0.0,0.0,0.0,777.16429534612,0.0,0.0,0.0,0.0,0.0,2525.3469370740554,0.0,0.0,1026.1578432005276
2012-01-21,0.263371,0.0,798.7869308625374,0.0,0.0,0.0,0.0,0.0,0.0,0.0,0.0,0.0,0.0,0.0,0.0,0.0,0.0,0.0,834.5200398613074,834.5200398613075,1602.3535704767403
2012-01-28,0.0986388,1015.2495565399076,0.0,0.0,0.0,0.0,0.0,0.0,0.0,0.0,0.0,0.0,0.0,0.0,0.0,0.0,983.8130778234926,0.0,0.0,0.0,1816.0714648908777
2012-02-04,0.314465,0.0,0.0,0.0,0.0,0.0,0.0,0.0,0.0,0.0,0.0,0.0,0.0,0.0,0.0,0.0,1084.2312100618342,1137.3626316251011,0.0,0.0,1573.983926313396
2012-02-11,0.256363,0.0,0.0,0.0,0.0,0.0,0.0,0.0,0.0,0.0,0.0,0.0,0.0,0.0,879.3596726093181,0.0,973.8376175629674,1914.970282030558,0.0,0.0,2349.438178140977
2012-02-18,0.149561,0.0,995.15375874778,0.0,0.0,0.0,0.0,0.0,0.0,0.0,0.0,1162.2681890910358,0.0,0.0,0.0,0.0,0.0,1503.927018545622,0.0,0.0,2625.983391478455
2012-02-25,0.331744,0.0,0.0,0.0,0.0,0.0,0.0,0.0,0.0,0.0,0.0,790.5975662872463,0.0,0.0,926.288979541892,0.0,0.0,822.8660248043798,0.0,0.0,2093.2966466175794
2012-03-03,0.0674916,0.0,0.0,0.0,0.0,0.0,0.0,0.0,0.0,0.0,0.0,0.0,0.0,0.0,0.0,0.0,0.0,1395.19841875862,0.0,0.0,1731.7918270338664
2012-03-10,0.099167,0.0,0.0,0.0,0.0,0.0,835.863706116831,0.0,0.0,0.0,0.0,0.0,0.0,0.0,0.0,0.0,0.0,1123.4430185560927,0.0,0.0,1490.7899562859768
2012-03-17,0.200401,887.8168741624759,0.0,0.0,0.0,0.0,0.0,0.0,0.0,0.0,0.0,0.0,0.0,0.0,0.0,0.0,0.0,1713.334024978037,0.0,0.0,1322.390202110067
2012-03-24,0.0869376,0.0,0.0,0.0,1824.74988245522,0.0,0.0,0.0,0.0,0.0,0.0,0.0,0.0,0.0,0.0,0.0,0.0,0.0,0.0,0.0,1558.4245167730871
2012-03-31,0.12844,0.0,0.0,0.0,0.0,0.0,0.0,0.0,0.0,0.0,0.0,0.0,0.0,0.0,0.0,0.0,0.0,1358.6190918644934,0.0,0.0,1219.352673915391
2012-04-07,0.166182,0.0,0.0,0.0,0.0,0.0,0.0,0.0,0.0,0.0,0.0,933.8448105051214,0.0,0.0,0.0,0.0,0.0,1074.009248762448,0.0,0.0,843.8220223297845
2012-04-14,0.149222,1192.7119440443194,1117.1531903390587,0.0,0.0,0.0,0.0,0.0,0.0,0.0,0.0,859.2476557546022,0.0,0.0,0.0,0.0,0.0,0.0,0.0,0.0,1357.7506297326802
2012-04-21,0.23986,0.0,0.0,0.0,0.0,0.0,0.0,0.0,0.0,0.0,0.0,0.0,0.0,0.0,0.0,0.0,0.0,943.862773822536,0.0,0.0,1290.9180723744194
2012-04-28,0.136116,0.0,0.0,0.0,0.0,0.0,0.0,0.0,0.0,0.0,0.0,0.0,0.0,0.0,0.0,0.0,0.0,867.4679945859813,0.0,0.0,0.0
2012-05-05,0.11325,0.0,0.0,0.0,0.0,0.0,0.0,0.0,0.0,0.0,0.0,0.0,0.0,0.0,0.0,0.0,0.0,0.0,0.0,0.0,0.0
2012-05-12,0.102407,0.0,1089.6413073102694,0.0,0.0,0.0,0.0,0.0,0.0,0.0,0.0,0.0,0.0,0.0,0.0,0.0,0.0,1581.986737299221,0.0,0.0,1167.1864701028935
2012-05-19,0.0561325,0.0,0.0,0.0,0.0,0.0,0.0,0.0,0.0,0.0,0.0,0.0,0.0,0.0,0.0,0.0,0.0,1162.6861632896826,0.0,0.0,1174.527148158051
2012-05-26,0.097688,0.0,0.0,0.0,0.0,0.0,0.0,0.0,0.0,0.0,0.0,0.0,0.0,0.0,0.0,0.0,0.0,0.0,0.0,0.0,0.0
2012-06-02,0.0411353,0.0,0.0,0.0,0.0,0.0,0.0,0.0,0.0,0.0,0.0,0.0,0.0,0.0,0.0,0.0,0.0,1276.848067383727,0.0,0.0,1295.968364458321
2012-06-09,0.0936914,0.0,0.0,0.0,0.0,0.0,0.0,0.0,0.0,0.0,0.0,938.8660215763728,0.0,0.0,973.8614571283418,0.0,0.0,1830.27270407636,0.0,0.0,0.0
2012-06-16,0.100167,0.0,0.0,0.0,0.0,0.0,0.0,0.0,0.0,0.0,0.0,0.0,0.0,0.0,0.0,0.0,0.0,0.0,0.0,0.0,1164.284982454692
2012-06-23,0.0,0.0,0.0,0.0,0.0,0.0,0.0,0.0,0.0,0.0,0.0,0.0,0.0,0.0,0.0,0.0,0.0,0.0,0.0,0.0,1409.2048049483742
2012-06-30,0.0845666,0.0,0.0,0.0,0.0,0.0,0.0,0.0,0.0,0.0,0.0,1026.7846121433226,0.0,0.0,0.0,0.0,0.0,1195.3669190197104,0.0,0.0,0.0
2012-07-07,0.0430849,0.0,0.0,0.0,0.0,0.0,0.0,0.0,0.0,0.0,0.0,0.0,0.0,0.0,0.0,0.0,0.0,957.3993899956472,0.0,0.0,0.0
2012-07-14,0.0,0.0,0.0,0.0,0.0,0.0,0.0,0.0,0.0,0.0,0.0,0.0,0.0,0.0,0.0,0.0,0.0,1731.1374023354592,0.0,0.0,909.8214205922428
2012-07-21,0.0435161,0.0,0.0,0.0,0.0,0.0,0.0,0.0,0.0,0.0,0.0,0.0,0.0,0.0,0.0,0.0,0.0,1151.0615508605938,0.0,0.0,0.0
2012-07-28,0.0,0.0,0.0,0.0,0.0,0.0,982.1422023499208,0.0,0.0,0.0,0.0,1042.15103688871,0.0,0.0,0.0,0.0,0.0,0.0,0.0,0.0,0.0
2012-08-04,0.0815328,0.0,0.0,0.0,0.0,0.0,0.0,0.0,0.0,0.0,0.0,0.0,0.0,0.0,0.0,0.0,0.0,1489.501607482813,0.0,0.0,0.0
2012-08-11,0.0,0.0,0.0,0.0,0.0,0.0,0.0,0.0,0.0,0.0,0.0,0.0,0.0,0.0,0.0,0.0,0.0,833.1457930751591,0.0,0.0,1072.470475961639
2012-08-18,0.0371747,0.0,0.0,0.0,0.0,0.0,0.0,0.0,0.0,0.0,0.0,0.0,0.0,0.0,0.0,0.0,0.0,0.0,0.0,0.0,0.0
2012-08-25,0.0,878.0207724866713,0.0,0.0,0.0,0.0,0.0,0.0,0.0,0.0,0.0,0.0,0.0,0.0,0.0,0.0,0.0,0.0,0.0,0.0,0.0
2012-09-01,0.0738007,0.0,0.0,0.0,0.0,0.0,0.0,0.0,0.0,0.0,0.0,1100.1159973379697,0.0,0.0,0.0,0.0,0.0,0.0,0.0,0.0,0.0
2012-09-08,0.086881,1544.438114765673,0.0,0.0,0.0,0.0,0.0,0.0,0.0,0.0,0.0,0.0,0.0,0.0,0.0,0.0,0.0,1206.5910519071715,0.0,0.0,1242.8779942978338
2012-09-15,0.0347947,0.0,0.0,0.0,0.0,0.0,0.0,0.0,0.0,0.0,0.0,0.0,0.0,0.0,0.0,0.0,773.7614858947763,1583.1364795855593,0.0,0.0,917.5760814202292
2012-09-22,0.0695652,0.0,0.0,0.0,0.0,0.0,0.0,0.0,0.0,0.0,0.0,0.0,0.0,0.0,0.0,0.0,0.0,972.7210235956704,0.0,0.0,1261.2194853084825
2012-09-29,0.0345781,1325.2179653640146,0.0,0.0,0.0,0.0,0.0,0.0,0.0,0.0,0.0,886.9445340264328,0.0,0.0,0.0,0.0,0.0,782.6626202195081,0.0,0.0,1329.8666565464578
2012-10-06,0.27027,1174.5904881730407,0.0,0.0,0.0,0.0,0.0,0.0,0.0,0.0,1465.507019241915,0.0,0.0,1465.507019241915,0.0,0.0,0.0,0.0,0.0,0.0,949.7477160683236
2012-10-13,0.121242,0.0,761.6665235094563,0.0,0.0,0.0,0.0,0.0,0.0,0.0,0.0,0.0,0.0,0.0,1348.3776612457043,0.0,0.0,1736.553170204944,0.0,0.0,1432.6068340213428
2012-10-20,0.0763942,0.0,0.0,0.0,0.0,0.0,0.0,0.0,0.0,0.0,0.0,0.0,0.0,0.0,0.0,0.0,0.0,1388.4496026590791,0.0,0.0,793.7576075464797
2012-10-27,0.148841,0.0,0.0,0.0,0.0,0.0,0.0,0.0,0.0,0.0,0.0,0.0,0.0,0.0,0.0,0.0,0.0,1564.6633136513165,0.0,0.0,1282.157937495727
2012-11-03,0.145702,0.0,0.0,0.0,0.0,0.0,0.0,0.0,0.0,0.0,0.0,0.0,0.0,0.0,0.0,0.0,0.0,2045.1895975371335,0.0,0.0,0.0
2012-11-10,0.166632,0.0,0.0,0.0,0.0,0.0,0.0,0.0,0.0,0.0,0.0,0.0,0.0,0.0,0.0,0.0,0.0,1062.017360434386,0.0,0.0,0.0
2012-11-17,0.136612,0.0,0.0,0.0,0.0,0.0,0.0,0.0,0.0,0.0,0.0,842.9829161254182,0.0,0.0,0.0,0.0,0.0,2150.064621365251,0.0,0.0,1339.3772900330423
2012-11-24,0.191571,898.434401603065,0.0,0.0,0.0,0.0,0.0,0.0,0.0,0.0,0.0,1090.131389179784,0.0,0.0,0.0,0.0,0.0,0.0,0.0,0.0,1463.8405686439517
2012-12-01,0.356415,0.0,0.0,0.0,0.0,0.0,0.0,0.0,0.0,0.0,0.0,0.0,0.0,0.0,0.0,0.0,0.0,1385.796613763085,0.0,0.0,1461.7548219469966
2012-12-08,0.406091,1021.9644479898266,0.0,0.0,0.0,0.0,0.0,0.0,0.0,0.0,0.0,804.1635814838029,0.0,0.0,0.0,0.0,745.3597158211827,991.7860188181162,0.0,0.0,0.0
2012-12-15,0.81172,0.0,1397.4127005328507,0.0,0.0,0.0,0.0,0.0,0.0,0.0,0.0,0.0,0.0,0.0,1575.4472942916295,0.0,0.0,1138.673939734504,0.0,0.0,1324.287138897707
2012-12-22,1.81046,1224.6377427427053,0.0,0.0,0.0,999.7768345620104,0.0,0.0,0.0,0.0,0.0,0.0,0.0,0.0,0.0,0.0,0.0,1375.481965517402,0.0,0.0,1709.5195408364405
2012-12-29,2.24676,1753.3865080968128,1205.8430201575898,0.0,1742.1680241014135,1184.6776953932524,0.0,0.0,0.0,0.0,0.0,0.0,0.0,0.0,0.0,0.0,0.0,1552.4222131296483,0.0,0.0,1888.357918575426
2013-01-05,2.4187,1670.3142181118765,1858.648887110061,0.0,0.0,0.0,0.0,0.0,0.0,0.0,0.0,1761.7369920692413,0.0,0.0,0.0,0.0,0.0,2855.737579844612,0.0,0.0,1920.8801610247988
2013-01-12,3.09771,5081.332387852439,3932.763189188854,0.0,1978.721016182616,0.0,0.0,0.0,0.0,0.0,0.0,1204.0834453575353,0.0,0.0,0.0,0.0,0.0,1967.967834737217,0.0,0.0,1944.273409862153
2013-01-19,2.3704,3938.50437383991,4913.186440791505,0.0,1270.0973086527345,1484.5722506866168,908.3068190148376,0.0,900.7532734597634,900.7532734597632,0.0,928.9468245239076,0.0,0.0,0.0,0.0,0.0,1179.607784420526,1185.7300643569235,1185.7300643569235,1605.4680849513877
2013-01-26,1.14967,1280.7286009675054,1507.813732439466,0.0,0.0,1394.3811715115814,0.0,0.0,0.0,0.0,0.0,0.0,0.0,0.0,0.0,0.0,0.0,1914.718499072676,0.0,0.0,1776.1061354756746
2013-02-02,0.90151,1546.6137516019478,0.0,0.0,1002.6062244861336,0.0,0.0,0.0,0.0,0.0,0.0,875.3211031547411,0.0,0.0,0.0,0.0,0.0,845.7676997931176,0.0,0.0,2162.8654824572577
2013-02-09,0.714445,741.3375600856214,961.9586213913242,0.0,658.0844283188255,0.0,0.0,0.0,0.0,0.0,0.0,685.461537218823,0.0,0.0,717.430205782808,0.0,0.0,1188.714600488543,0.0,0.0,1808.7848052489892
2013-02-16,0.439422,837.6806697274942,0.0,0.0,0.0,0.0,0.0,0.0,0.0,0.0,0.0,0.0,0.0,0.0,0.0,0.0,0.0,1281.6712333364114,0.0,0.0,1952.4797041394747
2013-02-23,0.502952,0.0,0.0,0.0,0.0,0.0,0.0,0.0,0.0,0.0,0.0,740.3878177110662,0.0,0.0,0.0,0.0,0.0,1447.7432901118364,0.0,0.0,1774.37451191113
2013-03-02,0.810214,0.0,0.0,0.0,0.0,0.0,0.0,0.0,0.0,0.0,0.0,0.0,0.0,0.0,0.0,0.0,0.0,1474.6171872192758,0.0,0.0,1097.678315986166
2013-03-09,0.350058,0.0,0.0,0.0,1035.502339589339,0.0,0.0,0.0,0.0,0.0,0.0,0.0,0.0,0.0,0.0,0.0,0.0,1028.41630979889,0.0,0.0,1506.6766965395732
2013-03-16,0.383247,0.0,0.0,0.0,0.0,0.0,0.0,0.0,0.0,0.0,0.0,845.3944427790201,0.0,0.0,0.0,0.0,0.0,1049.8011200421552,0.0,0.0,1446.0825663641704
2013-03-23,0.609162,0.0,0.0,0.0,0.0,0.0,0.0,0.0,0.0,0.0,0.0,0.0,0.0,0.0,0.0,0.0,0.0,1250.9370714354511,0.0,0.0,0.0
2013-03-30,0.333704,0.0,0.0,0.0,0.0,0.0,0.0,0.0,0.0,0.0,0.0,949.3971850653436,0.0,0.0,786.4451137016797,0.0,0.0,1315.987358788727,0.0,0.0,688.1692764451006
2013-04-06,0.301789,1204.3421720519443,0.0,0.0,0.0,0.0,0.0,0.0,0.0,0.0,0.0,0.0,0.0,0.0,0.0,0.0,0.0,1219.1630671041455,0.0,0.0,1136.9499878888405
2013-04-13,0.595998,0.0,981.013051654265,0.0,0.0,0.0,0.0,0.0,0.0,0.0,0.0,0.0,0.0,0.0,0.0,0.0,0.0,1033.0846416211632,0.0,0.0,1050.2075641852373
2013-04-20,0.105597,0.0,0.0,0.0,0.0,0.0,0.0,815.7625582352598,0.0,0.0,0.0,765.3044022896684,0.0,0.0,0.0,0.0,0.0,1460.872218191524,0.0,0.0,1220.8987321929378
2013-04-27,0.134862,0.0,0.0,0.0,0.0,791.1343695881699,0.0,0.0,0.0,0.0,0.0,719.6039242697107,0.0,0.0,0.0,0.0,0.0,0.0,0.0,0.0,1481.619630399964
2013-05-04,0.150966,0.0,0.0,0.0,0.0,0.0,0.0,0.0,0.0,0.0,0.0,700.5610031914674,0.0,0.0,0.0,0.0,0.0,959.6819231932584,0.0,0.0,687.3100663560303
2013-05-11,0.0,0.0,0.0,0.0,0.0,0.0,0.0,0.0,0.0,0.0,0.0,0.0,0.0,0.0,0.0,0.0,0.0,0.0,0.0,0.0,1041.9280071980534
2013-05-18,0.036914,0.0,0.0,0.0,0.0,0.0,0.0,0.0,0.0,0.0,0.0,785.0260760391516,0.0,0.0,0.0,0.0,0.0,1261.7626196365363,0.0,0.0,1668.434493894404
2013-05-25,0.0394322,0.0,0.0,0.0,0.0,0.0,0.0,0.0,0.0,0.0,0.0,0.0,0.0,0.0,0.0,0.0,0.0,0.0,0.0,0.0,0.0
2013-06-01,0.0,0.0,0.0,0.0,0.0,0.0,0.0,0.0,0.0,0.0,0.0,777.9386061523305,0.0,0.0,0.0,0.0,0.0,0.0,0.0,0.0,1311.739826725052
2013-06-08,0.0518403,0.0,0.0,0.0,0.0,0.0,0.0,0.0,0.0,0.0,0.0,701.9796070260194,0.0,0.0,0.0,0.0,0.0,0.0,0.0,0.0,1059.4776601146093
2013-06-15,0.0365497,0.0,0.0,0.0,0.0,0.0,0.0,0.0,0.0,0.0,0.0,0.0,0.0,0.0,0.0,0.0,0.0,997.0778229719332,0.0,0.0,688.946604082153
2013-06-22,0.0,0.0,0.0,0.0,0.0,0.0,0.0,0.0,0.0,0.0,0.0,0.0,0.0,0.0,0.0,0.0,0.0,701.7823562099388,0.0,0.0,1451.431957780604
2013-06-29,0.0851064,0.0,0.0,0.0,0.0,0.0,0.0,0.0,0.0,0.0,0.0,762.346942486572,0.0,0.0,0.0,0.0,779.1167877636318,1419.7400210446783,0.0,0.0,0.0
2013-07-06,0.105374,0.0,0.0,0.0,0.0,0.0,0.0,0.0,0.0,0.0,0.0,1168.2360925011917,0.0,0.0,0.0,0.0,0.0,0.0,0.0,0.0,0.0
2013-07-13,0.0776398,0.0,0.0,0.0,0.0,0.0,0.0,0.0,0.0,0.0,0.0,0.0,0.0,0.0,0.0,0.0,0.0,0.0,0.0,0.0,0.0
2013-07-20,0.0392465,0.0,0.0,0.0,0.0,0.0,0.0,0.0,0.0,0.0,0.0,0.0,0.0,0.0,0.0,0.0,0.0,0.0,0.0,0.0,750.3067248789711
2013-07-27,0.0,0.0,0.0,0.0,0.0,0.0,0.0,0.0,0.0,0.0,0.0,0.0,0.0,0.0,0.0,0.0,0.0,0.0,0.0,0.0,1260.5801871849712
2013-08-03,0.0446628,0.0,0.0,0.0,0.0,0.0,0.0,0.0,0.0,0.0,0.0,0.0,0.0,0.0,0.0,0.0,0.0,929.6059944079212,0.0,0.0,825.2602685840676
2013-08-10,0.0460193,0.0,0.0,0.0,0.0,0.0,0.0,0.0,0.0,0.0,0.0,0.0,0.0,0.0,0.0,0.0,0.0,758.2263116683246,0.0,0.0,851.423190368454
2013-08-17,0.0457038,0.0,0.0,0.0,0.0,0.0,0.0,0.0,0.0,0.0,0.0,0.0,0.0,0.0,0.0,0.0,0.0,0.0,0.0,0.0,785.2149297865127
2013-08-24,0.084246,0.0,0.0,0.0,0.0,0.0,0.0,0.0,0.0,0.0,0.0,0.0,0.0,0.0,0.0,0.0,0.0,813.0680629922605,0.0,0.0,858.4631786767949
2013-08-31,0.0,0.0,0.0,1022.3744460320788,0.0,0.0,0.0,0.0,0.0,0.0,0.0,0.0,0.0,0.0,0.0,0.0,0.0,706.5939343761643,0.0,0.0,1087.986367617218
2013-09-07,0.1443,0.0,0.0,0.0,0.0,0.0,0.0,0.0,0.0,0.0,0.0,0.0,0.0,0.0,0.0,0.0,0.0,0.0,0.0,0.0,1235.5943800802947
2013-09-14,0.0382409,0.0,0.0,0.0,728.6094698151275,0.0,0.0,0.0,0.0,0.0,0.0,0.0,0.0,0.0,0.0,0.0,0.0,710.7108603663066,0.0,0.0,0.0
2013-09-21,0.0581058,783.8618559714018,0.0,0.0,0.0,0.0,0.0,0.0,0.0,0.0,0.0,0.0,0.0,0.0,0.0,0.0,0.0,0.0,0.0,0.0,777.9920357545444
2013-09-28,0.0802246,738.2889358528158,1111.9014993826077,0.0,0.0,982.1783689532822,0.0,0.0,0.0,0.0,0.0,1046.924943003169,0.0,0.0,0.0,0.0,0.0,790.6873928509511,0.0,0.0,2365.8966507283685
2013-10-05,0.0760601,0.0,0.0,0.0,0.0,0.0,0.0,0.0,0.0,0.0,0.0,0.0,0.0,0.0,0.0,0.0,0.0,0.0,0.0,0.0,1343.2963468406583
2013-10-12,0.0736784,739.6089080472187,803.3402736051612,0.0,0.0,0.0,0.0,838.2151089046081,0.0,0.0,0.0,0.0,0.0,0.0,0.0,0.0,0.0,1895.5672368831288,0.0,0.0,835.4894794540368
2013-10-19,0.0366838,0.0,0.0,0.0,678.5745232988952,0.0,0.0,0.0,0.0,0.0,0.0,0.0,0.0,0.0,0.0,0.0,0.0,1040.076288950059,0.0,0.0,787.8926970486045
2013-10-26,0.122951,0.0,0.0,0.0,644.8123383459568,0.0,0.0,0.0,0.0,0.0,0.0,792.8287947745039,0.0,0.0,0.0,0.0,0.0,0.0,0.0,0.0,1311.463731263949
2013-11-02,0.144796,0.0,0.0,0.0,718.7993887155848,0.0,0.0,0.0,0.0,0.0,0.0,0.0,0.0,0.0,0.0,0.0,0.0,0.0,0.0,0.0,1320.5299278356767
2013-11-09,0.273684,971.694867701518,0.0,0.0,0.0,0.0,0.0,0.0,0.0,0.0,0.0,0.0,0.0,0.0,0.0,0.0,0.0,720.6777615199882,0.0,0.0,1094.6261450653574
2013-11-16,0.191083,0.0,0.0,0.0,0.0,0.0,0.0,0.0,0.0,0.0,0.0,641.8249261094434,0.0,0.0,0.0,0.0,0.0,1184.064334217606,0.0,0.0,1217.160997869253
2013-11-23,0.216068,1042.4087830563165,0.0,0.0,0.0,0.0,0.0,0.0,0.0,0.0,0.0,0.0,0.0,0.0,0.0,0.0,0.0,0.0,0.0,0.0,1359.1046887433768
2013-11-30,0.157679,0.0,0.0,0.0,0.0,912.4711504999937,0.0,0.0,0.0,0.0,0.0,0.0,0.0,0.0,0.0,0.0,0.0,828.0951967271687,0.0,0.0,0.0
2013-12-07,0.107852,0.0,0.0,0.0,0.0,0.0,0.0,0.0,0.0,0.0,0.0,767.4226365557996,0.0,0.0,0.0,0.0,0.0,851.1100265145627,0.0,0.0,914.71626128862
2013-12-14,0.172117,0.0,0.0,0.0,0.0,0.0,0.0,0.0,0.0,0.0,0.0,0.0,0.0,0.0,0.0,0.0,794.1767751823464,720.2975843008404,0.0,0.0,1489.3429268310822
2013-12-21,0.101807,0.0,0.0,0.0,0.0,0.0,0.0,0.0,0.0,0.0,0.0,825.189277097087,0.0,0.0,0.0,0.0,0.0,1014.5291819032292,0.0,0.0,1400.3667237156203
2013-12-28,0.512164,0.0,0.0,0.0,0.0,0.0,0.0,0.0,0.0,0.0,0.0,0.0,0.0,0.0,0.0,0.0,0.0,1097.454969375269,0.0,0.0,775.623308045458
2014-01-04,0.384212,0.0,0.0,0.0,810.8259389581284,0.0,0.0,0.0,0.0,0.0,0.0,1347.6908338985793,0.0,0.0,0.0,0.0,0.0,1094.250546768131,0.0,0.0,1766.2298694866329
2014-01-11,0.826887,621.7138793401579,655.8364280323447,0.0,646.3740525728488,0.0,0.0,0.0,0.0,0.0,0.0,574.9097104386016,0.0,0.0,644.8019378973003,0.0,1203.005241183139,1163.024826898704,0.0,0.0,1306.0798867553883
2014-01-18,0.977278,1433.8141443804332,1087.1631072260896,0.0,0.0,0.0,0.0,0.0,0.0,0.0,0.0,0.0,0.0,0.0,0.0,0.0,0.0,798.1516391691296,0.0,0.0,1123.5280819257468
2014-01-25,1.08745,1533.792273847529,837.2135842882661,0.0,0.0,0.0,0.0,0.0,0.0,0.0,0.0,0.0,0.0,0.0,0.0,0.0,0.0,1307.132366805723,0.0,0.0,1069.7283803377402
2014-02-01,0.574205,1028.689819217326,650.0158725097858,0.0,0.0,0.0,0.0,0.0,0.0,0.0,0.0,915.9659858167151,0.0,0.0,0.0,0.0,0.0,941.9837884982644,0.0,0.0,1013.5038526749402
2014-02-08,0.830816,856.6420810110948,756.1675180533365,0.0,0.0,597.6366842005924,0.0,0.0,0.0,0.0,0.0,0.0,0.0,0.0,0.0,0.0,0.0,1811.3630404648504,0.0,0.0,1492.317683321956
2014-02-15,0.363542,773.7608947404299,0.0,0.0,0.0,0.0,0.0,0.0,692.6470946746591,692.647094674659,0.0,555.8887749896701,0.0,0.0,0.0,0.0,0.0,0.0,0.0,0.0,1180.774716041609
2014-02-22,0.516917,0.0,0.0,0.0,0.0,0.0,0.0,0.0,0.0,0.0,0.0,0.0,0.0,0.0,1260.772825783568,0.0,0.0,1879.555681559205,0.0,0.0,1480.170393013298
2014-03-01,0.374964,1539.692139315482,0.0,0.0,0.0,0.0,0.0,0.0,0.0,0.0,0.0,798.4992905306879,0.0,0.0,0.0,0.0,688.2876246606515,1055.822997618797,0.0,0.0,1609.610115410996
2014-03-08,0.294827,747.8584664678298,676.2904777255345,0.0,0.0,0.0,0.0,0.0,0.0,0.0,0.0,0.0,0.0,0.0,0.0,0.0,0.0,1242.5629594811069,0.0,0.0,1732.3867259622466
2014-03-15,0.492914,812.0221269005971,0.0,0.0,0.0,0.0,0.0,0.0,0.0,0.0,0.0,748.9696144456717,0.0,0.0,0.0,0.0,0.0,1779.706980518148,870.0382172773245,870.0382172773244,1959.1523794732343
2014-03-22,0.254866,0.0,0.0,0.0,0.0,0.0,0.0,0.0,0.0,0.0,0.0,706.5783831334993,0.0,0.0,0.0,0.0,0.0,0.0,0.0,0.0,1607.4315926623465
2014-03-29,0.12475,760.4639578908899,0.0,0.0,0.0,0.0,0.0,0.0,0.0,0.0,0.0,685.2644257498846,0.0,0.0,0.0,0.0,0.0,824.8980598194682,805.2699041863516,805.2699041863516,1384.0420161141392
2014-04-05,0.294184,626.9214302595179,0.0,0.0,0.0,0.0,0.0,0.0,0.0,0.0,0.0,659.3981453464054,0.0,0.0,0.0,0.0,0.0,1024.2111369421846,0.0,0.0,938.9519430792616
2014-04-12,0.416157,637.9835485215799,0.0,0.0,0.0,0.0,0.0,0.0,0.0,0.0,0.0,0.0,694.6286688071278,0.0,0.0,694.6286688071278,0.0,1564.0088579301369,0.0,0.0,1385.4957783559332
2014-04-19,0.381679,0.0,0.0,0.0,0.0,0.0,0.0,0.0,0.0,0.0,0.0,0.0,0.0,0.0,0.0,0.0,0.0,1204.3357339332172,0.0,0.0,1410.191088093157
2014-04-26,0.268673,677.7522739798218,0.0,0.0,0.0,0.0,0.0,0.0,0.0,0.0,0.0,988.3629344564984,0.0,0.0,0.0,0.0,0.0,1863.693693401626,0.0,0.0,1712.2170929631293
2014-05-03,0.124766,0.0,0.0,0.0,1130.417623740453,0.0,0.0,0.0,0.0,0.0,0.0,0.0,0.0,0.0,0.0,0.0,751.2916433642273,1456.6284348024367,0.0,0.0,1055.5524835065232
2014-05-10,0.418556,0.0,1005.4408161014688,0.0,0.0,0.0,0.0,0.0,0.0,0.0,0.0,0.0,0.0,0.0,0.0,0.0,0.0,0.0,0.0,0.0,965.50415641093
2014-05-17,0.125313,0.0,0.0,0.0,0.0,0.0,0.0,0.0,0.0,0.0,0.0,713.528578925887,0.0,0.0,780.9546531553798,0.0,0.0,0.0,0.0,0.0,737.5184955876578
2014-05-24,0.0335796,0.0,0.0,0.0,0.0,0.0,0.0,0.0,0.0,0.0,0.0,687.4132659727784,0.0,0.0,0.0,0.0,0.0,970.3903430331692,0.0,0.0,1121.2187732543089
2014-05-31,0.0,0.0,0.0,0.0,0.0,0.0,0.0,0.0,0.0,0.0,0.0,864.5592082419455,0.0,0.0,0.0,0.0,0.0,733.2499787890844,0.0,0.0,740.2267113868305
2014-06-07,0.0393236,0.0,0.0,0.0,0.0,0.0,0.0,0.0,0.0,0.0,0.0,0.0,0.0,0.0,0.0,0.0,0.0,0.0,0.0,0.0,1153.0118790214583
2014-06-14,0.0,0.0,0.0,0.0,0.0,0.0,0.0,0.0,0.0,0.0,0.0,0.0,0.0,0.0,0.0,0.0,0.0,1276.7187369760647,0.0,0.0,895.2127610386483
2014-06-21,0.0421408,0.0,0.0,0.0,0.0,0.0,0.0,0.0,0.0,0.0,0.0,0.0,0.0,0.0,0.0,0.0,0.0,0.0,0.0,0.0,0.0
2014-06-28,0.0454339,0.0,0.0,0.0,0.0,0.0,0.0,0.0,0.0,0.0,0.0,0.0,0.0,0.0,0.0,0.0,0.0,0.0,0.0,0.0,1000.4667672259498
2014-07-05,0.199071,0.0,0.0,0.0,0.0,0.0,0.0,0.0,0.0,0.0,0.0,0.0,0.0,0.0,0.0,0.0,0.0,0.0,0.0,0.0,0.0
2014-07-12,0.0,0.0,0.0,0.0,0.0,0.0,0.0,0.0,0.0,0.0,0.0,0.0,782.7638450228214,0.0,0.0,782.7638450228216,0.0,0.0,0.0,0.0,1053.5900890777425
2014-07-19,0.0,0.0,0.0,0.0,0.0,0.0,0.0,0.0,0.0,0.0,0.0,0.0,0.0,0.0,0.0,0.0,0.0,806.1054374330263,0.0,0.0,1061.353060794987
2014-07-26,0.0,0.0,0.0,0.0,0.0,0.0,0.0,0.0,0.0,0.0,0.0,0.0,0.0,0.0,0.0,0.0,0.0,0.0,0.0,0.0,846.8614797320113
2014-08-02,0.0,0.0,0.0,0.0,0.0,0.0,0.0,0.0,0.0,0.0,0.0,0.0,0.0,0.0,0.0,0.0,0.0,0.0,0.0,0.0,0.0
2014-08-09,0.0,0.0,0.0,0.0,0.0,0.0,0.0,0.0,0.0,0.0,0.0,0.0,0.0,0.0,0.0,0.0,0.0,0.0,0.0,0.0,0.0
2014-08-16,0.0,0.0,0.0,0.0,0.0,0.0,0.0,0.0,0.0,0.0,0.0,0.0,0.0,0.0,0.0,0.0,0.0,0.0,0.0,0.0,1103.3297183920454
2014-08-23,0.0,0.0,0.0,0.0,0.0,0.0,0.0,0.0,0.0,0.0,0.0,0.0,0.0,0.0,0.0,0.0,0.0,849.8004307177316,0.0,0.0,1021.6069052126752
2014-08-30,0.0883002,0.0,0.0,0.0,0.0,1622.5208547684922,0.0,0.0,0.0,0.0,0.0,820.8843603855695,0.0,0.0,0.0,0.0,0.0,0.0,0.0,0.0,1191.2826231090107
2014-09-06,0.0510204,0.0,0.0,0.0,0.0,905.4945464931797,0.0,0.0,0.0,0.0,0.0,0.0,0.0,0.0,0.0,0.0,0.0,0.0,0.0,0.0,860.1378612115509
2014-09-13,0.178651,0.0,0.0,0.0,0.0,0.0,0.0,0.0,0.0,0.0,0.0,0.0,0.0,0.0,0.0,0.0,0.0,790.1928578409374,0.0,0.0,0.0
2014-09-20,0.087146,0.0,0.0,0.0,0.0,0.0,0.0,771.8590593979674,0.0,0.0,0.0,0.0,0.0,0.0,0.0,0.0,0.0,927.1223285627184,0.0,0.0,1236.101243943103
2014-09-27,0.0,0.0,0.0,0.0,0.0,0.0,0.0,0.0,0.0,0.0,0.0,0.0,0.0,0.0,0.0,0.0,0.0,1035.5428672555663,0.0,0.0,1657.257748729736
2014-10-04,0.0233372,1167.2296554602108,0.0,0.0,0.0,0.0,0.0,0.0,0.0,0.0,0.0,0.0,0.0,0.0,0.0,0.0,0.0,0.0,0.0,0.0,1602.7168887892667
2014-10-11,0.281577,1852.8949499412888,0.0,0.0,0.0,0.0,0.0,0.0,0.0,0.0,0.0,0.0,0.0,0.0,0.0,0.0,0.0,839.5729213334027,0.0,0.0,1313.7164659450702
2014-10-18,0.0609756,1127.311926211741,0.0,0.0,819.6417776478949,0.0,814.4994512873758,1145.9943807269256,0.0,0.0,0.0,743.9557172246928,0.0,0.0,0.0,0.0,0.0,1025.1052407219436,0.0,0.0,1193.5493722455212
2014-10-25,0.10142,0.0,0.0,0.0,0.0,0.0,0.0,0.0,0.0,0.0,0.0,0.0,0.0,0.0,775.9140967793285,0.0,0.0,1276.183611645556,0.0,0.0,1357.5289865515058
2014-11-01,0.269906,0.0,0.0,0.0,0.0,0.0,0.0,0.0,0.0,0.0,0.0,792.5242075365186,0.0,0.0,0.0,0.0,0.0,1103.5812658387829,0.0,0.0,909.7569730597272
2014-11-08,0.299222,796.723365813994,719.5457444694104,0.0,0.0,0.0,0.0,0.0,0.0,0.0,0.0,0.0,0.0,0.0,0.0,0.0,706.981085648298,1891.0920804850653,0.0,0.0,1632.070729985457
2014-11-15,0.241935,0.0,0.0,0.0,0.0,0.0,0.0,0.0,0.0,0.0,0.0,770.2533205959728,0.0,0.0,0.0,0.0,0.0,1640.677142272938,0.0,0.0,0.0
2014-11-22,0.225317,879.0551612111055,0.0,0.0,0.0,0.0,0.0,0.0,0.0,0.0,0.0,0.0,0.0,0.0,0.0,0.0,0.0,1439.9802872405055,0.0,0.0,1786.6864711034311
2014-11-29,0.0902799,0.0,0.0,0.0,0.0,0.0,0.0,0.0,1428.1652659879812,1428.1652659879812,0.0,0.0,0.0,0.0,0.0,0.0,1150.6267498938082,1234.634399087394,0.0,0.0,1252.5353255473829
2014-12-06,0.157092,0.0,0.0,0.0,0.0,0.0,0.0,0.0,0.0,0.0,0.0,0.0,0.0,0.0,0.0,0.0,0.0,1421.9019879654445,0.0,0.0,1017.7067395525236
2014-12-13,0.135747,842.7879923096091,0.0,0.0,0.0,0.0,0.0,0.0,0.0,0.0,0.0,0.0,0.0,0.0,0.0,0.0,0.0,1475.3491905927426,0.0,0.0,1096.3650873468823
2014-12-20,0.282978,0.0,0.0,0.0,0.0,0.0,0.0,0.0,0.0,0.0,0.0,0.0,0.0,0.0,0.0,0.0,0.0,999.78712768614,0.0,0.0,991.569835129903
2014-12-27,0.255195,1238.072697046878,0.0,0.0,0.0,0.0,0.0,0.0,0.0,0.0,0.0,0.0,0.0,0.0,0.0,0.0,0.0,0.0,0.0,0.0,2151.620297948362
2015-01-03,0.721709,2132.579764163036,822.730942837889,0.0,1299.059795559893,0.0,0.0,0.0,0.0,0.0,0.0,2108.7856171355525,0.0,0.0,0.0,0.0,0.0,1698.3487409098836,0.0,0.0,1641.2286355579404
2015-01-10,1.11036,1135.0339681578282,1275.9257655031695,0.0,789.3669742575963,0.0,0.0,0.0,0.0,0.0,0.0,1341.3263080400686,0.0,0.0,0.0,0.0,0.0,1637.3104703162553,0.0,0.0,1813.542863207657
2015-01-17,1.02768,1523.635030679281,1940.9604360698968,0.0,0.0,0.0,0.0,0.0,0.0,0.0,0.0,879.9991127358801,0.0,0.0,921.943222349914,0.0,0.0,1546.3802361822682,0.0,0.0,1743.2888739573502
2015-01-24,1.9408,2317.429306392504,2412.906854822281,0.0,0.0,0.0,862.6281138022856,0.0,761.8166915821022,761.8166915821022,0.0,799.5546848651185,0.0,0.0,0.0,0.0,847.9067324013133,1932.7477635141684,0.0,0.0,1202.59153767533
2015-01-31,1.68977,2237.814120589123,1855.4741217320045,0.0,0.0,0.0,0.0,0.0,775.8132269481359,775.8132269481358,0.0,975.3687709063528,0.0,0.0,823.4350309515175,0.0,0.0,1252.1081664089288,0.0,0.0,1574.4460562212375
2015-02-07,1.88324,1368.6190647643928,1136.0800647890287,0.0,0.0,939.1020226607668,0.0,0.0,0.0,0.0,0.0,972.9666517647934,0.0,0.0,761.6402236239142,0.0,0.0,1739.290342466424,0.0,0.0,1657.3088222490446
2015-02-14,1.37758,0.0,1138.7794420324494,0.0,0.0,0.0,0.0,0.0,0.0,0.0,0.0,940.2385013187316,0.0,0.0,0.0,0.0,0.0,1901.289373149805,0.0,0.0,1547.3501513354486
2015-02-21,1.30143,802.6017906411918,0.0,0.0,0.0,0.0,0.0,0.0,0.0,0.0,0.0,0.0,0.0,0.0,0.0,0.0,0.0,1369.5943817265195,0.0,0.0,1157.0165410874472
2015-02-28,0.779111,1536.6431816428835,976.2115372997685,0.0,0.0,0.0,0.0,0.0,0.0,0.0,0.0,0.0,0.0,0.0,0.0,0.0,0.0,1083.053829776184,0.0,0.0,2815.1665024055915
2015-03-07,0.765249,0.0,0.0,0.0,0.0,0.0,0.0,0.0,0.0,0.0,0.0,0.0,0.0,0.0,0.0,0.0,0.0,913.979933025187,0.0,0.0,1194.7433868160265
2015-03-14,0.614667,879.1605941951776,0.0,0.0,0.0,0.0,0.0,0.0,0.0,0.0,0.0,0.0,0.0,0.0,0.0,0.0,0.0,912.64895130094,0.0,0.0,2776.4745869534663
2015-03-21,0.257954,880.6552720515112,843.6118777871457,0.0,0.0,0.0,0.0,0.0,0.0,0.0,0.0,1130.7241751914175,0.0,0.0,0.0,0.0,0.0,0.0,0.0,0.0,2576.7545023986663
2015-03-28,0.386681,0.0,0.0,0.0,0.0,0.0,0.0,0.0,0.0,0.0,1333.4607109637518,1732.8534064873616,0.0,1333.4607109637518,0.0,0.0,0.0,1330.4528618576207,0.0,0.0,0.0
2015-04-04,0.42687,0.0,1141.510193005811,0.0,0.0,0.0,0.0,0.0,0.0,0.0,0.0,0.0,0.0,0.0,0.0,0.0,0.0,1680.5395176878676,0.0,0.0,1093.0021274147412
2015-04-11,0.442478,0.0,0.0,0.0,0.0,0.0,0.0,0.0,0.0,0.0,0.0,0.0,0.0,0.0,0.0,0.0,0.0,1259.698876139747,0.0,0.0,1331.041347414557
2015-04-18,0.241228,980.8118548810952,0.0,0.0,0.0,0.0,0.0,0.0,0.0,0.0,0.0,948.0232340526306,0.0,0.0,0.0,0.0,0.0,1893.3104705003016,0.0,0.0,1144.524745551265
2015-04-25,0.349913,0.0,0.0,0.0,0.0,0.0,0.0,0.0,0.0,0.0,0.0,950.9245662103202,0.0,0.0,0.0,0.0,0.0,855.1958299768002,0.0,0.0,984.2791472883245
2015-05-02,0.262467,0.0,0.0,0.0,0.0,0.0,0.0,0.0,0.0,0.0,0.0,0.0,0.0,0.0,0.0,0.0,0.0,896.1728350339029,0.0,0.0,1160.248786963457
2015-05-09,0.137394,0.0,0.0,0.0,0.0,0.0,0.0,0.0,0.0,0.0,0.0,1345.1544882970345,0.0,0.0,0.0,0.0,0.0,838.2284377400873,0.0,0.0,822.7719795208614
2015-05-16,0.0493218,0.0,0.0,0.0,0.0,0.0,0.0,0.0,0.0,0.0,0.0,0.0,0.0,0.0,0.0,0.0,1228.910530144193,1108.0513525603965,0.0,0.0,0.0
2015-05-23,0.106326,0.0,0.0,0.0,0.0,0.0,0.0,0.0,0.0,0.0,0.0,0.0,0.0,0.0,0.0,0.0,0.0,1884.1029632242523,0.0,0.0,0.0
2015-05-30,0.0,0.0,0.0,0.0,0.0,0.0,0.0,0.0,0.0,0.0,0.0,0.0,0.0,0.0,0.0,0.0,0.0,0.0,0.0,0.0,1836.1239908883445
2015-06-06,0.0826446,0.0,0.0,0.0,0.0,0.0,0.0,0.0,0.0,0.0,0.0,0.0,0.0,0.0,0.0,0.0,0.0,0.0,0.0,0.0,1451.6894836503209
2015-06-13,0.0828729,0.0,0.0,0.0,0.0,0.0,0.0,0.0,0.0,0.0,0.0,0.0,0.0,0.0,0.0,0.0,0.0,1430.8025397743486,0.0,0.0,0.0
2015-06-20,0.0589971,0.0,0.0,0.0,0.0,0.0,0.0,0.0,0.0,0.0,0.0,0.0,0.0,0.0,0.0,0.0,0.0,981.201302846214,0.0,0.0,904.2700991980732
2015-06-27,0.0300933,0.0,0.0,0.0,0.0,0.0,0.0,0.0,0.0,0.0,0.0,0.0,0.0,0.0,0.0,0.0,0.0,0.0,0.0,0.0,1159.6774222151446
2015-07-04,0.036483,0.0,0.0,0.0,0.0,0.0,0.0,0.0,0.0,0.0,0.0,0.0,0.0,0.0,0.0,0.0,0.0,883.3835215599593,0.0,0.0,1631.847341070736
2015-07-11,0.0,0.0,0.0,0.0,0.0,0.0,0.0,0.0,0.0,0.0,0.0,1139.9097584686212,0.0,0.0,0.0,0.0,0.0,0.0,0.0,0.0,902.5799889252949
2015-07-18,0.0343171,0.0,0.0,0.0,0.0,0.0,0.0,0.0,0.0,0.0,0.0,0.0,0.0,0.0,0.0,0.0,0.0,819.8015062289688,0.0,0.0,0.0
2015-07-25,0.0,0.0,0.0,0.0,0.0,0.0,0.0,0.0,0.0,0.0,0.0,0.0,0.0,0.0,0.0,0.0,0.0,0.0,0.0,0.0,860.9766595168587
2015-08-01,0.0,0.0,0.0,0.0,0.0,0.0,0.0,0.0,0.0,0.0,0.0,0.0,0.0,0.0,0.0,0.0,0.0,0.0,0.0,0.0,1115.2157016886547
2015-08-08,0.0345543,0.0,0.0,0.0,0.0,0.0,0.0,0.0,0.0,0.0,0.0,0.0,0.0,0.0,0.0,0.0,0.0,1028.2059520372109,0.0,0.0,973.3003001246084
2015-08-15,0.0,0.0,0.0,0.0,0.0,0.0,0.0,0.0,0.0,0.0,0.0,0.0,0.0,0.0,0.0,0.0,0.0,0.0,0.0,0.0,1252.986918667035
2015-08-22,0.0859845,0.0,860.7856401519344,0.0,0.0,0.0,0.0,0.0,0.0,0.0,0.0,0.0,0.0,0.0,0.0,0.0,0.0,805.6421253213668,0.0,0.0,1041.777289226511
2015-08-29,0.0,0.0,0.0,0.0,0.0,0.0,0.0,0.0,0.0,0.0,0.0,0.0,0.0,0.0,0.0,0.0,0.0,0.0,0.0,0.0,0.0
2015-09-05,0.0729395,0.0,0.0,0.0,0.0,0.0,0.0,0.0,0.0,0.0,920.6475644439868,0.0,0.0,920.6475644439868,0.0,0.0,0.0,1564.2473235063364,0.0,0.0,1019.1844473834112
2015-09-12,0.0478927,0.0,0.0,0.0,0.0,0.0,0.0,0.0,0.0,0.0,0.0,0.0,0.0,0.0,0.0,0.0,930.9291966931136,0.0,0.0,0.0,868.5240911449563
2015-09-19,0.0733138,0.0,0.0,0.0,0.0,0.0,0.0,0.0,0.0,0.0,0.0,0.0,0.0,0.0,0.0,0.0,0.0,1475.6603723962207,0.0,0.0,0.0
2015-09-26,0.11592,0.0,0.0,0.0,0.0,0.0,0.0,0.0,0.0,0.0,0.0,0.0,0.0,0.0,0.0,0.0,0.0,1343.140523694903,0.0,0.0,0.0
2015-10-03,0.0653595,834.4699815042162,0.0,0.0,0.0,0.0,0.0,0.0,0.0,0.0,0.0,0.0,0.0,0.0,0.0,0.0,0.0,0.0,0.0,0.0,868.6043055961122
2015-10-10,0.0828672,0.0,0.0,0.0,0.0,782.016791507251,0.0,0.0,0.0,0.0,0.0,0.0,0.0,0.0,0.0,0.0,0.0,1838.92820642492,0.0,0.0,1211.6398936468097
2015-10-17,0.17753,0.0,0.0,0.0,0.0,0.0,0.0,0.0,0.0,0.0,0.0,891.5122798672209,0.0,0.0,0.0,0.0,0.0,1480.8789927036416,0.0,0.0,0.0
2015-10-24,0.137426,1931.898432972863,0.0,0.0,0.0,0.0,0.0,0.0,0.0,0.0,0.0,1041.0866588639246,0.0,0.0,0.0,0.0,0.0,1311.7705779877258,0.0,0.0,1006.3646455526844
2015-10-31,0.20979,0.0,765.5514009938232,0.0,0.0,0.0,0.0,0.0,0.0,0.0,0.0,1345.813601757843,0.0,0.0,0.0,0.0,965.7921034648796,1475.8974067851684,0.0,0.0,751.9348484538056
2015-11-07,0.240385,844.9481537967605,0.0,0.0,0.0,0.0,0.0,0.0,0.0,0.0,0.0,0.0,0.0,0.0,0.0,0.0,0.0,997.8413294845302,0.0,0.0,1631.1809330760657
2015-11-14,0.209809,0.0,0.0,0.0,0.0,764.7722708418379,0.0,0.0,0.0,0.0,0.0,0.0,0.0,0.0,0.0,0.0,0.0,1556.4226107870904,0.0,0.0,1094.3120150946295
2015-11-21,0.279525,0.0,0.0,801.3661624269478,0.0,0.0,0.0,0.0,0.0,0.0,0.0,1219.6126902340134,0.0,0.0,0.0,0.0,0.0,1620.547176066093,0.0,0.0,870.1015856137307
2015-11-28,0.10772,0.0,0.0,0.0,0.0,0.0,0.0,0.0,0.0,0.0,0.0,0.0,0.0,0.0,0.0,0.0,0.0,1415.5418180424451,0.0,0.0,0.0
2015-12-05,0.463897,0.0,0.0,0.0,0.0,0.0,0.0,0.0,0.0,0.0,0.0,0.0,0.0,0.0,0.0,0.0,0.0,1574.2823420103618,0.0,0.0,0.0
2015-12-12,0.464084,746.8037660612204,0.0,0.0,0.0,0.0,0.0,0.0,0.0,0.0,0.0,0.0,0.0,0.0,0.0,0.0,0.0,1284.7810744918186,0.0,0.0,704.7577022760422
2015-12-19,0.400168,0.0,0.0,0.0,0.0,0.0,0.0,0.0,0.0,0.0,0.0,0.0,0.0,0.0,0.0,0.0,0.0,1141.1118729200082,0.0,0.0,1781.6207854760846
2015-12-26,0.416934,0.0,0.0,0.0,0.0,0.0,0.0,0.0,0.0,0.0,0.0,0.0,0.0,0.0,0.0,0.0,0.0,2093.752114366088,0.0,0.0,2387.659877336519
2016-01-02,0.509404,0.0,0.0,0.0,0.0,0.0,0.0,0.0,0.0,0.0,0.0,1184.5407920542634,783.43347011689,0.0,0.0,783.43347011689,740.8922159496484,1764.5446188914757,0.0,0.0,1487.5289333675107
2016-01-09,0.368409,0.0,837.5030365055944,0.0,0.0,0.0,0.0,0.0,0.0,0.0,0.0,818.2252154461462,787.7784424638403,0.0,0.0,787.7784424638404,0.0,1068.2842213862375,0.0,0.0,2020.596852308097
2016-01-16,0.480077,0.0,0.0,0.0,0.0,0.0,0.0,0.0,0.0,0.0,0.0,1129.7244756875486,0.0,0.0,0.0,0.0,0.0,1047.3814438931445,0.0,0.0,1352.9102547241655
2016-01-23,0.408163,0.0,0.0,0.0,0.0,0.0,0.0,0.0,0.0,0.0,0.0,614.7875485193279,0.0,0.0,0.0,0.0,0.0,853.0756712301909,0.0,0.0,1534.0170043694902
2016-01-30,0.45045,0.0,0.0,0.0,0.0,0.0,559.0480947961402,0.0,0.0,0.0,0.0,0.0,0.0,0.0,572.5215168030877,0.0,0.0,0.0,0.0,0.0,1596.6926965573912
2016-02-06,0.588713,743.7013441005449,887.4967792622746,0.0,592.3093409471858,0.0,0.0,0.0,0.0,0.0,0.0,843.5845957776354,0.0,0.0,955.1135928389132,0.0,0.0,676.810393742434,0.0,0.0,1710.677185741024
2016-02-13,0.626305,0.0,756.8567109638221,0.0,0.0,0.0,0.0,0.0,0.0,0.0,0.0,1921.0704412811972,0.0,0.0,0.0,0.0,0.0,1541.1298119819476,0.0,0.0,1895.5894078195472
2016-02-20,0.655165,814.5919279399121,0.0,0.0,616.710784943287,0.0,0.0,0.0,0.0,0.0,0.0,1038.275936655392,0.0,0.0,0.0,0.0,0.0,1017.3678940991476,0.0,0.0,1613.8112684833163
2016-02-27,0.753212,608.1126338083171,619.628288110384,0.0,0.0,0.0,0.0,0.0,0.0,0.0,0.0,0.0,0.0,0.0,0.0,0.0,0.0,1917.2810094967,0.0,0.0,1832.730715918832
2016-03-05,0.783828,885.0973013769205,752.1380792771263,0.0,0.0,0.0,0.0,0.0,0.0,0.0,0.0,560.9375705014149,0.0,0.0,0.0,0.0,0.0,1406.8141486122263,0.0,0.0,2205.187360954405
2016-03-12,1.2543,0.0,685.9580668120566,0.0,0.0,0.0,0.0,0.0,805.7561719888319,805.7561719888316,0.0,666.3526072126085,0.0,0.0,614.8156308241605,0.0,0.0,1691.645528308164,0.0,0.0,1230.3621364197968
2016-03-19,1.27737,734.2165249184759,1215.7584456672885,0.0,0.0,0.0,0.0,0.0,653.1092198328962,653.1092198328962,0.0,955.193666949676,0.0,0.0,0.0,0.0,953.402784101646,1790.2231585543657,0.0,0.0,1596.4216957159172
2016-03-26,1.18102,1039.9177890065534,1006.2898843863644,0.0,0.0,0.0,0.0,0.0,0.0,0.0,0.0,603.9410513512569,0.0,0.0,0.0,0.0,0.0,927.1544854135464,0.0,0.0,1993.0894150061245
2016-04-02,1.36437,612.7397130586106,0.0,0.0,0.0,0.0,0.0,0.0,0.0,0.0,0.0,0.0,0.0,0.0,0.0,0.0,703.3804514875552,1454.8015765595258,0.0,0.0,1489.6671003424544
2016-04-09,0.932994,825.1233065783937,866.9686642402916,0.0,560.8402067480519,0.0,621.5859889032963,0.0,0.0,0.0,0.0,570.6171833978476,0.0,0.0,0.0,0.0,0.0,1566.8515291565873,0.0,0.0,1457.0163234878578
2016-04-16,0.750313,0.0,556.2836117882367,0.0,0.0,0.0,0.0,0.0,0.0,0.0,0.0,594.4143545307921,0.0,0.0,0.0,0.0,0.0,889.8496302660578,0.0,0.0,1323.6706772543112
2016-04-23,0.424989,0.0,0.0,0.0,0.0,0.0,0.0,0.0,0.0,0.0,0.0,0.0,0.0,0.0,0.0,0.0,0.0,1177.0932672090214,0.0,0.0,1824.2312692786452
2016-04-30,0.428266,0.0,0.0,0.0,0.0,0.0,0.0,0.0,0.0,0.0,0.0,771.2004091504036,0.0,0.0,0.0,0.0,0.0,0.0,0.0,0.0,1611.2988452980742
2016-05-07,0.56843,0.0,0.0,0.0,0.0,0.0,0.0,0.0,0.0,0.0,0.0,974.7254706450452,0.0,0.0,0.0,0.0,0.0,1216.0717651155403,0.0,0.0,1574.1087931990928
2016-05-14,0.417864,0.0,599.221993418552,0.0,0.0,0.0,0.0,0.0,0.0,0.0,0.0,858.5642931986562,0.0,0.0,0.0,0.0,0.0,774.0804171674396,0.0,0.0,1523.2171017804478
2016-05-21,0.471698,0.0,0.0,0.0,0.0,0.0,0.0,0.0,0.0,0.0,0.0,0.0,0.0,0.0,0.0,0.0,0.0,839.2736489377455,0.0,0.0,1569.3462341574243
2016-05-28,0.264296,0.0,0.0,0.0,0.0,0.0,0.0,0.0,0.0,0.0,0.0,0.0,0.0,0.0,0.0,0.0,0.0,700.9754036679049,0.0,0.0,947.4999904967506
2016-06-04,0.379027,0.0,0.0,0.0,573.0917971402157,0.0,0.0,0.0,0.0,0.0,0.0,0.0,0.0,0.0,0.0,0.0,0.0,819.7274831314451,0.0,0.0,1053.5732368290555
2016-06-11,0.406642,0.0,0.0,0.0,0.0,0.0,0.0,0.0,0.0,0.0,0.0,0.0,0.0,0.0,0.0,0.0,0.0,943.3671925371568,0.0,0.0,1560.9132059299443
2016-06-18,0.3001,0.0,0.0,0.0,0.0,0.0,0.0,0.0,0.0,0.0,0.0,0.0,0.0,0.0,0.0,0.0,0.0,0.0,0.0,0.0,619.2632798141636
2016-06-25,0.187477,0.0,0.0,0.0,0.0,0.0,0.0,0.0,0.0,0.0,0.0,0.0,0.0,0.0,0.0,0.0,0.0,0.0,0.0,0.0,1561.3995992915738
2016-07-02,0.247001,0.0,0.0,0.0,0.0,0.0,0.0,0.0,0.0,0.0,0.0,0.0,0.0,0.0,0.0,0.0,0.0,1454.933261271759,0.0,0.0,1069.0822800646315
2016-07-09,0.138504,0.0,0.0,0.0,0.0,0.0,0.0,0.0,0.0,0.0,0.0,0.0,0.0,0.0,0.0,0.0,0.0,0.0,0.0,0.0,914.4720121718595
2016-07-16,0.351741,0.0,0.0,0.0,0.0,0.0,0.0,0.0,0.0,0.0,0.0,0.0,0.0,0.0,0.0,0.0,0.0,0.0,0.0,0.0,956.8836634944178
2016-07-23,0.266845,0.0,0.0,0.0,0.0,0.0,0.0,0.0,0.0,0.0,0.0,0.0,0.0,0.0,0.0,0.0,0.0,0.0,0.0,0.0,966.9893184469606
2016-07-30,0.411734,0.0,0.0,0.0,0.0,0.0,0.0,0.0,0.0,0.0,0.0,0.0,0.0,0.0,0.0,0.0,0.0,0.0,0.0,0.0,0.0
2016-08-06,0.505561,0.0,0.0,0.0,0.0,0.0,0.0,0.0,0.0,0.0,0.0,0.0,0.0,0.0,0.0,0.0,0.0,803.2162472999945,0.0,0.0,1175.777051684993
2016-08-13,0.469729,0.0,0.0,0.0,0.0,0.0,0.0,0.0,0.0,0.0,0.0,0.0,0.0,0.0,0.0,0.0,0.0,0.0,0.0,0.0,0.0
2016-08-20,0.369783,0.0,0.0,0.0,0.0,0.0,0.0,0.0,0.0,0.0,0.0,0.0,0.0,0.0,0.0,0.0,0.0,808.1792295183003,0.0,0.0,1023.4672376710756
2016-08-27,0.498753,0.0,0.0,0.0,0.0,0.0,0.0,0.0,0.0,0.0,0.0,0.0,0.0,0.0,0.0,0.0,0.0,0.0,0.0,0.0,1116.4674777752518
2016-09-03,0.341463,0.0,0.0,0.0,0.0,0.0,0.0,0.0,0.0,0.0,0.0,0.0,0.0,0.0,675.5462104796815,0.0,0.0,751.1136547204719,0.0,0.0,1088.5895475205675
2016-09-10,0.588235,0.0,0.0,0.0,0.0,0.0,0.0,0.0,0.0,0.0,0.0,564.8261068665978,0.0,0.0,0.0,0.0,0.0,1271.61274447395,0.0,0.0,1422.0669304854378
2016-09-17,0.260281,0.0,0.0,0.0,553.7741764054913,0.0,0.0,0.0,0.0,0.0,0.0,0.0,0.0,0.0,0.0,0.0,0.0,3948.102959221583,0.0,0.0,1335.8971574245015
2016-09-24,0.455373,0.0,0.0,0.0,0.0,0.0,0.0,0.0,0.0,0.0,0.0,637.9065366360667,0.0,0.0,0.0,0.0,0.0,1391.4493187643216,568.574716416875,568.5747164168752,1076.286991900297
2016-10-01,0.408998,1500.7519601994002,0.0,0.0,0.0,0.0,0.0,0.0,0.0,0.0,0.0,677.7078700660819,0.0,0.0,0.0,0.0,0.0,1160.6998132289673,0.0,0.0,1869.2680290199005
2016-10-08,0.249252,942.7178150191,0.0,0.0,0.0,0.0,0.0,0.0,0.0,0.0,0.0,878.7412642663253,0.0,0.0,0.0,0.0,0.0,1568.7258954245883,0.0,0.0,1846.2724423622103
2016-10-15,0.225035,565.4301499480499,0.0,0.0,0.0,0.0,0.0,0.0,0.0,0.0,0.0,657.3033490426282,0.0,0.0,0.0,0.0,0.0,982.3544128841768,0.0,0.0,2130.616752422122
2016-10-22,0.219619,0.0,0.0,0.0,0.0,0.0,0.0,0.0,0.0,0.0,0.0,1024.9763428526292,0.0,0.0,0.0,0.0,0.0,1444.0260225836266,0.0,0.0,1324.7609016490376
2016-10-29,0.332305,845.7626413860569,0.0,0.0,0.0,0.0,0.0,0.0,0.0,0.0,0.0,925.0315377827376,0.0,0.0,0.0,0.0,0.0,1287.4289271279554,0.0,0.0,1018.9185290107
2016-11-05,0.50438,540.689728553221,0.0,0.0,0.0,0.0,0.0,0.0,0.0,0.0,0.0,848.502561763185,0.0,0.0,0.0,0.0,0.0,1237.1948801653198,0.0,0.0,879.8443333236283
2016-11-12,0.461277,686.0196688708749,0.0,0.0,0.0,0.0,0.0,0.0,0.0,0.0,0.0,0.0,0.0,0.0,0.0,0.0,0.0,890.0646806553359,0.0,0.0,1279.747268588889
2016-11-19,0.353857,542.8651345269838,0.0,0.0,0.0,0.0,0.0,0.0,0.0,0.0,0.0,630.0546967697688,0.0,0.0,544.8610054020044,0.0,0.0,1470.6693170524811,0.0,0.0,1653.67233192459
2016-11-26,0.356506,0.0,0.0,0.0,0.0,0.0,0.0,0.0,0.0,0.0,0.0,818.5478508987989,0.0,0.0,0.0,0.0,0.0,1667.90281416255,0.0,0.0,1458.5166468311363
2016-12-03,0.299057,762.9800907940447,787.2671151151077,0.0,0.0,0.0,0.0,791.1899424652186,0.0,0.0,0.0,554.472122593183,0.0,0.0,0.0,0.0,0.0,1572.3254950018386,0.0,0.0,1452.8476229829184
2016-12-10,0.333847,634.5119266841772,694.2233700601441,0.0,0.0,0.0,0.0,0.0,0.0,0.0,0.0,717.0785276801897,0.0,0.0,637.5702893515452,0.0,0.0,1518.6726919504165,0.0,0.0,1826.3024612183308
2016-12-17,0.463679,0.0,0.0,0.0,0.0,0.0,0.0,0.0,0.0,0.0,0.0,705.423453191803,0.0,0.0,0.0,0.0,0.0,1367.617958275562,0.0,0.0,1530.069604906973
2016-12-24,0.563222,0.0,900.1936383461843,0.0,0.0,0.0,670.3229750294292,0.0,0.0,0.0,0.0,758.819932442882,0.0,0.0,0.0,0.0,0.0,1354.1644072943366,0.0,0.0,1224.0510544302274
2016-12-31,0.219974,681.2563747334099,747.6837085921838,0.0,0.0,0.0,0.0,0.0,0.0,0.0,0.0,688.7168674030424,0.0,0.0,0.0,0.0,0.0,1235.390323539421,0.0,0.0,1427.752090251351
2017-01-07,0.536616,786.0913000483771,0.0,0.0,0.0,0.0,0.0,0.0,0.0,0.0,0.0,710.0292424298494,0.0,0.0,751.9719503122973,0.0,0.0,2247.425255594225,0.0,0.0,1753.7861101630438
2017-01-14,0.620417,741.0742536063262,641.6667908571416,0.0,0.0,0.0,0.0,0.0,496.6459401728415,496.6459401728416,0.0,1008.1140368086054,0.0,0.0,0.0,0.0,0.0,1841.334607554824,0.0,0.0,2649.337596681657
2017-01-21,0.517007,0.0,727.2675432607651,0.0,0.0,0.0,0.0,0.0,0.0,0.0,612.152146655913,972.5789511965232,0.0,612.1521466559129,872.5504454580683,0.0,663.8963284351395,1505.7198646614183,0.0,0.0,1928.068612747481
2017-01-28,0.693756,755.4419181122104,0.0,0.0,566.4700839453793,0.0,0.0,0.0,0.0,0.0,0.0,1449.8119791139725,0.0,0.0,660.4173737764567,0.0,0.0,1756.2193985295105,0.0,0.0,1472.308333222864
2017-02-04,0.632431,1068.6651893085966,513.7032686882551,0.0,898.9594365818024,561.8500979759144,523.2865523485452,0.0,0.0,0.0,0.0,594.9564921245308,0.0,0.0,0.0,0.0,790.7900205123078,1599.907150633843,0.0,0.0,1576.8449222385505
2017-02-11,1.19889,923.5868072892272,614.4210617624167,0.0,0.0,0.0,0.0,0.0,0.0,0.0,0.0,572.1163341220272,0.0,0.0,786.7113639752113,0.0,0.0,1117.905063157466,0.0,0.0,2440.831923901613
2017-02-18,1.6573,979.6027348602596,519.2859356827984,0.0,0.0,0.0,0.0,0.0,1106.2082164598642,1106.2082164598642,0.0,1262.5784162548025,0.0,0.0,550.3608041832479,0.0,0.0,1117.7180940191497,0.0,0.0,1917.2075011055208
2017-02-25,1.71595,855.4769159830694,707.520825514711,0.0,498.5214063299932,0.0,0.0,0.0,0.0,0.0,480.46749180869375,672.7186325666933,0.0,480.46749180869375,0.0,0.0,0.0,1650.722296576681,0.0,0.0,2049.6165098292154
2017-03-04,1.18394,1077.4292557980525,0.0,0.0,495.2045145307383,0.0,0.0,0.0,0.0,0.0,0.0,1273.7708383255044,0.0,0.0,0.0,0.0,0.0,1134.7110765726356,0.0,0.0,1906.5509382642424
2017-03-11,1.06908,888.1791446907075,913.8845149355732,0.0,769.6257104204327,0.0,0.0,0.0,0.0,0.0,0.0,847.2343613803808,0.0,0.0,0.0,0.0,0.0,1267.421556696803,0.0,0.0,2021.8436365715436
2017-03-18,1.24528,1003.0653506722732,0.0,0.0,0.0,674.6615193335043,0.0,562.329978856487,0.0,0.0,0.0,861.1127834382505,0.0,0.0,0.0,0.0,0.0,1216.048552690654,0.0,0.0,1277.7369058038032
2017-03-25,1.09769,984.7812352122064,0.0,0.0,0.0,0.0,0.0,0.0,0.0,0.0,0.0,780.7277499504365,0.0,0.0,0.0,0.0,0.0,1167.5298361576642,0.0,0.0,965.9268726625586
2017-04-01,0.891892,842.6888054482174,575.4861075871295,0.0,0.0,492.1872667044619,0.0,650.4806117670964,0.0,0.0,0.0,886.9679481696269,0.0,0.0,0.0,0.0,0.0,1993.830003003459,0.0,0.0,2055.464995845134
2017-04-08,1.77638,811.075325881684,826.0171834956458,0.0,0.0,0.0,0.0,0.0,0.0,0.0,0.0,1051.1851508072562,0.0,0.0,561.170165860694,0.0,550.9559993568786,1335.0155527037984,0.0,0.0,987.491756221574
2017-04-15,0.722624,1006.0361519883854,0.0,0.0,0.0,0.0,0.0,0.0,0.0,0.0,0.0,742.856351770406,0.0,0.0,794.4378234394327,0.0,0.0,1335.9968042289015,574.9894520765686,574.9894520765687,1078.8721442284598
2017-04-22,1.16248,549.056264733208,0.0,0.0,676.7000596729515,0.0,0.0,0.0,0.0,0.0,0.0,1078.6010477989582,0.0,0.0,0.0,0.0,0.0,1279.1990125415423,0.0,0.0,1219.3705687081067
2017-04-29,0.540541,800.7128882612841,0.0,0.0,0.0,0.0,0.0,0.0,0.0,0.0,0.0,874.7230923923082,0.0,0.0,0.0,0.0,0.0,858.5586507742648,0.0,0.0,1191.1658492323309
2017-05-06,0.421941,0.0,0.0,0.0,0.0,0.0,0.0,0.0,0.0,0.0,0.0,679.8990487195749,0.0,0.0,0.0,0.0,0.0,800.2853777147642,0.0,0.0,1834.63741875536
2017-05-13,0.682788,0.0,0.0,0.0,540.0378419109977,0.0,0.0,0.0,0.0,0.0,0.0,0.0,0.0,0.0,0.0,0.0,0.0,1109.7024432402625,0.0,0.0,1594.343551116062
2017-05-20,0.373367,0.0,530.5394650599287,0.0,0.0,0.0,0.0,0.0,0.0,0.0,0.0,0.0,0.0,0.0,0.0,0.0,0.0,1390.218806586964,0.0,0.0,2073.4461314280925
2017-05-27,0.388007,0.0,0.0,0.0,0.0,0.0,0.0,0.0,0.0,0.0,0.0,0.0,0.0,0.0,0.0,0.0,0.0,731.4057502540811,0.0,0.0,1199.5248895003097
2017-06-03,0.471032,0.0,0.0,0.0,703.7955393798738,0.0,0.0,0.0,0.0,0.0,0.0,0.0,0.0,0.0,0.0,0.0,0.0,676.3722777396221,0.0,0.0,1526.595198044456
2017-06-10,0.2456,0.0,0.0,0.0,0.0,0.0,0.0,0.0,0.0,0.0,0.0,1028.7342375277444,0.0,0.0,0.0,0.0,0.0,0.0,0.0,0.0,1680.7160666728334
2017-06-17,0.239521,557.1157634503145,0.0,0.0,0.0,0.0,0.0,0.0,0.0,0.0,0.0,0.0,0.0,0.0,0.0,0.0,0.0,1091.1832256286043,0.0,0.0,1135.823961263773
2017-06-24,0.424268,0.0,0.0,0.0,0.0,0.0,0.0,0.0,0.0,0.0,0.0,0.0,0.0,0.0,728.231335694102,0.0,668.1742125529842,0.0,0.0,0.0,943.5408632987986
2017-07-01,0.12848,0.0,0.0,0.0,0.0,0.0,0.0,0.0,0.0,0.0,0.0,618.7096363081721,0.0,0.0,0.0,0.0,0.0,651.8644889448988,0.0,0.0,1211.745123704956
2017-07-08,0.42709,0.0,0.0,0.0,0.0,0.0,0.0,0.0,0.0,0.0,0.0,724.9467670533797,0.0,0.0,0.0,0.0,0.0,0.0,0.0,0.0,0.0
2017-07-15,0.660211,0.0,0.0,0.0,0.0,0.0,0.0,0.0,0.0,0.0,0.0,0.0,0.0,0.0,0.0,0.0,0.0,997.6086539862064,0.0,0.0,777.4141566200326
2017-07-22,0.402994,0.0,0.0,0.0,0.0,0.0,0.0,0.0,0.0,0.0,0.0,549.9296288886121,0.0,0.0,0.0,0.0,0.0,0.0,0.0,0.0,813.3966519098743
2017-07-29,0.589391,0.0,0.0,0.0,0.0,0.0,0.0,0.0,0.0,0.0,0.0,0.0,0.0,0.0,0.0,0.0,0.0,812.3612329683592,0.0,0.0,1489.022538228495
2017-08-05,0.33761,0.0,0.0,0.0,0.0,0.0,0.0,0.0,0.0,0.0,0.0,0.0,0.0,0.0,0.0,0.0,0.0,0.0,0.0,0.0,553.9751773156328
2017-08-12,0.357782,0.0,0.0,0.0,0.0,0.0,0.0,0.0,0.0,0.0,0.0,0.0,0.0,0.0,841.2029750354423,0.0,0.0,662.7804992980158,0.0,0.0,814.6179339716823
2017-08-19,0.606878,0.0,0.0,0.0,0.0,0.0,0.0,0.0,0.0,0.0,0.0,588.5853127670787,0.0,0.0,0.0,0.0,0.0,731.2137678433619,0.0,0.0,1105.2257968989006
2017-08-26,0.431034,0.0,0.0,0.0,0.0,0.0,0.0,0.0,0.0,0.0,0.0,0.0,0.0,0.0,0.0,0.0,0.0,0.0,0.0,0.0,980.0409638436208
2017-09-02,0.287219,0.0,0.0,0.0,641.0046228355604,0.0,0.0,0.0,0.0,0.0,0.0,0.0,0.0,0.0,0.0,0.0,0.0,0.0,0.0,0.0,983.6751918885308
2017-09-09,0.282646,0.0,0.0,0.0,0.0,0.0,0.0,0.0,716.3205104403434,716.3205104403432,0.0,0.0,0.0,0.0,0.0,0.0,0.0,867.2377364982689,0.0,0.0,999.3944723252248
2017-09-16,0.720461,521.8602121578479,0.0,0.0,0.0,487.7620247629935,0.0,0.0,0.0,0.0,0.0,0.0,0.0,0.0,0.0,0.0,0.0,1312.2723465984802,0.0,0.0,1163.3097830238846
2017-09-23,0.448029,752.181707539657,0.0,0.0,577.2589392944109,0.0,0.0,0.0,0.0,0.0,0.0,869.8487473809544,0.0,0.0,0.0,0.0,0.0,831.2259702413635,0.0,0.0,1054.847695209578
2017-09-30,0.633446,0.0,697.3990589596021,0.0,0.0,0.0,0.0,0.0,0.0,0.0,0.0,548.1021183687491,0.0,0.0,0.0,0.0,0.0,1323.309254045115,0.0,0.0,1412.3633783007042
2017-10-07,0.679222,850.6383436689191,0.0,0.0,0.0,0.0,0.0,0.0,0.0,0.0,0.0,505.64583050893486,0.0,0.0,541.8222223840378,0.0,0.0,686.4101451178592,0.0,0.0,874.6014449582814
2017-10-14,0.387919,508.7310208060878,0.0,0.0,0.0,0.0,864.3373622825034,0.0,0.0,0.0,0.0,832.6281892094092,0.0,0.0,0.0,0.0,0.0,2233.554173817483,0.0,0.0,1465.8811414103052
2017-10-21,0.454933,508.7516897240996,0.0,0.0,0.0,0.0,575.1677426491088,0.0,0.0,0.0,0.0,1028.9595385657,0.0,0.0,0.0,0.0,0.0,1412.0934080459256,0.0,0.0,1423.2377906872696
2017-10-28,0.645705,644.9193769134947,0.0,0.0,0.0,0.0,0.0,0.0,0.0,0.0,0.0,0.0,0.0,0.0,0.0,0.0,0.0,669.8202560802573,0.0,0.0,847.3689368179183
2017-11-04,0.720504,754.4445925362431,0.0,0.0,656.2542484689499,0.0,0.0,0.0,548.0010039759948,548.0010039759946,0.0,0.0,0.0,0.0,0.0,0.0,0.0,1344.2434984737176,0.0,0.0,1612.8361346471622
2017-11-11,0.613497,621.5204791084811,0.0,0.0,0.0,503.6377060499128,0.0,0.0,0.0,0.0,0.0,1002.9192712821232,0.0,0.0,0.0,0.0,0.0,1456.9191630304451,0.0,0.0,1556.4416935488532
2017-11-18,0.375171,510.1760067821497,0.0,0.0,566.3915833236073,0.0,0.0,0.0,0.0,0.0,0.0,731.4791657615434,0.0,0.0,0.0,0.0,0.0,1386.2049136893222,0.0,0.0,1301.6684198116195
2017-11-25,0.722022,0.0,0.0,0.0,0.0,507.90658179577287,0.0,0.0,0.0,0.0,0.0,1353.0333874672078,0.0,0.0,0.0,0.0,0.0,890.6314165341473,0.0,0.0,1100.5023262464
2017-12-02,0.76945,974.5411177593232,0.0,0.0,0.0,0.0,0.0,0.0,0.0,0.0,0.0,1045.1442278044303,0.0,0.0,0.0,0.0,0.0,1908.4693764766355,0.0,0.0,1200.7934208061245
2017-12-09,0.62383,1230.3978163230438,654.5122816196852,0.0,0.0,0.0,0.0,0.0,0.0,0.0,0.0,1263.2511414445487,0.0,0.0,0.0,0.0,0.0,1285.6327656831847,0.0,0.0,1343.6272419963157
2017-12-16,0.785597,1226.2987174033842,0.0,0.0,562.6948920478982,0.0,0.0,0.0,0.0,0.0,0.0,0.0,0.0,0.0,0.0,0.0,0.0,1269.4009136130392,0.0,0.0,1442.985662962047
2017-12-23,0.831444,1089.341163376707,721.2135526083788,0.0,0.0,0.0,0.0,0.0,0.0,0.0,0.0,525.5857767292824,0.0,0.0,574.3459727019792,0.0,0.0,1954.332940900618,0.0,0.0,2287.7500659163966
2017-12-30,0.787879,1527.6168271011404,783.1223060696368,0.0,773.1655597648822,0.0,0.0,0.0,0.0,0.0,0.0,1031.4132950450949,0.0,0.0,0.0,0.0,543.5879492156365,2296.5376115062127,0.0,0.0,1653.4447229658583
2018-01-06,1.82501,1433.472961508729,911.8165062430104,0.0,708.377873089698,0.0,0.0,0.0,0.0,0.0,0.0,1760.9373141390436,0.0,0.0,826.2593223458485,0.0,0.0,1744.3806532649196,0.0,0.0,1758.925193483752
2018-01-13,1.75143,2415.8047894574765,2067.809916997416,0.0,1080.9744599203775,0.0,0.0,0.0,0.0,0.0,0.0,1022.2341998244344,0.0,0.0,802.8689010225099,0.0,0.0,2593.954674298476,0.0,0.0,2020.2010991522448
2018-01-20,3.12259,4912.471276514524,4088.065241164723,671.0019345735633,954.5889924278056,936.040412882055,645.5968795453308,0.0,850.5390339394809,850.5390339394806,0.0,746.2083778917387,534.4814822775243,0.0,949.788624548669,534.4814822775243,1001.7449593843614,2262.0903985161544,0.0,0.0,1403.0775578676512
2018-01-27,3.56789,5145.50500970164,3611.700493744618,529.08232899887,1454.1757716870698,606.6843253955368,527.5579440177567,520.1318182081177,788.1474277520387,788.1474277520384,0.0,933.8484158835638,0.0,0.0,0.0,0.0,477.6578794396646,2242.412811927526,823.296300348488,823.296300348488,1681.4422770512545
2018-02-03,4.8031,8770.302042577605,6625.265441317597,469.5972679459469,3113.35329974314,1315.9952684301593,1480.984567479103,889.0373185089891,2447.7132177684584,2447.713217768458,0.0,966.8241677337764,1191.444618206755,0.0,1018.2355103419908,1191.444618206755,1299.4592693657885,2202.010682060127,698.6927154398039,698.6927154398039,2433.1061703872024
2018-02-10,6.68648,6040.152965977558,5348.518237269742,561.0669408519116,2147.7148214522704,1054.7364349118764,1396.140538734451,972.2615412506648,982.7220147120923,982.7220147120922,551.4123184268154,658.6153727482272,0.0,551.4123184268154,1669.9257828128293,0.0,554.7999760674458,1376.6823289829294,676.598118372685,676.598118372685,1999.092726572348
2018-02-17,6.27188,5295.819803680921,4450.317599662032,523.8159926229384,1855.0912575628604,1169.6647785533428,1137.338269480353,695.7961461731817,892.8556413976854,892.8556413976854,718.9416688793827,1223.644877639569,527.8659856003346,718.9416688793825,1078.5774975867478,527.8659856003346,0.0,2045.50601455047,622.7117587563978,622.7117587563978,2040.81364585457
2018-02-24,3.47138,3720.2092079914937,3251.1461494656205,629.9150632397916,1543.0671062460735,878.3476872487072,713.9912524805324,549.0460917683563,1247.6591891966482,1247.6591891966482,0.0,512.3467455969538,838.4281536004469,0.0,619.3643236889114,838.4281536004469,709.7909306997874,1583.3923991808076,784.5817107758238,784.5817107758238,2787.6561578227647
2018-03-03,3.50989,2189.147225394177,2135.211510059918,0.0,0.0,750.7022498911622,0.0,0.0,889.4641073062934,889.4641073062936,0.0,799.8534563037992,0.0,0.0,0.0,0.0,0.0,1961.467705889927,0.0,0.0,2228.6940374256537
2018-03-10,1.83519,1513.755560476734,1654.952859106403,521.558340142339,641.8752851585879,932.4412665990776,0.0,0.0,0.0,0.0,0.0,549.3051081788432,641.7927644507605,0.0,0.0,641.7927644507605,0.0,1844.6820947917024,0.0,0.0,881.9934256503491
2018-03-17,0.974314,814.4434001007728,1002.4233324350204,0.0,0.0,0.0,0.0,0.0,0.0,0.0,498.50918132685695,842.6708678602711,0.0,498.5091813268569,607.5814794163567,0.0,0.0,1547.128422898867,0.0,0.0,915.1270911695952
2018-03-24,0.829611,970.4282091112028,923.9891940228551,0.0,661.7310158088977,473.4053995733721,0.0,0.0,0.0,0.0,0.0,662.8626671727096,0.0,0.0,0.0,0.0,0.0,1096.9666204470686,1151.1347351502177,1151.1347351502177,1591.1084230089289
2018-03-31,0.592085,792.4639908646227,1327.4595640031553,0.0,0.0,0.0,0.0,0.0,0.0,0.0,0.0,719.1020480380265,0.0,0.0,0.0,0.0,0.0,2027.1398848057363,0.0,0.0,1095.6610460706654
2018-04-07,1.12036,0.0,0.0,0.0,499.1985051958511,0.0,0.0,0.0,0.0,0.0,0.0,920.8175834862852,0.0,0.0,0.0,0.0,0.0,1309.575845557557,0.0,0.0,1873.911567124563
2018-04-14,0.541321,1072.8431536020614,907.3116028548816,0.0,0.0,0.0,583.260595275631,0.0,0.0,0.0,0.0,0.0,0.0,0.0,0.0,0.0,0.0,1361.1683215955654,766.2879771187328,766.2879771187328,1539.3809092646532
2018-04-21,0.733308,539.21919404991,770.776666575674,0.0,0.0,0.0,0.0,0.0,0.0,0.0,0.0,732.9419310821256,0.0,0.0,0.0,0.0,511.5436891736207,1411.189776009618,0.0,0.0,2212.3551282240605
2018-04-28,0.786749,873.0156846393513,542.1128876396358,0.0,0.0,0.0,0.0,0.0,0.0,0.0,0.0,762.9974818958194,0.0,0.0,0.0,0.0,0.0,1237.616563785058,0.0,0.0,1999.4328708315843
2018-05-05,0.585652,590.8878154951375,0.0,0.0,0.0,0.0,0.0,0.0,0.0,0.0,0.0,0.0,0.0,0.0,0.0,0.0,0.0,1221.4673220979168,0.0,0.0,1357.168429124499
2018-05-12,0.473588,0.0,0.0,0.0,0.0,0.0,0.0,0.0,798.3364739298377,798.3364739298377,0.0,0.0,0.0,0.0,0.0,0.0,0.0,1207.8429634584138,0.0,0.0,917.8222490687498
2018-05-19,0.464723,0.0,0.0,0.0,0.0,0.0,0.0,0.0,0.0,0.0,0.0,830.8966527378952,556.0739534000205,0.0,0.0,556.0739534000205,0.0,1595.928482949815,0.0,0.0,1351.8230727949208
2018-05-26,0.402299,0.0,0.0,0.0,0.0,0.0,0.0,0.0,0.0,0.0,0.0,624.0322140879673,0.0,0.0,0.0,0.0,0.0,1299.8251891416994,0.0,0.0,1167.2949882219948
2018-06-02,0.504626,0.0,0.0,0.0,0.0,0.0,0.0,0.0,0.0,0.0,0.0,630.9147135792077,0.0,0.0,0.0,0.0,0.0,715.6099150355423,0.0,0.0,1092.466517100008
2018-06-09,0.496102,507.30676851200144,0.0,0.0,0.0,0.0,0.0,0.0,0.0,0.0,0.0,603.9121482229907,0.0,0.0,0.0,0.0,0.0,1539.995767314157,0.0,0.0,986.1404851309672
2018-06-16,0.780142,0.0,0.0,0.0,0.0,0.0,0.0,0.0,0.0,0.0,0.0,0.0,0.0,0.0,0.0,0.0,537.866083115745,0.0,0.0,0.0,1184.4497934065869
2018-06-23,1.00358,0.0,0.0,0.0,0.0,0.0,0.0,0.0,0.0,0.0,0.0,0.0,0.0,0.0,0.0,0.0,0.0,983.1418542045795,0.0,0.0,1428.63621346704
2018-06-30,0.538876,0.0,617.3924787596765,0.0,0.0,0.0,0.0,0.0,0.0,0.0,0.0,0.0,0.0,0.0,0.0,0.0,0.0,1202.868693918084,0.0,0.0,1124.215771388858
2018-07-07,0.294695,0.0,0.0,0.0,0.0,0.0,0.0,0.0,0.0,0.0,0.0,0.0,0.0,0.0,0.0,0.0,0.0,566.7819299990595,0.0,0.0,1292.074315169275
2018-07-14,0.445765,0.0,0.0,0.0,0.0,950.7333721612596,0.0,0.0,0.0,0.0,0.0,0.0,0.0,0.0,0.0,0.0,719.2659419095174,572.391349373116,0.0,0.0,1171.5475359691666
2018-07-21,0.0770416,0.0,0.0,0.0,0.0,0.0,0.0,0.0,0.0,0.0,0.0,671.7986604108993,0.0,0.0,0.0,0.0,0.0,1003.1165345626172,0.0,0.0,1085.4719402559065
2018-07-28,0.60015,0.0,0.0,0.0,0.0,0.0,0.0,0.0,0.0,0.0,0.0,0.0,0.0,0.0,0.0,0.0,0.0,676.0418196002161,0.0,0.0,656.526354691978
2018-08-04,1.17555,0.0,0.0,0.0,0.0,0.0,0.0,0.0,0.0,0.0,0.0,0.0,0.0,0.0,0.0,0.0,0.0,0.0,0.0,0.0,1327.2277856031772
2018-08-11,0.773395,0.0,0.0,0.0,0.0,0.0,0.0,0.0,0.0,0.0,0.0,0.0,0.0,0.0,0.0,0.0,0.0,699.4019311855362,0.0,0.0,0.0
2018-08-18,0.938233,0.0,0.0,0.0,0.0,0.0,0.0,0.0,0.0,0.0,0.0,0.0,0.0,0.0,0.0,0.0,0.0,547.958629902782,1569.9330490230705,1569.933049023071,880.1870048499889
2018-08-25,0.96225,0.0,0.0,0.0,0.0,0.0,0.0,0.0,0.0,0.0,0.0,0.0,0.0,0.0,0.0,0.0,0.0,808.1494314306779,0.0,0.0,1151.0009977635464
2018-09-01,0.185989,0.0,0.0,0.0,0.0,0.0,0.0,0.0,0.0,0.0,0.0,0.0,0.0,0.0,0.0,0.0,0.0,1235.803312518436,0.0,0.0,1040.3463583635405
2018-09-08,0.593472,0.0,0.0,0.0,0.0,0.0,0.0,0.0,0.0,0.0,0.0,0.0,0.0,0.0,0.0,0.0,0.0,1137.4538440524004,0.0,0.0,889.8691332863498
2018-09-15,0.430108,0.0,0.0,0.0,0.0,0.0,0.0,0.0,0.0,0.0,0.0,603.625054117784,0.0,0.0,0.0,0.0,0.0,974.96370102605,0.0,0.0,1062.874354048973
2018-09-22,0.668258,504.3246520048941,642.2307632319774,0.0,561.364408873361,0.0,0.0,0.0,0.0,0.0,0.0,0.0,0.0,0.0,0.0,0.0,0.0,1051.8639474140991,0.0,0.0,1710.1797622012723
2018-09-29,0.704556,0.0,0.0,0.0,475.9777725888079,0.0,0.0,0.0,0.0,0.0,0.0,578.6607406254734,0.0,0.0,0.0,0.0,0.0,998.0002627707516,0.0,0.0,1883.3256516972965
2018-10-06,0.609756,1341.7918220047152,723.2779714690773,0.0,797.6254684792337,0.0,0.0,614.5590094733079,0.0,0.0,0.0,834.4270228303334,0.0,0.0,0.0,0.0,0.0,1689.1609785899996,0.0,0.0,1185.553332052058
2018-10-13,0.195759,694.5303962375309,759.2890936171615,0.0,531.9736883729096,0.0,0.0,0.0,0.0,0.0,0.0,0.0,0.0,0.0,0.0,0.0,0.0,1306.1841356148102,0.0,0.0,1468.4000342188438
2018-10-20,0.661417,1509.7859765007115,668.4468449797511,0.0,639.3707687467688,0.0,0.0,0.0,0.0,0.0,0.0,821.5981099173799,0.0,0.0,0.0,0.0,0.0,1384.048668214205,0.0,0.0,1946.6926858416955
2018-10-27,0.739788,1381.319325312781,927.0520460169284,0.0,915.1936731588686,0.0,0.0,0.0,0.0,0.0,0.0,520.1830196555949,0.0,0.0,0.0,0.0,0.0,1107.9764752851822,0.0,0.0,1459.433481654885
2018-11-03,0.73193,1312.425718829986,752.1421300490379,0.0,832.7202825561732,528.7601479627178,0.0,0.0,0.0,0.0,0.0,496.9385606277433,0.0,0.0,0.0,0.0,0.0,578.6710410244083,0.0,0.0,1576.3093439361382
2018-11-10,0.795165,484.3108941854719,541.0125147918226,0.0,526.1318714549233,0.0,0.0,0.0,0.0,0.0,0.0,976.9913315648936,0.0,0.0,0.0,0.0,0.0,1789.4358129184827,0.0,0.0,1576.612340537122
2018-11-17,0.224888,585.5823748177951,0.0,0.0,0.0,0.0,0.0,0.0,0.0,0.0,0.0,872.5714791173326,0.0,0.0,0.0,0.0,0.0,1744.3281077105844,0.0,0.0,1526.9765565552052
2018-11-24,0.191939,699.1588311000367,0.0,0.0,0.0,0.0,0.0,0.0,0.0,0.0,0.0,0.0,0.0,0.0,0.0,0.0,0.0,923.0951880136604,522.1879876944759,522.1879876944757,1393.4059079100243
2018-12-01,0.182083,993.2005408516884,0.0,0.0,0.0,0.0,0.0,0.0,0.0,0.0,0.0,571.5147910215486,0.0,0.0,0.0,0.0,0.0,2123.977732205027,0.0,0.0,1786.7287863918384
2018-12-08,0.721402,0.0,506.0444085451522,0.0,0.0,0.0,0.0,0.0,0.0,0.0,0.0,912.6907975745036,0.0,0.0,0.0,0.0,0.0,2326.1807946504678,0.0,0.0,2352.964607569297
2018-12-15,0.252799,833.1993625612374,656.8745906486135,0.0,636.8109137020213,0.0,0.0,0.0,0.0,0.0,0.0,1085.792733120603,0.0,0.0,923.8548545459864,0.0,0.0,1318.6615067025348,0.0,0.0,1150.943002159093
2018-12-22,0.717313,1296.0353060847456,524.413453868229,0.0,628.5610510166956,625.8569827298583,0.0,0.0,519.0964651610572,519.0964651610572,0.0,861.5807746636234,851.5691104332188,0.0,798.5173840045609,851.5691104332188,563.143141073907,2095.175377867258,0.0,0.0,1700.7296852894756
2018-12-29,1.78571,1055.538424308672,706.82327398226,0.0,596.4428592164312,667.3398725728135,0.0,0.0,0.0,0.0,0.0,664.4906676592111,517.7663220748152,0.0,1033.4504116339344,517.7663220748152,770.0140306076121,1785.4244963305891,0.0,0.0,2309.130132414616
2019-01-05,0.812568,1632.268479374409,1194.3398662448776,0.0,0.0,479.6601388841357,0.0,0.0,0.0,0.0,0.0,1668.507043585259,0.0,0.0,977.9350687513432,0.0,996.1537177715742,2257.9819790137144,480.96472118584205,480.9647211858421,2258.4435020190954
2019-01-12,3.46747,2374.6495022662366,1592.20041812225,0.0,0.0,0.0,0.0,487.386899745294,0.0,0.0,0.0,740.8297029594016,0.0,0.0,572.195782869291,0.0,558.3922342396775,1846.6556994690245,499.5568295251168,499.5568295251168,2474.834126758159
2019-01-19,3.05173,2356.949969225515,1199.7105547808096,0.0,610.5524099789798,604.7620613509113,0.0,0.0,862.5878915727301,862.5878915727301,501.6888577002328,772.6209069839787,0.0,501.6888577002328,1198.8932309728727,0.0,0.0,1842.524126526683,0.0,0.0,2450.494136326987
2019-01-26,2.55781,1687.9370713790006,1680.4377872996422,718.4312525042594,581.153632314471,720.3595505349226,0.0,0.0,505.2134244108536,505.2134244108537,498.90126170514463,891.234869348301,0.0,498.90126170514463,729.0047515252908,0.0,0.0,2349.678249128974,529.0662917081019,529.0662917081019,2129.6521755019744
2019-02-02,2.06874,1903.493993026176,1644.364102860971,0.0,758.8078610328982,675.6182602907278,0.0,0.0,597.2494562535546,597.2494562535546,0.0,1891.945447201096,0.0,0.0,565.4418268171348,0.0,1073.0060344278709,2669.90780375934,0.0,0.0,2143.4379244187667
2019-02-09,2.10873,2418.83615437776,2114.2301768345656,0.0,1423.0439247306,544.9238374093668,0.0,0.0,474.594441430191,474.594441430191,0.0,789.879486979707,0.0,0.0,533.2836144568788,0.0,623.8219454003665,2386.0744587403515,1005.278266984102,1005.278266984102,2347.6825983184426
2019-02-16,2.55189,2191.696910361158,1260.3173853495423,0.0,464.74329474596414,744.2851166804875,532.1652026448055,0.0,964.19803961434,964.19803961434,0.0,717.6634640627335,0.0,0.0,666.5110289427956,0.0,673.7147312622074,1485.047829946281,0.0,0.0,1854.2746204839027
2019-02-23,2.08,2261.870164767548,1349.1357028456891,0.0,553.8170129265012,475.7710139117532,0.0,0.0,805.7078534341008,805.7078534341008,0.0,1351.068932749273,0.0,0.0,731.2723131751085,0.0,0.0,1746.3951840077011,0.0,0.0,2200.445776226796
2019-03-02,2.01751,1909.4217632890131,1511.000286572031,0.0,616.6186799484415,637.8431498853599,0.0,0.0,0.0,0.0,0.0,1202.4485097399208,0.0,0.0,0.0,0.0,570.8811968379905,2276.883144149363,0.0,0.0,2298.7211665278646
2019-03-09,1.63508,1003.8441659260458,1083.8292583975428,0.0,0.0,715.0505314361124,0.0,0.0,584.9711050951073,584.9711050951073,0.0,806.1693149396197,0.0,0.0,529.8181113975999,0.0,0.0,1746.1378943294587,0.0,0.0,2415.3842313109503
2019-03-16,1.43541,1379.4533981140255,725.7325400907249,0.0,801.7797395238115,0.0,0.0,0.0,0.0,0.0,0.0,1451.2577956229547,0.0,0.0,828.7051471165292,0.0,572.0593216331687,2104.147357036771,0.0,0.0,2603.1596936452115
2019-03-23,1.41022,1428.7429796993265,725.0381839075053,0.0,0.0,0.0,577.2902319338094,0.0,0.0,0.0,0.0,734.42830220814,0.0,0.0,0.0,0.0,589.375010475231,1390.8305097804118,0.0,0.0,1644.6318815667391
2019-03-30,1.27466,1012.1046515177092,485.5350214089415,0.0,0.0,0.0,0.0,0.0,0.0,0.0,0.0,863.136820065592,0.0,0.0,0.0,0.0,0.0,1389.5802605679758,0.0,0.0,2243.379133541124
2019-04-06,1.54215,1000.9642319182284,737.8045769291308,0.0,516.1589655942607,0.0,0.0,0.0,0.0,0.0,0.0,933.575403696084,0.0,0.0,0.0,0.0,0.0,1853.653824646492,0.0,0.0,2328.746400142612
2019-04-13,1.11152,564.8708362598032,631.282682487999,0.0,0.0,0.0,0.0,0.0,0.0,0.0,0.0,713.5706094290638,0.0,0.0,0.0,0.0,0.0,2040.614845298269,0.0,0.0,1565.1837428450497
2019-04-20,0.791367,1237.1501158996127,1063.1149548135902,0.0,0.0,0.0,0.0,0.0,0.0,0.0,0.0,641.8389886561383,0.0,0.0,0.0,0.0,0.0,1162.042393719208,542.4108682756537,542.4108682756536,1894.330455270203
2019-04-27,0.612495,0.0,0.0,0.0,0.0,0.0,0.0,0.0,0.0,0.0,0.0,0.0,0.0,0.0,0.0,0.0,0.0,1098.1637401639318,0.0,0.0,855.4255178688712
2019-05-04,0.737463,683.2790305105153,0.0,0.0,0.0,0.0,0.0,529.2936163262017,0.0,0.0,0.0,0.0,0.0,0.0,0.0,0.0,0.0,857.5529241476751,0.0,0.0,1763.8579155029558
2019-05-11,0.600375,0.0,0.0,0.0,0.0,0.0,0.0,0.0,0.0,0.0,0.0,0.0,0.0,0.0,0.0,0.0,0.0,1334.1871634770712,0.0,0.0,1467.2378557135544
2019-05-18,0.751252,0.0,0.0,0.0,0.0,0.0,0.0,0.0,0.0,0.0,0.0,545.1492865332839,0.0,0.0,0.0,0.0,0.0,1268.2340647902024,0.0,0.0,1680.6494225471731
2019-05-25,0.51458,534.0522430394836,497.60649988452536,0.0,0.0,0.0,0.0,0.0,0.0,0.0,0.0,0.0,0.0,0.0,0.0,0.0,0.0,802.833448751753,0.0,0.0,1854.8568117449377
2019-06-01,0.449691,0.0,0.0,0.0,0.0,0.0,0.0,0.0,0.0,0.0,0.0,834.63608122677,0.0,0.0,0.0,0.0,0.0,903.108447373617,0.0,0.0,1684.2763048099932
2019-06-08,0.932256,0.0,0.0,0.0,0.0,0.0,0.0,0.0,0.0,0.0,0.0,534.6186909890056,0.0,0.0,0.0,0.0,0.0,901.4122433018864,0.0,0.0,520.962670561835
2019-06-15,0.436954,0.0,589.4293791108989,0.0,0.0,0.0,0.0,0.0,0.0,0.0,0.0,0.0,0.0,0.0,0.0,0.0,0.0,1364.8094671232348,0.0,0.0,865.2547434211093
2019-06-22,0.769231,0.0,0.0,0.0,0.0,0.0,0.0,0.0,0.0,0.0,0.0,0.0,0.0,0.0,0.0,0.0,0.0,799.2245136769569,0.0,0.0,1227.524825904295
2019-06-29,0.691824,0.0,0.0,0.0,0.0,0.0,0.0,0.0,0.0,0.0,0.0,672.7763330315993,0.0,0.0,0.0,0.0,0.0,682.9541854972571,0.0,0.0,735.6581698552303
2019-07-06,0.458716,0.0,0.0,0.0,0.0,0.0,0.0,0.0,0.0,0.0,0.0,0.0,0.0,0.0,0.0,0.0,0.0,722.3472938300157,0.0,0.0,736.2634383551385
2019-07-13,0.411241,0.0,0.0,0.0,0.0,0.0,0.0,0.0,0.0,0.0,0.0,0.0,0.0,0.0,0.0,0.0,0.0,894.3713276534276,0.0,0.0,1254.8937799808723
2019-07-20,0.831793,0.0,0.0,0.0,0.0,0.0,0.0,0.0,0.0,0.0,0.0,0.0,0.0,0.0,0.0,0.0,0.0,681.3393984291214,0.0,0.0,1076.1681335693904
2019-07-27,0.0725163,530.2495686173427,0.0,0.0,0.0,0.0,0.0,0.0,0.0,0.0,0.0,0.0,0.0,0.0,0.0,0.0,0.0,546.3928180311568,0.0,0.0,1457.489815568153
2019-08-03,0.253485,0.0,0.0,0.0,0.0,0.0,0.0,0.0,0.0,0.0,0.0,0.0,0.0,0.0,0.0,0.0,0.0,694.0087296765222,0.0,0.0,784.5412569000531
2019-08-10,0.5997,0.0,0.0,0.0,0.0,0.0,0.0,0.0,0.0,0.0,0.0,0.0,0.0,0.0,0.0,0.0,0.0,0.0,924.3660960848728,924.366096084873,0.0
2019-08-17,0.541638,0.0,0.0,0.0,0.0,0.0,0.0,0.0,0.0,0.0,0.0,0.0,0.0,0.0,0.0,0.0,0.0,1252.0045984213525,0.0,0.0,1071.675773147796
2019-08-24,0.34153,0.0,0.0,0.0,0.0,0.0,0.0,0.0,0.0,0.0,0.0,0.0,0.0,0.0,0.0,0.0,0.0,798.4109670848438,0.0,0.0,1143.0980138172374
2019-08-31,0.111359,0.0,0.0,0.0,0.0,0.0,0.0,0.0,0.0,0.0,0.0,0.0,0.0,0.0,0.0,0.0,0.0,868.09621464016,0.0,0.0,981.4765107737624
2019-09-07,0.207182,678.9247451068169,462.64136293765137,0.0,0.0,0.0,0.0,0.0,0.0,0.0,0.0,491.3958814402128,0.0,0.0,0.0,0.0,0.0,956.0020216394988,0.0,0.0,1097.6571714386334
2019-09-14,0.0616523,455.7137805151596,509.36345030026536,0.0,0.0,0.0,0.0,0.0,0.0,0.0,0.0,0.0,0.0,0.0,0.0,0.0,0.0,613.1744719734038,0.0,0.0,907.5797129573114
2019-09-21,0.0,463.5170319249909,0.0,0.0,0.0,0.0,0.0,0.0,0.0,0.0,0.0,0.0,0.0,0.0,0.0,0.0,0.0,1494.4065286494074,459.9998259331577,459.9998259331577,1821.28014162238
2019-09-28,0.178359,581.7818679132431,0.0,0.0,594.9270247395485,0.0,0.0,0.0,0.0,0.0,0.0,519.8681338722382,0.0,0.0,0.0,0.0,0.0,1459.4922699145768,0.0,0.0,1630.770296042486
2019-10-05,0.401786,982.921938209802,0.0,0.0,676.9681328118488,0.0,0.0,0.0,0.0,0.0,0.0,485.6340473338482,0.0,0.0,654.8066871757732,0.0,0.0,1485.0673975076068,515.6342092113504,515.6342092113504,985.1992763114564
2019-10-12,0.186047,630.5856870734793,0.0,0.0,693.8058741751513,0.0,0.0,0.0,0.0,0.0,0.0,760.726179465383,0.0,0.0,0.0,0.0,0.0,1083.3221522719386,0.0,0.0,1664.4492113083256
2019-10-19,0.416281,995.079409732982,497.1954996922232,0.0,0.0,0.0,0.0,0.0,0.0,0.0,0.0,580.8453298026243,0.0,0.0,0.0,0.0,576.9494162765221,1941.998571036717,0.0,0.0,1261.571367490091
2019-10-26,0.655594,1372.1436350972338,789.0190166163515,0.0,545.9939769465785,0.0,583.6406292825682,0.0,535.9272334199159,535.927233419916,0.0,1467.7755786480154,0.0,0.0,0.0,0.0,0.0,1766.8170980865077,610.7158893429888,610.7158893429888,1546.0366031505894
2019-11-02,0.640478,594.9425782781201,0.0,0.0,0.0,0.0,0.0,612.6177254611094,0.0,0.0,0.0,0.0,0.0,0.0,0.0,0.0,0.0,1393.165924879894,0.0,0.0,1403.9460455390897
2019-11-09,0.957156,0.0,0.0,0.0,0.0,0.0,0.0,0.0,0.0,0.0,0.0,612.7166495299814,0.0,0.0,0.0,0.0,0.0,1816.627462991974,0.0,0.0,1605.4964560705348
2019-11-16,0.418799,731.0377385681597,0.0,618.942414515211,0.0,0.0,0.0,0.0,0.0,0.0,0.0,737.9945563416029,0.0,0.0,0.0,0.0,0.0,1655.1509922283203,0.0,0.0,2092.8531612393654
2019-11-23,0.613228,1151.1010015236875,939.6954778360262,0.0,462.28804804349625,0.0,0.0,0.0,0.0,0.0,0.0,684.798651763948,0.0,0.0,0.0,0.0,0.0,2117.5700365719413,0.0,0.0,1450.8451660865028
2019-11-30,0.677966,980.4573181266044,647.6110094415399,0.0,0.0,0.0,0.0,0.0,0.0,0.0,0.0,0.0,0.0,0.0,1005.3659354370072,0.0,0.0,1640.6687975031712,524.8637092455677,524.8637092455676,2014.8314717227383
2019-12-07,0.645161,1267.3122544810467,478.7605706709387,0.0,726.7603194961085,678.8003698696587,0.0,483.7767774103722,0.0,0.0,0.0,1097.974542329487,0.0,0.0,761.0809007837257,0.0,0.0,1420.0285619958152,0.0,0.0,1401.788908871597
2019-12-14,1.14521,1132.3096013502154,531.1970113869119,0.0,0.0,690.391952364016,0.0,0.0,0.0,0.0,0.0,553.7243812136552,0.0,0.0,695.0342700379377,0.0,0.0,1471.3733072061427,0.0,0.0,1325.3687929914902
2019-12-21,1.48248,1021.6210357360352,0.0,0.0,0.0,0.0,0.0,0.0,0.0,0.0,0.0,1364.2666629949288,0.0,0.0,1376.4696546296009,0.0,0.0,1716.3772215871256,0.0,0.0,1800.668492526097
2019-12-28,2.9595,1869.7310275233988,1269.56850864098,0.0,893.2402533260631,0.0,0.0,0.0,708.8705763542941,708.8705763542941,0.0,659.0673772275837,776.0236507893484,0.0,998.5999543169696,776.0236507893484,728.4257773030047,1662.295165699354,0.0,0.0,1560.864175813101
2020-01-04,2.31924,1880.3976262880983,962.1902799694728,0.0,566.114047149627,0.0,0.0,0.0,527.0309762675103,527.0309762675103,0.0,932.053595708122,0.0,0.0,1703.7358497886944,0.0,997.1592844793248,2139.273379818125,0.0,0.0,1834.515691256331
2020-01-11,2.59542,1802.04454504456,1452.3269220249072,0.0,880.2424233909628,0.0,0.0,0.0,550.992925477269,550.992925477269,763.3978941084515,0.0,0.0,763.3978941084514,1132.7651237515367,0.0,0.0,2333.8260616890434,0.0,0.0,3009.747201015475
2020-01-18,2.72975,2707.9017880810766,2351.3549674392475,0.0,500.61682446323846,0.0,507.00113443216304,570.1049222290897,1309.0493104910918,1309.0493104910918,0.0,729.2625398557055,0.0,0.0,2002.157118634806,0.0,0.0,1682.0158620352456,606.5676781355339,606.567678135534,2177.8097099944835
2020-01-25,3.07624,3369.9957588338566,1528.3071935380478,0.0,1315.3009301840443,822.0833054461456,0.0,0.0,670.2366050366328,670.2366050366328,616.314638918318,960.0890549713538,445.36319056780326,616.314638918318,1686.1187405639707,445.36319056780326,0.0,2503.6356801686875,598.293593334327,598.2935933343269,2122.056382218577
2020-02-01,4.38479,5531.843221334533,2131.5895436492306,421.5578251041852,1808.43892083858,937.9398752370828,0.0,743.8874951720459,1786.2935487784107,1786.2935487784107,535.2705920952383,773.5596902672725,925.667382503353,535.2705920952384,1382.4572641729385,925.667382503353,0.0,2154.144247813761,527.1862802237287,527.1862802237287,1813.1235197798128
2020-02-08,4.83114,4735.541256001903,2885.175453797313,0.0,2176.7679724702666,769.5539916227763,1060.6484303751092,637.3516554749374,1130.007078403367,1130.007078403367,0.0,1434.2652094190744,0.0,0.0,1347.0537867968662,0.0,0.0,2013.920764467788,0.0,0.0,1984.5754046336367
2020-02-15,5.81449,3612.2947070841287,1830.9428314211248,744.216907515041,1658.1537481645755,526.8285324461659,0.0,0.0,1214.6934115424108,1214.6934115424106,496.24958290632935,973.918543888417,0.0,496.24958290632935,1230.497379996665,0.0,0.0,1965.4448431590836,0.0,0.0,1919.9401202655404
2020-02-22,4.85481,3616.763632091981,2163.4284847121635,481.9523829189509,1404.2594641764242,676.8312283862637,675.8905909921723,0.0,1217.8616062882436,1217.8616062882438,602.5458638880046,1182.014677722185,519.8720135306704,602.5458638880048,616.3431280252948,519.8720135306704,569.1518326921318,2010.8963953094355,0.0,0.0,2138.542925601517
2020-02-29,4.34783,5149.591184305571,2095.6385532857785,0.0,1947.624228047292,485.1216185685661,644.3622569992149,564.1633146101044,860.136835863647,860.136835863647,494.15545122799296,879.9098880493431,0.0,494.15545122799296,0.0,0.0,0.0,2419.0607573059647,726.112858713596,726.1128587135961,1978.7993056726464
2020-03-07,2.74041,7752.012843335482,2392.423163653113,0.0,2313.338465081852,574.3062234877154,0.0,694.3227039126914,1388.933512719074,1388.933512719074,0.0,992.4975336785902,411.1916312442572,0.0,0.0,411.1916312442572,0.0,2193.5469738240654,0.0,0.0,2585.115638869002
2020-03-14,1.79856,10235.628385234326,2460.449843030948,526.9559225906388,2503.4106399557127,773.7390528443286,1538.4545502967048,530.7110269280574,779.5538883972795,779.5538883972795,654.5377162162795,959.8162319838866,765.344784006331,654.5377162162795,749.9529927038221,765.344784006331,0.0,3238.3262203551767,492.1244817708586,492.1244817708587,1937.599703802755
2020-03-21,1.35135,8109.46989119619,2151.247976176422,0.0,1746.7050253710538,483.5921599642617,607.3297249269312,439.0002167109489,859.828585388908,859.828585388908,0.0,615.5885127498401,0.0,0.0,813.2918173495754,0.0,0.0,3351.85222764535,576.7422082007157,576.7422082007157,1652.6345213414445
2020-03-28,0.573394,5328.191909779669,1001.7122340513682,0.0,1317.1998551591985,0.0,0.0,0.0,0.0,0.0,0.0,620.8828826979639,0.0,0.0,467.80149661555816,0.0,0.0,2566.866883254668,0.0,0.0,1452.130365625946
2020-04-04,0.598802,6021.738799908167,0.0,0.0,1268.9382234281204,0.0,0.0,0.0,612.5503815557082,612.5503815557082,0.0,869.5769261660303,0.0,0.0,0.0,0.0,0.0,1775.9022519914547,0.0,0.0,1038.6838716509085
2020-04-11,0.41841,3903.9590194772745,422.99301865693855,0.0,609.7956741804676,0.0,0.0,0.0,351.0344217916938,351.03442179169383,0.0,588.8375694920107,0.0,0.0,0.0,0.0,0.0,1754.6491698639695,0.0,0.0,1536.1895255411878
2020-04-18,0.513347,2638.147267165272,0.0,0.0,549.4115888463007,0.0,0.0,0.0,0.0,0.0,0.0,871.0641472597118,0.0,0.0,0.0,0.0,0.0,1228.8892244016745,0.0,0.0,913.9939772157504
2020-04-25,0.10395,3021.16442973343,0.0,0.0,633.2131992097189,0.0,0.0,0.0,537.7629643623297,537.7629643623297,0.0,0.0,0.0,0.0,0.0,0.0,0.0,1246.864564256938,0.0,0.0,718.6598836839499
2020-05-02,0.153374,2796.620820677179,0.0,0.0,493.64914930042335,0.0,0.0,0.0,527.4663097170569,527.4663097170569,0.0,406.1174608767823,0.0,0.0,0.0,0.0,0.0,931.1455193925892,0.0,0.0,510.1531258548622
2020-05-09,0.0923361,2238.396854449643,0.0,0.0,536.8909200306157,0.0,0.0,0.0,0.0,0.0,0.0,495.2496951379536,0.0,0.0,0.0,0.0,0.0,511.8894632849904,0.0,0.0,771.0894765671426
2020-05-16,0.0,2115.251044265259,0.0,0.0,0.0,0.0,0.0,0.0,364.6603975971802,364.6603975971802,0.0,0.0,0.0,0.0,0.0,0.0,0.0,678.4298264732297,0.0,0.0,855.9609660397781
2020-05-23,0.0,2015.4967002965209,382.40882006609297,0.0,0.0,0.0,0.0,0.0,0.0,0.0,0.0,0.0,0.0,0.0,0.0,0.0,0.0,0.0,0.0,0.0,755.880152594637
2020-05-30,0.0,1520.7478814580056,0.0,0.0,0.0,0.0,0.0,0.0,0.0,0.0,0.0,0.0,0.0,0.0,0.0,0.0,0.0,647.8791463622385,0.0,0.0,535.583514790799
2020-06-06,0.0,973.337451069092,0.0,0.0,581.7103318518367,0.0,0.0,0.0,483.8270775046498,483.82707750464976,0.0,0.0,0.0,0.0,0.0,0.0,0.0,811.813340605143,0.0,0.0,671.8334222936537
2020-06-13,0.227964,961.338108112698,0.0,0.0,0.0,0.0,0.0,0.0,0.0,0.0,0.0,0.0,0.0,0.0,0.0,0.0,0.0,447.0110035924813,0.0,0.0,591.7750931363267
2020-06-20,0.145455,0.0,0.0,0.0,0.0,0.0,0.0,0.0,0.0,0.0,0.0,0.0,0.0,0.0,0.0,0.0,0.0,527.6009317298005,0.0,0.0,1080.9213245344251
2020-06-27,0.225904,733.9993903951515,438.09770986421154,0.0,0.0,0.0,0.0,0.0,0.0,0.0,0.0,0.0,0.0,0.0,0.0,0.0,0.0,635.9616749746066,0.0,0.0,481.9236591131218
