date,New Mexico,flu symptoms,the flu,rsv,symptoms of flu,how long flu,flu how long,pneumonia,flu a,influenza a,bronchitis,the flu symptoms,contagious flu,a influenza,flu cold,flu contagious,stomach flu,flu fever,fever flu,how long does flu last,sinus
2010-10-09,2.13191,0.0,0.0,0.0,0.0,0.0,0.0,0.0,0.0,0.0,0.0,0.0,0.0,0.0,0.0,0.0,0.0,0.0,0.0,0.0,0.0
2010-10-16,1.9635,0.0,0.0,0.0,0.0,0.0,0.0,0.0,0.0,0.0,0.0,0.0,0.0,0.0,0.0,0.0,0.0,0.0,0.0,0.0,0.0
2010-10-23,1.67486,0.0,0.0,0.0,0.0,0.0,0.0,0.0,0.0,0.0,0.0,0.0,0.0,0.0,0.0,0.0,0.0,0.0,0.0,0.0,0.0
2010-10-30,2.35498,0.0,0.0,0.0,0.0,0.0,0.0,0.0,0.0,0.0,0.0,0.0,0.0,0.0,0.0,0.0,0.0,0.0,0.0,0.0,3087.621690578533
2010-11-06,2.37983,0.0,0.0,0.0,0.0,0.0,0.0,0.0,0.0,0.0,0.0,0.0,0.0,0.0,0.0,0.0,0.0,0.0,0.0,0.0,0.0
2010-11-13,2.3776,0.0,0.0,0.0,0.0,0.0,0.0,0.0,0.0,0.0,0.0,2579.098360236734,0.0,0.0,0.0,0.0,0.0,0.0,0.0,0.0,2826.6242706571225
2010-11-20,2.87842,0.0,0.0,0.0,0.0,0.0,0.0,0.0,0.0,0.0,0.0,0.0,0.0,0.0,0.0,0.0,0.0,0.0,0.0,0.0,0.0
2010-11-27,2.9782,0.0,0.0,0.0,0.0,0.0,0.0,2886.882230770869,0.0,3563.1028459366644,0.0,0.0,0.0,0.0,0.0,0.0,0.0,0.0,0.0,0.0,0.0
2010-12-04,2.8547,0.0,0.0,0.0,0.0,0.0,0.0,0.0,0.0,0.0,3881.765746899992,0.0,0.0,0.0,0.0,0.0,0.0,0.0,0.0,2318.5198534633146,2353.592301021879
2010-12-11,2.32423,0.0,0.0,0.0,0.0,0.0,0.0,3053.619669120674,0.0,0.0,0.0,0.0,0.0,0.0,0.0,0.0,0.0,0.0,0.0,0.0,0.0
2010-12-18,2.72335,0.0,0.0,0.0,0.0,0.0,0.0,0.0,0.0,0.0,0.0,0.0,0.0,0.0,0.0,0.0,0.0,0.0,0.0,0.0,0.0
2010-12-25,3.41176,0.0,0.0,0.0,0.0,0.0,0.0,0.0,0.0,0.0,0.0,0.0,0.0,0.0,0.0,0.0,0.0,0.0,0.0,0.0,0.0
2011-01-01,3.87493,0.0,0.0,0.0,0.0,0.0,0.0,4777.285894745479,0.0,0.0,0.0,0.0,0.0,0.0,0.0,0.0,0.0,0.0,0.0,0.0,0.0
2011-01-08,2.95452,0.0,0.0,0.0,0.0,0.0,0.0,0.0,0.0,0.0,0.0,0.0,0.0,0.0,1392.6099261835518,0.0,0.0,1132.332733548627,0.0,0.0,1051.438422261538
2011-01-15,2.89821,0.0,0.0,0.0,0.0,0.0,0.0,0.0,0.0,0.0,0.0,0.0,0.0,0.0,0.0,0.0,0.0,0.0,0.0,0.0,1213.901385948722
2011-01-22,3.72137,0.0,0.0,0.0,0.0,0.0,0.0,1396.2471962471996,0.0,0.0,0.0,0.0,0.0,0.0,0.0,0.0,0.0,0.0,0.0,0.0,0.0
2011-01-29,5.0758,1037.6250569747342,0.0,0.0,0.0,0.0,0.0,1190.4401083117336,0.0,0.0,0.0,0.0,0.0,0.0,0.0,0.0,1454.5769380247948,0.0,0.0,1075.531866425276,2437.911322000737
2011-02-05,5.56121,0.0,0.0,0.0,0.0,0.0,0.0,988.0926403760728,0.0,0.0,0.0,0.0,0.0,0.0,0.0,0.0,0.0,0.0,0.0,0.0,1983.984961469785
2011-02-12,4.90175,0.0,0.0,0.0,0.0,0.0,0.0,1732.350231081537,0.0,0.0,0.0,0.0,0.0,0.0,0.0,0.0,0.0,0.0,0.0,0.0,0.0
2011-02-19,6.43468,0.0,0.0,1142.1351539134175,0.0,0.0,0.0,1522.9528684150885,0.0,0.0,0.0,0.0,0.0,0.0,0.0,0.0,0.0,0.0,0.0,0.0,1599.997938182851
2011-02-26,5.32783,0.0,0.0,0.0,0.0,0.0,0.0,0.0,0.0,0.0,0.0,0.0,0.0,0.0,0.0,0.0,0.0,0.0,0.0,0.0,2494.3950718790256
2011-03-05,4.83437,0.0,0.0,0.0,0.0,0.0,0.0,1039.0910574882837,0.0,0.0,1125.002690054922,0.0,0.0,0.0,0.0,0.0,0.0,0.0,0.0,0.0,2001.406527244585
2011-03-12,3.72878,0.0,0.0,1745.3685845188047,0.0,0.0,0.0,1434.3294248349343,0.0,0.0,0.0,0.0,0.0,1284.1185161437102,0.0,0.0,0.0,0.0,0.0,0.0,1236.9572225575866
2011-03-19,3.60762,0.0,0.0,0.0,0.0,0.0,0.0,1842.8264342508933,0.0,0.0,0.0,0.0,0.0,0.0,0.0,0.0,0.0,0.0,0.0,0.0,2187.1841263599235
2011-03-26,2.85169,0.0,0.0,1489.8477932853166,0.0,0.0,0.0,0.0,0.0,0.0,0.0,0.0,0.0,0.0,0.0,0.0,0.0,0.0,0.0,0.0,1123.6984301048394
2011-04-02,2.67527,0.0,0.0,0.0,0.0,0.0,0.0,1940.0469169162104,0.0,0.0,0.0,0.0,0.0,0.0,0.0,0.0,0.0,0.0,0.0,0.0,0.0
2011-04-09,2.32261,0.0,0.0,966.9456986410167,0.0,0.0,0.0,1325.7482109487562,0.0,0.0,0.0,0.0,0.0,0.0,0.0,0.0,0.0,0.0,0.0,0.0,0.0
2011-04-16,1.72675,0.0,0.0,0.0,0.0,0.0,0.0,1478.2070019212597,0.0,0.0,0.0,0.0,0.0,0.0,0.0,0.0,0.0,0.0,0.0,0.0,1927.189522905844
2011-04-23,1.87243,0.0,0.0,0.0,0.0,0.0,0.0,1036.9220732833558,0.0,0.0,0.0,0.0,0.0,0.0,0.0,0.0,0.0,0.0,0.0,0.0,2223.9094146490884
2011-04-30,1.75745,0.0,0.0,0.0,0.0,0.0,0.0,0.0,0.0,0.0,0.0,0.0,0.0,0.0,0.0,0.0,0.0,0.0,0.0,0.0,0.0
2011-05-07,1.65705,0.0,0.0,0.0,0.0,0.0,0.0,1452.0959146303396,0.0,0.0,0.0,0.0,0.0,0.0,0.0,0.0,0.0,0.0,0.0,0.0,1231.3143158766748
2011-05-14,1.75462,0.0,0.0,0.0,0.0,0.0,0.0,0.0,0.0,0.0,1086.4927252665698,0.0,0.0,0.0,0.0,0.0,0.0,0.0,0.0,0.0,1554.9968508011698
2011-05-21,1.55547,0.0,0.0,0.0,0.0,0.0,0.0,1406.43623976112,0.0,0.0,0.0,0.0,0.0,0.0,0.0,0.0,1303.7101399667586,0.0,0.0,0.0,1139.3094197395844
2011-05-28,1.61633,0.0,0.0,0.0,0.0,0.0,0.0,0.0,0.0,0.0,0.0,0.0,0.0,0.0,0.0,0.0,0.0,0.0,0.0,0.0,0.0
2011-06-04,1.56185,0.0,0.0,1121.0124957555663,0.0,0.0,0.0,0.0,0.0,0.0,0.0,0.0,0.0,0.0,0.0,0.0,0.0,0.0,0.0,0.0,1561.656471998579
2011-06-11,1.39423,0.0,0.0,0.0,0.0,0.0,0.0,0.0,0.0,0.0,0.0,0.0,0.0,0.0,0.0,0.0,0.0,0.0,0.0,0.0,3597.629543364604
2011-06-18,1.51659,0.0,0.0,0.0,0.0,0.0,0.0,0.0,0.0,0.0,0.0,0.0,0.0,0.0,1554.2059066162533,0.0,0.0,0.0,0.0,0.0,1507.9644478601135
2011-06-25,0.875827,0.0,0.0,0.0,0.0,0.0,0.0,1095.3735469095488,0.0,0.0,0.0,0.0,0.0,0.0,0.0,0.0,1439.7429214070394,0.0,0.0,0.0,1388.8045229713257
2011-07-02,0.856766,0.0,0.0,0.0,0.0,0.0,0.0,1281.835112125572,0.0,1182.4796694265908,0.0,0.0,0.0,0.0,0.0,0.0,0.0,0.0,0.0,0.0,1223.575543335436
2011-07-09,1.1833,0.0,0.0,0.0,0.0,0.0,0.0,0.0,0.0,0.0,0.0,0.0,0.0,0.0,0.0,0.0,0.0,0.0,0.0,0.0,1985.41270837132
2011-07-16,0.944753,0.0,0.0,0.0,0.0,0.0,0.0,0.0,0.0,0.0,0.0,0.0,0.0,0.0,0.0,0.0,0.0,0.0,0.0,0.0,1947.7161397335576
2011-07-23,1.21225,0.0,0.0,0.0,0.0,0.0,0.0,0.0,0.0,0.0,0.0,0.0,0.0,0.0,0.0,0.0,0.0,0.0,0.0,0.0,1274.874123322042
2011-07-30,0.942211,0.0,0.0,0.0,0.0,0.0,0.0,1556.213433038286,0.0,0.0,0.0,0.0,0.0,0.0,0.0,0.0,0.0,0.0,0.0,0.0,0.0
2011-08-06,0.958525,0.0,0.0,0.0,0.0,0.0,0.0,0.0,0.0,0.0,0.0,0.0,0.0,0.0,0.0,0.0,0.0,0.0,0.0,0.0,1708.1416471669895
2011-08-13,0.948947,0.0,0.0,0.0,0.0,0.0,0.0,0.0,0.0,0.0,1222.3320681988755,0.0,0.0,0.0,0.0,0.0,0.0,0.0,0.0,0.0,0.0
2011-08-20,1.15533,0.0,0.0,0.0,0.0,0.0,0.0,0.0,0.0,0.0,0.0,0.0,0.0,0.0,0.0,0.0,0.0,0.0,0.0,0.0,1344.8603307587696
2011-08-27,1.18256,0.0,0.0,0.0,0.0,0.0,0.0,0.0,0.0,0.0,0.0,0.0,0.0,0.0,0.0,0.0,0.0,0.0,0.0,0.0,0.0
2011-09-03,1.89318,0.0,0.0,0.0,0.0,0.0,0.0,0.0,0.0,0.0,0.0,0.0,0.0,0.0,0.0,0.0,0.0,0.0,0.0,0.0,1448.63575936914
2011-09-10,1.5885,0.0,0.0,0.0,0.0,0.0,0.0,1146.928464471025,0.0,0.0,0.0,0.0,0.0,0.0,0.0,0.0,0.0,0.0,0.0,0.0,1483.2083627919958
2011-09-17,1.66233,0.0,2046.7261812371023,0.0,0.0,0.0,0.0,0.0,0.0,0.0,982.7419860007502,0.0,0.0,0.0,0.0,0.0,0.0,0.0,0.0,0.0,1420.463836515809
2011-09-24,1.44248,0.0,0.0,0.0,0.0,0.0,0.0,0.0,0.0,0.0,0.0,0.0,0.0,0.0,0.0,0.0,0.0,0.0,0.0,0.0,1077.8027030551063
2011-10-01,1.99089,0.0,0.0,0.0,0.0,0.0,0.0,0.0,0.0,0.0,0.0,0.0,0.0,0.0,1422.667353355905,0.0,0.0,0.0,0.0,0.0,0.0
2011-10-08,1.77268,0.0,1261.5204448401405,0.0,0.0,0.0,0.0,0.0,0.0,0.0,0.0,0.0,0.0,0.0,0.0,0.0,0.0,0.0,0.0,0.0,959.4153730668552
2011-10-15,1.41792,0.0,1030.06342318207,0.0,0.0,0.0,0.0,0.0,0.0,0.0,0.0,0.0,0.0,0.0,933.2806841977934,0.0,0.0,0.0,0.0,0.0,1453.2075169303755
2011-10-22,1.88524,0.0,992.6399061713204,0.0,0.0,0.0,0.0,1314.570451743276,0.0,0.0,0.0,0.0,0.0,0.0,0.0,0.0,0.0,0.0,0.0,0.0,959.9466917331016
2011-10-29,2.13822,0.0,0.0,0.0,0.0,0.0,0.0,997.1437966998908,1440.4897354619686,0.0,0.0,0.0,0.0,0.0,0.0,0.0,0.0,0.0,0.0,0.0,1260.950700733389
2011-11-05,2.52885,0.0,0.0,0.0,0.0,0.0,0.0,0.0,0.0,0.0,0.0,0.0,0.0,0.0,0.0,0.0,0.0,0.0,0.0,0.0,0.0
2011-11-12,1.88471,1102.6235471822504,0.0,0.0,0.0,0.0,0.0,0.0,0.0,0.0,0.0,0.0,0.0,0.0,0.0,0.0,0.0,0.0,0.0,0.0,2097.7739631688232
2011-11-19,2.99745,1130.2684830356106,0.0,0.0,0.0,0.0,0.0,0.0,0.0,0.0,0.0,0.0,0.0,0.0,0.0,0.0,0.0,0.0,0.0,0.0,0.0
2011-11-26,3.24894,0.0,0.0,0.0,0.0,1445.052680141638,1445.0526801416383,1332.2821303547023,0.0,0.0,0.0,1138.171201762788,0.0,0.0,0.0,0.0,0.0,0.0,0.0,0.0,977.5022155463032
2011-12-03,2.62334,0.0,0.0,0.0,0.0,0.0,0.0,0.0,1624.263473390469,0.0,0.0,0.0,0.0,0.0,0.0,0.0,0.0,0.0,0.0,0.0,0.0
2011-12-10,2.30193,0.0,0.0,0.0,0.0,0.0,0.0,0.0,0.0,0.0,0.0,0.0,0.0,0.0,0.0,0.0,0.0,0.0,0.0,0.0,1493.190978343981
2011-12-17,1.91833,0.0,0.0,0.0,0.0,0.0,0.0,0.0,0.0,0.0,1450.347389605223,0.0,0.0,0.0,0.0,0.0,0.0,0.0,0.0,0.0,1100.6692222653985
2011-12-24,2.5587,0.0,0.0,0.0,0.0,0.0,0.0,0.0,0.0,0.0,0.0,0.0,0.0,1049.588831685573,0.0,0.0,0.0,0.0,0.0,0.0,1695.5592130130551
2011-12-31,2.8922,1180.30139110798,0.0,0.0,0.0,0.0,0.0,0.0,0.0,0.0,0.0,0.0,0.0,0.0,0.0,0.0,0.0,0.0,0.0,0.0,2237.6277647927527
2012-01-07,2.5439,0.0,0.0,0.0,0.0,0.0,0.0,1014.6644746872748,0.0,0.0,0.0,0.0,0.0,0.0,0.0,0.0,0.0,0.0,0.0,0.0,0.0
2012-01-14,2.28729,0.0,965.3797985958116,0.0,0.0,0.0,0.0,0.0,0.0,0.0,0.0,0.0,0.0,0.0,1259.00573994551,0.0,0.0,0.0,0.0,0.0,1483.2911126822244
2012-01-21,2.08926,0.0,0.0,0.0,0.0,0.0,0.0,1077.6029914348258,0.0,0.0,0.0,0.0,0.0,0.0,0.0,0.0,0.0,0.0,0.0,0.0,1084.1469619385746
2012-01-28,2.54792,0.0,0.0,0.0,831.801711338321,0.0,0.0,1273.055830096561,0.0,0.0,0.0,0.0,0.0,0.0,0.0,0.0,1196.1003431417507,0.0,0.0,0.0,1082.369322907483
2012-02-04,2.52296,0.0,0.0,0.0,0.0,0.0,0.0,864.7352485740565,0.0,0.0,0.0,0.0,0.0,0.0,0.0,0.0,0.0,0.0,0.0,0.0,1461.8852027769606
2012-02-11,2.16022,0.0,0.0,0.0,1098.6105567810791,0.0,0.0,2030.207815196604,0.0,0.0,0.0,0.0,0.0,0.0,0.0,0.0,0.0,0.0,0.0,0.0,1897.6962987646632
2012-02-18,2.63637,0.0,0.0,0.0,0.0,0.0,0.0,0.0,0.0,0.0,0.0,0.0,0.0,0.0,0.0,0.0,0.0,0.0,0.0,0.0,2057.4095746400844
2012-02-25,2.95269,0.0,0.0,0.0,0.0,0.0,0.0,1282.079944789049,0.0,0.0,973.1549947767857,0.0,0.0,0.0,0.0,0.0,0.0,0.0,0.0,0.0,1807.4174081617205
2012-03-03,3.65699,0.0,0.0,0.0,0.0,0.0,0.0,0.0,0.0,0.0,892.4752308009524,0.0,0.0,0.0,0.0,0.0,0.0,0.0,0.0,0.0,1843.2999643695264
2012-03-10,2.89737,0.0,0.0,0.0,0.0,0.0,0.0,0.0,0.0,0.0,0.0,0.0,0.0,0.0,0.0,0.0,0.0,0.0,0.0,0.0,1274.9788849993236
2012-03-17,3.1945,0.0,0.0,980.8585399874014,0.0,0.0,0.0,1312.807282783585,0.0,0.0,0.0,0.0,0.0,0.0,0.0,0.0,0.0,0.0,0.0,0.0,1464.947435134372
2012-03-24,2.61767,0.0,0.0,1060.9906280230991,0.0,0.0,0.0,0.0,0.0,864.3277313887278,0.0,0.0,0.0,0.0,0.0,0.0,0.0,0.0,0.0,0.0,1808.312871301914
2012-03-31,2.3236,0.0,0.0,0.0,0.0,0.0,0.0,1159.8456831475696,0.0,0.0,0.0,0.0,0.0,0.0,1064.0586582475694,0.0,0.0,0.0,0.0,0.0,1791.563551651677
2012-04-07,2.72257,870.0226260332519,0.0,1435.806242176345,0.0,0.0,0.0,0.0,0.0,0.0,0.0,0.0,0.0,0.0,0.0,0.0,0.0,0.0,0.0,0.0,1742.5208046424718
2012-04-14,2.61172,0.0,0.0,0.0,0.0,0.0,0.0,0.0,0.0,0.0,0.0,0.0,0.0,0.0,0.0,0.0,0.0,0.0,0.0,0.0,0.0
2012-04-21,2.10271,0.0,0.0,0.0,0.0,0.0,0.0,812.7111068785149,0.0,0.0,0.0,0.0,0.0,0.0,0.0,0.0,1178.7461618204077,0.0,0.0,0.0,960.146649585082
2012-04-28,1.72897,0.0,0.0,0.0,0.0,0.0,0.0,925.6768337371452,0.0,0.0,0.0,0.0,0.0,0.0,0.0,0.0,0.0,0.0,0.0,0.0,0.0
2012-05-05,1.48205,0.0,0.0,0.0,0.0,0.0,0.0,0.0,0.0,0.0,0.0,0.0,0.0,0.0,0.0,0.0,958.2936862173184,0.0,0.0,0.0,1338.4875749817134
2012-05-12,1.4108,0.0,0.0,0.0,0.0,0.0,0.0,842.0749871973272,0.0,0.0,0.0,0.0,0.0,0.0,1027.4842665027045,0.0,932.837763638822,0.0,0.0,0.0,1211.6844802964215
2012-05-19,1.3578,0.0,0.0,0.0,0.0,0.0,0.0,0.0,0.0,0.0,0.0,0.0,0.0,0.0,0.0,0.0,0.0,0.0,0.0,0.0,1256.5737643961545
2012-05-26,1.89533,0.0,0.0,0.0,0.0,0.0,0.0,0.0,0.0,0.0,0.0,0.0,0.0,0.0,0.0,0.0,0.0,0.0,0.0,0.0,888.3080608139121
2012-06-02,1.47128,0.0,0.0,0.0,0.0,0.0,0.0,1067.6405367273014,0.0,0.0,0.0,0.0,0.0,0.0,0.0,0.0,0.0,0.0,0.0,0.0,1512.6602061711092
2012-06-09,1.81009,0.0,0.0,0.0,0.0,0.0,0.0,0.0,0.0,0.0,0.0,0.0,0.0,0.0,0.0,0.0,0.0,0.0,0.0,0.0,1330.9976613001718
2012-06-16,1.60517,0.0,0.0,0.0,0.0,0.0,0.0,0.0,0.0,0.0,0.0,0.0,0.0,0.0,0.0,0.0,0.0,0.0,0.0,0.0,1262.3248444632393
2012-06-23,1.04141,0.0,0.0,0.0,0.0,0.0,0.0,0.0,0.0,0.0,0.0,0.0,0.0,0.0,0.0,0.0,0.0,0.0,0.0,0.0,0.0
2012-06-30,1.98142,0.0,0.0,0.0,0.0,0.0,0.0,0.0,0.0,0.0,0.0,0.0,0.0,0.0,0.0,0.0,0.0,0.0,0.0,0.0,1197.822234054032
2012-07-07,1.21469,0.0,0.0,0.0,0.0,0.0,0.0,0.0,0.0,0.0,0.0,0.0,0.0,0.0,0.0,0.0,0.0,960.9769568620038,0.0,0.0,0.0
2012-07-14,1.64474,0.0,0.0,0.0,0.0,0.0,0.0,0.0,0.0,0.0,0.0,0.0,0.0,0.0,0.0,0.0,0.0,0.0,0.0,0.0,961.2294013116796
2012-07-21,2.26527,0.0,901.4723917727472,0.0,1234.4383806580918,0.0,0.0,0.0,0.0,0.0,0.0,0.0,0.0,0.0,0.0,0.0,946.494608157416,0.0,0.0,0.0,997.6019253710552
2012-07-28,1.39041,0.0,0.0,0.0,0.0,1277.256351275177,1277.256351275177,1368.8705469293045,0.0,0.0,0.0,0.0,0.0,0.0,0.0,0.0,0.0,0.0,0.0,0.0,0.0
2012-08-04,1.80332,1048.8708212557058,0.0,0.0,0.0,0.0,0.0,0.0,0.0,0.0,0.0,0.0,0.0,0.0,0.0,0.0,0.0,0.0,0.0,0.0,0.0
2012-08-11,2.19212,0.0,0.0,0.0,0.0,0.0,0.0,0.0,0.0,0.0,0.0,0.0,0.0,0.0,0.0,0.0,0.0,0.0,0.0,0.0,0.0
2012-08-18,1.44127,0.0,0.0,0.0,0.0,0.0,0.0,0.0,0.0,0.0,0.0,0.0,0.0,0.0,0.0,0.0,0.0,0.0,0.0,0.0,1213.0682243737488
2012-08-25,2.14811,0.0,0.0,0.0,0.0,0.0,0.0,961.4175115952702,0.0,0.0,0.0,0.0,0.0,0.0,0.0,0.0,0.0,0.0,0.0,0.0,1620.09685679503
2012-09-01,2.44779,0.0,0.0,0.0,0.0,0.0,0.0,0.0,0.0,0.0,0.0,0.0,0.0,0.0,0.0,0.0,0.0,0.0,0.0,794.0640000349348,1407.997572936458
2012-09-08,2.14669,0.0,0.0,0.0,0.0,0.0,0.0,0.0,0.0,0.0,0.0,0.0,0.0,0.0,0.0,0.0,0.0,0.0,0.0,0.0,0.0
2012-09-15,2.25127,0.0,0.0,0.0,942.9137630157408,0.0,0.0,801.9652465881921,0.0,0.0,0.0,0.0,0.0,0.0,0.0,0.0,0.0,0.0,0.0,0.0,1159.2128483342017
2012-09-22,2.48209,0.0,0.0,0.0,0.0,0.0,0.0,0.0,0.0,1233.0932426107383,0.0,0.0,0.0,0.0,0.0,0.0,0.0,0.0,0.0,0.0,1027.1181332240228
2012-09-29,2.18484,0.0,0.0,0.0,0.0,0.0,0.0,0.0,0.0,0.0,0.0,0.0,0.0,0.0,0.0,0.0,0.0,0.0,0.0,0.0,1683.235912633046
2012-10-06,1.42728,0.0,0.0,0.0,0.0,0.0,0.0,813.2485673774365,0.0,0.0,827.6593577777523,0.0,0.0,0.0,0.0,0.0,0.0,0.0,0.0,0.0,863.5663361835657
2012-10-13,1.48361,0.0,0.0,0.0,0.0,0.0,0.0,1349.613781426252,0.0,0.0,0.0,0.0,0.0,0.0,0.0,0.0,0.0,0.0,0.0,0.0,0.0
2012-10-20,1.10806,0.0,0.0,0.0,0.0,0.0,0.0,1082.980309152197,0.0,0.0,0.0,0.0,0.0,0.0,0.0,0.0,0.0,0.0,0.0,0.0,1884.2242145926868
2012-10-27,1.49184,0.0,0.0,0.0,0.0,0.0,0.0,911.4579118320904,0.0,0.0,0.0,0.0,0.0,0.0,992.0570371067872,0.0,0.0,0.0,0.0,0.0,930.8756825940942
2012-11-03,1.19628,0.0,0.0,0.0,0.0,0.0,0.0,854.2941826401535,0.0,0.0,805.0477035988547,0.0,0.0,0.0,0.0,0.0,0.0,0.0,0.0,0.0,0.0
2012-11-10,1.68618,0.0,0.0,0.0,0.0,0.0,0.0,908.8861073246322,0.0,0.0,773.0897797613903,0.0,0.0,0.0,0.0,0.0,0.0,776.5363921350037,0.0,0.0,1247.7584415706654
2012-11-17,2.08405,0.0,0.0,0.0,954.7758188528758,0.0,0.0,1421.9963698284091,0.0,0.0,0.0,0.0,0.0,0.0,0.0,0.0,0.0,0.0,0.0,0.0,1503.5113679046267
2012-11-24,2.26524,0.0,970.9337853163568,0.0,0.0,0.0,0.0,0.0,0.0,0.0,0.0,0.0,0.0,0.0,0.0,0.0,0.0,0.0,0.0,0.0,0.0
2012-12-01,2.07682,1430.8188105827371,0.0,0.0,0.0,0.0,0.0,0.0,0.0,0.0,0.0,853.9617672790469,0.0,0.0,0.0,0.0,1232.1418853210848,0.0,0.0,0.0,869.1904359646285
2012-12-08,1.87514,0.0,820.3339089960332,0.0,0.0,0.0,0.0,1074.7077674490383,0.0,0.0,718.3317721506994,0.0,0.0,0.0,0.0,0.0,771.5240401456529,0.0,0.0,0.0,1805.323213820183
2012-12-15,2.5545,0.0,0.0,0.0,0.0,0.0,0.0,1576.813890369076,0.0,0.0,0.0,0.0,842.8778449281463,0.0,0.0,842.8778449281461,0.0,0.0,0.0,0.0,1282.4989242791075
2012-12-22,3.00596,0.0,807.6498202278517,0.0,0.0,0.0,0.0,992.6792407503278,0.0,0.0,1075.5616858734893,0.0,0.0,0.0,1448.6155911702338,0.0,0.0,0.0,0.0,0.0,1124.0722042986667
2012-12-29,7.13018,0.0,1985.891714631624,0.0,0.0,0.0,0.0,1284.6265217704931,1573.72510305191,0.0,881.7447468632239,0.0,869.8654951892763,0.0,0.0,869.8654951892762,0.0,0.0,0.0,0.0,1860.7675377495548
2013-01-05,5.22207,1851.214968918326,964.4306255414372,0.0,0.0,0.0,0.0,1325.59192287349,0.0,0.0,890.4440421005933,0.0,0.0,0.0,1046.471768682792,0.0,0.0,0.0,0.0,0.0,1355.8275397358227
2013-01-12,4.63149,2376.7033596323668,2768.892432092251,0.0,1329.711292292874,0.0,0.0,1660.110696347274,1301.1663193456754,0.0,1164.406520637824,0.0,0.0,0.0,935.7859654630444,0.0,0.0,0.0,0.0,0.0,2137.317403202002
2013-01-19,4.814,2532.489657075551,2360.797313477527,0.0,856.6275798873247,0.0,0.0,1617.2342841512454,0.0,0.0,1037.729119062673,0.0,0.0,1703.1073478196013,0.0,0.0,688.7216980508316,0.0,0.0,0.0,1444.1677916350975
2013-01-26,5.96807,1866.4454399392323,2586.4525121037677,947.1290643904432,0.0,0.0,0.0,1646.165240067939,968.753280837364,0.0,1130.9664405386086,0.0,0.0,0.0,0.0,0.0,711.2732662643382,0.0,0.0,0.0,730.5372551497745
2013-02-02,5.02665,1401.1414249548948,1231.3147894467354,1285.5885660732072,0.0,0.0,0.0,1289.70008161816,750.3038337996476,0.0,1336.0143140699984,0.0,0.0,0.0,0.0,0.0,1110.129345963726,0.0,0.0,0.0,1753.9683803576518
2013-02-09,3.84575,981.3933754058796,1488.9947139207316,1492.9664929028802,0.0,0.0,0.0,1173.4255386522111,0.0,0.0,0.0,0.0,0.0,0.0,0.0,0.0,0.0,0.0,0.0,0.0,961.9839608480884
2013-02-16,3.62428,933.9753145195896,0.0,1035.1015572939,0.0,0.0,0.0,1345.959511884651,0.0,0.0,1102.1615631544369,0.0,0.0,0.0,0.0,0.0,679.2473349780146,0.0,0.0,0.0,2165.8745652698058
2013-02-23,3.2908,1024.9845229595758,770.660198651956,1271.9157039895215,0.0,0.0,0.0,2038.6369159529945,691.0955565444984,0.0,1087.7027658069603,0.0,0.0,0.0,764.5096932629245,0.0,0.0,0.0,0.0,0.0,1880.9781351826016
2013-03-02,2.97593,0.0,900.0559946639589,0.0,0.0,0.0,0.0,1155.4912351675048,0.0,0.0,0.0,0.0,0.0,0.0,0.0,0.0,0.0,0.0,0.0,0.0,2494.8475428781044
2013-03-09,2.15882,0.0,0.0,0.0,0.0,0.0,0.0,1357.2843556809305,0.0,0.0,0.0,0.0,0.0,0.0,0.0,0.0,647.8438885132604,0.0,0.0,0.0,2061.8795090031977
2013-03-16,2.386,0.0,0.0,725.0081334732671,0.0,0.0,0.0,974.7805954285202,0.0,0.0,824.4108079371424,0.0,0.0,0.0,0.0,0.0,0.0,0.0,0.0,0.0,1836.4412023084428
2013-03-23,1.74431,0.0,975.7967649817944,694.321540449942,0.0,0.0,0.0,1183.2717018610565,0.0,1107.156102999037,0.0,0.0,0.0,0.0,0.0,0.0,0.0,0.0,0.0,0.0,1283.4761230204851
2013-03-30,1.52717,0.0,0.0,0.0,0.0,0.0,0.0,824.8148391439267,0.0,0.0,0.0,0.0,0.0,0.0,0.0,0.0,0.0,0.0,0.0,0.0,1628.0376624696553
2013-04-06,1.38392,0.0,0.0,0.0,0.0,0.0,0.0,1056.4093109373553,0.0,0.0,1876.199524520326,0.0,0.0,0.0,0.0,0.0,0.0,0.0,0.0,0.0,829.684895355778
2013-04-13,1.18074,0.0,0.0,0.0,0.0,0.0,0.0,1054.0916432247127,0.0,0.0,0.0,0.0,0.0,0.0,0.0,0.0,667.9514499838315,0.0,0.0,0.0,1760.6304810517847
2013-04-20,1.42792,0.0,854.3229349244639,0.0,0.0,0.0,0.0,0.0,0.0,0.0,864.9618008782301,0.0,0.0,0.0,722.3464018322617,0.0,0.0,0.0,0.0,0.0,734.8940029362867
2013-04-27,1.29135,0.0,0.0,0.0,0.0,0.0,0.0,1038.621489520396,0.0,0.0,0.0,0.0,0.0,0.0,0.0,0.0,0.0,0.0,0.0,0.0,1528.3346254325147
2013-05-04,1.25528,0.0,0.0,0.0,0.0,0.0,0.0,0.0,0.0,0.0,0.0,0.0,0.0,0.0,0.0,0.0,0.0,0.0,0.0,0.0,1545.8869331305564
2013-05-11,1.38347,851.0603561193387,0.0,0.0,0.0,0.0,0.0,912.9342402925378,0.0,0.0,0.0,0.0,0.0,0.0,0.0,0.0,0.0,0.0,0.0,0.0,1042.1313897615032
2013-05-18,1.18413,0.0,0.0,0.0,0.0,0.0,0.0,1064.2143113909713,0.0,740.6700371550662,0.0,0.0,0.0,0.0,0.0,0.0,0.0,0.0,0.0,0.0,1510.9226975825802
2013-05-25,1.59292,0.0,0.0,0.0,0.0,0.0,0.0,711.4394175026877,0.0,0.0,709.5705016097334,0.0,0.0,0.0,0.0,0.0,0.0,0.0,0.0,0.0,917.5697663228276
2013-06-01,0.788644,0.0,0.0,0.0,0.0,0.0,0.0,0.0,0.0,0.0,0.0,0.0,0.0,0.0,0.0,0.0,0.0,0.0,0.0,0.0,0.0
2013-06-08,1.3911,0.0,0.0,896.0661948849103,0.0,0.0,0.0,934.3011959528236,0.0,0.0,869.3669179879065,0.0,0.0,0.0,0.0,0.0,0.0,0.0,0.0,0.0,848.2211189432387
2013-06-15,1.18989,0.0,0.0,830.3933813738739,0.0,0.0,0.0,878.3778057601869,0.0,0.0,0.0,0.0,0.0,0.0,0.0,0.0,0.0,0.0,0.0,723.0147168699925,859.918704719846
2013-06-22,0.915229,0.0,0.0,0.0,0.0,0.0,0.0,0.0,0.0,0.0,0.0,0.0,0.0,0.0,0.0,0.0,0.0,0.0,0.0,0.0,1019.1545224372044
2013-06-29,0.716288,0.0,0.0,0.0,0.0,0.0,0.0,0.0,0.0,0.0,0.0,0.0,0.0,0.0,0.0,0.0,0.0,0.0,0.0,0.0,995.4265071132576
2013-07-06,1.0981,0.0,0.0,0.0,0.0,0.0,0.0,817.0163713382763,0.0,0.0,0.0,0.0,0.0,0.0,1269.330769982895,0.0,0.0,0.0,0.0,0.0,0.0
2013-07-13,0.882863,0.0,0.0,0.0,0.0,0.0,0.0,719.8404517421385,0.0,0.0,0.0,0.0,0.0,0.0,0.0,0.0,0.0,0.0,0.0,0.0,722.0378004586955
2013-07-20,1.00035,0.0,0.0,0.0,0.0,0.0,0.0,0.0,0.0,0.0,1061.5158957861831,0.0,0.0,0.0,0.0,0.0,0.0,0.0,0.0,0.0,1130.929288350346
2013-07-27,0.885122,0.0,0.0,0.0,0.0,0.0,0.0,729.6694406534738,0.0,0.0,0.0,0.0,0.0,0.0,0.0,0.0,0.0,0.0,0.0,0.0,734.0873523373893
2013-08-03,1.1277,719.6697612126304,0.0,0.0,0.0,0.0,0.0,1529.126236509225,0.0,0.0,0.0,0.0,0.0,0.0,0.0,0.0,0.0,0.0,0.0,0.0,0.0
2013-08-10,1.18163,0.0,0.0,0.0,0.0,0.0,0.0,0.0,0.0,0.0,0.0,0.0,0.0,0.0,0.0,0.0,0.0,0.0,0.0,0.0,820.9174572387005
2013-08-17,0.911854,0.0,0.0,0.0,0.0,0.0,0.0,1242.5148784773603,0.0,0.0,0.0,0.0,0.0,0.0,0.0,0.0,0.0,0.0,0.0,0.0,1717.2082841741349
2013-08-24,1.15545,0.0,0.0,0.0,0.0,0.0,0.0,0.0,0.0,0.0,0.0,0.0,0.0,0.0,0.0,0.0,0.0,0.0,0.0,0.0,685.7857485202072
2013-08-31,1.10455,0.0,0.0,0.0,0.0,0.0,0.0,925.0982711325734,0.0,0.0,0.0,0.0,0.0,0.0,0.0,0.0,0.0,0.0,0.0,0.0,1109.4700194049426
2013-09-07,1.30741,0.0,0.0,0.0,0.0,0.0,0.0,1151.0526535324182,0.0,0.0,0.0,861.2737487506039,0.0,0.0,0.0,0.0,941.869826367108,0.0,0.0,0.0,1453.8706994364284
2013-09-14,1.53489,0.0,0.0,0.0,0.0,0.0,0.0,678.0627345093139,0.0,0.0,0.0,0.0,0.0,0.0,0.0,0.0,0.0,0.0,0.0,0.0,926.2454688190128
2013-09-21,1.82122,0.0,0.0,0.0,0.0,0.0,0.0,0.0,0.0,0.0,0.0,0.0,0.0,0.0,0.0,0.0,0.0,0.0,0.0,0.0,960.9610541917242
2013-09-28,2.47041,0.0,0.0,0.0,0.0,0.0,0.0,0.0,0.0,0.0,0.0,0.0,0.0,0.0,0.0,0.0,0.0,0.0,0.0,0.0,1136.6384204568294
2013-10-05,1.84558,0.0,721.7338064483555,0.0,0.0,0.0,0.0,1203.0169827041043,1202.774258068707,0.0,0.0,0.0,0.0,0.0,0.0,0.0,703.0637830681461,0.0,0.0,704.6450549841143,1051.1168274777117
2013-10-12,1.81932,0.0,627.6777442903392,0.0,0.0,0.0,0.0,1262.1675756495397,698.5316349287864,0.0,807.9135058804083,0.0,0.0,0.0,0.0,0.0,0.0,0.0,0.0,0.0,1423.2832089352482
2013-10-19,1.70027,647.4958113938978,0.0,0.0,0.0,0.0,0.0,0.0,0.0,656.2364884293637,0.0,0.0,0.0,0.0,0.0,0.0,0.0,0.0,0.0,0.0,1072.6369898264495
2013-10-26,1.83791,0.0,708.6246447096742,0.0,0.0,0.0,0.0,1140.2208289841135,0.0,0.0,0.0,0.0,0.0,0.0,0.0,0.0,0.0,0.0,0.0,0.0,1962.2847370739908
2013-11-02,1.949,0.0,0.0,0.0,0.0,0.0,0.0,983.8684691070924,0.0,0.0,0.0,0.0,0.0,0.0,0.0,0.0,0.0,0.0,0.0,0.0,1027.9228767244424
2013-11-09,2.03065,1221.3241155116614,0.0,0.0,0.0,0.0,0.0,1252.092536720851,677.6198898303755,0.0,0.0,0.0,0.0,0.0,0.0,0.0,0.0,0.0,0.0,0.0,1356.4705233943787
2013-11-16,2.3425,0.0,0.0,786.2916910849302,0.0,0.0,0.0,1587.3391102206615,0.0,0.0,0.0,0.0,0.0,0.0,0.0,0.0,0.0,0.0,0.0,0.0,651.3959692116084
2013-11-23,2.41625,0.0,1103.4978227648917,0.0,0.0,0.0,0.0,1330.964212020158,0.0,0.0,647.9081169411639,828.1446929274833,0.0,0.0,0.0,0.0,0.0,0.0,0.0,0.0,1283.7205552093362
2013-11-30,2.35611,0.0,0.0,0.0,0.0,0.0,0.0,944.990981737467,0.0,0.0,0.0,0.0,0.0,691.7462705682847,0.0,0.0,961.8955374981632,0.0,0.0,0.0,1657.440426267682
2013-12-07,2.31555,762.9213659622525,615.6537704617451,0.0,0.0,0.0,0.0,1002.4953587317171,0.0,0.0,576.6358696598122,0.0,0.0,0.0,0.0,0.0,641.5062508122107,0.0,0.0,0.0,1718.9814591373247
2013-12-14,2.68017,0.0,0.0,0.0,0.0,0.0,0.0,919.4026409719444,0.0,0.0,0.0,0.0,0.0,0.0,0.0,0.0,0.0,0.0,0.0,0.0,1147.7792476367
2013-12-21,3.68157,0.0,0.0,0.0,0.0,0.0,0.0,1164.7087044962088,0.0,0.0,0.0,0.0,0.0,0.0,0.0,0.0,0.0,0.0,0.0,0.0,874.5629159532597
2013-12-28,5.3554,0.0,743.2434019010944,0.0,0.0,0.0,0.0,1525.0668465889323,0.0,0.0,0.0,0.0,0.0,0.0,0.0,0.0,0.0,0.0,0.0,0.0,1644.387644851714
2014-01-04,6.53901,1070.3354594973232,748.8930992215235,0.0,0.0,0.0,0.0,1684.995813896253,0.0,0.0,0.0,0.0,0.0,0.0,0.0,0.0,0.0,0.0,0.0,0.0,2199.6313777353885
2014-01-11,5.8621,1445.3003752819209,1456.826775515114,0.0,0.0,1435.0305815612153,1435.0305815612153,1816.8699166660208,1008.7542684193874,0.0,650.612129236611,0.0,0.0,0.0,0.0,0.0,0.0,0.0,0.0,0.0,1778.1766533039688
2014-01-18,5.23758,1503.846238986359,1287.2023227059972,0.0,0.0,0.0,0.0,1059.3002715064365,789.5413102490648,0.0,730.0955384706209,787.5450663620685,0.0,0.0,0.0,0.0,0.0,0.0,0.0,0.0,889.7118575249715
2014-01-25,4.58028,1366.688696262268,1525.49335231666,0.0,0.0,0.0,0.0,1677.2169439899194,0.0,0.0,0.0,0.0,0.0,0.0,889.2840502903929,0.0,704.1770759208941,0.0,0.0,0.0,821.4825034374859
2014-02-01,4.5808,1070.183798883759,1338.4249130027083,0.0,0.0,0.0,0.0,1053.397585439284,0.0,0.0,636.0520442323401,0.0,0.0,0.0,0.0,0.0,0.0,0.0,0.0,0.0,1536.7645821252772
2014-02-08,3.45948,0.0,904.1488209915892,639.9402111802585,0.0,0.0,0.0,1663.976703604833,0.0,0.0,0.0,0.0,0.0,0.0,0.0,0.0,0.0,0.0,0.0,638.0911266913671,1308.3604641087811
2014-02-15,4.35127,0.0,0.0,726.6048558488701,0.0,0.0,0.0,2125.319630814108,758.6156017146004,0.0,884.7284591814158,0.0,0.0,0.0,0.0,0.0,0.0,0.0,0.0,0.0,1722.0176865887893
2014-02-22,3.13152,1028.6618779184264,0.0,0.0,0.0,0.0,0.0,1868.158597045848,0.0,0.0,0.0,0.0,0.0,0.0,0.0,0.0,624.7533958886036,0.0,0.0,0.0,1842.2183340150325
2014-03-01,2.35196,0.0,0.0,0.0,0.0,0.0,0.0,1197.225638314019,0.0,0.0,0.0,0.0,0.0,0.0,949.463897719824,0.0,0.0,0.0,0.0,0.0,2089.1549208397937
2014-03-08,2.05069,0.0,709.3132375374076,596.818287381866,677.1249720037731,0.0,0.0,806.2772074254109,0.0,0.0,677.6629495865457,0.0,0.0,0.0,0.0,0.0,0.0,0.0,0.0,0.0,1703.3155556916936
2014-03-15,2.09476,0.0,0.0,0.0,0.0,0.0,0.0,751.9748710033094,0.0,0.0,652.1264601611247,0.0,0.0,0.0,0.0,0.0,929.5403120885665,0.0,0.0,0.0,1990.7888717323056
2014-03-22,2.06013,0.0,0.0,0.0,0.0,0.0,0.0,0.0,0.0,0.0,951.9745348949408,0.0,0.0,0.0,0.0,0.0,0.0,0.0,0.0,0.0,2080.3584589397497
2014-03-29,2.06814,0.0,0.0,0.0,0.0,0.0,0.0,1183.262020354048,0.0,0.0,661.3452292835615,0.0,0.0,0.0,0.0,0.0,0.0,0.0,0.0,0.0,1647.93175528962
2014-04-05,1.90878,0.0,726.8988890623308,0.0,0.0,0.0,0.0,0.0,0.0,0.0,0.0,0.0,0.0,0.0,0.0,0.0,0.0,0.0,0.0,0.0,1584.9337062735651
2014-04-12,2.11104,0.0,897.4499627674877,0.0,0.0,0.0,0.0,774.8841919178373,0.0,0.0,0.0,0.0,0.0,0.0,0.0,0.0,0.0,0.0,0.0,0.0,1313.831197902086
2014-04-19,1.77128,0.0,875.634166279206,0.0,0.0,0.0,0.0,1457.7102381107943,0.0,0.0,0.0,0.0,0.0,0.0,0.0,0.0,0.0,0.0,0.0,0.0,1352.4048029742487
2014-04-26,1.87699,0.0,0.0,0.0,0.0,0.0,0.0,901.6815822554732,0.0,0.0,635.5105291480678,0.0,0.0,0.0,0.0,0.0,0.0,0.0,0.0,0.0,1067.1407672836451
2014-05-03,1.83107,0.0,0.0,0.0,773.9622253270345,0.0,0.0,1729.3348551839915,0.0,0.0,932.1616316209174,0.0,0.0,0.0,0.0,0.0,0.0,0.0,0.0,0.0,653.4406009190468
2014-05-10,1.57785,0.0,0.0,0.0,0.0,0.0,0.0,0.0,0.0,0.0,0.0,0.0,0.0,0.0,0.0,0.0,0.0,0.0,0.0,0.0,1719.42890144005
2014-05-17,1.6795,0.0,0.0,0.0,0.0,0.0,0.0,1023.0985256838512,0.0,0.0,0.0,0.0,0.0,0.0,0.0,0.0,0.0,0.0,0.0,0.0,1078.356124210526
2014-05-24,2.12909,0.0,0.0,0.0,0.0,0.0,0.0,953.0806279853736,0.0,0.0,0.0,0.0,0.0,0.0,0.0,0.0,1135.302423257184,0.0,0.0,0.0,0.0
2014-05-31,1.70604,0.0,0.0,0.0,0.0,0.0,0.0,0.0,0.0,0.0,0.0,0.0,0.0,0.0,0.0,0.0,0.0,0.0,0.0,0.0,1368.8725106722409
2014-06-07,1.63086,0.0,0.0,0.0,936.9818647255196,0.0,0.0,1418.9515582322415,0.0,0.0,0.0,0.0,0.0,0.0,0.0,0.0,0.0,0.0,0.0,0.0,900.1050876205627
2014-06-14,1.07611,0.0,0.0,0.0,0.0,0.0,0.0,0.0,0.0,0.0,0.0,0.0,0.0,0.0,843.4450135664744,0.0,0.0,0.0,0.0,0.0,902.9175709887196
2014-06-21,1.08923,0.0,0.0,0.0,0.0,0.0,0.0,0.0,809.6141414688848,0.0,0.0,0.0,0.0,903.9632643239636,0.0,0.0,0.0,0.0,0.0,0.0,895.8117675702059
2014-06-28,0.953872,0.0,925.0298515475558,0.0,0.0,0.0,0.0,0.0,0.0,0.0,0.0,1178.6897284727024,0.0,0.0,0.0,0.0,0.0,0.0,0.0,0.0,1066.068843418212
2014-07-05,1.0404,0.0,0.0,0.0,0.0,0.0,0.0,1267.001089014414,0.0,0.0,0.0,0.0,0.0,0.0,0.0,0.0,0.0,0.0,0.0,0.0,0.0
2014-07-12,0.875988,0.0,1137.42777842373,0.0,0.0,0.0,0.0,0.0,0.0,0.0,0.0,0.0,0.0,0.0,0.0,0.0,0.0,0.0,0.0,0.0,0.0
2014-07-19,1.48677,0.0,0.0,0.0,0.0,0.0,0.0,955.513281233932,0.0,0.0,1531.2243453961482,0.0,0.0,0.0,0.0,0.0,0.0,0.0,0.0,0.0,0.0
2014-07-26,1.43692,0.0,0.0,0.0,0.0,0.0,0.0,1008.5033633190496,0.0,0.0,0.0,0.0,0.0,0.0,0.0,0.0,0.0,0.0,0.0,0.0,787.3249427648399
2014-08-02,1.36546,0.0,0.0,0.0,0.0,0.0,0.0,0.0,0.0,0.0,0.0,0.0,0.0,0.0,0.0,0.0,0.0,0.0,0.0,0.0,1078.8960298985007
2014-08-09,1.41698,0.0,0.0,913.92847718069,0.0,0.0,0.0,0.0,0.0,0.0,0.0,0.0,0.0,0.0,0.0,0.0,0.0,0.0,0.0,0.0,1171.0246942721517
2014-08-16,1.33062,0.0,0.0,0.0,0.0,724.7910427435631,724.7910427435633,0.0,0.0,0.0,0.0,0.0,0.0,0.0,0.0,0.0,0.0,0.0,0.0,0.0,0.0
2014-08-23,1.40767,0.0,0.0,0.0,0.0,0.0,0.0,1335.7557921503485,0.0,0.0,0.0,0.0,0.0,0.0,0.0,0.0,0.0,0.0,0.0,0.0,0.0
2014-08-30,2.00528,912.070392918828,0.0,0.0,0.0,0.0,0.0,723.7731199830429,0.0,0.0,0.0,0.0,0.0,0.0,0.0,0.0,0.0,0.0,0.0,0.0,1288.6499399146717
2014-09-06,1.80464,0.0,0.0,0.0,0.0,0.0,0.0,845.6087573302594,0.0,0.0,0.0,0.0,0.0,0.0,0.0,0.0,0.0,0.0,0.0,0.0,832.2890844852183
2014-09-13,1.79659,0.0,833.9208286608233,0.0,0.0,0.0,0.0,1184.8650385558522,0.0,0.0,839.5062541760065,0.0,0.0,0.0,0.0,0.0,0.0,0.0,0.0,0.0,1073.707674048061
2014-09-20,2.06866,0.0,0.0,0.0,0.0,0.0,0.0,0.0,0.0,0.0,0.0,0.0,0.0,0.0,0.0,0.0,0.0,0.0,0.0,0.0,0.0
2014-09-27,1.67216,690.0757458189497,0.0,1388.678058745328,0.0,0.0,0.0,1276.0607817647383,0.0,0.0,829.4276094755107,0.0,0.0,0.0,665.9254954687508,0.0,0.0,0.0,0.0,0.0,684.0460167951231
2014-10-04,1.34435,0.0,0.0,0.0,0.0,0.0,0.0,1852.7005845399608,0.0,0.0,0.0,0.0,0.0,0.0,0.0,0.0,0.0,0.0,0.0,0.0,1033.715174456277
2014-10-11,1.55445,0.0,0.0,0.0,0.0,0.0,0.0,902.4233920232084,0.0,0.0,897.2657190575017,0.0,0.0,0.0,0.0,0.0,800.7234075308802,0.0,0.0,0.0,1782.5679588929877
2014-10-18,1.90233,0.0,921.2512977932744,0.0,0.0,0.0,0.0,1192.6970316552756,0.0,0.0,674.668990733917,0.0,0.0,0.0,0.0,0.0,0.0,0.0,0.0,0.0,1439.8380769935625
2014-10-25,1.6611,0.0,776.0544929306972,0.0,0.0,0.0,0.0,674.9955227396227,0.0,0.0,791.7022241459632,0.0,0.0,0.0,0.0,0.0,0.0,0.0,0.0,0.0,1250.5445560876883
2014-11-01,1.31718,0.0,905.8469387893222,0.0,0.0,0.0,0.0,0.0,0.0,0.0,0.0,0.0,0.0,0.0,0.0,0.0,0.0,0.0,0.0,0.0,780.885310444504
2014-11-08,1.75094,0.0,0.0,0.0,888.033733877165,0.0,0.0,1256.2116367828655,0.0,0.0,0.0,0.0,0.0,0.0,0.0,0.0,0.0,0.0,0.0,0.0,1575.7590049799755
2014-11-15,1.26371,898.7239618398287,813.1735089580413,0.0,0.0,0.0,0.0,1145.332558149671,0.0,0.0,897.8761926193913,0.0,0.0,0.0,0.0,0.0,0.0,0.0,0.0,0.0,1451.310234393908
2014-11-22,1.62043,0.0,985.4985151712046,0.0,0.0,0.0,0.0,958.0298478376396,0.0,0.0,0.0,0.0,0.0,0.0,0.0,0.0,0.0,0.0,0.0,0.0,1030.9959523343036
2014-11-29,1.8017,0.0,753.4711828085472,0.0,1212.6403447262333,0.0,0.0,0.0,0.0,0.0,0.0,0.0,0.0,0.0,0.0,0.0,0.0,0.0,0.0,0.0,897.945254575342
2014-12-06,1.87226,928.4560422128006,1041.2672468475455,0.0,0.0,0.0,0.0,1001.3826195549808,0.0,0.0,803.9944960512461,0.0,0.0,0.0,0.0,0.0,0.0,0.0,0.0,0.0,1765.912777917757
2014-12-13,2.14827,0.0,0.0,0.0,0.0,0.0,0.0,0.0,0.0,0.0,0.0,0.0,0.0,0.0,910.597548648284,0.0,0.0,0.0,0.0,0.0,997.9200817127082
2014-12-20,3.79691,774.868057193572,0.0,889.9438892475833,0.0,0.0,0.0,1435.8604353598998,0.0,0.0,0.0,0.0,0.0,0.0,0.0,0.0,0.0,0.0,0.0,0.0,979.5574250817792
2014-12-27,6.65274,1462.2558134663457,940.0850327067992,942.7124551941768,0.0,0.0,0.0,0.0,0.0,0.0,1207.070126265524,0.0,0.0,0.0,0.0,0.0,0.0,0.0,0.0,0.0,1446.3631869397004
2015-01-03,5.62144,1413.5716754409757,1266.9702445729945,0.0,0.0,0.0,0.0,1389.5756674844076,0.0,0.0,0.0,0.0,0.0,0.0,0.0,0.0,0.0,0.0,0.0,0.0,1461.1192285443874
2015-01-10,3.97067,1411.2726158450373,1388.6599959209425,0.0,0.0,697.9802099570403,697.9802099570405,1880.2757364806096,0.0,0.0,0.0,759.6251003669421,0.0,0.0,0.0,0.0,0.0,0.0,0.0,0.0,1914.91943590993
2015-01-17,4.1132,1322.1590113099817,1880.685860568803,0.0,0.0,729.8767376222474,729.8767376222474,1976.068257677714,0.0,0.0,862.153786110466,0.0,0.0,0.0,0.0,0.0,1297.2464686654089,0.0,0.0,0.0,1547.0336964755925
2015-01-24,4.23064,1298.1702600404626,0.0,0.0,0.0,0.0,0.0,1609.4842172634571,0.0,0.0,1034.914493264362,0.0,0.0,0.0,0.0,0.0,0.0,0.0,0.0,0.0,1759.5269541026566
2015-01-31,3.90741,1240.1030441335604,0.0,758.193907284886,0.0,647.1752190948529,647.175219094853,852.9937619576954,0.0,0.0,0.0,0.0,0.0,0.0,0.0,0.0,0.0,0.0,0.0,0.0,1612.8406718118438
2015-02-07,3.53989,667.3223484024442,0.0,1069.938585894441,0.0,0.0,0.0,1090.8517189350605,0.0,0.0,844.749761570184,0.0,0.0,0.0,0.0,0.0,0.0,0.0,0.0,0.0,1246.5909434135365
2015-02-14,3.34272,696.3046239996794,781.3256316982335,880.5420682127537,0.0,0.0,0.0,1132.6786583001287,0.0,0.0,913.4271621908308,0.0,0.0,0.0,0.0,0.0,0.0,0.0,0.0,1112.138138583534,2349.1674388455035
2015-02-21,2.46154,872.2583438941003,1077.7013191026513,1024.9065317585755,0.0,0.0,0.0,1666.1283335451992,0.0,0.0,1246.032194753583,0.0,0.0,0.0,0.0,0.0,0.0,0.0,0.0,0.0,1337.5551096813458
2015-02-28,2.75534,802.3627882424676,665.768403963065,1325.0848510565818,0.0,0.0,0.0,1228.932328434191,0.0,0.0,0.0,0.0,0.0,0.0,0.0,0.0,0.0,0.0,680.2960678691761,0.0,1507.308367609107
2015-03-07,2.38854,0.0,0.0,1385.5919556788867,0.0,0.0,0.0,1497.9980975280232,0.0,0.0,790.346361609449,0.0,0.0,0.0,0.0,0.0,0.0,0.0,0.0,0.0,2718.947088642145
2015-03-14,2.56288,910.083063558698,0.0,0.0,0.0,0.0,0.0,1366.3426812679231,0.0,0.0,757.8384103764082,0.0,0.0,0.0,0.0,0.0,0.0,0.0,0.0,0.0,2669.877348248092
2015-03-21,2.46432,0.0,703.5606215781002,0.0,0.0,0.0,0.0,767.7617200402601,0.0,1218.4715662620988,0.0,0.0,0.0,0.0,0.0,0.0,0.0,0.0,0.0,901.9121216407508,2076.829596291757
2015-03-28,1.97384,0.0,0.0,0.0,0.0,0.0,0.0,1725.5330308050504,1417.584974539638,0.0,1027.9363452431592,0.0,0.0,0.0,0.0,0.0,0.0,0.0,0.0,0.0,2521.6100684700423
2015-04-04,1.89048,0.0,0.0,0.0,0.0,0.0,0.0,826.9696202691331,0.0,0.0,1133.1955807496536,0.0,0.0,0.0,0.0,0.0,0.0,0.0,0.0,0.0,1180.1020402504269
2015-04-11,1.47262,0.0,0.0,0.0,0.0,0.0,0.0,1258.1394569267584,0.0,0.0,1049.5341859144164,0.0,0.0,0.0,0.0,0.0,734.5743760310024,0.0,0.0,0.0,1498.2748093548314
2015-04-18,1.53717,0.0,0.0,0.0,0.0,0.0,0.0,915.8588825695256,0.0,756.8310232559257,760.2884464144522,0.0,0.0,0.0,0.0,0.0,0.0,0.0,0.0,0.0,1903.2896869645544
2015-04-25,1.53254,0.0,0.0,0.0,0.0,0.0,0.0,1252.7754099893762,0.0,0.0,900.6869705526162,0.0,0.0,0.0,0.0,0.0,0.0,0.0,0.0,0.0,1854.8451371178849
2015-05-02,1.45316,0.0,0.0,0.0,0.0,0.0,0.0,932.8425269815148,0.0,0.0,878.7333347454793,0.0,0.0,0.0,0.0,0.0,0.0,0.0,0.0,0.0,1152.480707826429
2015-05-09,1.40903,0.0,0.0,0.0,0.0,0.0,0.0,1193.2239300680044,0.0,0.0,1472.9333141216237,0.0,0.0,0.0,0.0,0.0,0.0,1020.507870290044,0.0,0.0,1405.909006420486
2015-05-16,1.63165,0.0,0.0,0.0,0.0,0.0,0.0,1251.7450960302049,0.0,0.0,0.0,0.0,0.0,0.0,0.0,0.0,0.0,0.0,0.0,0.0,2517.500784770746
2015-05-23,1.53257,0.0,0.0,0.0,0.0,0.0,0.0,0.0,0.0,0.0,0.0,0.0,851.4900924628662,0.0,0.0,851.4900924628662,0.0,0.0,0.0,0.0,1523.2942532451275
2015-05-30,1.272,0.0,0.0,1433.4832988927103,0.0,0.0,0.0,1446.970978195843,0.0,0.0,0.0,0.0,0.0,0.0,0.0,0.0,0.0,0.0,0.0,0.0,1916.509078969194
2015-06-06,1.10031,0.0,0.0,1435.450495526816,0.0,0.0,0.0,784.9142176300863,0.0,0.0,0.0,0.0,0.0,728.7722898387573,0.0,0.0,0.0,0.0,0.0,0.0,1240.4294455993895
2015-06-13,0.977343,0.0,0.0,0.0,0.0,0.0,0.0,1516.4416560800971,0.0,0.0,0.0,0.0,0.0,0.0,0.0,0.0,0.0,0.0,0.0,0.0,1391.8821531393785
2015-06-20,1.1583,0.0,0.0,0.0,0.0,0.0,0.0,955.0593259233538,0.0,0.0,0.0,739.3228187573792,0.0,0.0,0.0,0.0,0.0,0.0,0.0,0.0,1386.6685455321592
2015-06-27,1.05521,0.0,0.0,0.0,0.0,0.0,0.0,0.0,0.0,0.0,0.0,0.0,0.0,0.0,0.0,0.0,0.0,0.0,0.0,0.0,1233.7775720776544
2015-07-04,0.849467,0.0,0.0,0.0,0.0,0.0,0.0,821.3886451223393,0.0,0.0,783.179069476496,0.0,0.0,0.0,0.0,0.0,0.0,0.0,0.0,0.0,0.0
2015-07-11,0.879336,0.0,0.0,951.0951956262882,0.0,0.0,0.0,0.0,0.0,0.0,0.0,0.0,0.0,0.0,0.0,0.0,0.0,0.0,0.0,0.0,713.7670825613545
2015-07-18,1.20734,0.0,0.0,0.0,0.0,726.1097095008495,726.1097095008495,0.0,0.0,0.0,0.0,0.0,0.0,0.0,0.0,0.0,0.0,0.0,0.0,0.0,0.0
2015-07-25,1.14028,0.0,0.0,0.0,0.0,0.0,0.0,918.2791129345484,0.0,0.0,0.0,0.0,0.0,0.0,0.0,0.0,0.0,0.0,0.0,0.0,1280.0651943732207
2015-08-01,0.820616,0.0,0.0,0.0,0.0,0.0,0.0,1303.6952628026036,0.0,0.0,0.0,0.0,0.0,0.0,0.0,0.0,0.0,0.0,0.0,0.0,1674.1597727210149
2015-08-08,0.814359,0.0,0.0,0.0,0.0,0.0,0.0,736.7684216305117,0.0,0.0,0.0,0.0,0.0,0.0,0.0,0.0,0.0,0.0,0.0,0.0,1196.964582084826
2015-08-15,0.64302,0.0,0.0,698.4068688733907,0.0,0.0,0.0,0.0,0.0,0.0,0.0,0.0,0.0,0.0,0.0,0.0,0.0,0.0,0.0,0.0,711.1002137453698
2015-08-22,1.16097,0.0,0.0,0.0,0.0,0.0,0.0,0.0,0.0,0.0,0.0,0.0,0.0,0.0,0.0,0.0,0.0,0.0,0.0,0.0,1386.0454438725951
2015-08-29,0.999147,0.0,0.0,1296.9319523193062,0.0,0.0,0.0,0.0,0.0,0.0,0.0,0.0,0.0,0.0,0.0,0.0,0.0,0.0,0.0,0.0,1339.7629832711916
2015-09-05,0.835073,0.0,0.0,0.0,0.0,0.0,0.0,0.0,0.0,0.0,0.0,0.0,0.0,0.0,0.0,0.0,0.0,0.0,0.0,0.0,1417.637448457314
2015-09-12,1.15894,0.0,0.0,0.0,0.0,0.0,0.0,0.0,0.0,0.0,0.0,0.0,0.0,0.0,0.0,0.0,0.0,0.0,0.0,0.0,1188.308511332022
2015-09-19,1.40389,0.0,0.0,0.0,0.0,0.0,0.0,908.2288493522226,0.0,0.0,649.977586409204,0.0,0.0,0.0,0.0,0.0,0.0,0.0,0.0,0.0,1412.9029880633811
2015-09-26,1.02536,0.0,0.0,0.0,0.0,0.0,0.0,911.664640249038,0.0,0.0,776.4833188269079,0.0,0.0,0.0,0.0,0.0,0.0,0.0,0.0,0.0,1554.5322657586994
2015-10-03,0.931677,0.0,0.0,0.0,0.0,0.0,0.0,1319.6150575332513,0.0,0.0,0.0,0.0,0.0,0.0,0.0,0.0,0.0,0.0,0.0,0.0,822.0322078678244
2015-10-10,0.971393,0.0,916.7542721709634,0.0,0.0,0.0,0.0,1159.498458412317,799.7371151537856,0.0,0.0,0.0,0.0,0.0,0.0,0.0,0.0,0.0,0.0,0.0,1598.316985272946
2015-10-17,0.906883,0.0,816.6488549838351,0.0,0.0,0.0,0.0,1618.749243007158,0.0,0.0,0.0,0.0,0.0,0.0,0.0,0.0,651.8259330805369,0.0,0.0,0.0,1881.903060190794
2015-10-24,1.16146,0.0,0.0,0.0,0.0,0.0,0.0,1310.3127978799716,634.793169133995,0.0,1175.9700941953,0.0,0.0,0.0,0.0,0.0,0.0,0.0,0.0,925.2094022263556,1204.6567245229292
2015-10-31,0.995633,762.2439370693611,0.0,0.0,0.0,0.0,0.0,1232.6077769290246,0.0,0.0,0.0,0.0,0.0,0.0,0.0,0.0,0.0,0.0,642.5031425003274,0.0,1413.43604660185
2015-11-07,1.20291,0.0,0.0,1201.3985465081944,0.0,624.2628431922678,624.2628431922678,1051.8887379857383,0.0,0.0,1196.0183982040494,0.0,0.0,0.0,0.0,0.0,0.0,0.0,0.0,0.0,1300.7571482057726
2015-11-14,1.45063,656.8974996495306,0.0,0.0,0.0,0.0,0.0,1371.7933048792286,0.0,0.0,1136.448046663648,677.1847429785543,0.0,0.0,0.0,0.0,0.0,0.0,0.0,0.0,1608.1564585181168
2015-11-21,1.46879,0.0,0.0,0.0,0.0,0.0,0.0,1029.421716543819,0.0,0.0,0.0,0.0,0.0,0.0,0.0,0.0,729.3338802788123,0.0,0.0,0.0,1591.9152663200202
2015-11-28,2.27843,0.0,0.0,0.0,0.0,0.0,0.0,1146.7156038994708,0.0,0.0,806.8293501547048,0.0,0.0,0.0,970.5614504472184,0.0,0.0,0.0,0.0,0.0,1216.9047073855568
2015-12-05,1.29126,0.0,1401.9297000119884,0.0,0.0,0.0,0.0,1223.4538294459026,0.0,0.0,883.9365194135877,0.0,0.0,0.0,0.0,0.0,0.0,0.0,0.0,0.0,1270.4691795651238
2015-12-12,1.7464,0.0,0.0,0.0,0.0,0.0,0.0,1239.9559704729045,0.0,0.0,964.3030487088296,0.0,0.0,0.0,0.0,0.0,0.0,0.0,0.0,0.0,1385.5225237742677
2015-12-19,1.86997,0.0,0.0,0.0,0.0,0.0,0.0,940.9481976437338,0.0,0.0,0.0,0.0,0.0,0.0,0.0,0.0,0.0,0.0,0.0,0.0,1311.1480747532553
2015-12-26,2.10199,927.7956486130892,0.0,0.0,0.0,0.0,0.0,942.8751535164844,0.0,0.0,0.0,0.0,0.0,0.0,1040.8285236663855,0.0,780.9986544928629,0.0,0.0,0.0,2264.234033920432
2016-01-02,1.99108,0.0,701.6017585577366,0.0,0.0,0.0,0.0,1067.4204749705782,0.0,0.0,1140.9673919337947,0.0,0.0,0.0,0.0,0.0,920.4528667374136,0.0,0.0,0.0,1574.8344072016562
2016-01-09,1.60428,0.0,0.0,480.88822555902135,0.0,0.0,0.0,1244.158061680023,0.0,0.0,0.0,0.0,0.0,0.0,0.0,0.0,0.0,0.0,0.0,0.0,1613.6120375724513
2016-01-16,1.85863,0.0,0.0,0.0,0.0,0.0,0.0,678.5287637278859,0.0,0.0,646.8234238659039,0.0,0.0,0.0,0.0,0.0,0.0,0.0,0.0,0.0,1069.4317845502126
2016-01-23,2.35777,508.3421181054231,834.2090022899412,621.564653406564,0.0,0.0,0.0,1454.5107528805495,0.0,0.0,738.7347429056679,0.0,0.0,0.0,0.0,0.0,0.0,0.0,0.0,0.0,1472.934473935578
2016-01-30,2.39875,0.0,0.0,1138.2197399408433,0.0,0.0,0.0,976.7774272477708,0.0,0.0,1053.0928952208938,0.0,0.0,0.0,0.0,0.0,0.0,0.0,0.0,0.0,1891.7877497482636
2016-02-06,2.6483,0.0,0.0,1087.59953251121,0.0,0.0,0.0,704.6417039595923,0.0,527.399975966011,1680.0872139023206,0.0,0.0,0.0,0.0,0.0,0.0,0.0,0.0,0.0,1421.2664353437544
2016-02-13,3.72,489.9751426084432,560.4806071379655,637.7486996896406,0.0,0.0,0.0,1339.693912753083,0.0,0.0,578.4231975660495,0.0,0.0,0.0,0.0,0.0,546.206407972557,0.0,0.0,658.9570623568671,1910.889675126753
2016-02-20,4.09926,710.297753460698,903.0653741503104,0.0,0.0,0.0,0.0,964.460750598186,639.5951798217848,0.0,1025.825658924181,0.0,0.0,0.0,0.0,0.0,596.5903217153653,0.0,0.0,0.0,1822.7785438945652
2016-02-27,4.16112,794.3189349295329,911.28870510243,1363.202774907575,0.0,0.0,0.0,1524.1723599802208,0.0,0.0,1194.4666917600075,0.0,0.0,0.0,0.0,0.0,788.5278034339603,0.0,0.0,0.0,2138.849249618991
2016-03-05,5.04657,0.0,873.5106935805851,558.7918414638572,0.0,0.0,0.0,1743.6322897933974,0.0,0.0,1664.4964520198905,0.0,0.0,0.0,0.0,0.0,0.0,0.0,0.0,0.0,1446.864404787971
2016-03-12,4.39492,524.557335840238,1137.9779049395509,809.8493091737193,0.0,0.0,0.0,1586.8313657773665,0.0,0.0,1021.2051412297668,0.0,0.0,0.0,0.0,0.0,643.9037377410743,0.0,0.0,0.0,1855.8733137750871
2016-03-19,4.66515,556.6485199978997,747.867688567824,0.0,0.0,825.1907582588262,825.1907582588262,1462.4894736698109,0.0,0.0,1594.2075648714845,0.0,0.0,0.0,0.0,0.0,471.1854158208984,0.0,0.0,0.0,2275.974591687408
2016-03-26,3.93164,1162.665701434392,1015.8885547712148,841.0299337781975,0.0,584.7537355586761,584.7537355586762,1208.1081907656437,0.0,0.0,911.9796532612334,0.0,0.0,0.0,0.0,0.0,645.9342477287784,0.0,0.0,0.0,1385.936090211968
2016-04-02,3.60399,685.4452417000949,1086.101082025211,507.0625247386545,0.0,0.0,0.0,795.320945434576,0.0,0.0,1101.349343542127,0.0,0.0,0.0,0.0,0.0,0.0,0.0,0.0,0.0,1613.4914587086294
2016-04-09,2.43361,516.4861609247142,804.5950441022502,0.0,0.0,0.0,0.0,1423.7207325549728,0.0,0.0,438.4557734519863,0.0,0.0,0.0,0.0,0.0,0.0,0.0,0.0,0.0,1239.0690496779785
2016-04-16,1.85741,577.4239604986258,537.0798828765205,0.0,0.0,0.0,0.0,948.9525289119036,548.634954073462,0.0,0.0,0.0,0.0,0.0,0.0,0.0,460.3864969588623,0.0,0.0,0.0,1424.6411512739587
2016-04-23,1.72226,0.0,695.0753274111858,0.0,0.0,0.0,0.0,758.8208811979521,0.0,0.0,630.6828220320232,0.0,0.0,703.0107816554911,0.0,0.0,0.0,0.0,0.0,0.0,1264.5569348538788
2016-04-30,1.63247,0.0,506.8151054904651,0.0,0.0,0.0,0.0,635.0038397331541,0.0,0.0,0.0,0.0,0.0,0.0,471.8634438220686,0.0,0.0,0.0,0.0,0.0,1281.182300465119
2016-05-07,1.37472,0.0,0.0,0.0,0.0,0.0,0.0,627.5427202757738,0.0,0.0,512.152077667376,0.0,0.0,0.0,0.0,0.0,0.0,0.0,0.0,0.0,1645.8733512059182
2016-05-14,1.57082,634.4952207356957,0.0,0.0,0.0,0.0,0.0,719.5251037231759,684.1994789581073,0.0,0.0,0.0,0.0,635.9552338287872,0.0,0.0,0.0,0.0,0.0,0.0,708.0813853577674
2016-05-21,1.39457,0.0,0.0,0.0,0.0,0.0,0.0,752.6675471794906,0.0,0.0,0.0,0.0,0.0,0.0,0.0,0.0,0.0,0.0,0.0,0.0,1050.9980081392816
2016-05-28,1.22297,0.0,0.0,0.0,0.0,0.0,0.0,743.8956365383012,0.0,0.0,0.0,0.0,0.0,0.0,0.0,0.0,0.0,0.0,0.0,0.0,1351.1440666266203
2016-06-04,1.81607,0.0,519.184127975224,0.0,0.0,838.4980929834093,838.4980929834093,830.4342924623966,0.0,0.0,0.0,0.0,0.0,0.0,0.0,0.0,0.0,0.0,0.0,0.0,1013.3659413734498
2016-06-11,1.04917,0.0,0.0,0.0,0.0,0.0,0.0,0.0,0.0,0.0,0.0,0.0,0.0,0.0,0.0,0.0,0.0,0.0,0.0,0.0,836.7018715995325
2016-06-18,0.910494,729.992902464815,0.0,0.0,0.0,0.0,0.0,0.0,0.0,0.0,0.0,0.0,0.0,0.0,0.0,0.0,0.0,0.0,0.0,0.0,1220.9302522667551
2016-06-25,0.999029,0.0,0.0,0.0,0.0,0.0,0.0,516.7298625117186,0.0,0.0,0.0,0.0,0.0,0.0,0.0,0.0,0.0,0.0,0.0,0.0,887.0281505812025
2016-07-02,0.873686,0.0,0.0,0.0,0.0,0.0,0.0,0.0,0.0,0.0,0.0,591.1794511911739,0.0,0.0,0.0,0.0,847.9577380680532,0.0,0.0,0.0,996.6276748796416
2016-07-09,1.11592,0.0,0.0,0.0,0.0,0.0,0.0,0.0,0.0,0.0,0.0,0.0,0.0,0.0,0.0,0.0,0.0,0.0,0.0,0.0,1144.3280589739643
2016-07-16,1.07339,515.831978722266,0.0,0.0,0.0,0.0,0.0,0.0,0.0,603.0004289596213,0.0,0.0,0.0,0.0,0.0,0.0,0.0,0.0,0.0,0.0,0.0
2016-07-23,1.09324,0.0,0.0,0.0,0.0,0.0,0.0,489.84657780375375,0.0,0.0,0.0,0.0,0.0,0.0,0.0,0.0,0.0,0.0,0.0,0.0,802.2232856933359
2016-07-30,0.788048,0.0,0.0,0.0,0.0,0.0,0.0,0.0,0.0,0.0,0.0,0.0,0.0,0.0,0.0,0.0,0.0,0.0,0.0,0.0,624.9541944581875
2016-08-06,0.705071,0.0,0.0,703.5478785268305,0.0,0.0,0.0,585.0698154807535,0.0,0.0,0.0,0.0,0.0,0.0,0.0,0.0,0.0,0.0,0.0,0.0,0.0
2016-08-13,0.367377,0.0,0.0,0.0,0.0,0.0,0.0,0.0,0.0,0.0,0.0,0.0,0.0,0.0,0.0,0.0,0.0,0.0,0.0,0.0,1211.427107009304
2016-08-20,0.98832,0.0,0.0,515.8740769530458,0.0,0.0,0.0,887.1707053173901,0.0,0.0,614.3589308420009,0.0,0.0,0.0,0.0,0.0,0.0,0.0,0.0,0.0,1020.6816583960946
2016-08-27,1.1146,0.0,0.0,0.0,0.0,0.0,0.0,660.3223989854696,0.0,0.0,0.0,0.0,0.0,0.0,0.0,0.0,0.0,0.0,0.0,0.0,729.1018377631824
2016-09-03,1.29445,0.0,562.9231267073524,0.0,0.0,0.0,0.0,639.1983585800594,0.0,0.0,853.7291808439119,0.0,0.0,0.0,0.0,0.0,0.0,0.0,0.0,0.0,1112.3929184416806
2016-09-10,1.46608,0.0,0.0,0.0,0.0,512.2868203311463,512.2868203311463,1272.484598411753,0.0,0.0,489.9897610640962,0.0,0.0,0.0,0.0,0.0,0.0,0.0,0.0,0.0,1526.9736820497612
2016-09-17,1.48862,0.0,502.5251862913767,0.0,0.0,0.0,0.0,3273.3007360337565,0.0,0.0,561.5935895732435,0.0,0.0,0.0,0.0,0.0,0.0,0.0,0.0,0.0,1402.4309047143752
2016-09-24,1.41022,0.0,0.0,0.0,0.0,0.0,0.0,1105.727100339964,0.0,0.0,0.0,0.0,0.0,0.0,0.0,0.0,0.0,0.0,0.0,0.0,1580.3694355718103
2016-10-01,1.45445,0.0,491.09016183349377,0.0,0.0,0.0,0.0,0.0,0.0,0.0,0.0,0.0,0.0,0.0,0.0,0.0,0.0,0.0,0.0,0.0,1554.444347660222
2016-10-08,1.12478,0.0,0.0,0.0,0.0,0.0,0.0,706.8965509680569,0.0,0.0,0.0,0.0,0.0,0.0,453.80427410285233,0.0,0.0,0.0,0.0,0.0,908.0886439305532
2016-10-15,1.03073,0.0,803.6149293417069,0.0,0.0,0.0,0.0,1014.5437427901752,732.4885252577129,0.0,0.0,523.2218165551304,0.0,0.0,623.3759999958091,0.0,0.0,0.0,0.0,0.0,1123.9285912626274
2016-10-22,0.9464,704.385279252516,960.283623488506,0.0,0.0,0.0,0.0,960.6653811292545,0.0,0.0,0.0,0.0,0.0,0.0,0.0,0.0,609.9102619952104,0.0,0.0,0.0,663.5005580850466
2016-10-29,1.12684,0.0,744.7273843036076,0.0,0.0,0.0,0.0,690.538074175769,531.137421451572,0.0,0.0,0.0,0.0,0.0,0.0,0.0,1044.1572374390323,0.0,0.0,0.0,781.8016714054352
2016-11-05,1.48677,0.0,722.9426808012734,0.0,0.0,0.0,0.0,570.6586418236581,0.0,0.0,0.0,0.0,0.0,0.0,0.0,0.0,0.0,508.5380502216347,0.0,0.0,1679.886318026404
2016-11-12,1.35087,448.5812587880098,0.0,0.0,0.0,0.0,0.0,571.5699630511932,0.0,0.0,0.0,0.0,0.0,0.0,0.0,0.0,0.0,0.0,0.0,0.0,1066.37383246567
2016-11-19,1.29748,0.0,587.7555679134372,0.0,0.0,0.0,0.0,790.350805978655,0.0,0.0,0.0,0.0,0.0,0.0,0.0,0.0,0.0,0.0,0.0,0.0,1327.6804256192995
2016-11-26,1.3935,467.8850111167874,493.274574077968,0.0,0.0,0.0,0.0,739.8404520029761,0.0,0.0,0.0,0.0,0.0,0.0,0.0,0.0,631.604160884307,0.0,0.0,0.0,1196.8907756479937
2016-12-03,1.35644,528.1357463628119,749.663278102164,0.0,0.0,0.0,0.0,909.6633741430412,1130.545778908079,0.0,658.0487762258482,0.0,0.0,0.0,0.0,0.0,0.0,0.0,0.0,0.0,1817.8605495968689
2016-12-10,1.46254,0.0,576.4529969436312,0.0,0.0,0.0,0.0,1193.7766022315382,0.0,0.0,705.7142557999564,0.0,0.0,634.239598236158,0.0,0.0,0.0,0.0,0.0,0.0,1644.3583977450287
2016-12-17,1.71569,0.0,0.0,0.0,0.0,0.0,0.0,1247.764431117925,0.0,0.0,0.0,0.0,0.0,0.0,0.0,0.0,562.1649967734053,0.0,0.0,0.0,865.7372346680189
2016-12-24,2.06947,601.8233320204788,0.0,673.441655466356,0.0,0.0,0.0,911.2164788419442,0.0,0.0,596.4463579840917,0.0,0.0,0.0,0.0,0.0,572.5442826055914,0.0,0.0,0.0,1804.578753301233
2016-12-31,2.0295,472.4974376716656,0.0,0.0,0.0,0.0,0.0,1200.7093365734677,0.0,0.0,898.2888915995087,0.0,0.0,0.0,0.0,0.0,1058.0799791486106,0.0,0.0,0.0,1622.605843821163
2017-01-07,2.23859,777.6995779262984,607.2277689650218,548.9464834359696,0.0,0.0,0.0,1440.0535783850091,0.0,0.0,863.1636287046871,0.0,0.0,0.0,0.0,0.0,550.5325102624963,0.0,0.0,0.0,1583.8012049949546
2017-01-14,2.09488,692.0845262167761,649.7337010826693,508.0843359365704,432.9903896454776,0.0,0.0,950.421036748122,0.0,0.0,553.8979817685329,0.0,0.0,0.0,448.2813903606246,0.0,722.1976772633021,0.0,0.0,0.0,1741.8774148064158
2017-01-21,2.7369,0.0,655.2225306646868,686.0472572196448,0.0,0.0,0.0,1222.7822665913775,0.0,0.0,692.3246986413415,466.372372622856,0.0,0.0,583.4704507020864,0.0,0.0,0.0,0.0,0.0,2025.4613705477605
2017-01-28,2.94725,0.0,621.3987168554996,971.0882553740678,0.0,0.0,0.0,1222.9722350943837,0.0,0.0,1225.8730051845946,0.0,0.0,0.0,524.2047198066867,0.0,0.0,0.0,0.0,0.0,1994.13244892677
2017-02-04,4.10959,0.0,846.9755394744824,1344.062828723257,0.0,474.06376171652505,474.06376171652505,871.3389565507252,0.0,0.0,0.0,0.0,0.0,0.0,0.0,0.0,0.0,0.0,0.0,0.0,1736.203745576585
2017-02-11,4.93837,831.5951352073511,766.3059464140549,909.3718423319622,0.0,0.0,0.0,1511.597633654421,722.6786962482258,0.0,1068.3049609814784,0.0,0.0,0.0,0.0,0.0,577.1891468225003,0.0,0.0,0.0,1369.3059809900765
2017-02-18,4.83111,903.1348562861403,1197.42726183509,1071.5928516390404,682.681404232779,0.0,0.0,1406.7553732216063,647.1998006663162,0.0,848.7138766466617,0.0,0.0,0.0,0.0,0.0,0.0,0.0,0.0,0.0,1821.398155091686
2017-02-25,4.62475,763.3541051285129,985.9590766794896,590.974755699022,0.0,506.0780095070372,506.0780095070372,2114.9612404497348,933.8218441453266,0.0,1482.5504286296689,0.0,427.65096774093774,0.0,0.0,427.6509677409376,621.9641432816117,0.0,0.0,0.0,1715.6847381594523
2017-03-04,3.89599,706.7329049153819,1082.377285831136,576.7363069164734,0.0,430.0218539805733,430.0218539805734,1337.8532660830233,511.0629345622644,0.0,740.1033766608814,0.0,0.0,391.3985286266419,0.0,0.0,721.6389912689981,0.0,0.0,0.0,2017.6164881507143
2017-03-11,3.33499,0.0,832.8431798229931,660.2646630676829,0.0,0.0,0.0,1346.1172541765138,602.0971231140675,601.1124468813763,758.017897847394,0.0,0.0,0.0,0.0,0.0,0.0,0.0,0.0,0.0,1811.090420040269
2017-03-18,3.26966,512.3408913887687,691.8658272487019,455.2151134998263,0.0,0.0,0.0,1046.6398493654451,0.0,0.0,576.0290311374588,0.0,0.0,0.0,0.0,0.0,544.8994406118421,0.0,0.0,0.0,1740.6419145983923
2017-03-25,2.37158,0.0,556.199510654247,0.0,0.0,0.0,0.0,1247.9506800823826,0.0,0.0,782.7977521771871,0.0,0.0,0.0,0.0,0.0,0.0,0.0,0.0,0.0,1537.455443563618
2017-04-01,1.96868,0.0,450.8859152783178,0.0,0.0,0.0,0.0,894.3559401638656,0.0,0.0,604.6505877514115,0.0,0.0,0.0,0.0,0.0,454.2998381234132,0.0,0.0,0.0,1963.8209435806405
2017-04-08,1.67285,0.0,873.1271823437504,0.0,0.0,0.0,0.0,896.1966220730087,0.0,0.0,569.2009117798586,0.0,0.0,0.0,0.0,0.0,0.0,0.0,0.0,0.0,1568.6359754324787
2017-04-15,2.01193,506.4452716916673,490.1534211486063,0.0,603.4376107990302,0.0,0.0,932.6622159172769,458.8714246293185,0.0,494.6375209331771,605.2579352344388,0.0,0.0,0.0,0.0,0.0,0.0,0.0,0.0,1588.0237052409325
2017-04-22,1.63185,0.0,0.0,0.0,0.0,0.0,0.0,1322.8449754119222,0.0,0.0,1198.360385297309,0.0,0.0,0.0,558.9056645498423,0.0,560.2338555271301,0.0,0.0,0.0,1936.290578469221
2017-04-29,1.39154,0.0,401.2630957482837,0.0,0.0,0.0,0.0,649.8589996828911,0.0,0.0,757.7242833334072,0.0,0.0,0.0,0.0,0.0,431.9462294713684,0.0,0.0,0.0,1909.6378093926155
2017-05-06,1.67406,0.0,489.8710357694324,0.0,0.0,0.0,0.0,831.9345417518587,0.0,0.0,672.4300033880509,0.0,0.0,0.0,0.0,0.0,0.0,0.0,0.0,0.0,898.393193018608
2017-05-13,1.44044,0.0,625.2082042681772,0.0,0.0,0.0,0.0,1151.3925046660966,0.0,0.0,445.2037085255256,0.0,0.0,0.0,0.0,0.0,0.0,0.0,0.0,0.0,1596.2029681212448
2017-05-20,1.27676,0.0,1072.7027073822194,0.0,0.0,0.0,0.0,1003.5226764137544,0.0,0.0,0.0,0.0,0.0,0.0,0.0,0.0,870.4204428227484,0.0,0.0,0.0,1272.5425398408634
2017-05-27,0.901202,0.0,0.0,0.0,0.0,0.0,0.0,0.0,0.0,0.0,0.0,0.0,0.0,0.0,561.3663500769571,0.0,0.0,0.0,0.0,0.0,1104.9927687541333
2017-06-03,1.48297,0.0,0.0,0.0,0.0,0.0,0.0,0.0,0.0,0.0,0.0,0.0,0.0,0.0,0.0,0.0,0.0,0.0,0.0,0.0,1028.7121927026092
2017-06-10,0.921526,0.0,0.0,0.0,539.2329025708589,0.0,0.0,769.227355977936,0.0,0.0,0.0,0.0,0.0,0.0,0.0,0.0,544.8502084644106,0.0,0.0,0.0,0.0
2017-06-17,1.23973,0.0,0.0,0.0,0.0,0.0,0.0,890.5234946059661,0.0,0.0,0.0,0.0,0.0,0.0,0.0,0.0,0.0,0.0,0.0,0.0,755.7679615973033
2017-06-24,1.25844,0.0,0.0,0.0,0.0,0.0,0.0,0.0,0.0,0.0,0.0,0.0,0.0,0.0,0.0,0.0,0.0,0.0,0.0,0.0,1156.4475169996454
2017-07-01,0.932546,0.0,0.0,0.0,0.0,0.0,0.0,795.3886352111679,0.0,0.0,0.0,0.0,0.0,0.0,0.0,0.0,0.0,0.0,0.0,0.0,1173.820515195064
2017-07-08,0.916894,0.0,0.0,0.0,0.0,0.0,0.0,0.0,0.0,0.0,0.0,0.0,0.0,0.0,0.0,0.0,0.0,0.0,0.0,0.0,0.0
2017-07-15,0.999246,0.0,0.0,0.0,0.0,0.0,0.0,0.0,0.0,0.0,510.227348186844,0.0,0.0,0.0,0.0,0.0,0.0,0.0,0.0,0.0,1016.3988120894144
2017-07-22,0.991453,0.0,0.0,0.0,0.0,0.0,0.0,714.5106930194383,0.0,0.0,0.0,0.0,0.0,0.0,0.0,0.0,0.0,0.0,0.0,0.0,711.3768680006368
2017-07-29,1.05967,0.0,0.0,0.0,0.0,0.0,0.0,470.6684401465101,0.0,0.0,0.0,0.0,0.0,0.0,0.0,0.0,0.0,0.0,0.0,0.0,613.5557647621912
2017-08-05,1.13969,475.5171111607264,469.40160603897874,715.476721622604,0.0,0.0,0.0,468.6611800735884,0.0,0.0,0.0,0.0,0.0,0.0,0.0,0.0,0.0,0.0,0.0,0.0,1090.5539238345427
2017-08-12,0.880411,0.0,0.0,0.0,0.0,0.0,0.0,718.0751343104506,0.0,0.0,0.0,0.0,0.0,0.0,0.0,0.0,0.0,0.0,0.0,694.5010962341096,1629.6887239460004
2017-08-19,1.16813,0.0,0.0,0.0,660.9201578610545,0.0,0.0,611.1869609312496,0.0,0.0,0.0,0.0,855.7819170454172,0.0,0.0,855.7819170454173,0.0,0.0,567.3095396735785,0.0,937.046228321489
2017-08-26,1.30622,0.0,0.0,0.0,0.0,0.0,0.0,480.9894499188564,0.0,0.0,0.0,0.0,0.0,0.0,0.0,0.0,0.0,0.0,0.0,0.0,864.3562659742794
2017-09-02,1.95402,0.0,556.6992838519303,0.0,0.0,0.0,0.0,1327.830240813092,0.0,0.0,630.0981968482688,0.0,0.0,0.0,0.0,0.0,0.0,0.0,0.0,0.0,1313.557644184098
2017-09-09,1.41108,0.0,497.24005136104887,0.0,0.0,0.0,0.0,1132.812636471561,0.0,0.0,617.7145356250389,0.0,0.0,0.0,0.0,0.0,0.0,0.0,0.0,0.0,1185.2560208986677
2017-09-16,1.55015,0.0,679.0696007107337,0.0,0.0,0.0,0.0,477.292997662873,0.0,0.0,0.0,0.0,0.0,0.0,0.0,0.0,0.0,0.0,0.0,0.0,1598.5908046362383
2017-09-23,1.26638,0.0,0.0,467.99469843300153,0.0,0.0,0.0,823.0218601514578,0.0,0.0,0.0,0.0,0.0,0.0,0.0,0.0,0.0,0.0,0.0,0.0,1168.6940437505457
2017-09-30,1.14259,410.3347601003239,0.0,0.0,0.0,0.0,0.0,765.333844362492,686.566373909693,0.0,0.0,0.0,0.0,0.0,0.0,0.0,0.0,0.0,417.87532704209553,0.0,960.3090500419172
2017-10-07,0.7969,0.0,0.0,434.5338633700408,0.0,0.0,0.0,896.9304871554673,565.6164376178225,0.0,0.0,0.0,0.0,0.0,0.0,0.0,0.0,0.0,0.0,0.0,739.6867761668786
2017-10-14,0.729223,0.0,0.0,0.0,0.0,0.0,0.0,1416.213416915341,477.65665857423375,0.0,0.0,0.0,0.0,0.0,0.0,0.0,0.0,0.0,0.0,0.0,0.0
2017-10-21,0.933821,569.5583592902515,0.0,0.0,0.0,0.0,0.0,1562.353885938417,501.76242110421606,0.0,0.0,0.0,0.0,0.0,0.0,0.0,0.0,0.0,0.0,0.0,1493.0204101052025
2017-10-28,0.856146,676.0395830582506,797.078355974703,0.0,0.0,0.0,0.0,1234.1107115813447,875.091749048985,0.0,706.0288679457208,644.1305333426809,0.0,0.0,0.0,0.0,0.0,0.0,781.4058744429581,0.0,1135.0073403723866
2017-11-04,1.12924,0.0,0.0,0.0,0.0,0.0,0.0,968.789202739138,493.5622682683432,0.0,575.2858398396759,0.0,0.0,0.0,460.1392191182489,0.0,0.0,0.0,0.0,0.0,1140.4786709267787
2017-11-11,1.45385,485.88192290878175,713.4147274848993,0.0,0.0,0.0,0.0,1162.5521430027857,733.6421070597083,0.0,595.0180054252356,0.0,0.0,0.0,0.0,0.0,0.0,0.0,0.0,0.0,1392.6735081853235
2017-11-18,1.45676,0.0,767.4132479067943,0.0,394.24332280506,734.5408731686279,734.5408731686279,1213.9849091463525,594.4471364746839,0.0,0.0,0.0,0.0,0.0,0.0,0.0,0.0,0.0,0.0,0.0,878.7298141111239
2017-11-25,1.53846,0.0,0.0,0.0,0.0,0.0,0.0,1351.0393943937886,399.3879087977439,0.0,544.5075775570348,0.0,0.0,0.0,0.0,0.0,0.0,0.0,0.0,0.0,1731.1027342289617
2017-12-02,1.27528,413.63538958396725,558.5050707849789,0.0,0.0,0.0,0.0,1209.841697220087,0.0,0.0,834.2744227402484,0.0,0.0,0.0,0.0,0.0,629.0472789117327,0.0,0.0,0.0,1390.5605478946993
2017-12-09,1.7894,829.9337671316096,995.0091181169488,623.2092151280367,0.0,365.73233893782935,365.73233893782935,1429.73840792574,581.7270471446578,0.0,490.69452576341325,0.0,0.0,0.0,0.0,0.0,430.3017034488032,0.0,0.0,430.7545321893964,1397.9684946750883
2017-12-16,2.39285,442.57277165550425,759.4865104500705,0.0,0.0,0.0,0.0,1291.6315157203155,433.6207448870056,0.0,560.473172207775,0.0,0.0,0.0,0.0,0.0,561.0163901435878,0.0,0.0,0.0,1830.7383317708384
2017-12-23,3.15934,889.7682381174305,1270.2509884481924,723.0865500902066,0.0,478.7259976073415,478.72599760734136,936.1045851611758,0.0,0.0,985.3153368638644,0.0,0.0,0.0,448.1394753519355,0.0,532.1964002767012,0.0,0.0,0.0,1959.4303744154984
2017-12-30,4.54253,1647.4153589490534,1604.9173942346283,1106.1872851234757,713.35815780857,577.6668636203723,577.6668636203723,1754.1768204434234,602.2897100328122,0.0,1607.494854987531,0.0,0.0,0.0,809.8863377147912,0.0,953.7627594845616,0.0,0.0,0.0,1710.880921534195
2018-01-06,4.59618,2424.2845878940675,1736.0742153907431,439.6994147701538,0.0,818.1288329358523,818.1288329358523,1922.2848480909104,607.359358038364,0.0,1269.58169114944,0.0,0.0,0.0,496.6219341803621,0.0,893.3339207465125,379.4581622991928,0.0,0.0,2027.658425162552
2018-01-13,4.56481,2990.8271104092987,3091.301078882653,802.1538024001519,759.6698638834806,582.0288777033543,582.0288777033543,2345.001442219952,632.2329881578125,0.0,1919.128668525048,469.38616030125127,0.0,0.0,743.3465715349591,0.0,551.022461779195,0.0,0.0,371.518666367298,1432.288166376269
2018-01-20,5.77333,3731.618242322492,4258.538462585041,928.8076465038156,708.8945358534978,900.711202566729,900.7112025667291,2226.528109449132,1604.499972876151,530.8854191645719,1026.3625692823846,0.0,0.0,0.0,886.7584387427158,0.0,828.3463758217785,0.0,0.0,0.0,2141.857684435407
2018-01-27,6.65956,4902.25624336721,5019.624674179673,714.3853203130791,1105.8540006587014,698.3486847472933,698.3486847472933,2730.602282835211,1750.8712992015865,0.0,1828.87763905554,934.1733144137894,396.7575200923485,383.15909083859145,1057.1100579248528,396.7575200923485,803.0827348445293,392.0855119695785,373.8453650623403,0.0,1959.9706574598856
2018-02-03,9.94933,4843.810613417275,5293.585940517429,1313.8710023247515,1311.7556306935548,1099.6166345940676,1099.6166345940674,2013.7146937183988,1952.8253929821533,0.0,1357.8557676670944,1185.8569237936083,430.83336314554265,0.0,893.0954468374879,430.83336314554265,742.5570831308769,736.0454617316569,660.2390584813699,436.70379075945993,2182.2557098017664
2018-02-10,8.39223,3538.348674812119,4745.432988415363,1024.344240620517,1026.53887246918,867.29052271118,867.2905227111802,1849.065266310255,1031.3593882365112,353.40380474792835,852.5127083499574,819.1361199104952,427.0254067293384,0.0,809.4897161738131,427.0254067293385,1008.035442662816,361.73500688105713,1331.9560520114542,403.7327117412841,2120.441755990418
2018-02-17,6.69024,3025.200244096749,3691.058650888294,1376.0982052888255,959.4575922566736,574.4575447418437,574.4575447418437,1824.7498531754347,744.4557130571106,0.0,1217.4026022193634,894.2233628530422,478.4366490577663,0.0,700.9595047735021,478.4366490577663,554.1019116463677,0.0,0.0,0.0,1750.490280516672
2018-02-24,5.21037,1932.922752362289,1757.967035377653,1288.9732426693051,498.3780412436851,0.0,0.0,2283.371511833152,684.5397530450498,494.13195017482633,1143.2715606043512,0.0,0.0,0.0,0.0,0.0,0.0,361.7663906411553,0.0,0.0,2026.7661377965087
2018-03-03,4.51212,1231.7430220341205,1503.170136948939,796.4506825270113,365.9175045394708,383.1244339645206,383.1244339645206,1995.848308036596,0.0,0.0,770.230213499173,0.0,0.0,0.0,0.0,0.0,0.0,0.0,0.0,0.0,2094.3059053673896
2018-03-10,3.24166,1228.0063234485797,1055.4054257702012,0.0,633.614358301365,0.0,0.0,1073.0974118804784,398.3720438954096,0.0,0.0,0.0,0.0,0.0,420.4407990292683,0.0,0.0,0.0,0.0,0.0,2523.3106131986124
2018-03-17,3.19754,1003.1685077144851,1019.4650822970864,0.0,367.7578214264139,526.0755783752827,526.0755783752828,1179.2114349954404,688.982654844824,470.6766536509459,843.6425918891151,0.0,0.0,0.0,508.6287257471152,0.0,0.0,0.0,0.0,0.0,1405.1105219434369
2018-03-24,2.79188,449.3585996297847,752.46615616702,0.0,0.0,0.0,0.0,1444.466282284517,0.0,0.0,847.4223346816317,0.0,0.0,0.0,0.0,0.0,490.0494797396232,468.78435820562834,0.0,0.0,2285.3823599362386
2018-03-31,1.94935,0.0,0.0,0.0,0.0,0.0,0.0,1008.1535093648984,0.0,0.0,782.0127787926833,0.0,0.0,0.0,0.0,0.0,0.0,0.0,0.0,0.0,1267.443609996253
2018-04-07,1.70484,0.0,0.0,0.0,0.0,0.0,0.0,1527.848110511633,0.0,0.0,417.3677626993451,0.0,0.0,0.0,0.0,0.0,0.0,0.0,0.0,0.0,1659.185646716082
2018-04-14,1.31453,343.827101623427,357.2695743127664,0.0,0.0,0.0,0.0,863.577511010318,0.0,0.0,0.0,0.0,0.0,415.0125739045848,0.0,0.0,0.0,0.0,373.64202318141446,0.0,1709.767506283879
2018-04-21,1.28927,0.0,0.0,369.4376688681197,0.0,0.0,0.0,527.8350803217543,0.0,0.0,517.5752993159557,0.0,0.0,0.0,0.0,0.0,364.66342138674537,0.0,0.0,0.0,1097.5875173216978
2018-04-28,1.34181,544.5791187574705,390.8459214590998,0.0,0.0,593.6259108448137,593.6259108448137,1110.449265835299,0.0,0.0,0.0,0.0,0.0,0.0,0.0,0.0,0.0,0.0,0.0,0.0,1206.8644585016
2018-05-05,1.21266,0.0,674.4905278714605,0.0,0.0,0.0,0.0,440.7438701416006,0.0,0.0,0.0,0.0,0.0,0.0,0.0,0.0,461.59070554808005,0.0,0.0,0.0,962.7669882230026
2018-05-12,1.41117,0.0,0.0,0.0,0.0,0.0,0.0,0.0,0.0,0.0,390.54194444661545,0.0,0.0,0.0,0.0,0.0,0.0,0.0,0.0,0.0,1293.758930613887
2018-05-19,1.29345,0.0,0.0,0.0,0.0,0.0,0.0,823.2767990236422,0.0,0.0,0.0,0.0,0.0,0.0,0.0,0.0,358.31677708852567,0.0,0.0,0.0,1190.205942574515
2018-05-26,1.12085,0.0,0.0,411.4993734173627,0.0,0.0,0.0,823.1485187165437,0.0,0.0,0.0,0.0,0.0,0.0,0.0,0.0,893.5370395440372,0.0,0.0,0.0,1248.3748361235173
2018-06-02,1.54443,0.0,0.0,0.0,0.0,443.654283100432,443.654283100432,461.4245967323789,0.0,0.0,399.18626373941015,0.0,0.0,0.0,0.0,0.0,0.0,0.0,0.0,0.0,1219.654754244658
2018-06-09,1.4778,0.0,0.0,0.0,0.0,0.0,0.0,636.0161737696455,0.0,0.0,0.0,0.0,0.0,0.0,0.0,0.0,0.0,0.0,0.0,0.0,1093.330017540566
2018-06-16,1.01294,0.0,615.5347245956318,0.0,0.0,0.0,0.0,624.2235601993787,0.0,0.0,0.0,0.0,0.0,0.0,0.0,0.0,0.0,0.0,0.0,0.0,1417.5086848797996
2018-06-23,1.03814,0.0,0.0,0.0,0.0,0.0,0.0,723.3040607293664,0.0,0.0,0.0,0.0,0.0,0.0,0.0,0.0,426.47459486661984,0.0,0.0,0.0,899.9265865611925
2018-06-30,0.968442,0.0,0.0,0.0,0.0,0.0,0.0,544.2994966193049,0.0,0.0,0.0,0.0,0.0,0.0,0.0,0.0,0.0,0.0,0.0,0.0,509.8505104562468
2018-07-07,1.09665,0.0,0.0,0.0,0.0,0.0,0.0,752.1209313953258,0.0,0.0,0.0,0.0,0.0,0.0,0.0,0.0,0.0,0.0,0.0,0.0,1359.948326539747
2018-07-14,1.0292,0.0,0.0,507.3581373087501,0.0,0.0,0.0,0.0,0.0,0.0,0.0,0.0,0.0,0.0,0.0,0.0,0.0,0.0,0.0,0.0,939.4624071971788
2018-07-21,0.782473,0.0,0.0,0.0,0.0,0.0,0.0,1246.304160015963,0.0,0.0,439.9309802708407,0.0,0.0,0.0,0.0,0.0,432.5461010975295,0.0,0.0,0.0,951.5176778812836
2018-07-28,0.871948,0.0,0.0,0.0,0.0,0.0,0.0,599.5943141367277,0.0,0.0,0.0,0.0,0.0,0.0,0.0,0.0,0.0,0.0,0.0,0.0,1189.136193651006
2018-08-04,0.991724,0.0,0.0,0.0,0.0,0.0,0.0,616.4445944204099,0.0,0.0,0.0,0.0,0.0,0.0,0.0,0.0,0.0,0.0,0.0,0.0,1133.7691761789663
2018-08-11,1.10102,0.0,0.0,459.1629883024578,0.0,0.0,0.0,0.0,0.0,0.0,541.9738025395565,0.0,0.0,0.0,0.0,0.0,0.0,0.0,0.0,0.0,1314.7721969634154
2018-08-18,1.34678,0.0,0.0,0.0,0.0,0.0,0.0,629.5334947823652,0.0,0.0,364.6941922600771,0.0,0.0,0.0,0.0,0.0,0.0,0.0,0.0,371.3578522154265,533.8154772968046
2018-08-25,1.00043,0.0,0.0,0.0,0.0,0.0,0.0,426.82504492708784,0.0,0.0,0.0,0.0,0.0,0.0,0.0,0.0,0.0,0.0,0.0,0.0,1149.8025939725314
2018-09-01,1.42765,0.0,0.0,0.0,0.0,0.0,0.0,583.309073406102,0.0,0.0,0.0,0.0,0.0,0.0,0.0,0.0,0.0,0.0,0.0,0.0,1624.3711810487162
2018-09-08,1.60943,0.0,393.5851102246377,0.0,0.0,0.0,0.0,656.231366977432,0.0,0.0,368.29871128000485,0.0,0.0,0.0,645.3130694522306,0.0,0.0,0.0,0.0,0.0,1451.6950462077232
2018-09-15,1.4654,0.0,477.4912409077641,0.0,0.0,0.0,0.0,818.4825661936846,348.26453320590446,0.0,0.0,0.0,0.0,0.0,0.0,0.0,0.0,0.0,0.0,0.0,1813.6313520603835
2018-09-22,1.45397,0.0,0.0,0.0,0.0,0.0,0.0,972.974227089932,0.0,0.0,417.8397809668024,0.0,0.0,0.0,0.0,0.0,0.0,0.0,0.0,0.0,1284.586643398568
2018-09-29,1.28603,0.0,592.7670804739871,0.0,0.0,0.0,0.0,752.4126107205032,0.0,0.0,663.6254797369677,0.0,0.0,0.0,387.6669779828146,0.0,0.0,0.0,0.0,0.0,1221.7631736740411
2018-10-06,0.852188,0.0,454.1036995690905,0.0,0.0,0.0,0.0,987.164156280486,654.3222109796368,0.0,820.4520585011375,0.0,0.0,0.0,431.0517372540392,0.0,401.50048508514567,0.0,0.0,0.0,1450.563246725667
2018-10-13,0.809395,496.47177305016623,947.1226399278193,0.0,0.0,0.0,0.0,1350.3085508555407,699.2849158576722,0.0,490.3059488774058,0.0,0.0,0.0,0.0,0.0,426.9107042870506,0.0,0.0,0.0,1522.6833666670962
2018-10-20,1.06924,375.74846755825575,885.9252970405298,0.0,0.0,0.0,0.0,1146.6941050500918,1058.9642326114024,0.0,517.8897152273956,425.8934775557231,0.0,0.0,0.0,0.0,396.8564569295599,0.0,0.0,0.0,1523.586875696531
2018-10-27,1.08787,379.9049755670654,1047.9192739248813,0.0,0.0,0.0,0.0,1232.9746095002542,0.0,621.9901955065452,503.6139470308669,0.0,0.0,0.0,526.3167884295393,0.0,0.0,0.0,0.0,0.0,1081.6424132702016
2018-11-03,1.28941,0.0,1122.5647940797935,467.8881581175894,0.0,0.0,0.0,748.9868489542929,0.0,0.0,584.6739084519681,0.0,0.0,0.0,0.0,0.0,0.0,0.0,0.0,0.0,1646.8204947331474
2018-11-10,1.31015,446.9139690576086,640.0122445066381,353.3605369209336,0.0,0.0,0.0,1002.4722279293798,551.9741559867447,0.0,377.5221583086974,0.0,0.0,0.0,0.0,0.0,402.24037410313946,0.0,0.0,0.0,1371.8640774217945
2018-11-17,1.3982,481.8686477296552,880.9078924168942,0.0,0.0,0.0,0.0,1236.043049657457,396.1428584381385,0.0,783.124538858737,0.0,0.0,0.0,0.0,0.0,0.0,0.0,0.0,0.0,839.2924019077496
2018-11-24,1.32678,478.4511485171873,742.8904179100488,814.6559934288989,0.0,0.0,0.0,1500.9877693028593,0.0,0.0,933.9071722664576,0.0,0.0,0.0,0.0,0.0,0.0,426.0825902034435,0.0,0.0,1649.530286767905
2018-12-01,1.40047,406.5024080379617,512.812642815509,598.1745541878703,0.0,0.0,0.0,744.0101117853042,0.0,0.0,382.8873209206793,0.0,0.0,0.0,0.0,0.0,495.4320460607672,0.0,0.0,0.0,1587.7579182006866
2018-12-08,1.57558,812.3151300917972,1069.6608988286928,0.0,0.0,0.0,0.0,1498.0867551991732,0.0,0.0,679.4878618875252,0.0,0.0,0.0,414.7680632763296,0.0,424.4762509632086,0.0,0.0,0.0,1581.7855370149591
2018-12-15,2.32249,603.4574102429492,1296.026922731572,419.3444434118146,0.0,0.0,0.0,966.562590373618,433.4399831485844,0.0,839.670175025459,0.0,0.0,0.0,519.4933958573241,0.0,536.1073700032737,0.0,0.0,0.0,1696.7613581554303
2018-12-22,4.28645,566.8355619473517,1511.1573427008327,624.2733783893874,0.0,0.0,0.0,1480.4487616968856,377.3183529563802,0.0,938.4654878165009,0.0,0.0,0.0,0.0,0.0,0.0,0.0,0.0,0.0,1969.6746869660087
2018-12-29,6.48377,1318.660368847773,1511.118655290103,589.3453376899818,0.0,561.7051791856283,561.7051791856284,1137.8727856193696,697.9769112145185,426.5279602212596,795.8346765433386,0.0,0.0,0.0,610.1675748669119,0.0,894.9438227575548,0.0,424.3140395567172,0.0,1772.6028068851615
2019-01-05,5.23756,1022.076457604336,1133.4744735445624,1174.661872056195,0.0,481.9259268877129,481.9259268877129,1920.9614909213556,727.7324906779412,545.5874241880857,467.1528131950778,0.0,0.0,0.0,0.0,0.0,495.0297883341831,0.0,0.0,0.0,1935.2900821437863
2019-01-12,4.47269,1515.8811662729097,1887.9821893979624,910.3578148794873,467.8688338225875,388.5802460768954,388.5802460768955,2074.16617010825,739.1531025786446,0.0,666.197490513596,773.130615695948,0.0,387.5004281229597,452.5993990942076,0.0,0.0,0.0,0.0,0.0,1652.7530527218169
2019-01-19,4.52249,913.7536225518368,1691.1583367545536,632.7328269424562,0.0,0.0,0.0,1625.338638292638,817.6012711666655,0.0,1070.721713365348,0.0,0.0,0.0,445.9314124633362,0.0,473.6395094981448,0.0,0.0,0.0,2373.6600376822803
2019-01-26,4.67061,805.0949337743668,801.7046982826748,883.3180817381985,0.0,0.0,0.0,1666.024833714847,509.7436254947514,0.0,502.0102778044938,0.0,0.0,0.0,549.655606557396,0.0,0.0,0.0,0.0,0.0,1272.7691432798842
2019-02-02,4.30248,1160.353418212223,1687.5103832190457,1023.128177881338,0.0,0.0,0.0,1820.4950734870845,568.813868123975,0.0,899.6628638064776,0.0,0.0,0.0,479.02295183001,0.0,688.9376546460985,0.0,0.0,0.0,1733.532224875572
2019-02-09,4.85066,1281.698162811594,1115.961280568819,940.4156756111764,350.12607221972064,388.415673605341,388.41567360534106,1565.5215318775086,846.3535777193504,0.0,837.0178218413711,0.0,0.0,0.0,478.4157759672392,0.0,865.5292217394451,0.0,0.0,0.0,2648.3958991692743
2019-02-16,6.24253,1111.9466845806169,1441.4730260619622,895.537884524607,0.0,393.61904502140527,393.6190450214052,1357.9840606459277,640.8220570134943,404.9172604632969,875.6611981334593,0.0,0.0,399.9298647734488,0.0,0.0,802.0183744625302,0.0,0.0,0.0,2103.3101617355937
2019-02-23,6.51274,932.1114739020896,1315.7851671733931,588.9981621494949,0.0,0.0,0.0,1645.6135905025965,883.3523343424428,459.40316188358935,1001.1030699243072,0.0,399.03666061038047,453.81700747059057,428.0493094281375,399.03666061038047,526.3673848362077,0.0,0.0,0.0,2070.3244429154424
2019-03-02,6.36723,1222.9336097573191,1572.7967888122507,976.0687551486149,400.8576236850872,357.1461640289568,357.1461640289568,1264.9947981425955,526.8830669179144,341.4650942936464,1081.6260184065206,0.0,0.0,0.0,348.0478815861691,0.0,456.0600619092788,0.0,0.0,0.0,2093.1123008454697
2019-03-09,5.72666,1033.7697402236363,1636.5606142412144,1156.6871809827956,376.1254520882618,477.5433677626941,477.5433677626941,1869.360229737892,985.5719190615022,0.0,851.4331570996652,0.0,0.0,0.0,0.0,0.0,559.7999752103055,378.3625985436622,0.0,0.0,1349.907134497689
2019-03-16,5.24398,850.0833304195892,940.9566578759448,0.0,0.0,0.0,0.0,1528.1378428544124,359.9995158700794,0.0,786.3272802310426,0.0,0.0,0.0,0.0,0.0,0.0,0.0,0.0,392.4358049356585,1646.9467871003164
2019-03-23,3.80121,695.5499889203533,1389.9768994830326,761.5759231437862,0.0,472.79712677902165,472.79712677902165,1780.7619675692738,497.2300630978464,0.0,822.6446928627258,0.0,0.0,0.0,345.2182570764401,0.0,551.58773134119,0.0,0.0,0.0,1628.8566197121552
2019-03-30,2.80429,658.0271905736067,1104.1202175020674,538.0851854233089,507.0942295853231,0.0,0.0,1007.2296820131126,442.33947455715816,0.0,725.1472405139895,0.0,0.0,0.0,0.0,0.0,613.0299589985004,0.0,0.0,0.0,1853.5787008895215
2019-04-06,2.44283,642.1272193908688,814.742854849601,609.1512311648289,0.0,0.0,0.0,1202.0596023087423,0.0,0.0,666.7108793771799,0.0,0.0,0.0,0.0,0.0,495.0522864468255,0.0,0.0,382.22435983353904,2138.399226897769
2019-04-13,2.33604,406.6170343686907,719.4481406209898,343.0440353171048,0.0,0.0,0.0,969.8327021277862,0.0,0.0,554.0025668543594,0.0,0.0,0.0,0.0,0.0,0.0,0.0,0.0,462.6810937134569,1179.802352164617
2019-04-20,2.12543,0.0,654.7089645647991,0.0,0.0,0.0,0.0,1181.3213711687288,0.0,0.0,1075.7051749119169,0.0,0.0,0.0,0.0,0.0,542.8986564063553,0.0,0.0,0.0,1479.9499050490797
2019-04-27,1.67629,0.0,569.8813909517924,0.0,0.0,0.0,0.0,1023.6857625855312,0.0,0.0,603.414335417743,0.0,0.0,0.0,0.0,0.0,479.82460067645366,0.0,0.0,0.0,1214.675920741366
2019-05-04,1.49181,454.928621520701,486.6511863426203,0.0,0.0,0.0,0.0,915.0511929111358,377.4605305006483,0.0,529.4266772201788,0.0,0.0,0.0,481.7287277256253,0.0,735.450939351646,0.0,0.0,0.0,1424.8740602064163
2019-05-11,1.25413,0.0,427.02461311447365,0.0,0.0,0.0,0.0,1117.7914866918095,0.0,0.0,990.4990302236316,0.0,0.0,0.0,0.0,0.0,590.9767260579063,0.0,0.0,0.0,1678.69400657396
2019-05-18,1.36544,0.0,0.0,0.0,0.0,0.0,0.0,935.1909968290554,0.0,0.0,0.0,0.0,0.0,0.0,0.0,0.0,786.0314155091398,0.0,0.0,0.0,1640.353047929614
2019-05-25,1.11085,370.3693641408076,519.5128899266396,0.0,0.0,0.0,0.0,936.8057203868452,0.0,0.0,646.8455949799172,0.0,0.0,0.0,0.0,0.0,642.6526190133596,0.0,0.0,461.5233133208196,1189.819024788629
2019-06-01,1.11503,0.0,0.0,0.0,0.0,0.0,0.0,1048.202647349387,0.0,0.0,591.1371906551071,0.0,0.0,0.0,0.0,0.0,587.9890247475208,0.0,0.0,0.0,1441.778371205255
2019-06-08,0.907921,358.18497079438424,460.4213573306724,0.0,0.0,0.0,0.0,1050.1741763909226,0.0,0.0,429.54918278619925,0.0,0.0,0.0,0.0,0.0,473.7281269504112,0.0,0.0,0.0,1394.0264689867126
2019-06-15,0.821718,0.0,0.0,0.0,0.0,0.0,0.0,923.5045146502288,0.0,0.0,577.404886786831,525.0305868789334,0.0,0.0,0.0,0.0,0.0,0.0,0.0,0.0,1420.0198301439657
2019-06-22,0.665227,0.0,0.0,0.0,0.0,0.0,0.0,1094.275481789443,346.28519104383463,0.0,397.1562788572308,0.0,0.0,0.0,0.0,0.0,0.0,0.0,0.0,0.0,1657.8179220696386
2019-06-29,0.428147,0.0,0.0,0.0,0.0,0.0,0.0,780.4093649789214,0.0,0.0,0.0,0.0,0.0,0.0,0.0,0.0,0.0,0.0,0.0,0.0,1187.6108170894568
2019-07-06,0.575841,0.0,0.0,0.0,0.0,0.0,0.0,476.3956417666329,0.0,0.0,364.9771175238024,0.0,0.0,0.0,0.0,0.0,0.0,0.0,0.0,0.0,1047.0393290397208
2019-07-13,0.584795,0.0,424.18410854141615,0.0,375.2451340735036,0.0,0.0,375.3118784891285,0.0,0.0,403.3382963863377,0.0,0.0,0.0,0.0,0.0,0.0,0.0,0.0,0.0,739.1699451191638
2019-07-20,0.572213,0.0,0.0,0.0,356.843103554796,0.0,0.0,559.1192122178932,0.0,0.0,0.0,0.0,0.0,0.0,0.0,0.0,0.0,0.0,0.0,0.0,1058.295166767783
2019-07-27,0.565417,0.0,0.0,0.0,0.0,0.0,0.0,510.1691698826828,0.0,0.0,598.2011139406567,0.0,0.0,0.0,0.0,0.0,415.0007846498616,0.0,0.0,0.0,631.5036456887972
2019-08-03,0.508266,0.0,0.0,0.0,0.0,0.0,0.0,674.4437373306706,0.0,0.0,727.4496497421729,0.0,0.0,0.0,0.0,0.0,0.0,0.0,0.0,0.0,964.349720445198
2019-08-10,0.440676,0.0,0.0,0.0,0.0,0.0,0.0,598.4780088908001,0.0,0.0,0.0,0.0,0.0,0.0,0.0,0.0,0.0,0.0,0.0,0.0,1370.3529724370308
2019-08-17,0.583183,0.0,419.6448140554618,0.0,0.0,0.0,0.0,1138.7990219879632,0.0,0.0,449.27340293571206,0.0,0.0,0.0,0.0,0.0,0.0,0.0,0.0,0.0,1110.288241847818
2019-08-24,0.787868,0.0,0.0,0.0,0.0,0.0,0.0,427.1163661528986,392.7336766930186,0.0,0.0,0.0,0.0,0.0,0.0,0.0,382.3370315871877,0.0,0.0,0.0,1192.957629552048
2019-08-31,0.90824,0.0,383.9540420351467,0.0,0.0,0.0,0.0,803.6591134425171,0.0,0.0,0.0,0.0,0.0,0.0,0.0,0.0,466.3859117766684,0.0,0.0,0.0,1471.2730633852875
2019-09-07,1.00005,0.0,346.64387090176,0.0,0.0,412.3559069677332,412.3559069677332,1071.295967237597,0.0,0.0,0.0,0.0,0.0,0.0,484.2219566562312,0.0,0.0,0.0,0.0,0.0,1519.446551580427
2019-09-14,0.830565,0.0,0.0,0.0,0.0,0.0,0.0,1075.850367495814,0.0,0.0,419.6323470258131,0.0,0.0,0.0,0.0,0.0,0.0,0.0,0.0,0.0,1716.1096002524416
2019-09-21,0.822523,0.0,562.2310216273218,0.0,0.0,0.0,0.0,1185.0767343656655,522.4010562676008,0.0,361.2057784253381,0.0,0.0,0.0,0.0,0.0,0.0,0.0,0.0,0.0,1170.3564402263264
2019-09-28,0.885694,524.1441573383441,913.0747259708368,0.0,0.0,0.0,0.0,777.7830638687747,459.2425318678061,0.0,0.0,0.0,0.0,0.0,0.0,0.0,0.0,0.0,0.0,0.0,1424.709036557303
2019-10-05,0.91895,634.7391096152583,1112.6285289664297,0.0,0.0,0.0,0.0,1229.2070703130887,740.5766296006094,0.0,433.8526965970876,0.0,0.0,0.0,0.0,0.0,330.8949728170218,0.0,0.0,0.0,1287.598318460621
2019-10-12,1.12857,637.3663141966643,1266.1281110917903,0.0,0.0,0.0,0.0,997.9457479925352,841.5093678685677,0.0,702.0120589365745,0.0,0.0,0.0,465.56329389129377,0.0,0.0,0.0,0.0,0.0,1112.1679448560683
2019-10-19,1.40313,428.9647639516693,1038.10678511735,0.0,0.0,0.0,0.0,926.0684781639176,1087.9085696907666,0.0,422.751940370377,0.0,0.0,0.0,0.0,0.0,0.0,0.0,327.50807763067485,0.0,1258.8474839109683
2019-10-26,1.60244,408.296434617834,1143.7002460023955,0.0,0.0,0.0,0.0,1605.1015273309413,618.8162970869729,0.0,818.4874768361851,0.0,0.0,0.0,474.3936924130167,0.0,0.0,0.0,0.0,0.0,1888.5306520579472
2019-11-02,1.62342,442.3323068119853,1390.716203921579,0.0,0.0,0.0,0.0,1215.844543533967,528.45673955627,0.0,721.0826453874149,526.2275036257874,0.0,0.0,0.0,0.0,360.2888066569957,0.0,0.0,0.0,1568.7455560927854
2019-11-09,2.01753,632.6427822596029,962.6888316929552,0.0,0.0,0.0,0.0,1233.3529667892974,647.799861072465,0.0,631.5002033670912,0.0,0.0,0.0,0.0,0.0,0.0,0.0,0.0,0.0,1523.7119077453065
2019-11-16,2.52861,756.7674456014245,938.469595204125,467.5307952193713,348.483469223157,0.0,0.0,829.3605693670689,530.8450861440282,0.0,640.9692781320748,0.0,0.0,0.0,0.0,0.0,697.2640015616598,0.0,0.0,0.0,1383.0516653518152
2019-11-23,3.12916,722.8828567905856,1347.5477156487357,628.9865449522084,0.0,0.0,0.0,1389.540561988115,589.1879334322412,0.0,650.4956728471587,0.0,0.0,0.0,0.0,0.0,0.0,382.97786180881394,579.842558204185,0.0,2102.2334836656514
2019-11-30,3.35036,499.9263893335944,952.397145113848,458.7574434735099,0.0,0.0,0.0,1141.8039278936274,393.4004630319628,0.0,529.3293501597312,0.0,0.0,0.0,430.1032761062678,0.0,0.0,0.0,0.0,0.0,2140.2051679967594
2019-12-07,3.87798,725.8260337237541,1477.977015075895,595.2013154893626,0.0,0.0,0.0,1751.909261352464,454.54205825052986,0.0,1011.6479440899705,0.0,0.0,0.0,334.9990145584155,0.0,376.3265674989701,0.0,0.0,0.0,1276.4354507784456
2019-12-14,4.97083,855.9641160149699,1160.1617458133012,0.0,0.0,0.0,0.0,1311.7556946762834,363.804801512881,0.0,1158.6259985996735,0.0,0.0,0.0,0.0,0.0,0.0,0.0,0.0,0.0,1837.3151214560417
2019-12-21,7.26189,1106.8822476338771,1669.0822282424936,807.9533731343879,0.0,382.8423140758836,382.8423140758836,1896.8267788346557,707.6862495375428,0.0,1411.3284572021564,0.0,0.0,0.0,805.7022527122024,0.0,351.25779750871766,0.0,0.0,382.1658257854661,1814.5860990118188
2019-12-28,11.6796,1565.321060765223,2479.095345813003,1289.3894450514174,353.702053453923,459.4556227997584,459.4556227997583,2378.8996715775343,1033.8862336546729,0.0,1551.102329878508,495.527916872593,353.01011208830744,0.0,0.0,353.0101120883074,688.4612461249408,0.0,0.0,0.0,2232.323216899268
2020-01-04,10.6392,2148.092061631889,2966.2130414507487,1304.8358264736542,0.0,922.3946051751682,922.394605175168,2611.5231332139165,1209.206166061769,0.0,1452.9488137616872,0.0,473.7530551247504,0.0,1122.7626053106424,473.7530551247504,468.8478450484722,403.7110047547229,464.4888185680541,341.6158310090085,1820.4569893248747
2020-01-11,9.08588,1932.3614097927275,2973.466194487988,1524.247755807278,432.54224014468815,648.8555805862642,648.8555805862642,2448.1126850294304,1083.449089827766,0.0,1167.717969546128,348.74105808905296,0.0,0.0,899.5685233134836,0.0,362.4465755053864,0.0,0.0,0.0,2216.2944945417094
2020-01-18,9.46124,1771.4601660567496,2603.0400778138214,1247.7114962753717,300.7889292577016,924.3301718878168,924.3301718878168,2188.095125090781,777.7033020041155,349.05401904973394,1282.3021211388975,0.0,451.0947225344829,0.0,482.292282292798,451.0947225344829,951.9927258390004,0.0,0.0,0.0,1812.3647937672515
2020-01-25,8.86915,1830.407149487252,2790.04570229535,1515.893847914382,476.7857394206764,792.432402758197,792.432402758197,1935.5954663808063,1405.628051670529,0.0,1197.133742917722,0.0,387.45671368971824,718.6812992816351,1021.8257769498952,387.45671368971824,841.9534309408557,0.0,0.0,0.0,2081.157872290224
2020-02-01,8.1598,1519.1446683643633,2839.1795076969747,1093.8461460557585,326.0666775527224,690.7813961544877,690.7813961544877,1578.1090020530578,1466.035957753419,587.0354933984839,1115.5457783451163,488.38052452753885,0.0,466.85494990126574,369.9318082803296,0.0,304.1288903423461,0.0,0.0,308.8998777927089,1743.905601392748
2020-02-08,7.7672,1302.6236781966556,2397.576008005053,1650.8060073847105,0.0,0.0,0.0,1583.4117836355942,980.2308480042964,0.0,600.6704219917762,324.41041969715747,314.05200351720447,322.71147308402624,749.8238792743598,314.05200351720447,540.7139148522361,379.9864999241104,0.0,0.0,1899.0035063103653
2020-02-15,6.55241,697.2010211329597,2137.6408073144444,1483.0558141331824,350.6990869344162,388.6648612285635,388.6648612285634,1173.6751511658483,633.1142880805869,310.29047285991106,1367.056328589151,338.5237271366988,0.0,378.4153174844178,454.118744807732,0.0,828.177726608709,0.0,0.0,384.867868965236,1698.3238428837108
2020-02-22,5.52673,888.5325864246836,2132.9769606349737,1581.974993011793,355.33742810850265,428.1246767661418,428.1246767661418,1743.6582833734517,616.1527202723944,469.989858508679,926.5857216181352,0.0,0.0,387.4194284682745,0.0,0.0,484.616818261626,0.0,0.0,0.0,2189.60920215498
2020-02-29,4.99864,1465.030966418459,3575.080041993353,1055.8249602561243,386.0464169854572,442.9793529189025,442.9793529189026,1765.0786913290683,1189.3886999013228,482.4434639786388,1025.601215304962,0.0,0.0,0.0,545.5561331338873,0.0,449.5517561160753,0.0,0.0,0.0,1755.9407001378331
2020-03-07,4.8334,884.8514923546409,5059.697650913496,1063.1768925395406,444.76214708353865,542.7295253249425,542.7295253249425,2089.112591518592,1228.7352564344517,455.31351532162654,965.494988668466,0.0,330.1098029420246,354.49893545195664,532.5563999913462,330.1098029420246,644.0852612099214,304.055612328113,341.3757069227714,451.9695652517602,2150.943884468703
2020-03-14,5.80081,2051.3627740840766,9019.333596317589,1313.5915668654168,750.7761097906293,680.6128406417625,680.6128406417625,2510.786433197232,2264.595720197529,795.9198852224451,1203.2184638837052,457.09203851930647,0.0,469.6644044746392,743.0686142049854,0.0,0.0,0.0,0.0,0.0,1663.0964510037152
2020-03-21,5.81922,1688.342773292885,6507.043338316466,1156.3080475503143,385.8085974786508,569.7399859307203,569.7399859307204,2574.607869319836,1565.854861142033,355.8366651003961,1385.7999319868193,341.12769825626293,377.527723918413,315.1494514025174,629.4541042304788,377.527723918413,414.0936373205644,0.0,330.0807217357618,0.0,2045.3980460091163
2020-03-28,4.4443,905.9832049158524,5143.65871995632,1095.5140321982667,0.0,0.0,0.0,2357.0897416100456,1477.9956991816423,0.0,1170.3814564459574,290.9683056353077,0.0,0.0,461.4079721744883,0.0,0.0,0.0,420.3317394900009,0.0,1503.7522628068275
2020-04-04,2.9137,445.8850267330312,5073.60529287065,337.87861156485127,0.0,714.002127166084,714.002127166084,1858.2927023674824,903.6925524457912,304.22845684698785,835.8951558170479,0.0,0.0,0.0,0.0,0.0,0.0,0.0,524.8246726650658,0.0,2200.015806112296
2020-04-11,2.10575,394.2001495039237,4006.675498046196,0.0,0.0,0.0,0.0,1884.6722073516305,621.8593827937592,0.0,405.4905322095382,0.0,0.0,0.0,0.0,0.0,0.0,0.0,0.0,0.0,1495.323124921778
2020-04-18,1.99779,313.15931507269977,3065.379835769722,0.0,0.0,0.0,0.0,1211.322726354656,845.7692393820333,0.0,391.2828164235615,0.0,0.0,0.0,0.0,0.0,373.2261090673097,0.0,0.0,0.0,1275.168825630461
2020-04-25,1.51944,0.0,3021.4612529260844,0.0,0.0,464.9453888622753,464.9453888622753,922.0295561697516,462.11970013080366,0.0,480.8268044053528,422.60646011233615,0.0,0.0,0.0,0.0,0.0,0.0,0.0,0.0,1168.715218598206
2020-05-02,1.15901,0.0,2559.806620671648,0.0,0.0,0.0,0.0,914.869349553479,684.5933534585153,0.0,0.0,0.0,0.0,0.0,0.0,0.0,277.3888259781255,0.0,0.0,0.0,1174.33780497703
2020-05-09,1.26347,263.2968729512829,1594.1081345408318,0.0,0.0,0.0,0.0,579.782203307793,446.3844000205777,0.0,0.0,0.0,0.0,0.0,0.0,0.0,0.0,0.0,0.0,0.0,1320.592552599742
2020-05-16,1.09132,305.6199032993642,1849.3160299567,0.0,0.0,0.0,0.0,374.7115917939774,443.6688123849393,0.0,0.0,0.0,0.0,0.0,0.0,0.0,0.0,0.0,0.0,0.0,789.8536199168027
2020-05-23,0.814859,0.0,1557.9381167657511,0.0,0.0,323.3437153064958,323.3437153064958,1047.6869585722338,0.0,0.0,0.0,0.0,0.0,0.0,0.0,0.0,0.0,0.0,0.0,0.0,1097.515517156015
2020-05-30,0.694966,0.0,1383.9294133997414,0.0,0.0,0.0,0.0,474.4774028953007,0.0,0.0,313.4307039553241,0.0,0.0,0.0,0.0,0.0,0.0,0.0,0.0,0.0,1043.843717631952
2020-06-06,0.478759,0.0,478.6105502299066,315.3783967847259,0.0,0.0,0.0,0.0,276.9087366316375,405.81099607272114,0.0,0.0,0.0,0.0,0.0,0.0,0.0,0.0,0.0,0.0,1225.706167472585
2020-06-13,0.634465,0.0,540.6558663829297,0.0,0.0,0.0,0.0,394.9468226889598,405.0622742364988,0.0,0.0,0.0,0.0,0.0,0.0,0.0,0.0,0.0,0.0,0.0,1254.932475782143
2020-06-20,0.490309,0.0,848.808589320685,0.0,0.0,0.0,0.0,624.7657081243048,0.0,0.0,0.0,0.0,0.0,0.0,0.0,0.0,0.0,0.0,0.0,0.0,1046.122087787557
2020-06-27,0.675194,0.0,883.4308062117024,0.0,0.0,0.0,0.0,585.0791178335239,0.0,0.0,0.0,0.0,0.0,0.0,0.0,0.0,294.6119902131555,0.0,0.0,0.0,992.4839058308826
