date,North Dakota,influenza a,a influenza,rsv,flu symptoms,the flu,how long flu,flu how long,symptoms of flu,bronchitis,the flu symptoms,contagious flu,flu cold,flu contagious,stomach flu,flu a,pneumonia,flu fever,fever flu,how long does flu last,sinus
2010-10-09,0.671355,0.0,0.0,0.0,0.0,0.0,0.0,0.0,0.0,0.0,0.0,0.0,0.0,0.0,0.0,0.0,0.0,0.0,0.0,0.0,0.0
2010-10-16,0.721961,0.0,0.0,0.0,0.0,0.0,0.0,0.0,0.0,0.0,0.0,0.0,0.0,0.0,0.0,0.0,0.0,0.0,0.0,0.0,0.0
2010-10-23,0.567477,0.0,0.0,0.0,0.0,0.0,0.0,0.0,0.0,0.0,0.0,0.0,0.0,0.0,0.0,0.0,0.0,0.0,0.0,0.0,0.0
2010-10-30,0.339239,0.0,0.0,0.0,0.0,0.0,0.0,0.0,0.0,0.0,0.0,0.0,0.0,0.0,0.0,0.0,0.0,0.0,0.0,0.0,0.0
2010-11-06,0.713749,0.0,0.0,0.0,0.0,0.0,0.0,0.0,0.0,0.0,0.0,0.0,0.0,0.0,0.0,0.0,0.0,0.0,0.0,0.0,0.0
2010-11-13,0.75811,0.0,0.0,0.0,0.0,0.0,0.0,0.0,4340.690053532693,0.0,0.0,0.0,0.0,0.0,0.0,0.0,0.0,0.0,0.0,0.0,0.0
2010-11-20,0.644192,0.0,0.0,0.0,0.0,0.0,0.0,0.0,0.0,0.0,0.0,0.0,0.0,0.0,0.0,0.0,0.0,0.0,0.0,0.0,0.0
2010-11-27,0.590551,0.0,0.0,0.0,0.0,0.0,0.0,0.0,0.0,0.0,4439.312947720996,0.0,0.0,0.0,0.0,0.0,0.0,0.0,0.0,0.0,0.0
2010-12-04,0.347088,0.0,0.0,0.0,0.0,0.0,0.0,0.0,0.0,0.0,0.0,0.0,0.0,0.0,0.0,0.0,0.0,0.0,0.0,0.0,0.0
2010-12-11,0.23753,0.0,0.0,0.0,0.0,0.0,0.0,0.0,0.0,0.0,0.0,0.0,0.0,0.0,0.0,0.0,4508.057623859355,0.0,0.0,0.0,0.0
2010-12-18,0.317628,0.0,0.0,0.0,0.0,0.0,0.0,0.0,0.0,0.0,0.0,0.0,0.0,0.0,0.0,0.0,0.0,0.0,0.0,0.0,0.0
2010-12-25,0.275672,0.0,0.0,0.0,0.0,0.0,0.0,0.0,0.0,0.0,0.0,0.0,0.0,0.0,0.0,0.0,0.0,0.0,0.0,0.0,0.0
2011-01-01,0.0,0.0,0.0,0.0,0.0,0.0,0.0,0.0,0.0,0.0,0.0,0.0,0.0,0.0,0.0,0.0,0.0,0.0,0.0,0.0,0.0
2011-01-08,0.264901,0.0,0.0,0.0,0.0,0.0,0.0,0.0,0.0,0.0,0.0,0.0,0.0,0.0,0.0,0.0,0.0,0.0,0.0,0.0,0.0
2011-01-15,0.118133,0.0,0.0,0.0,0.0,0.0,0.0,0.0,0.0,0.0,0.0,0.0,0.0,0.0,0.0,0.0,0.0,0.0,0.0,0.0,0.0
2011-01-22,0.768808,0.0,0.0,0.0,0.0,0.0,0.0,0.0,0.0,0.0,0.0,3242.7514159566163,0.0,0.0,0.0,0.0,0.0,0.0,0.0,0.0,0.0
2011-01-29,1.02814,0.0,0.0,0.0,0.0,0.0,0.0,0.0,0.0,0.0,0.0,0.0,0.0,0.0,0.0,0.0,2128.6128180602,0.0,0.0,0.0,0.0
2011-02-05,1.22549,0.0,0.0,0.0,0.0,0.0,0.0,0.0,0.0,0.0,0.0,0.0,0.0,0.0,0.0,0.0,0.0,0.0,0.0,0.0,0.0
2011-02-12,1.5978,0.0,0.0,0.0,0.0,0.0,0.0,0.0,0.0,0.0,0.0,0.0,0.0,0.0,0.0,0.0,0.0,0.0,0.0,0.0,3527.688802487805
2011-02-19,2.25564,0.0,0.0,0.0,0.0,0.0,0.0,0.0,0.0,0.0,0.0,0.0,2029.1729300844129,0.0,0.0,0.0,0.0,0.0,0.0,0.0,2090.135375628757
2011-02-26,2.68235,0.0,2144.8775087507424,0.0,0.0,0.0,0.0,0.0,0.0,0.0,0.0,0.0,0.0,0.0,0.0,0.0,0.0,0.0,0.0,0.0,2153.618707788231
2011-03-05,3.01666,2605.47495876444,0.0,0.0,0.0,0.0,0.0,0.0,0.0,2276.057238635701,0.0,0.0,0.0,0.0,0.0,0.0,2435.112931358703,0.0,0.0,0.0,2493.0285454937507
2011-03-12,4.21801,0.0,0.0,0.0,0.0,0.0,0.0,0.0,0.0,0.0,0.0,0.0,0.0,0.0,0.0,0.0,0.0,0.0,0.0,0.0,3138.3736169773456
2011-03-19,2.21662,0.0,0.0,0.0,0.0,0.0,0.0,0.0,0.0,0.0,0.0,0.0,0.0,0.0,0.0,0.0,0.0,0.0,0.0,0.0,0.0
2011-03-26,2.26397,0.0,0.0,0.0,2110.15458233764,0.0,0.0,0.0,0.0,0.0,0.0,0.0,0.0,0.0,0.0,0.0,0.0,0.0,0.0,0.0,0.0
2011-04-02,0.846702,0.0,0.0,0.0,0.0,0.0,0.0,0.0,0.0,0.0,0.0,0.0,0.0,0.0,0.0,0.0,0.0,0.0,0.0,0.0,2286.31493846586
2011-04-09,0.721848,0.0,0.0,0.0,0.0,0.0,0.0,0.0,0.0,0.0,0.0,0.0,0.0,0.0,0.0,0.0,0.0,0.0,0.0,0.0,0.0
2011-04-16,0.794439,0.0,0.0,0.0,0.0,0.0,0.0,0.0,0.0,0.0,0.0,0.0,0.0,0.0,0.0,0.0,0.0,0.0,0.0,0.0,2321.043712961788
2011-04-23,0.399734,0.0,0.0,0.0,0.0,0.0,0.0,0.0,0.0,0.0,0.0,0.0,0.0,0.0,0.0,0.0,0.0,0.0,0.0,0.0,0.0
2011-04-30,0.210416,0.0,0.0,0.0,0.0,0.0,0.0,0.0,0.0,0.0,0.0,0.0,0.0,0.0,0.0,0.0,0.0,0.0,0.0,0.0,0.0
2011-05-07,0.246305,0.0,0.0,0.0,0.0,0.0,0.0,0.0,0.0,0.0,0.0,0.0,0.0,0.0,0.0,0.0,0.0,0.0,0.0,0.0,2782.525867012405
2011-05-14,0.0683527,0.0,0.0,0.0,0.0,0.0,0.0,0.0,0.0,0.0,0.0,0.0,0.0,0.0,0.0,0.0,0.0,0.0,0.0,0.0,0.0
2011-05-21,0.342759,0.0,0.0,0.0,0.0,0.0,0.0,0.0,2416.86445526674,0.0,0.0,0.0,0.0,0.0,0.0,0.0,0.0,0.0,0.0,0.0,0.0
2011-05-28,0.0,0.0,0.0,3929.443173030196,0.0,0.0,0.0,0.0,0.0,0.0,0.0,0.0,0.0,0.0,0.0,2410.198702470289,0.0,0.0,0.0,0.0,0.0
2011-06-04,0.162075,0.0,0.0,0.0,0.0,0.0,0.0,0.0,0.0,3046.1756772853832,0.0,0.0,0.0,0.0,0.0,0.0,0.0,0.0,0.0,0.0,0.0
2011-06-11,0.0,0.0,0.0,0.0,0.0,0.0,0.0,0.0,0.0,0.0,0.0,0.0,0.0,0.0,0.0,0.0,0.0,0.0,0.0,0.0,0.0
2011-06-18,0.0,0.0,0.0,0.0,0.0,0.0,0.0,0.0,0.0,0.0,0.0,0.0,0.0,0.0,0.0,0.0,0.0,0.0,0.0,0.0,0.0
2011-06-25,0.0,0.0,0.0,0.0,0.0,0.0,0.0,0.0,0.0,0.0,0.0,0.0,0.0,0.0,0.0,0.0,0.0,0.0,0.0,2340.9103865219554,0.0
2011-07-02,0.0766871,0.0,0.0,0.0,0.0,0.0,0.0,0.0,0.0,0.0,0.0,0.0,0.0,0.0,0.0,0.0,0.0,3369.8651485645846,3369.865148564584,0.0,2873.2559969717795
2011-07-09,0.0,0.0,0.0,0.0,0.0,0.0,0.0,0.0,0.0,0.0,0.0,0.0,0.0,0.0,0.0,0.0,0.0,0.0,0.0,0.0,0.0
2011-07-16,0.0,0.0,0.0,0.0,0.0,0.0,0.0,0.0,0.0,0.0,0.0,0.0,0.0,2956.6311778165227,0.0,0.0,3109.4820479148184,0.0,0.0,0.0,0.0
2011-07-23,0.0,0.0,0.0,0.0,0.0,2484.9200495273226,0.0,0.0,0.0,0.0,0.0,0.0,0.0,0.0,0.0,0.0,0.0,0.0,0.0,0.0,0.0
2011-07-30,0.0,0.0,0.0,0.0,0.0,0.0,0.0,0.0,0.0,4140.008712586311,0.0,0.0,0.0,0.0,0.0,0.0,0.0,0.0,0.0,0.0,0.0
2011-08-06,0.140174,0.0,0.0,0.0,0.0,4121.328912688708,0.0,0.0,0.0,0.0,0.0,0.0,0.0,0.0,0.0,0.0,0.0,0.0,0.0,0.0,0.0
2011-08-13,0.180738,0.0,0.0,0.0,0.0,0.0,0.0,0.0,0.0,0.0,0.0,0.0,0.0,0.0,0.0,0.0,0.0,0.0,0.0,0.0,0.0
2011-08-20,0.197336,0.0,0.0,0.0,0.0,0.0,0.0,0.0,0.0,2668.526731979214,0.0,0.0,0.0,0.0,0.0,0.0,0.0,0.0,0.0,0.0,0.0
2011-08-27,0.282021,0.0,0.0,0.0,0.0,0.0,0.0,0.0,0.0,2783.422341848665,0.0,0.0,0.0,0.0,0.0,0.0,0.0,0.0,0.0,0.0,0.0
2011-09-03,0.245317,0.0,0.0,0.0,0.0,0.0,0.0,0.0,0.0,0.0,0.0,0.0,0.0,0.0,0.0,0.0,0.0,0.0,0.0,0.0,3349.664136084705
2011-09-10,0.327941,0.0,0.0,0.0,0.0,0.0,0.0,0.0,0.0,0.0,0.0,0.0,0.0,0.0,0.0,0.0,0.0,0.0,0.0,0.0,0.0
2011-09-17,0.424628,0.0,0.0,0.0,0.0,0.0,0.0,0.0,0.0,0.0,0.0,0.0,0.0,0.0,0.0,0.0,0.0,0.0,0.0,0.0,0.0
2011-09-24,0.593692,0.0,0.0,0.0,0.0,0.0,0.0,0.0,0.0,0.0,0.0,0.0,0.0,0.0,0.0,0.0,0.0,0.0,0.0,0.0,0.0
2011-10-01,0.496175,0.0,0.0,0.0,0.0,0.0,0.0,0.0,0.0,0.0,0.0,0.0,0.0,0.0,0.0,0.0,0.0,0.0,0.0,0.0,0.0
2011-10-08,0.67955,0.0,0.0,0.0,0.0,0.0,0.0,0.0,0.0,0.0,0.0,0.0,0.0,0.0,0.0,0.0,3706.43980473147,0.0,0.0,0.0,0.0
2011-10-15,0.636816,0.0,0.0,0.0,0.0,0.0,0.0,0.0,0.0,0.0,0.0,0.0,0.0,0.0,0.0,0.0,0.0,0.0,0.0,0.0,2145.544954069488
2011-10-22,0.622051,0.0,0.0,0.0,0.0,2312.1827313303797,0.0,0.0,0.0,0.0,0.0,0.0,0.0,0.0,0.0,0.0,0.0,0.0,0.0,0.0,0.0
2011-10-29,0.341807,0.0,3234.6464624027312,0.0,0.0,0.0,0.0,0.0,0.0,0.0,0.0,0.0,0.0,0.0,0.0,0.0,2104.5038013129074,0.0,0.0,0.0,0.0
2011-11-05,0.605144,0.0,0.0,0.0,0.0,0.0,0.0,0.0,0.0,0.0,0.0,0.0,0.0,0.0,2127.1718467021688,0.0,2089.5973838310497,2238.483063253328,2238.483063253328,0.0,0.0
2011-11-12,0.695024,0.0,0.0,0.0,0.0,0.0,0.0,0.0,0.0,0.0,0.0,2146.5137891054483,0.0,0.0,0.0,0.0,0.0,0.0,0.0,0.0,1997.1223659415425
2011-11-19,0.523972,0.0,0.0,0.0,0.0,0.0,0.0,0.0,0.0,0.0,0.0,0.0,0.0,0.0,0.0,0.0,0.0,0.0,0.0,0.0,0.0
2011-11-26,1.22739,0.0,0.0,0.0,0.0,0.0,0.0,0.0,0.0,0.0,0.0,0.0,0.0,0.0,0.0,0.0,0.0,0.0,0.0,0.0,0.0
2011-12-03,0.451807,0.0,0.0,2158.747067081682,0.0,0.0,0.0,0.0,0.0,0.0,0.0,0.0,0.0,2279.477902973329,0.0,0.0,0.0,0.0,0.0,0.0,1991.8490728190125
2011-12-10,0.744269,0.0,0.0,0.0,0.0,0.0,0.0,0.0,0.0,0.0,1981.018939033941,0.0,0.0,0.0,0.0,0.0,2265.273001015188,0.0,0.0,0.0,0.0
2011-12-17,1.05727,0.0,0.0,0.0,0.0,0.0,0.0,0.0,0.0,0.0,0.0,0.0,0.0,0.0,1957.296301516772,0.0,1945.0830628378328,0.0,0.0,0.0,0.0
2011-12-24,0.763553,0.0,0.0,0.0,0.0,0.0,0.0,0.0,0.0,0.0,0.0,0.0,0.0,0.0,0.0,0.0,0.0,0.0,0.0,0.0,3090.4990837098694
2011-12-31,0.433487,0.0,0.0,0.0,0.0,0.0,0.0,0.0,0.0,0.0,0.0,0.0,0.0,0.0,0.0,0.0,0.0,0.0,0.0,0.0,0.0
2012-01-07,0.600052,0.0,0.0,0.0,0.0,0.0,0.0,0.0,0.0,0.0,0.0,0.0,0.0,0.0,0.0,0.0,0.0,2212.782610410261,2212.782610410261,0.0,0.0
2012-01-14,0.424528,0.0,0.0,0.0,0.0,0.0,0.0,0.0,0.0,0.0,0.0,0.0,0.0,0.0,0.0,0.0,0.0,0.0,0.0,0.0,0.0
2012-01-21,0.649819,0.0,0.0,0.0,1885.501827353724,0.0,0.0,0.0,0.0,0.0,0.0,0.0,0.0,0.0,0.0,0.0,0.0,0.0,0.0,0.0,0.0
2012-01-28,0.939986,0.0,0.0,0.0,0.0,0.0,0.0,0.0,0.0,1803.369010054288,0.0,0.0,0.0,0.0,0.0,0.0,0.0,0.0,0.0,0.0,2647.2333684567534
2012-02-04,1.06092,0.0,0.0,0.0,0.0,0.0,0.0,0.0,0.0,0.0,0.0,0.0,0.0,0.0,0.0,0.0,0.0,0.0,0.0,0.0,2196.634166557385
2012-02-11,1.37287,0.0,0.0,2798.840775492753,0.0,0.0,0.0,0.0,0.0,0.0,0.0,0.0,0.0,0.0,0.0,0.0,2209.4103102903023,0.0,0.0,0.0,0.0
2012-02-18,1.11702,0.0,0.0,2393.124666177001,0.0,0.0,0.0,0.0,0.0,0.0,0.0,0.0,0.0,0.0,0.0,0.0,0.0,0.0,0.0,0.0,0.0
2012-02-25,1.09466,0.0,0.0,0.0,0.0,2100.6330042538348,0.0,0.0,0.0,0.0,0.0,0.0,0.0,0.0,0.0,0.0,1844.3378145115223,0.0,0.0,0.0,1922.5720551476848
2012-03-03,1.21951,0.0,0.0,2557.028437167647,0.0,0.0,0.0,0.0,0.0,0.0,0.0,0.0,0.0,0.0,0.0,0.0,1716.540273726965,0.0,0.0,0.0,1827.5249390561005
2012-03-10,0.955414,0.0,0.0,0.0,0.0,0.0,0.0,0.0,0.0,0.0,0.0,0.0,0.0,0.0,0.0,0.0,0.0,0.0,0.0,0.0,0.0
2012-03-17,2.52556,0.0,0.0,3713.436252342354,0.0,0.0,0.0,0.0,0.0,3745.3562354125465,3351.444014901037,0.0,0.0,0.0,2904.520059787289,0.0,2644.668414336055,0.0,0.0,0.0,0.0
2012-03-24,1.93892,0.0,0.0,0.0,0.0,0.0,0.0,0.0,0.0,0.0,0.0,0.0,0.0,0.0,0.0,2542.427715814512,0.0,0.0,0.0,0.0,0.0
2012-03-31,0.884956,0.0,0.0,0.0,0.0,0.0,0.0,0.0,0.0,0.0,0.0,0.0,0.0,0.0,0.0,0.0,0.0,0.0,0.0,0.0,0.0
2012-04-07,1.39485,0.0,0.0,0.0,0.0,0.0,0.0,0.0,0.0,0.0,0.0,0.0,0.0,0.0,0.0,0.0,0.0,0.0,0.0,3429.3120010336997,0.0
2012-04-14,1.18265,0.0,0.0,0.0,0.0,0.0,0.0,0.0,0.0,0.0,0.0,0.0,0.0,0.0,0.0,0.0,0.0,2369.744655611112,2369.744655611112,0.0,0.0
2012-04-21,1.2476,1939.4226883040776,0.0,0.0,0.0,1727.2739902864992,0.0,0.0,0.0,0.0,0.0,0.0,0.0,0.0,0.0,0.0,0.0,0.0,0.0,0.0,3020.975575891659
2012-04-28,0.514139,0.0,0.0,0.0,0.0,0.0,0.0,0.0,0.0,0.0,0.0,0.0,0.0,0.0,0.0,0.0,0.0,0.0,0.0,0.0,0.0
2012-05-05,0.413223,0.0,0.0,0.0,0.0,0.0,0.0,0.0,0.0,0.0,0.0,0.0,0.0,0.0,0.0,0.0,0.0,0.0,0.0,0.0,0.0
2012-05-12,0.55517,0.0,0.0,0.0,0.0,0.0,0.0,0.0,0.0,0.0,0.0,0.0,0.0,0.0,0.0,0.0,0.0,0.0,0.0,0.0,0.0
2012-05-19,0.608643,0.0,0.0,0.0,0.0,0.0,0.0,0.0,0.0,0.0,0.0,0.0,0.0,0.0,0.0,0.0,0.0,0.0,0.0,0.0,0.0
2012-05-26,0.0816993,0.0,0.0,0.0,0.0,0.0,0.0,0.0,0.0,0.0,0.0,0.0,0.0,0.0,0.0,0.0,0.0,0.0,0.0,0.0,3964.790915771031
2012-06-02,0.351494,0.0,0.0,0.0,0.0,0.0,0.0,0.0,0.0,0.0,0.0,0.0,0.0,0.0,0.0,0.0,0.0,0.0,0.0,0.0,0.0
2012-06-09,0.0,0.0,0.0,0.0,0.0,0.0,0.0,0.0,0.0,0.0,0.0,0.0,0.0,0.0,0.0,0.0,0.0,0.0,0.0,0.0,0.0
2012-06-16,0.208333,0.0,0.0,0.0,0.0,0.0,0.0,0.0,0.0,0.0,0.0,0.0,0.0,0.0,0.0,0.0,0.0,0.0,0.0,0.0,0.0
2012-06-23,0.224719,0.0,0.0,0.0,0.0,0.0,0.0,0.0,0.0,0.0,0.0,0.0,0.0,0.0,0.0,2757.3907137756573,0.0,0.0,0.0,0.0,0.0
2012-06-30,0.0,0.0,0.0,0.0,0.0,0.0,0.0,0.0,0.0,0.0,0.0,0.0,0.0,0.0,0.0,0.0,0.0,0.0,0.0,0.0,2459.9970710392754
2012-07-07,0.0,0.0,0.0,0.0,0.0,0.0,0.0,0.0,0.0,0.0,0.0,0.0,0.0,0.0,0.0,0.0,0.0,0.0,0.0,0.0,0.0
2012-07-14,0.0,4788.806101089527,0.0,0.0,0.0,0.0,0.0,0.0,0.0,0.0,0.0,0.0,0.0,0.0,0.0,0.0,0.0,0.0,0.0,0.0,0.0
2012-07-21,0.0,0.0,0.0,0.0,0.0,0.0,0.0,0.0,0.0,0.0,0.0,0.0,0.0,0.0,0.0,0.0,0.0,0.0,0.0,0.0,0.0
2012-07-28,0.0,0.0,0.0,0.0,0.0,0.0,0.0,0.0,0.0,0.0,0.0,0.0,0.0,0.0,0.0,0.0,0.0,0.0,0.0,0.0,1978.1145423326568
2012-08-04,0.673077,0.0,0.0,0.0,0.0,0.0,0.0,0.0,0.0,0.0,0.0,0.0,2165.51225597541,0.0,0.0,0.0,0.0,0.0,0.0,0.0,0.0
2012-08-11,0.118483,0.0,0.0,0.0,0.0,0.0,0.0,0.0,2432.2413764260427,0.0,0.0,0.0,0.0,0.0,0.0,0.0,0.0,0.0,0.0,0.0,0.0
2012-08-18,0.083612,0.0,0.0,0.0,2749.6075730451694,0.0,0.0,0.0,0.0,0.0,0.0,0.0,0.0,0.0,0.0,0.0,2491.3108878472017,0.0,0.0,0.0,0.0
2012-08-25,0.354296,0.0,0.0,0.0,0.0,0.0,0.0,0.0,2036.2551958075169,0.0,0.0,0.0,0.0,0.0,0.0,0.0,0.0,0.0,0.0,0.0,0.0
2012-09-01,0.219298,0.0,0.0,0.0,0.0,0.0,0.0,0.0,0.0,0.0,0.0,0.0,0.0,0.0,0.0,0.0,0.0,0.0,0.0,0.0,1879.8940599664177
2012-09-08,0.0,0.0,0.0,0.0,0.0,0.0,0.0,0.0,0.0,0.0,0.0,0.0,0.0,0.0,0.0,0.0,0.0,0.0,0.0,0.0,0.0
2012-09-15,0.364299,0.0,0.0,0.0,0.0,0.0,0.0,0.0,0.0,0.0,0.0,0.0,0.0,0.0,0.0,0.0,2893.7946968638944,0.0,0.0,0.0,0.0
2012-09-22,0.0,0.0,0.0,0.0,0.0,0.0,0.0,0.0,0.0,0.0,0.0,0.0,0.0,0.0,0.0,0.0,0.0,0.0,0.0,0.0,0.0
2012-09-29,0.205128,0.0,2725.2608817821188,0.0,0.0,0.0,0.0,0.0,0.0,0.0,0.0,0.0,0.0,0.0,0.0,0.0,2154.8586207611693,0.0,0.0,0.0,2589.9168299412427
2012-10-06,1.34814,0.0,0.0,0.0,0.0,1844.3193833293697,0.0,0.0,0.0,0.0,0.0,0.0,0.0,0.0,0.0,0.0,0.0,0.0,0.0,0.0,1745.2084027231551
2012-10-13,1.35952,1675.518512079062,0.0,0.0,0.0,0.0,0.0,0.0,0.0,0.0,0.0,0.0,0.0,2857.535820932157,0.0,0.0,0.0,0.0,0.0,0.0,0.0
2012-10-20,0.855513,0.0,2980.1027594042544,0.0,0.0,1715.1608870855475,0.0,0.0,0.0,2376.8499825247422,0.0,0.0,0.0,0.0,0.0,0.0,0.0,0.0,0.0,0.0,0.0
2012-10-27,0.823353,0.0,0.0,0.0,0.0,0.0,0.0,0.0,0.0,0.0,0.0,0.0,0.0,0.0,0.0,0.0,2334.143220517318,0.0,0.0,0.0,0.0
2012-11-03,0.627803,0.0,0.0,0.0,0.0,0.0,0.0,0.0,0.0,0.0,0.0,0.0,0.0,0.0,0.0,0.0,0.0,0.0,0.0,0.0,0.0
2012-11-10,1.48213,0.0,0.0,0.0,0.0,0.0,0.0,0.0,0.0,0.0,0.0,0.0,0.0,0.0,0.0,0.0,0.0,0.0,0.0,0.0,0.0
2012-11-17,1.48903,0.0,0.0,0.0,0.0,0.0,0.0,0.0,0.0,0.0,0.0,0.0,0.0,0.0,0.0,0.0,0.0,0.0,0.0,0.0,0.0
2012-11-24,1.81818,0.0,0.0,0.0,0.0,0.0,0.0,0.0,0.0,0.0,0.0,0.0,0.0,0.0,0.0,0.0,2699.581215369572,0.0,0.0,0.0,0.0
2012-12-01,0.875796,0.0,0.0,0.0,0.0,0.0,0.0,0.0,0.0,0.0,0.0,0.0,0.0,0.0,0.0,0.0,0.0,0.0,0.0,0.0,0.0
2012-12-08,1.14449,0.0,0.0,0.0,0.0,0.0,0.0,0.0,0.0,0.0,0.0,0.0,0.0,0.0,0.0,0.0,1735.6673904613797,0.0,0.0,0.0,0.0
2012-12-15,1.58465,0.0,1744.8506887185138,0.0,2798.951106284453,0.0,0.0,0.0,0.0,0.0,0.0,0.0,0.0,0.0,0.0,0.0,0.0,0.0,0.0,2076.374824135896,1637.476136536566
2012-12-22,4.26301,0.0,0.0,0.0,0.0,1954.3805026219256,0.0,0.0,0.0,0.0,0.0,0.0,0.0,0.0,0.0,0.0,2714.006763137573,0.0,0.0,0.0,0.0
2012-12-29,5.16252,0.0,0.0,0.0,0.0,2220.791389765266,0.0,0.0,0.0,0.0,0.0,0.0,0.0,0.0,2345.309030417838,0.0,2006.0915199529877,0.0,0.0,0.0,0.0
2013-01-05,5.0,0.0,0.0,0.0,0.0,0.0,0.0,0.0,0.0,1802.716059905508,0.0,0.0,0.0,0.0,2149.765932425902,0.0,2399.324818848677,0.0,0.0,0.0,1744.473352150143
2013-01-12,7.00914,0.0,0.0,0.0,2601.239945224623,4844.140026301537,2065.8683428213126,2065.8683428213126,0.0,0.0,0.0,0.0,0.0,0.0,2265.706755793662,1820.1312991142663,0.0,0.0,0.0,0.0,1774.2957464018743
2013-01-19,5.74185,1941.320059716469,1947.6480659432,0.0,2240.57769022664,2249.8720016570587,0.0,0.0,0.0,2326.853648804416,0.0,0.0,0.0,0.0,1531.6374708697244,0.0,1503.7628048160002,0.0,0.0,0.0,2147.3174626548944
2013-01-26,6.80813,0.0,0.0,1825.839323980914,2477.3742200111205,2272.126260044924,0.0,0.0,0.0,0.0,0.0,0.0,0.0,0.0,0.0,0.0,2042.6195359510475,0.0,0.0,0.0,1471.869014436143
2013-02-02,4.5419,0.0,0.0,2062.680499432191,0.0,2219.8821067479075,0.0,0.0,0.0,0.0,0.0,0.0,0.0,0.0,0.0,0.0,0.0,0.0,0.0,0.0,0.0
2013-02-09,4.5993,0.0,0.0,1638.1149367151488,0.0,2602.146815237599,0.0,0.0,0.0,0.0,0.0,0.0,0.0,0.0,0.0,0.0,0.0,0.0,0.0,0.0,0.0
2013-02-16,7.76053,0.0,0.0,2174.9060736464853,0.0,0.0,0.0,0.0,0.0,2317.1479410426477,0.0,0.0,0.0,0.0,0.0,0.0,0.0,0.0,0.0,0.0,2766.024817024836
2013-02-23,2.70868,0.0,0.0,1576.680201996077,0.0,0.0,0.0,0.0,0.0,0.0,0.0,2664.536118396114,0.0,0.0,2286.593265698897,0.0,1877.77097495645,0.0,0.0,1520.5109604785334,0.0
2013-03-02,6.08997,0.0,0.0,1444.7287672428602,0.0,0.0,0.0,0.0,0.0,0.0,0.0,0.0,0.0,0.0,0.0,0.0,0.0,0.0,0.0,0.0,3642.6441009024975
2013-03-09,5.60676,0.0,1803.9792280864413,1663.720374402655,0.0,0.0,0.0,0.0,0.0,1632.5706613530804,0.0,0.0,0.0,0.0,0.0,0.0,0.0,0.0,0.0,0.0,1806.3139903178712
2013-03-16,5.60109,0.0,0.0,0.0,0.0,0.0,0.0,0.0,0.0,0.0,0.0,0.0,0.0,0.0,0.0,0.0,1966.187129709408,0.0,0.0,0.0,0.0
2013-03-23,3.32671,0.0,0.0,0.0,0.0,0.0,0.0,0.0,0.0,0.0,0.0,0.0,0.0,0.0,0.0,0.0,1495.5202353734728,0.0,0.0,0.0,2952.1912688205134
2013-03-30,4.39648,0.0,0.0,0.0,0.0,0.0,0.0,0.0,1728.9718236881856,0.0,1977.5624887436104,0.0,0.0,0.0,0.0,0.0,0.0,0.0,0.0,0.0,2677.328539189444
2013-04-06,4.14343,0.0,0.0,0.0,0.0,0.0,0.0,0.0,0.0,0.0,0.0,0.0,0.0,0.0,0.0,0.0,0.0,0.0,0.0,0.0,0.0
2013-04-13,3.67816,0.0,0.0,0.0,0.0,0.0,0.0,0.0,0.0,0.0,0.0,0.0,0.0,0.0,0.0,0.0,1762.4116061786806,0.0,0.0,0.0,0.0
2013-04-20,5.08475,0.0,0.0,0.0,0.0,0.0,0.0,0.0,0.0,0.0,0.0,0.0,0.0,0.0,0.0,0.0,0.0,0.0,0.0,0.0,0.0
2013-04-27,4.65919,0.0,0.0,0.0,0.0,0.0,0.0,0.0,0.0,0.0,0.0,0.0,0.0,0.0,0.0,0.0,0.0,0.0,0.0,0.0,0.0
2013-05-04,4.41413,0.0,0.0,0.0,0.0,0.0,0.0,0.0,1492.63193943112,0.0,0.0,0.0,0.0,0.0,0.0,0.0,0.0,0.0,0.0,0.0,3090.753290874919
2013-05-11,3.71041,0.0,0.0,0.0,0.0,0.0,0.0,0.0,0.0,0.0,0.0,0.0,0.0,0.0,0.0,0.0,0.0,0.0,0.0,0.0,0.0
2013-05-18,2.21811,0.0,0.0,0.0,0.0,0.0,0.0,0.0,0.0,0.0,0.0,0.0,0.0,0.0,0.0,0.0,0.0,0.0,0.0,0.0,0.0
2013-05-25,2.28938,0.0,0.0,0.0,0.0,0.0,0.0,0.0,0.0,0.0,0.0,0.0,0.0,0.0,0.0,0.0,0.0,0.0,0.0,0.0,0.0
2013-06-01,2.23518,0.0,0.0,0.0,0.0,0.0,0.0,0.0,0.0,0.0,0.0,0.0,0.0,0.0,0.0,1956.1790317860784,0.0,0.0,0.0,0.0,0.0
2013-06-08,2.35199,0.0,0.0,0.0,0.0,0.0,0.0,0.0,0.0,0.0,0.0,0.0,0.0,0.0,0.0,0.0,0.0,0.0,0.0,0.0,1760.9888324684955
2013-06-15,2.3361,0.0,0.0,0.0,0.0,0.0,0.0,0.0,0.0,0.0,0.0,0.0,0.0,1789.2640923395131,0.0,0.0,0.0,0.0,0.0,0.0,0.0
2013-06-22,2.04741,0.0,0.0,0.0,0.0,0.0,0.0,0.0,0.0,0.0,0.0,0.0,0.0,0.0,0.0,0.0,0.0,0.0,0.0,0.0,0.0
2013-06-29,1.95465,0.0,0.0,0.0,0.0,0.0,0.0,0.0,0.0,0.0,0.0,0.0,2537.881458373441,2250.4450053573883,0.0,0.0,2031.8949629759952,0.0,0.0,0.0,0.0
2013-07-06,2.68123,0.0,0.0,0.0,0.0,0.0,0.0,0.0,0.0,0.0,0.0,0.0,0.0,0.0,0.0,0.0,0.0,0.0,0.0,0.0,2299.286480045037
2013-07-13,1.54405,0.0,0.0,0.0,0.0,0.0,0.0,0.0,0.0,0.0,0.0,0.0,0.0,0.0,0.0,0.0,0.0,0.0,0.0,0.0,0.0
2013-07-20,2.41411,0.0,0.0,0.0,0.0,0.0,0.0,0.0,0.0,0.0,0.0,0.0,0.0,0.0,0.0,0.0,0.0,0.0,0.0,0.0,0.0
2013-07-27,3.19767,0.0,0.0,0.0,0.0,0.0,0.0,0.0,0.0,0.0,0.0,1655.023676602718,0.0,0.0,1815.4216107724765,0.0,1830.325432594236,0.0,0.0,0.0,0.0
2013-08-03,1.55794,0.0,0.0,0.0,0.0,0.0,0.0,0.0,0.0,0.0,0.0,0.0,0.0,0.0,0.0,0.0,0.0,0.0,0.0,0.0,0.0
2013-08-10,0.0,0.0,0.0,0.0,0.0,0.0,0.0,0.0,0.0,0.0,0.0,0.0,0.0,0.0,0.0,0.0,0.0,0.0,0.0,0.0,0.0
2013-08-17,0.0,0.0,0.0,0.0,0.0,0.0,0.0,0.0,0.0,0.0,0.0,0.0,0.0,0.0,0.0,0.0,0.0,0.0,0.0,0.0,0.0
2013-08-24,0.0,0.0,0.0,0.0,0.0,0.0,0.0,0.0,0.0,0.0,0.0,0.0,0.0,0.0,0.0,0.0,1652.8776275368411,0.0,0.0,0.0,0.0
2013-08-31,0.0,0.0,0.0,0.0,0.0,0.0,0.0,0.0,0.0,0.0,0.0,0.0,0.0,0.0,0.0,0.0,0.0,0.0,0.0,0.0,1678.7069094028332
2013-09-07,0.0,0.0,0.0,0.0,0.0,0.0,0.0,0.0,0.0,0.0,0.0,0.0,0.0,0.0,0.0,0.0,0.0,0.0,0.0,0.0,0.0
2013-09-14,0.265252,0.0,0.0,0.0,0.0,0.0,0.0,0.0,0.0,0.0,0.0,0.0,0.0,0.0,0.0,0.0,0.0,0.0,0.0,0.0,1729.3904893971508
2013-09-21,0.0,0.0,0.0,0.0,0.0,0.0,0.0,0.0,0.0,0.0,0.0,0.0,0.0,0.0,0.0,0.0,1470.1693906856765,0.0,0.0,0.0,1733.4982095909186
2013-09-28,0.0,1411.1987832429747,0.0,1646.7403751199015,0.0,0.0,0.0,0.0,0.0,0.0,0.0,0.0,0.0,0.0,0.0,0.0,3255.360201330514,0.0,0.0,0.0,1747.781818647608
2013-10-05,0.0765697,0.0,0.0,0.0,0.0,0.0,0.0,0.0,0.0,0.0,0.0,0.0,0.0,0.0,0.0,0.0,2162.5541586186123,0.0,0.0,0.0,1542.2377839549526
2013-10-12,0.0485909,0.0,0.0,0.0,0.0,0.0,0.0,0.0,0.0,0.0,0.0,0.0,0.0,0.0,0.0,0.0,0.0,0.0,0.0,0.0,1890.4086256151304
2013-10-19,0.0484966,0.0,0.0,1499.3251410279863,0.0,1612.9804784580074,0.0,0.0,0.0,0.0,0.0,0.0,0.0,0.0,0.0,0.0,1661.7428927294634,0.0,0.0,0.0,0.0
2013-10-26,0.145419,1711.9914161764846,0.0,0.0,0.0,1904.7562345984616,0.0,0.0,0.0,0.0,0.0,0.0,0.0,0.0,0.0,0.0,0.0,0.0,0.0,0.0,2234.072055150223
2013-11-02,0.739523,0.0,0.0,0.0,0.0,1921.9569179639595,1579.1074408760437,1579.1074408760437,0.0,1481.4089989306044,0.0,0.0,0.0,0.0,0.0,0.0,2070.1150464740595,0.0,0.0,0.0,0.0
2013-11-09,0.234926,0.0,0.0,0.0,0.0,0.0,0.0,0.0,0.0,0.0,0.0,0.0,0.0,0.0,0.0,0.0,0.0,0.0,0.0,0.0,0.0
2013-11-16,0.0694927,0.0,0.0,0.0,0.0,0.0,0.0,0.0,0.0,0.0,0.0,0.0,0.0,0.0,0.0,0.0,0.0,0.0,0.0,0.0,0.0
2013-11-23,0.257235,0.0,0.0,0.0,0.0,0.0,0.0,0.0,0.0,0.0,0.0,0.0,0.0,0.0,0.0,0.0,0.0,0.0,0.0,0.0,2463.966538539596
2013-11-30,0.658288,0.0,0.0,0.0,0.0,0.0,0.0,0.0,0.0,0.0,0.0,0.0,0.0,0.0,0.0,0.0,1688.3645280436283,0.0,0.0,0.0,0.0
2013-12-07,0.349162,0.0,0.0,0.0,0.0,0.0,0.0,0.0,0.0,1305.015801451151,0.0,0.0,0.0,0.0,0.0,0.0,0.0,0.0,0.0,1650.810237191954,0.0
2013-12-14,1.22468,0.0,0.0,0.0,0.0,0.0,0.0,0.0,0.0,1320.433681347382,0.0,1343.5139878031412,0.0,0.0,1401.887521776842,0.0,0.0,0.0,0.0,0.0,2213.548710545653
2013-12-21,2.10657,0.0,0.0,0.0,1439.000408453804,0.0,0.0,0.0,0.0,1378.691846412316,0.0,0.0,0.0,0.0,1535.9833271178384,0.0,0.0,0.0,0.0,0.0,0.0
2013-12-28,3.81992,0.0,0.0,0.0,0.0,0.0,0.0,0.0,0.0,0.0,0.0,0.0,0.0,1640.2567766430454,0.0,0.0,0.0,0.0,0.0,0.0,1988.533534513967
2014-01-04,2.71769,0.0,0.0,0.0,0.0,0.0,1590.2499275729954,1590.2499275729956,0.0,0.0,0.0,0.0,0.0,0.0,0.0,0.0,1878.7860451289253,0.0,0.0,0.0,0.0
2014-01-11,2.66344,0.0,0.0,0.0,0.0,0.0,0.0,0.0,0.0,0.0,0.0,0.0,0.0,0.0,0.0,1792.6348253587807,2816.1657288568463,0.0,0.0,0.0,2655.293010678523
2014-01-18,2.56917,0.0,0.0,0.0,1591.212848106993,1653.9839376732325,0.0,0.0,0.0,0.0,0.0,0.0,0.0,0.0,0.0,1772.5963053264272,1751.6967527772783,0.0,0.0,0.0,0.0
2014-01-25,2.42769,0.0,0.0,0.0,0.0,0.0,0.0,0.0,0.0,0.0,0.0,0.0,0.0,0.0,0.0,0.0,0.0,0.0,0.0,0.0,0.0
2014-02-01,1.29291,0.0,0.0,0.0,2120.774862180306,1249.4996359208856,0.0,0.0,1458.5348578753717,0.0,0.0,0.0,0.0,0.0,0.0,0.0,1425.183166813503,0.0,0.0,0.0,1364.473437381734
2014-02-08,1.89639,0.0,0.0,0.0,0.0,1479.4526859016592,0.0,0.0,0.0,0.0,0.0,0.0,0.0,0.0,0.0,1456.5234319572232,0.0,0.0,0.0,0.0,1486.250405961115
2014-02-15,0.729927,0.0,0.0,0.0,0.0,0.0,0.0,0.0,0.0,0.0,0.0,0.0,0.0,0.0,0.0,0.0,0.0,0.0,0.0,0.0,0.0
2014-02-22,1.75953,0.0,0.0,0.0,0.0,0.0,0.0,0.0,0.0,0.0,0.0,0.0,0.0,0.0,0.0,0.0,2753.1997763073414,0.0,0.0,0.0,0.0
2014-03-01,0.569981,0.0,0.0,0.0,0.0,0.0,0.0,0.0,0.0,0.0,0.0,0.0,0.0,0.0,0.0,0.0,1854.6243446394903,0.0,0.0,0.0,1601.4909080825623
2014-03-08,0.882553,0.0,0.0,0.0,0.0,0.0,0.0,0.0,0.0,0.0,0.0,0.0,0.0,0.0,1318.8063132998138,0.0,1233.1951951055964,0.0,0.0,0.0,0.0
2014-03-15,0.712695,0.0,0.0,0.0,0.0,0.0,0.0,0.0,0.0,0.0,0.0,0.0,0.0,0.0,0.0,0.0,1731.6525244217005,0.0,0.0,1445.4009319456804,0.0
2014-03-22,0.501433,0.0,0.0,0.0,0.0,0.0,0.0,0.0,0.0,0.0,0.0,0.0,0.0,0.0,0.0,0.0,1428.030679841297,0.0,0.0,0.0,2002.2496322943064
2014-03-29,0.652377,0.0,0.0,1560.625523087101,0.0,0.0,0.0,0.0,0.0,0.0,0.0,0.0,0.0,0.0,0.0,0.0,1422.5525405677422,0.0,0.0,0.0,1740.1397527113052
2014-04-05,0.410397,0.0,0.0,0.0,0.0,0.0,0.0,0.0,0.0,0.0,0.0,0.0,0.0,0.0,0.0,0.0,0.0,0.0,0.0,0.0,1990.9456901508177
2014-04-12,0.551978,0.0,0.0,0.0,0.0,0.0,0.0,0.0,0.0,0.0,0.0,0.0,0.0,0.0,0.0,0.0,1509.9255286018042,0.0,0.0,0.0,0.0
2014-04-19,0.165017,0.0,0.0,0.0,0.0,0.0,0.0,0.0,0.0,0.0,0.0,0.0,0.0,0.0,0.0,0.0,0.0,0.0,0.0,0.0,0.0
2014-04-26,0.267523,0.0,0.0,0.0,0.0,0.0,0.0,0.0,0.0,0.0,0.0,0.0,0.0,0.0,0.0,0.0,2140.9958802106707,0.0,0.0,0.0,0.0
2014-05-03,0.0560224,0.0,0.0,0.0,0.0,1879.8990752373616,0.0,0.0,0.0,0.0,0.0,0.0,0.0,0.0,0.0,0.0,0.0,0.0,0.0,0.0,1417.572233255324
2014-05-10,0.0,0.0,0.0,0.0,0.0,2198.6246019569294,0.0,0.0,0.0,0.0,0.0,0.0,0.0,0.0,0.0,1389.9232791523268,1364.210131027814,0.0,0.0,0.0,1605.0363689469716
2014-05-17,0.243605,0.0,0.0,0.0,0.0,0.0,0.0,0.0,0.0,0.0,0.0,0.0,0.0,0.0,0.0,0.0,0.0,0.0,0.0,0.0,0.0
2014-05-24,0.275786,0.0,0.0,0.0,0.0,0.0,0.0,0.0,0.0,0.0,0.0,0.0,0.0,0.0,0.0,0.0,2763.836964548336,0.0,0.0,0.0,0.0
2014-05-31,0.0,0.0,0.0,0.0,0.0,0.0,0.0,0.0,0.0,0.0,0.0,0.0,2552.322858933869,0.0,0.0,0.0,0.0,0.0,0.0,0.0,0.0
2014-06-07,0.0971817,0.0,0.0,0.0,0.0,0.0,0.0,0.0,0.0,0.0,0.0,0.0,0.0,0.0,0.0,0.0,0.0,0.0,0.0,0.0,1942.1352297896476
2014-06-14,0.093633,0.0,0.0,0.0,0.0,0.0,0.0,0.0,0.0,0.0,0.0,0.0,0.0,0.0,0.0,0.0,1693.7236264946027,0.0,0.0,0.0,0.0
2014-06-21,0.0987167,0.0,0.0,0.0,0.0,0.0,0.0,0.0,0.0,0.0,0.0,0.0,0.0,0.0,0.0,0.0,0.0,0.0,0.0,0.0,0.0
2014-06-28,0.0,0.0,0.0,0.0,0.0,0.0,0.0,0.0,0.0,0.0,0.0,0.0,0.0,0.0,0.0,0.0,0.0,0.0,0.0,0.0,1860.6842165394503
2014-07-05,0.0,0.0,1758.494951468393,0.0,0.0,0.0,0.0,0.0,0.0,0.0,0.0,0.0,0.0,0.0,0.0,0.0,0.0,0.0,0.0,0.0,2190.7260861180844
2014-07-12,0.0,0.0,2391.1856007136785,0.0,0.0,0.0,0.0,0.0,0.0,0.0,0.0,0.0,0.0,0.0,0.0,0.0,0.0,1762.271373665256,1762.2713736652563,0.0,0.0
2014-07-19,0.0,0.0,0.0,0.0,0.0,0.0,0.0,0.0,0.0,0.0,0.0,2923.734896345673,0.0,0.0,0.0,0.0,0.0,0.0,0.0,0.0,1744.1518100697697
2014-07-26,0.13624,2305.5852062006607,0.0,0.0,0.0,0.0,0.0,0.0,0.0,0.0,0.0,0.0,0.0,0.0,0.0,0.0,0.0,0.0,0.0,0.0,0.0
2014-08-02,0.130719,0.0,0.0,0.0,0.0,2350.017550852022,0.0,0.0,0.0,0.0,0.0,0.0,0.0,0.0,0.0,0.0,0.0,0.0,0.0,0.0,0.0
2014-08-09,0.0,0.0,0.0,0.0,0.0,0.0,0.0,0.0,0.0,0.0,0.0,0.0,0.0,0.0,0.0,0.0,0.0,0.0,0.0,0.0,0.0
2014-08-16,0.17094,0.0,0.0,0.0,0.0,0.0,0.0,0.0,0.0,0.0,0.0,0.0,0.0,0.0,0.0,0.0,0.0,0.0,0.0,0.0,0.0
2014-08-23,0.0,0.0,0.0,0.0,1602.9157546384058,0.0,0.0,0.0,0.0,0.0,0.0,0.0,0.0,0.0,0.0,0.0,0.0,0.0,0.0,0.0,2750.4266165397507
2014-08-30,0.0,0.0,0.0,0.0,0.0,0.0,0.0,0.0,0.0,0.0,0.0,0.0,0.0,0.0,0.0,0.0,2062.115266604529,0.0,0.0,0.0,0.0
2014-09-06,1.3986,0.0,0.0,0.0,0.0,0.0,0.0,0.0,0.0,1552.7422097506824,0.0,0.0,0.0,0.0,0.0,0.0,0.0,0.0,0.0,0.0,0.0
2014-09-13,0.0,0.0,0.0,0.0,0.0,0.0,0.0,0.0,0.0,0.0,0.0,0.0,0.0,0.0,0.0,0.0,0.0,0.0,0.0,0.0,2267.2727611441246
2014-09-20,0.0,0.0,0.0,0.0,0.0,0.0,0.0,0.0,0.0,0.0,0.0,0.0,0.0,0.0,0.0,0.0,0.0,0.0,0.0,0.0,1485.5352227234562
2014-09-27,0.0,0.0,0.0,0.0,0.0,0.0,0.0,0.0,0.0,0.0,0.0,0.0,0.0,0.0,0.0,0.0,0.0,0.0,0.0,0.0,1722.7352133013403
2014-10-04,0.416089,0.0,0.0,0.0,0.0,0.0,0.0,0.0,0.0,0.0,0.0,0.0,0.0,0.0,0.0,0.0,3523.6815612299533,0.0,0.0,0.0,1587.876525053544
2014-10-11,0.664011,0.0,0.0,0.0,0.0,1915.1428768791277,0.0,0.0,0.0,0.0,2056.896791556521,0.0,0.0,0.0,0.0,0.0,1986.6578033852245,0.0,0.0,0.0,1618.319925031332
2014-10-18,0.804829,1834.7743912091685,0.0,0.0,0.0,0.0,0.0,0.0,0.0,0.0,0.0,0.0,0.0,0.0,0.0,0.0,0.0,0.0,0.0,0.0,0.0
2014-10-25,0.643317,0.0,0.0,0.0,0.0,0.0,0.0,0.0,0.0,0.0,0.0,0.0,0.0,0.0,0.0,0.0,2358.2466795898563,0.0,0.0,0.0,1446.7620331233677
2014-11-01,0.679245,0.0,0.0,0.0,0.0,1437.833883936701,0.0,0.0,0.0,0.0,0.0,0.0,0.0,0.0,0.0,0.0,1411.211091628753,0.0,0.0,0.0,1738.9374502171654
2014-11-08,0.563063,0.0,0.0,0.0,0.0,0.0,0.0,0.0,0.0,0.0,0.0,0.0,0.0,0.0,1817.064622818444,0.0,2644.780186104347,0.0,0.0,0.0,0.0
2014-11-15,0.337458,0.0,0.0,0.0,0.0,0.0,0.0,0.0,0.0,0.0,0.0,1793.362883983421,0.0,0.0,0.0,0.0,0.0,0.0,0.0,0.0,1510.2153624247364
2014-11-22,0.388601,0.0,0.0,0.0,0.0,0.0,0.0,0.0,0.0,0.0,0.0,0.0,1310.7107703142426,0.0,2075.4673129130806,0.0,0.0,1346.644052510397,1346.6440525103972,0.0,2212.923970796749
2014-11-29,0.322581,0.0,0.0,0.0,0.0,0.0,0.0,0.0,0.0,0.0,0.0,0.0,0.0,0.0,0.0,0.0,2934.7887521105413,0.0,0.0,0.0,3287.339058725824
2014-12-06,0.675676,0.0,0.0,0.0,0.0,0.0,0.0,0.0,0.0,0.0,0.0,0.0,0.0,0.0,0.0,0.0,1697.2958817494668,0.0,0.0,0.0,1321.229634021694
2014-12-13,2.08184,0.0,0.0,0.0,3153.3375888517257,1454.7524712632649,0.0,0.0,1447.45429480394,1991.8401187347577,0.0,0.0,0.0,0.0,0.0,2008.14321407014,0.0,0.0,0.0,0.0,1924.9907053060888
2014-12-20,3.67347,1970.1132076806975,1949.7575120093704,0.0,0.0,2130.5775142089487,1635.2166428598537,1635.216642859854,0.0,2628.379478085534,0.0,0.0,0.0,0.0,0.0,0.0,0.0,0.0,0.0,0.0,2059.9747983152124
2014-12-27,4.29799,3526.5167586422067,2889.613613701412,0.0,2206.191645084232,0.0,0.0,0.0,0.0,0.0,3452.3456410905947,0.0,0.0,0.0,2021.0003851819483,0.0,1722.8877761600645,0.0,0.0,0.0,2922.0483830737007
2015-01-03,4.04858,3158.184022046136,2741.9332775913413,0.0,0.0,2115.698285989509,0.0,0.0,1674.9164875440697,0.0,0.0,0.0,0.0,0.0,0.0,0.0,2510.5305412342705,0.0,0.0,0.0,3064.994328812674
2015-01-10,3.37739,0.0,1980.7332315041815,1737.1599358813812,0.0,1355.1508338442943,0.0,0.0,0.0,0.0,0.0,0.0,0.0,0.0,0.0,0.0,2796.711529663947,0.0,0.0,0.0,0.0
2015-01-17,7.65421,0.0,0.0,0.0,1433.7271232898895,2181.152804928301,0.0,0.0,0.0,0.0,0.0,0.0,0.0,1780.4857439966129,0.0,0.0,0.0,0.0,0.0,0.0,3227.6913132064783
2015-01-24,5.93359,0.0,0.0,0.0,0.0,0.0,1792.9108329842595,1792.9108329842595,0.0,0.0,0.0,0.0,1930.465996632733,0.0,0.0,0.0,1616.0181126618213,0.0,0.0,0.0,2061.4429889360995
2015-01-31,4.90028,0.0,0.0,1609.3470152081345,1371.0408051579586,0.0,0.0,0.0,0.0,1306.710187055924,0.0,0.0,0.0,0.0,0.0,0.0,0.0,0.0,0.0,0.0,0.0
2015-02-07,3.73872,0.0,0.0,0.0,0.0,0.0,0.0,0.0,0.0,1868.931298249048,0.0,0.0,0.0,0.0,0.0,0.0,1990.6205637695248,0.0,0.0,0.0,1416.0846312071596
2015-02-14,1.87553,0.0,0.0,1936.812865594296,0.0,0.0,0.0,0.0,0.0,0.0,0.0,0.0,0.0,0.0,0.0,0.0,0.0,0.0,0.0,0.0,1398.2090205905126
2015-02-21,2.7051,0.0,0.0,0.0,0.0,0.0,0.0,0.0,0.0,2181.480124968185,0.0,0.0,0.0,0.0,0.0,1378.6218510738547,1898.5484802081849,0.0,0.0,0.0,1850.419125640484
2015-02-28,1.58866,0.0,2905.2219422208373,0.0,0.0,0.0,0.0,0.0,0.0,0.0,0.0,0.0,0.0,0.0,0.0,1318.0618967050036,1747.1222779648588,0.0,0.0,0.0,2617.172222557713
2015-03-07,1.21239,0.0,0.0,0.0,0.0,0.0,0.0,0.0,0.0,0.0,0.0,0.0,0.0,0.0,0.0,0.0,0.0,0.0,0.0,0.0,2106.125209297214
2015-03-14,1.64939,0.0,0.0,1329.7955426535077,0.0,1351.8953749657032,0.0,0.0,0.0,0.0,0.0,0.0,0.0,0.0,0.0,0.0,2727.2551928870757,0.0,0.0,0.0,0.0
2015-03-21,0.767386,0.0,0.0,0.0,0.0,0.0,0.0,0.0,0.0,0.0,0.0,0.0,0.0,0.0,0.0,0.0,0.0,0.0,0.0,0.0,2803.057311034164
2015-03-28,1.09785,0.0,0.0,0.0,0.0,0.0,0.0,0.0,0.0,0.0,0.0,0.0,0.0,0.0,0.0,0.0,0.0,0.0,0.0,0.0,2239.827269067252
2015-04-04,0.556117,0.0,0.0,0.0,0.0,0.0,0.0,0.0,0.0,1630.954022460169,0.0,0.0,0.0,0.0,0.0,0.0,1643.598737111473,0.0,0.0,0.0,0.0
2015-04-11,0.554939,0.0,0.0,0.0,0.0,0.0,0.0,0.0,0.0,1412.8592008351773,0.0,0.0,0.0,0.0,2606.1204362155827,0.0,0.0,0.0,0.0,0.0,2103.06364880103
2015-04-18,0.941423,0.0,0.0,0.0,0.0,0.0,0.0,0.0,0.0,2266.3149330206984,0.0,0.0,0.0,0.0,0.0,0.0,0.0,0.0,0.0,0.0,0.0
2015-04-25,0.430293,0.0,0.0,0.0,0.0,0.0,0.0,0.0,0.0,0.0,0.0,0.0,0.0,1580.3989045115914,0.0,0.0,0.0,0.0,0.0,0.0,2434.324689274992
2015-05-02,0.185874,0.0,0.0,0.0,0.0,0.0,0.0,0.0,0.0,0.0,0.0,0.0,0.0,0.0,0.0,0.0,0.0,0.0,0.0,0.0,0.0
2015-05-09,0.175285,0.0,0.0,0.0,0.0,0.0,0.0,0.0,0.0,0.0,0.0,0.0,0.0,0.0,0.0,0.0,0.0,0.0,0.0,0.0,1582.2379277732691
2015-05-16,0.262123,0.0,0.0,0.0,0.0,0.0,0.0,0.0,0.0,0.0,0.0,0.0,0.0,0.0,0.0,0.0,0.0,0.0,0.0,0.0,1396.140951529209
2015-05-23,0.14771,0.0,0.0,0.0,0.0,0.0,0.0,0.0,0.0,0.0,0.0,0.0,0.0,0.0,0.0,0.0,1485.9957201582397,0.0,0.0,0.0,0.0
2015-05-30,0.191939,0.0,1787.271416302134,0.0,0.0,0.0,0.0,0.0,0.0,0.0,0.0,0.0,0.0,0.0,0.0,0.0,1727.3552325330145,0.0,0.0,0.0,0.0
2015-06-06,0.210084,0.0,1521.939475357707,0.0,0.0,0.0,0.0,0.0,0.0,0.0,0.0,0.0,0.0,0.0,0.0,0.0,0.0,0.0,0.0,0.0,0.0
2015-06-13,0.100402,0.0,0.0,0.0,0.0,0.0,0.0,0.0,0.0,0.0,0.0,0.0,0.0,0.0,0.0,0.0,0.0,0.0,0.0,0.0,0.0
2015-06-20,0.18018,0.0,0.0,0.0,0.0,0.0,0.0,0.0,0.0,0.0,0.0,0.0,0.0,0.0,0.0,0.0,0.0,0.0,0.0,0.0,0.0
2015-06-27,0.0672948,0.0,0.0,0.0,0.0,0.0,0.0,0.0,0.0,0.0,0.0,0.0,1818.353824218819,0.0,0.0,0.0,0.0,0.0,0.0,0.0,0.0
2015-07-04,0.0,1797.813792440159,0.0,0.0,0.0,0.0,0.0,0.0,0.0,0.0,0.0,0.0,0.0,0.0,0.0,0.0,0.0,0.0,0.0,0.0,0.0
2015-07-11,0.0,0.0,0.0,0.0,0.0,0.0,1774.807493667244,1774.807493667244,0.0,0.0,0.0,0.0,0.0,0.0,0.0,0.0,0.0,0.0,0.0,0.0,0.0
2015-07-18,0.0,0.0,0.0,0.0,0.0,0.0,0.0,0.0,0.0,0.0,0.0,0.0,0.0,0.0,0.0,0.0,0.0,0.0,0.0,0.0,1580.0738458581725
2015-07-25,0.0,0.0,0.0,0.0,0.0,0.0,0.0,0.0,0.0,0.0,0.0,0.0,0.0,0.0,0.0,0.0,0.0,0.0,0.0,0.0,0.0
2015-08-01,0.0,0.0,0.0,0.0,0.0,0.0,0.0,0.0,0.0,0.0,0.0,0.0,0.0,0.0,0.0,0.0,1645.1117695702785,0.0,0.0,0.0,1941.3373767330831
2015-08-08,0.0,0.0,0.0,0.0,0.0,0.0,0.0,0.0,0.0,0.0,0.0,0.0,0.0,0.0,0.0,0.0,0.0,0.0,0.0,0.0,0.0
2015-08-15,0.0,0.0,0.0,0.0,0.0,0.0,0.0,0.0,0.0,0.0,0.0,0.0,0.0,0.0,0.0,0.0,0.0,0.0,0.0,0.0,0.0
2015-08-22,0.0,0.0,0.0,0.0,0.0,0.0,0.0,0.0,0.0,0.0,0.0,0.0,0.0,0.0,0.0,0.0,0.0,0.0,0.0,0.0,1807.0171269026089
2015-08-29,0.0,0.0,0.0,0.0,0.0,0.0,0.0,0.0,0.0,0.0,0.0,0.0,0.0,0.0,0.0,0.0,1960.637817480012,0.0,0.0,0.0,0.0
2015-09-05,0.0,0.0,0.0,0.0,0.0,0.0,0.0,0.0,0.0,0.0,0.0,0.0,0.0,0.0,0.0,0.0,0.0,0.0,0.0,0.0,3426.7606898986865
2015-09-12,0.129534,0.0,0.0,0.0,0.0,0.0,0.0,0.0,0.0,0.0,0.0,0.0,0.0,0.0,0.0,0.0,1547.1150080042544,0.0,0.0,0.0,1512.4296411259093
2015-09-19,0.0,0.0,0.0,0.0,0.0,0.0,0.0,0.0,0.0,0.0,0.0,0.0,0.0,0.0,0.0,0.0,0.0,0.0,0.0,1488.1143674970356,1720.9049331854078
2015-09-26,0.0,0.0,0.0,0.0,0.0,0.0,0.0,0.0,0.0,0.0,0.0,0.0,0.0,0.0,0.0,0.0,0.0,0.0,0.0,0.0,2576.9246133692805
2015-10-03,0.087108,0.0,0.0,0.0,1826.7022524983631,2615.493945932129,0.0,0.0,0.0,0.0,0.0,0.0,0.0,0.0,0.0,0.0,0.0,0.0,0.0,0.0,0.0
2015-10-10,0.60652,0.0,0.0,0.0,0.0,0.0,0.0,0.0,0.0,0.0,0.0,0.0,0.0,0.0,0.0,0.0,3424.510624165532,0.0,0.0,0.0,1397.789142955093
2015-10-17,0.211119,0.0,1333.6592608956764,0.0,0.0,0.0,0.0,0.0,0.0,0.0,0.0,0.0,0.0,0.0,0.0,0.0,1408.2736067461328,0.0,0.0,0.0,0.0
2015-10-24,0.232739,0.0,0.0,0.0,0.0,0.0,0.0,0.0,0.0,0.0,0.0,0.0,0.0,0.0,0.0,0.0,0.0,0.0,0.0,0.0,0.0
2015-10-31,0.160128,0.0,0.0,0.0,0.0,0.0,0.0,0.0,0.0,1233.8348302695674,0.0,0.0,0.0,0.0,0.0,0.0,0.0,0.0,0.0,0.0,0.0
2015-11-07,0.405268,0.0,0.0,0.0,0.0,0.0,0.0,0.0,0.0,0.0,0.0,0.0,0.0,0.0,0.0,1279.3391297730946,0.0,0.0,0.0,0.0,1836.4631165506348
2015-11-14,0.423131,0.0,0.0,0.0,0.0,0.0,0.0,0.0,0.0,0.0,1966.680681437909,0.0,0.0,0.0,0.0,0.0,0.0,0.0,0.0,0.0,1684.9977880919903
2015-11-21,0.342466,0.0,0.0,0.0,0.0,0.0,0.0,0.0,0.0,0.0,0.0,0.0,0.0,0.0,0.0,0.0,1306.9583264898315,1453.369098776638,1453.369098776638,0.0,1410.520354617661
2015-11-28,0.0,1702.0079087102574,0.0,0.0,0.0,2235.4522254230933,0.0,0.0,0.0,0.0,0.0,0.0,0.0,0.0,1754.4927668866264,0.0,2133.117635492344,0.0,0.0,0.0,2307.2554636318123
2015-12-05,0.335196,0.0,0.0,0.0,0.0,0.0,0.0,0.0,1389.086069931221,1267.700001410979,0.0,0.0,0.0,0.0,0.0,0.0,1849.3349168682307,0.0,0.0,0.0,1515.9779785441608
2015-12-12,0.0,0.0,0.0,0.0,0.0,1210.688894554107,0.0,0.0,0.0,0.0,0.0,0.0,0.0,0.0,0.0,0.0,1758.3130950177792,0.0,0.0,0.0,3011.604959985271
2015-12-19,0.752823,0.0,0.0,0.0,1385.7846602741135,0.0,0.0,0.0,0.0,0.0,0.0,0.0,0.0,0.0,0.0,0.0,1843.92542771333,0.0,0.0,0.0,3083.2186587516503
2015-12-26,1.07198,0.0,0.0,0.0,0.0,0.0,0.0,0.0,0.0,0.0,0.0,0.0,0.0,0.0,0.0,1583.7673143941208,0.0,0.0,0.0,0.0,0.0
2016-01-02,1.07383,0.0,0.0,0.0,0.0,0.0,0.0,0.0,0.0,0.0,0.0,0.0,0.0,0.0,0.0,0.0,0.0,0.0,0.0,0.0,1957.730837047466
2016-01-09,0.20141,0.0,0.0,0.0,0.0,0.0,0.0,0.0,0.0,0.0,0.0,0.0,0.0,0.0,0.0,0.0,0.0,0.0,0.0,0.0,2501.855121319344
2016-01-16,0.906736,0.0,0.0,0.0,0.0,1373.4813333031589,0.0,0.0,0.0,0.0,0.0,0.0,0.0,1163.8292500653454,2096.3447804380585,0.0,2197.6053444339814,0.0,0.0,0.0,1134.131225789101
2016-01-23,0.231214,0.0,0.0,0.0,0.0,0.0,0.0,0.0,0.0,0.0,0.0,0.0,0.0,0.0,0.0,0.0,0.0,0.0,0.0,0.0,1263.6443402128878
2016-01-30,0.343249,0.0,0.0,0.0,0.0,0.0,0.0,0.0,0.0,0.0,0.0,0.0,0.0,0.0,0.0,0.0,1485.223553682147,0.0,0.0,0.0,2342.058722018929
2016-02-06,1.07738,0.0,0.0,0.0,0.0,0.0,0.0,0.0,0.0,0.0,0.0,0.0,0.0,0.0,0.0,0.0,1698.4321374279025,0.0,0.0,0.0,1924.2078491934856
2016-02-13,1.27796,0.0,0.0,1407.976225290376,1050.3932541319464,1327.4878677704992,0.0,0.0,0.0,0.0,0.0,0.0,1071.9101913767329,0.0,0.0,0.0,1179.4982042799622,0.0,0.0,0.0,1553.262353173065
2016-02-20,1.57195,0.0,0.0,1488.64898283752,0.0,1243.3903955353894,0.0,0.0,0.0,0.0,0.0,0.0,0.0,1394.6649940322245,1703.5003319867544,0.0,1211.921200260034,0.0,0.0,0.0,1678.971840689442
2016-02-27,1.02564,0.0,0.0,1909.0622946706435,0.0,1175.9994749149998,0.0,0.0,0.0,0.0,0.0,0.0,1226.434191680236,0.0,1345.4896506964146,0.0,0.0,0.0,0.0,0.0,0.0
2016-03-05,0.890208,0.0,0.0,2128.955246761279,0.0,0.0,0.0,0.0,0.0,1157.944856535512,0.0,0.0,0.0,0.0,0.0,0.0,1334.986811638722,0.0,0.0,0.0,1757.5726195698535
2016-03-12,1.64127,0.0,0.0,0.0,0.0,0.0,0.0,0.0,0.0,2079.250759340961,0.0,0.0,0.0,0.0,1101.4297364820357,0.0,1801.715054813571,0.0,0.0,0.0,2637.8076975205413
2016-03-19,2.09644,0.0,0.0,0.0,0.0,0.0,0.0,0.0,0.0,0.0,0.0,0.0,0.0,0.0,0.0,0.0,1235.329296042731,0.0,0.0,0.0,1917.074118298095
2016-03-26,1.36157,0.0,0.0,0.0,0.0,0.0,0.0,0.0,0.0,0.0,0.0,0.0,0.0,0.0,0.0,0.0,0.0,0.0,0.0,0.0,1360.173903394223
2016-04-02,1.78571,0.0,0.0,0.0,0.0,0.0,0.0,0.0,0.0,0.0,0.0,0.0,0.0,0.0,0.0,0.0,2427.4747286711736,0.0,0.0,0.0,1933.5366641250127
2016-04-09,2.5,0.0,0.0,0.0,0.0,0.0,0.0,0.0,0.0,0.0,0.0,0.0,0.0,0.0,0.0,0.0,1102.0693866522424,0.0,0.0,0.0,2295.7508296982437
2016-04-16,1.54394,0.0,0.0,0.0,0.0,0.0,0.0,0.0,0.0,0.0,0.0,0.0,0.0,0.0,0.0,0.0,0.0,0.0,0.0,0.0,1658.6155203386872
2016-04-23,1.28535,0.0,0.0,0.0,0.0,0.0,0.0,0.0,0.0,0.0,0.0,0.0,0.0,0.0,0.0,0.0,0.0,0.0,0.0,0.0,2567.6369066197594
2016-04-30,0.390117,0.0,0.0,0.0,0.0,1728.2155839007146,0.0,0.0,0.0,0.0,0.0,0.0,0.0,0.0,0.0,0.0,1621.292735162155,0.0,0.0,0.0,1806.976433105136
2016-05-07,0.631769,0.0,0.0,0.0,0.0,0.0,0.0,0.0,0.0,0.0,0.0,0.0,0.0,0.0,0.0,0.0,1346.3591288584653,0.0,0.0,0.0,1915.1891540842887
2016-05-14,0.764656,0.0,0.0,0.0,0.0,0.0,0.0,0.0,0.0,0.0,0.0,0.0,0.0,0.0,0.0,0.0,0.0,0.0,0.0,0.0,1462.627570800997
2016-05-21,0.687876,0.0,0.0,0.0,0.0,0.0,0.0,0.0,0.0,0.0,0.0,0.0,0.0,0.0,0.0,0.0,0.0,0.0,0.0,0.0,1794.1664521662267
2016-05-28,0.702576,0.0,0.0,0.0,0.0,0.0,0.0,0.0,0.0,1701.129706241665,0.0,0.0,0.0,0.0,0.0,0.0,1176.4827549436318,0.0,0.0,0.0,1385.9600831693106
2016-06-04,0.3663,0.0,0.0,0.0,0.0,0.0,0.0,0.0,0.0,0.0,0.0,0.0,0.0,0.0,0.0,0.0,0.0,0.0,0.0,0.0,3448.406850435178
2016-06-11,0.29703,0.0,0.0,0.0,0.0,0.0,0.0,0.0,0.0,0.0,0.0,0.0,0.0,0.0,0.0,0.0,1568.1823183120257,0.0,0.0,0.0,1585.1274503034713
2016-06-18,0.0,0.0,0.0,0.0,0.0,0.0,0.0,0.0,0.0,0.0,0.0,0.0,0.0,0.0,0.0,0.0,0.0,0.0,0.0,0.0,1414.3355815937823
2016-06-25,0.0,0.0,0.0,0.0,0.0,0.0,0.0,0.0,0.0,0.0,0.0,0.0,0.0,0.0,0.0,0.0,0.0,0.0,0.0,0.0,1412.252135336814
2016-07-02,0.7109,0.0,0.0,0.0,0.0,0.0,0.0,0.0,0.0,0.0,0.0,0.0,1679.4953492364816,0.0,1316.3892653764024,0.0,0.0,0.0,0.0,0.0,0.0
2016-07-09,0.0,0.0,0.0,0.0,1809.304546001786,0.0,0.0,0.0,0.0,0.0,0.0,0.0,0.0,0.0,0.0,0.0,0.0,1367.128040798534,1367.128040798534,0.0,0.0
2016-07-16,0.0,0.0,0.0,0.0,0.0,0.0,0.0,0.0,0.0,0.0,0.0,0.0,0.0,0.0,0.0,0.0,0.0,0.0,0.0,0.0,0.0
2016-07-23,0.123762,0.0,0.0,0.0,0.0,0.0,0.0,0.0,0.0,0.0,0.0,0.0,0.0,0.0,0.0,0.0,0.0,0.0,0.0,0.0,1172.4861089233043
2016-07-30,0.0,0.0,0.0,0.0,0.0,0.0,0.0,0.0,0.0,0.0,0.0,0.0,0.0,0.0,0.0,0.0,1413.9979704351033,0.0,0.0,0.0,1440.4778736800029
2016-08-06,0.0,0.0,0.0,0.0,0.0,1286.0968903534767,0.0,0.0,0.0,0.0,0.0,0.0,0.0,0.0,0.0,0.0,1421.6359744185932,0.0,0.0,0.0,0.0
2016-08-13,0.0,0.0,0.0,0.0,0.0,0.0,0.0,0.0,0.0,0.0,0.0,0.0,0.0,0.0,0.0,0.0,0.0,0.0,0.0,0.0,0.0
2016-08-20,0.0,0.0,0.0,0.0,0.0,0.0,0.0,0.0,0.0,0.0,0.0,0.0,0.0,0.0,0.0,0.0,0.0,2044.1249257914951,2044.1249257914956,0.0,0.0
2016-08-27,0.125628,0.0,0.0,0.0,0.0,0.0,0.0,0.0,0.0,0.0,0.0,0.0,0.0,0.0,0.0,0.0,0.0,0.0,0.0,0.0,1892.574721278304
2016-09-03,0.0,0.0,0.0,0.0,0.0,0.0,0.0,0.0,0.0,0.0,0.0,0.0,0.0,0.0,0.0,0.0,2642.666134881411,0.0,0.0,0.0,2504.250774700968
2016-09-10,0.0,1578.5985760794274,0.0,0.0,0.0,0.0,0.0,0.0,1087.1781302810057,0.0,0.0,0.0,0.0,0.0,0.0,0.0,0.0,0.0,0.0,0.0,0.0
2016-09-17,0.0,0.0,0.0,0.0,0.0,0.0,0.0,0.0,0.0,0.0,0.0,0.0,0.0,0.0,0.0,0.0,3010.2577220907506,0.0,0.0,0.0,1589.934884591768
2016-09-24,0.0,0.0,0.0,0.0,0.0,0.0,0.0,0.0,0.0,0.0,0.0,0.0,1427.7069554875568,0.0,0.0,0.0,1329.21227490507,0.0,0.0,0.0,0.0
2016-10-01,0.0,0.0,0.0,0.0,0.0,0.0,0.0,0.0,0.0,0.0,0.0,0.0,0.0,0.0,0.0,0.0,1904.937645197242,0.0,0.0,0.0,1380.1320134644047
2016-10-08,0.524109,0.0,0.0,0.0,0.0,1184.1798849146514,0.0,0.0,0.0,0.0,0.0,0.0,0.0,0.0,0.0,1137.0894075298067,1758.3551394313797,0.0,0.0,0.0,1354.0487658044717
2016-10-15,0.15949,0.0,0.0,1251.9465198595608,0.0,0.0,0.0,0.0,0.0,0.0,0.0,0.0,0.0,0.0,0.0,0.0,1474.0258473632127,0.0,0.0,0.0,0.0
2016-10-22,0.726216,0.0,0.0,0.0,0.0,0.0,1182.6727858352167,1182.6727858352167,0.0,0.0,0.0,0.0,0.0,0.0,0.0,0.0,1172.2228972895443,0.0,0.0,0.0,0.0
2016-10-29,0.966608,0.0,0.0,0.0,0.0,0.0,2048.8460665432017,2048.846066543201,0.0,1041.4813618951289,0.0,0.0,0.0,0.0,0.0,0.0,1605.7617964368235,0.0,0.0,0.0,1355.1621110177236
2016-11-05,0.187091,0.0,0.0,1707.392435774484,0.0,0.0,0.0,0.0,0.0,0.0,0.0,0.0,0.0,0.0,0.0,0.0,1105.1699343040725,0.0,0.0,0.0,0.0
2016-11-12,0.158604,0.0,0.0,0.0,0.0,0.0,0.0,0.0,0.0,985.6941134641256,0.0,0.0,0.0,0.0,1518.934283803652,0.0,0.0,0.0,0.0,0.0,1247.8153333775854
2016-11-19,0.373134,0.0,0.0,0.0,0.0,0.0,1070.9404878935354,1070.9404878935356,0.0,1491.3088495707743,0.0,0.0,0.0,0.0,0.0,0.0,1874.954694661891,0.0,0.0,0.0,1409.5625484280597
2016-11-26,0.475285,0.0,0.0,0.0,0.0,0.0,0.0,0.0,0.0,0.0,0.0,0.0,0.0,0.0,0.0,0.0,0.0,0.0,0.0,0.0,1673.7304303956391
2016-12-03,0.654664,0.0,0.0,0.0,1176.9831669117011,0.0,0.0,0.0,0.0,0.0,0.0,0.0,0.0,0.0,0.0,0.0,2018.3934530857416,0.0,0.0,0.0,0.0
2016-12-10,1.26812,0.0,0.0,0.0,0.0,0.0,0.0,0.0,0.0,0.0,0.0,0.0,0.0,0.0,0.0,0.0,0.0,0.0,0.0,0.0,1261.8983349257742
2016-12-17,0.0,0.0,0.0,0.0,0.0,1646.556137018931,0.0,0.0,0.0,1245.8674389635023,0.0,0.0,0.0,0.0,0.0,0.0,2008.8029191490375,0.0,0.0,0.0,1571.802018841891
2016-12-24,2.92887,0.0,0.0,1257.905927506109,0.0,0.0,0.0,0.0,0.0,0.0,0.0,0.0,0.0,0.0,0.0,0.0,1288.4892552966955,0.0,0.0,0.0,1510.2610302842809
2016-12-31,0.358852,0.0,0.0,0.0,1282.188974800595,1162.1862173421025,0.0,0.0,0.0,0.0,0.0,0.0,0.0,0.0,0.0,2608.520588878897,1350.0005467436158,0.0,0.0,0.0,1438.146526325365
2017-01-07,4.31548,0.0,0.0,1733.525734952778,0.0,2312.593261648328,0.0,0.0,0.0,1275.4282700648048,1388.8774241407775,0.0,0.0,0.0,1093.8114711561798,0.0,1979.3051839343725,0.0,0.0,0.0,1415.85124257788
2017-01-14,0.922266,0.0,0.0,1648.6670826181498,0.0,1581.258944678209,0.0,0.0,0.0,0.0,0.0,0.0,0.0,0.0,0.0,0.0,1164.9838718780134,0.0,0.0,0.0,2172.581633432548
2017-01-21,1.88273,0.0,0.0,0.0,0.0,1055.0198977429309,0.0,0.0,0.0,1287.2393437088626,0.0,0.0,0.0,0.0,1916.8216864576116,0.0,2742.818547721832,0.0,0.0,0.0,2883.7725743069377
2017-01-28,3.88794,1718.3158025214211,1029.2551038370168,0.0,1460.7132617464238,0.0,0.0,0.0,0.0,0.0,0.0,0.0,0.0,0.0,0.0,0.0,2394.241857951756,0.0,0.0,0.0,2687.361508108702
2017-02-04,3.77868,2625.7460912472397,1804.4952014071469,0.0,0.0,1536.8641629085453,0.0,0.0,0.0,1487.2325081594863,0.0,0.0,0.0,0.0,0.0,0.0,1540.3383825044782,0.0,0.0,0.0,2973.8440780021883
2017-02-11,5.19645,1743.234173029573,1258.1829355248317,1631.0042767741186,0.0,0.0,0.0,0.0,0.0,1009.8157457880512,0.0,0.0,1002.4684890092306,0.0,0.0,0.0,1465.0236996023775,0.0,0.0,0.0,2457.6246981266386
2017-02-18,3.8105,1280.7040750161043,0.0,1954.4167800047128,0.0,1545.6077407750104,0.0,0.0,0.0,0.0,0.0,0.0,0.0,0.0,0.0,0.0,1449.1507351033215,0.0,0.0,0.0,1810.6514912154068
2017-02-25,3.50235,1953.497775022755,1948.0095040545143,2125.7757451795314,0.0,953.7967134542164,0.0,0.0,0.0,1483.2766199008713,0.0,0.0,0.0,0.0,1053.0767221559902,0.0,2222.63427103412,0.0,0.0,0.0,3692.361809735123
2017-03-04,3.48071,1244.1132909312712,0.0,1349.2779264387905,0.0,2035.8347075463205,0.0,0.0,0.0,0.0,1341.8877325559577,0.0,0.0,0.0,933.8147648823268,0.0,1170.8170485456894,0.0,0.0,0.0,1873.059250982015
2017-03-11,3.4018,0.0,0.0,1868.3460321546884,0.0,0.0,0.0,0.0,0.0,1515.1236072245983,0.0,0.0,0.0,0.0,0.0,0.0,1976.836770817924,1115.332556302255,1115.332556302255,0.0,2291.334122008104
2017-03-18,1.87647,1002.2353476234796,0.0,0.0,0.0,972.2571293791756,0.0,0.0,0.0,0.0,0.0,0.0,0.0,1465.5568497493953,0.0,1555.9294264726802,1162.4017437102364,0.0,0.0,0.0,2294.1176966767484
2017-03-25,1.54749,0.0,0.0,0.0,0.0,0.0,0.0,0.0,0.0,1494.3214241807152,0.0,0.0,0.0,0.0,0.0,0.0,2471.444608653453,0.0,0.0,0.0,2185.1288285578307
2017-04-01,1.85292,0.0,0.0,0.0,1189.3698742444046,0.0,0.0,0.0,0.0,2093.0254170113367,0.0,0.0,0.0,0.0,0.0,0.0,1562.0708373372988,0.0,0.0,0.0,0.0
2017-04-08,1.386,0.0,0.0,0.0,0.0,1057.687383841451,0.0,0.0,0.0,0.0,0.0,0.0,0.0,0.0,1450.5511744490086,0.0,0.0,0.0,0.0,0.0,1329.7727147718538
2017-04-15,1.18577,0.0,0.0,0.0,0.0,0.0,0.0,0.0,0.0,1501.4374918480516,0.0,0.0,0.0,0.0,0.0,0.0,0.0,0.0,0.0,0.0,2273.269378750524
2017-04-22,0.630915,0.0,0.0,0.0,0.0,0.0,0.0,0.0,0.0,1064.5683782081703,0.0,0.0,0.0,0.0,0.0,0.0,0.0,0.0,0.0,0.0,1121.592359521428
2017-04-29,0.444939,0.0,0.0,0.0,0.0,0.0,0.0,0.0,0.0,2709.396626673387,0.0,0.0,0.0,0.0,0.0,0.0,1676.7251499793942,0.0,0.0,0.0,2100.1642410799277
2017-05-06,1.35424,0.0,0.0,0.0,0.0,0.0,0.0,0.0,0.0,1037.1818605571675,0.0,0.0,0.0,0.0,0.0,0.0,0.0,0.0,0.0,0.0,1846.3657175386888
2017-05-13,0.664452,0.0,0.0,0.0,0.0,0.0,0.0,0.0,0.0,0.0,0.0,0.0,0.0,0.0,0.0,0.0,0.0,0.0,0.0,0.0,0.0
2017-05-20,0.184502,0.0,0.0,0.0,0.0,0.0,0.0,0.0,0.0,0.0,0.0,0.0,0.0,0.0,0.0,0.0,0.0,0.0,0.0,0.0,1338.1907619240249
2017-05-27,0.184162,0.0,0.0,0.0,0.0,0.0,0.0,0.0,0.0,0.0,0.0,0.0,0.0,0.0,0.0,0.0,0.0,0.0,0.0,0.0,1515.1751197570932
2017-06-03,0.354925,0.0,0.0,0.0,0.0,2086.1259345270464,0.0,0.0,0.0,0.0,0.0,0.0,0.0,0.0,0.0,0.0,0.0,0.0,0.0,0.0,0.0
2017-06-10,0.0,0.0,1401.3072752135636,0.0,0.0,0.0,0.0,0.0,0.0,0.0,0.0,0.0,0.0,0.0,0.0,0.0,0.0,0.0,0.0,0.0,1640.7809751447396
2017-06-17,1.06572,0.0,0.0,0.0,0.0,0.0,0.0,0.0,0.0,0.0,1291.721464172223,0.0,0.0,0.0,0.0,0.0,0.0,0.0,0.0,0.0,1390.4241884135376
2017-06-24,0.0,0.0,0.0,0.0,0.0,1239.2125288125687,0.0,0.0,0.0,0.0,0.0,0.0,0.0,0.0,0.0,0.0,0.0,0.0,0.0,0.0,1481.949386377523
2017-07-01,0.0,0.0,0.0,0.0,0.0,0.0,0.0,0.0,0.0,0.0,0.0,0.0,0.0,0.0,0.0,0.0,1467.444624346594,0.0,0.0,0.0,1699.0297062392838
2017-07-08,0.0,0.0,0.0,0.0,0.0,0.0,0.0,0.0,0.0,0.0,0.0,0.0,0.0,0.0,0.0,0.0,0.0,0.0,0.0,0.0,0.0
2017-07-15,0.0,0.0,0.0,0.0,0.0,1538.7234217820237,0.0,0.0,0.0,0.0,0.0,0.0,0.0,0.0,0.0,0.0,0.0,0.0,0.0,0.0,0.0
2017-07-22,0.0,0.0,0.0,0.0,0.0,0.0,0.0,0.0,0.0,0.0,0.0,0.0,0.0,0.0,0.0,0.0,0.0,0.0,0.0,0.0,1325.486309242012
2017-07-29,0.0,0.0,0.0,0.0,0.0,1122.712140660102,0.0,0.0,0.0,1147.7530172511365,0.0,0.0,0.0,1518.26723475819,0.0,0.0,0.0,1619.0483639802612,1619.0483639802612,0.0,1174.0713850212462
2017-08-05,0.337268,0.0,0.0,0.0,0.0,0.0,0.0,0.0,0.0,0.0,0.0,0.0,0.0,0.0,0.0,0.0,0.0,0.0,0.0,0.0,1494.8944906585414
2017-08-12,0.0,0.0,0.0,0.0,0.0,0.0,0.0,0.0,0.0,0.0,0.0,0.0,0.0,0.0,0.0,0.0,0.0,0.0,0.0,0.0,1317.4651276889049
2017-08-19,0.0,0.0,0.0,0.0,0.0,0.0,0.0,0.0,0.0,0.0,0.0,0.0,0.0,0.0,0.0,0.0,0.0,0.0,0.0,0.0,1881.705815851546
2017-08-26,0.0,0.0,0.0,0.0,0.0,0.0,0.0,0.0,0.0,0.0,0.0,0.0,0.0,0.0,0.0,0.0,0.0,0.0,0.0,0.0,1737.1474238633982
2017-09-02,0.826446,0.0,0.0,0.0,0.0,0.0,0.0,0.0,0.0,0.0,0.0,0.0,0.0,0.0,0.0,0.0,1683.067933338142,0.0,0.0,0.0,0.0
2017-09-09,0.943396,0.0,0.0,0.0,0.0,0.0,0.0,0.0,0.0,0.0,0.0,0.0,0.0,0.0,0.0,0.0,1355.0489834508155,0.0,0.0,0.0,1816.529552822729
2017-09-16,0.0,0.0,0.0,0.0,0.0,0.0,0.0,0.0,0.0,0.0,0.0,0.0,0.0,0.0,0.0,0.0,1339.3155011956842,0.0,0.0,0.0,2019.565087172893
2017-09-23,1.85185,0.0,0.0,0.0,0.0,1164.4968098829286,0.0,0.0,0.0,0.0,1725.084625336675,0.0,0.0,0.0,0.0,0.0,1519.2345272849536,0.0,0.0,961.4609634104926,1124.5625370274372
2017-09-30,2.5,0.0,0.0,0.0,0.0,0.0,0.0,0.0,0.0,1065.4705088743094,0.0,0.0,0.0,0.0,0.0,0.0,1709.030924061787,0.0,0.0,0.0,1633.250690362576
2017-10-07,0.0759878,0.0,0.0,0.0,0.0,2213.076155926197,0.0,0.0,0.0,0.0,0.0,0.0,0.0,0.0,0.0,0.0,1619.5901932407162,0.0,0.0,0.0,1456.930403646617
2017-10-14,0.412371,0.0,0.0,0.0,0.0,1166.3935104495265,0.0,0.0,0.0,1051.1305992208318,0.0,0.0,0.0,0.0,0.0,0.0,1390.7691750823528,0.0,0.0,0.0,1658.4038945144982
2017-10-21,0.413223,0.0,0.0,0.0,0.0,0.0,0.0,0.0,0.0,0.0,0.0,0.0,993.1490811846296,0.0,0.0,0.0,1770.334120933924,0.0,0.0,0.0,1289.089842583951
2017-10-28,0.564617,0.0,0.0,0.0,0.0,0.0,0.0,0.0,0.0,0.0,0.0,0.0,0.0,0.0,0.0,0.0,0.0,0.0,0.0,0.0,1847.2154377452591
2017-11-04,0.464756,0.0,0.0,0.0,0.0,1136.1278017034497,0.0,0.0,0.0,0.0,0.0,0.0,0.0,0.0,1471.3911666405338,0.0,0.0,0.0,0.0,0.0,1106.0334902942798
2017-11-11,0.840336,0.0,0.0,0.0,0.0,1228.5170425225729,0.0,0.0,0.0,0.0,0.0,0.0,0.0,0.0,0.0,0.0,1822.178063032353,0.0,0.0,0.0,2282.562223115398
2017-11-18,0.45283,0.0,0.0,0.0,0.0,1384.8502317996997,0.0,0.0,0.0,0.0,0.0,0.0,0.0,0.0,1537.8538263468868,0.0,1058.788485138228,0.0,0.0,0.0,1013.9027091988152
2017-11-25,1.1782,0.0,0.0,0.0,0.0,0.0,0.0,0.0,0.0,0.0,0.0,0.0,0.0,0.0,1082.4698419059691,0.0,1862.8536032061927,0.0,0.0,0.0,2281.148987814723
2017-12-02,0.677048,0.0,0.0,0.0,0.0,1260.1420056286108,0.0,0.0,0.0,0.0,0.0,0.0,0.0,0.0,0.0,0.0,1751.1846980512018,0.0,0.0,0.0,1402.3732514910027
2017-12-09,1.28399,0.0,0.0,0.0,0.0,1223.5908477030837,0.0,0.0,0.0,0.0,1035.4783103784468,0.0,0.0,0.0,915.092183820997,0.0,2439.68755611072,0.0,0.0,0.0,1399.1605616105542
2017-12-16,1.66534,0.0,0.0,0.0,0.0,1037.866732030284,0.0,0.0,0.0,1150.1329559096537,0.0,0.0,0.0,0.0,1638.0285592331325,0.0,0.0,0.0,0.0,0.0,0.0
2017-12-23,3.77778,2459.571946081967,0.0,0.0,0.0,1467.1656600490885,0.0,0.0,0.0,0.0,0.0,0.0,0.0,0.0,0.0,0.0,1957.1873459858,0.0,0.0,0.0,2446.537948264195
2017-12-30,2.34671,1281.7577259040872,1236.882499121954,0.0,1819.687767012284,1443.4380629114814,0.0,0.0,0.0,0.0,0.0,0.0,0.0,0.0,2321.589273331494,0.0,1437.8572643151754,0.0,0.0,0.0,2454.48116393376
2018-01-06,2.72,1656.5892039259436,1430.9733201608717,2233.7988557233334,1112.506121442655,0.0,0.0,0.0,0.0,1224.8818532361986,1199.7680260558152,0.0,0.0,0.0,0.0,0.0,1700.4655191858683,0.0,0.0,0.0,4071.931756204168
2018-01-13,4.98442,1807.51408668183,0.0,1500.362689700174,1395.4582447201192,1892.3283821930004,0.0,0.0,0.0,1297.7372150757606,0.0,0.0,0.0,889.3573051626067,0.0,0.0,1834.539721913465,0.0,0.0,1007.3413034763768,1499.892175202766
2018-01-20,3.4375,2593.2265351688307,2766.12040549659,1515.6214673420457,2497.8174943749896,3316.519260384268,0.0,0.0,0.0,1514.5781103822555,0.0,0.0,0.0,0.0,1312.501305467465,896.508491655527,1796.7023355300644,1205.965896103446,1205.965896103446,0.0,1810.1128591747893
2018-01-27,3.375,2621.003362959599,2767.0798667130807,1860.1273545251263,2768.541569277223,2224.751673735557,0.0,0.0,0.0,1908.2269322586023,0.0,0.0,0.0,0.0,0.0,0.0,2267.797882528129,0.0,0.0,0.0,2730.6807305097905
2018-02-03,3.40479,2419.514525383093,2654.3051834270614,1715.5300747713272,2448.414842553701,3709.195108513508,0.0,0.0,1013.6338939786016,911.8730430796168,0.0,0.0,0.0,0.0,1664.9076304214782,1623.124465659801,2913.943932781303,0.0,0.0,0.0,2024.668796164756
2018-02-10,4.43686,1156.279645902347,1376.6771167897496,1330.4890356395554,2958.896751671178,2236.378910056949,0.0,0.0,0.0,1395.186864787873,0.0,1243.1636697337997,0.0,0.0,1301.5784580780885,0.0,1576.0738001139357,0.0,0.0,0.0,1780.4324464325846
2018-02-17,2.94521,1728.73209012169,3275.028014205399,1017.6470942880449,1527.9366410481389,2235.203738064062,0.0,0.0,0.0,0.0,0.0,0.0,0.0,0.0,0.0,1146.9062098147865,2458.055593921418,0.0,0.0,880.0016651624367,2197.922348334477
2018-02-24,3.20102,1159.4915023283936,1912.4651365467496,2201.9585287131413,1830.7152899050452,1342.4268924722603,0.0,0.0,0.0,0.0,0.0,0.0,0.0,0.0,1442.0288843692945,0.0,1626.7196952124286,0.0,0.0,0.0,1738.9011578480558
2018-03-03,2.71903,1493.7580572213428,0.0,1134.850676041826,1707.6098149570107,1757.495750599566,0.0,0.0,0.0,1168.5447190373889,0.0,0.0,1110.0728589319835,0.0,1124.1820576960004,0.0,1479.2879388101153,0.0,0.0,0.0,2198.0484006344814
2018-03-10,1.3245,0.0,1490.4224008103952,0.0,0.0,0.0,0.0,0.0,0.0,1440.8228218330798,0.0,0.0,0.0,0.0,0.0,0.0,1599.9657284157113,0.0,0.0,0.0,2123.92763503612
2018-03-17,0.8,0.0,0.0,0.0,0.0,0.0,0.0,0.0,0.0,0.0,0.0,0.0,0.0,0.0,2136.178597623072,0.0,1569.0529699701317,0.0,0.0,0.0,0.0
2018-03-24,0.375657,0.0,0.0,0.0,0.0,0.0,0.0,0.0,0.0,0.0,0.0,0.0,0.0,0.0,0.0,0.0,1089.2529489508097,0.0,0.0,0.0,2767.5074901552352
2018-03-31,0.607441,0.0,0.0,0.0,973.1030471168888,0.0,0.0,0.0,0.0,0.0,0.0,0.0,0.0,0.0,0.0,1497.1120610296966,1113.4543239050772,0.0,0.0,0.0,1595.8806897467516
2018-04-07,1.83113,0.0,0.0,0.0,0.0,0.0,0.0,0.0,0.0,0.0,1001.3527984303043,0.0,0.0,0.0,1133.8098892273497,0.0,1756.2617943875734,0.0,0.0,0.0,1945.6061065203137
2018-04-14,0.404858,0.0,0.0,0.0,0.0,1117.9829888280074,0.0,0.0,0.0,1575.7662819262762,0.0,0.0,0.0,0.0,0.0,0.0,2019.719694395773,0.0,0.0,0.0,1624.2417306347445
2018-04-21,0.801425,0.0,0.0,1033.2735097330765,0.0,0.0,0.0,0.0,0.0,1949.8263785370991,0.0,0.0,0.0,0.0,0.0,0.0,1384.7214579132904,0.0,0.0,0.0,2163.772032504872
2018-04-28,0.903342,0.0,0.0,0.0,0.0,940.922304150347,0.0,0.0,0.0,1284.3364845141125,0.0,0.0,0.0,0.0,0.0,0.0,0.0,0.0,0.0,0.0,1722.377923430672
2018-05-05,0.102564,0.0,0.0,0.0,0.0,0.0,0.0,0.0,0.0,0.0,1083.7073760097917,0.0,0.0,0.0,0.0,0.0,1040.05399306079,0.0,0.0,0.0,1515.7863217339404
2018-05-12,0.114286,0.0,0.0,0.0,0.0,0.0,0.0,0.0,0.0,0.0,0.0,0.0,0.0,0.0,0.0,0.0,1203.9367377541723,0.0,0.0,0.0,1560.9297318172871
2018-05-19,0.192678,0.0,0.0,0.0,0.0,0.0,0.0,0.0,0.0,0.0,0.0,0.0,0.0,0.0,0.0,0.0,1228.252828378931,0.0,0.0,0.0,1367.98218374342
2018-05-26,1.41732,0.0,0.0,0.0,0.0,0.0,0.0,0.0,0.0,1431.617583202461,0.0,0.0,0.0,0.0,0.0,0.0,0.0,0.0,0.0,0.0,1903.2217733385617
2018-06-02,0.410397,0.0,0.0,0.0,0.0,0.0,0.0,0.0,0.0,1943.1591295470896,0.0,0.0,0.0,0.0,0.0,0.0,0.0,0.0,0.0,0.0,1466.7803287474314
2018-06-09,0.376412,0.0,0.0,0.0,0.0,0.0,0.0,0.0,0.0,0.0,0.0,0.0,1035.7683467238803,0.0,0.0,0.0,1028.0215286386683,1124.498534032778,1124.4985340327785,0.0,1118.8360705183316
2018-06-16,0.535475,0.0,0.0,0.0,0.0,0.0,0.0,0.0,0.0,0.0,0.0,0.0,0.0,0.0,0.0,0.0,0.0,0.0,0.0,0.0,0.0
2018-06-23,0.41841,0.0,0.0,0.0,0.0,0.0,0.0,0.0,0.0,0.0,0.0,0.0,0.0,0.0,0.0,0.0,0.0,0.0,0.0,0.0,0.0
2018-06-30,0.391134,0.0,0.0,0.0,0.0,0.0,0.0,0.0,0.0,0.0,0.0,0.0,0.0,0.0,1419.3853092065858,0.0,0.0,0.0,0.0,0.0,1408.5853676196944
2018-07-07,0.536193,0.0,0.0,0.0,0.0,0.0,0.0,0.0,0.0,0.0,0.0,0.0,0.0,0.0,0.0,0.0,0.0,0.0,0.0,0.0,0.0
2018-07-14,0.26178,0.0,0.0,0.0,0.0,0.0,0.0,0.0,0.0,0.0,0.0,0.0,0.0,0.0,0.0,0.0,0.0,0.0,0.0,0.0,1687.0687117073503
2018-07-21,0.134048,0.0,0.0,0.0,0.0,0.0,0.0,0.0,0.0,0.0,0.0,0.0,0.0,0.0,0.0,0.0,0.0,0.0,0.0,0.0,1632.1650832033158
2018-07-28,0.163399,0.0,0.0,0.0,0.0,0.0,0.0,0.0,0.0,0.0,0.0,0.0,0.0,0.0,0.0,0.0,0.0,0.0,0.0,0.0,1686.681458556582
2018-08-04,0.132979,0.0,0.0,0.0,0.0,0.0,0.0,0.0,0.0,0.0,0.0,0.0,0.0,0.0,0.0,0.0,0.0,0.0,0.0,0.0,0.0
2018-08-11,0.0,0.0,0.0,0.0,0.0,0.0,0.0,0.0,0.0,0.0,0.0,0.0,0.0,0.0,0.0,0.0,0.0,0.0,0.0,0.0,1027.5229918389516
2018-08-18,0.0,0.0,0.0,0.0,0.0,0.0,0.0,0.0,0.0,1283.056128226324,0.0,0.0,0.0,0.0,1168.7353671827163,0.0,0.0,0.0,0.0,0.0,0.0
2018-08-25,0.174216,0.0,0.0,0.0,0.0,0.0,0.0,0.0,0.0,1878.7308916024533,0.0,0.0,0.0,0.0,1055.6966127379335,0.0,0.0,0.0,0.0,0.0,0.0
2018-09-01,0.497512,0.0,0.0,0.0,0.0,0.0,0.0,0.0,0.0,0.0,0.0,0.0,0.0,0.0,0.0,0.0,1042.1467778209428,0.0,0.0,0.0,989.5151122582672
2018-09-08,0.30581,0.0,0.0,0.0,0.0,0.0,0.0,0.0,0.0,0.0,0.0,0.0,0.0,0.0,0.0,0.0,0.0,0.0,0.0,0.0,1820.033553306092
2018-09-15,0.0,0.0,0.0,977.7682823651148,0.0,1169.9227164924114,0.0,0.0,0.0,1510.9918212697507,0.0,0.0,0.0,0.0,0.0,0.0,2279.074709741426,0.0,0.0,0.0,1338.392073877009
2018-09-22,0.27027,0.0,0.0,0.0,0.0,0.0,0.0,0.0,0.0,1014.9703112046288,0.0,0.0,0.0,0.0,0.0,0.0,0.0,0.0,0.0,0.0,1697.1636523120965
2018-09-29,0.723764,0.0,0.0,0.0,1586.320250526717,1001.715947689348,0.0,0.0,0.0,0.0,0.0,0.0,0.0,0.0,0.0,0.0,1763.691738237344,0.0,0.0,0.0,1669.339944606943
2018-10-06,0.937866,0.0,0.0,0.0,0.0,0.0,0.0,0.0,0.0,0.0,0.0,0.0,0.0,0.0,0.0,1052.6757064417686,1513.176082914269,1593.1180432013873,1593.1180432013873,0.0,2041.706479408559
2018-10-13,1.32289,998.1017115972002,0.0,0.0,0.0,1499.5177499784563,0.0,0.0,0.0,1346.7890509746182,0.0,0.0,958.9367010239037,0.0,0.0,975.910939594414,1376.797707738367,0.0,0.0,0.0,2081.4356395262
2018-10-20,0.798019,0.0,0.0,0.0,1092.6785137911472,1998.431360850836,1190.094192639486,1190.094192639486,0.0,0.0,0.0,0.0,0.0,0.0,0.0,1267.6305364519274,0.0,0.0,0.0,0.0,1923.905475078619
2018-10-27,0.79758,0.0,0.0,0.0,0.0,1074.142262802074,0.0,0.0,0.0,0.0,0.0,0.0,0.0,0.0,0.0,1504.7197072005656,0.0,0.0,0.0,0.0,1538.6076637863307
2018-11-03,1.15875,1204.870042202557,0.0,0.0,1382.313556397298,1560.581073067302,0.0,0.0,0.0,0.0,0.0,0.0,1188.8323373885996,0.0,0.0,0.0,0.0,0.0,0.0,0.0,1623.6456892349688
2018-11-10,0.787861,0.0,0.0,0.0,1939.5757010196637,0.0,0.0,0.0,0.0,1480.2661219693682,0.0,0.0,0.0,0.0,0.0,0.0,906.1081253254272,0.0,0.0,0.0,2448.986830119202
2018-11-17,1.14135,0.0,0.0,0.0,0.0,0.0,0.0,0.0,0.0,0.0,0.0,0.0,0.0,0.0,0.0,1855.112575469448,2006.890662509728,0.0,0.0,0.0,1992.5301194177323
2018-11-24,0.646154,0.0,0.0,0.0,0.0,0.0,0.0,0.0,0.0,0.0,0.0,0.0,0.0,0.0,0.0,0.0,0.0,0.0,0.0,0.0,2581.0635736011054
2018-12-01,1.30201,0.0,0.0,0.0,0.0,0.0,0.0,0.0,0.0,0.0,0.0,0.0,0.0,0.0,0.0,0.0,0.0,0.0,0.0,0.0,2147.987179772972
2018-12-08,0.791184,0.0,0.0,0.0,0.0,0.0,0.0,0.0,0.0,0.0,0.0,0.0,0.0,0.0,0.0,1035.183908010888,1484.1460875331827,0.0,0.0,0.0,1291.6333003068455
2018-12-15,1.24834,0.0,0.0,0.0,0.0,0.0,0.0,0.0,0.0,0.0,0.0,1426.474784509037,0.0,0.0,1524.7022817794618,1100.7056966316034,0.0,0.0,0.0,0.0,1610.653136306615
2018-12-22,0.884481,0.0,0.0,1200.7469026876645,0.0,1441.730271091741,0.0,0.0,0.0,0.0,0.0,0.0,0.0,0.0,1718.152382495924,0.0,1114.9820679364425,0.0,0.0,0.0,1506.8862245694131
2018-12-29,2.69107,0.0,0.0,0.0,0.0,2031.7782279066007,0.0,0.0,0.0,0.0,0.0,0.0,0.0,0.0,1689.1356776799464,0.0,1646.2181310966537,0.0,0.0,0.0,1369.6716199989814
2019-01-05,0.70062,0.0,0.0,0.0,0.0,1157.172425484827,0.0,0.0,0.0,0.0,0.0,0.0,0.0,0.0,1059.8530069257747,0.0,1506.2115611801976,0.0,0.0,0.0,2378.629470031884
2019-01-12,1.50538,0.0,0.0,1107.210948106471,0.0,928.26443545056,0.0,0.0,0.0,0.0,0.0,0.0,0.0,1159.6469641597444,1138.7530995177867,0.0,1415.8630960491685,0.0,0.0,0.0,2740.4118382109145
2019-01-19,2.99332,1261.3893139079505,1025.7280564521027,1224.7864082564952,0.0,1323.6561246672363,0.0,0.0,0.0,0.0,0.0,0.0,0.0,0.0,1016.5954204068828,0.0,1546.1011710683042,0.0,0.0,1126.9027658153907,1566.8358106506082
2019-01-26,2.40694,1050.5498219553865,1515.358628854362,2032.526166390843,0.0,1376.5248114573687,0.0,0.0,0.0,978.8784425413246,0.0,0.0,0.0,0.0,1257.305393808326,0.0,1256.180557150896,0.0,0.0,0.0,3627.141517118325
2019-02-02,3.5545,2074.3544985251024,1710.4928365324474,1414.9218382246193,0.0,0.0,0.0,0.0,0.0,0.0,1181.078394638511,0.0,0.0,0.0,0.0,0.0,2955.730487942066,0.0,0.0,0.0,1854.881410082344
2019-02-09,3.11953,1356.1943746227644,909.3986221306448,2036.880321116555,0.0,1433.9510053751503,0.0,0.0,0.0,0.0,0.0,0.0,0.0,0.0,0.0,0.0,2477.094969554464,0.0,0.0,0.0,1823.1393888741504
2019-02-16,3.45506,1996.8292096703583,0.0,0.0,1716.8890698650096,1404.21856487655,0.0,0.0,0.0,0.0,0.0,0.0,0.0,0.0,1307.3982378823573,0.0,2026.9348846227176,0.0,0.0,0.0,1796.8309151283197
2019-02-23,4.85437,2731.5430924074426,2946.271726241888,2012.9549464157733,0.0,1615.5878962010052,0.0,0.0,0.0,1109.5136711606087,0.0,0.0,0.0,0.0,0.0,0.0,1764.283856499995,0.0,0.0,0.0,3242.966616989757
2019-03-02,4.86298,2047.730320140788,2707.619093449662,1740.2678697840909,0.0,2276.2382461610105,0.0,0.0,0.0,0.0,0.0,0.0,0.0,0.0,954.695931663791,1462.985706368904,1968.9218101844983,0.0,0.0,0.0,2048.83195419146
2019-03-09,4.52524,2652.904049775814,1953.4483983760945,1229.839411377474,0.0,1571.200047811359,0.0,0.0,0.0,0.0,0.0,0.0,0.0,0.0,1035.960591826965,0.0,2418.7356527983407,0.0,0.0,0.0,2016.563229756909
2019-03-16,3.37599,2219.988303838591,2074.157403233736,0.0,0.0,1130.076919541136,0.0,0.0,0.0,0.0,0.0,0.0,0.0,0.0,1179.7246220907205,0.0,1905.4759072072068,0.0,0.0,0.0,2821.876752520642
2019-03-23,2.78874,1109.2531200963876,1328.923377910575,947.4399099455046,0.0,1467.1276184537344,0.0,0.0,0.0,1066.0944977576903,0.0,0.0,0.0,0.0,0.0,0.0,2372.170659078926,0.0,0.0,0.0,2463.6941733694
2019-03-30,2.01018,0.0,1083.056330729899,971.4086925317256,0.0,0.0,0.0,0.0,0.0,1255.421254688309,0.0,1223.9826698453692,0.0,909.9926327777616,1282.3453789552689,0.0,1660.092028400222,0.0,0.0,0.0,2279.0291771544207
2019-04-06,2.42117,0.0,0.0,0.0,0.0,989.000702896342,0.0,0.0,0.0,0.0,0.0,0.0,1488.5998357284277,0.0,0.0,0.0,2075.3499327297814,0.0,0.0,0.0,1172.174363381252
2019-04-13,1.65066,2724.01388096593,0.0,0.0,0.0,0.0,0.0,0.0,0.0,0.0,0.0,0.0,0.0,0.0,0.0,0.0,2155.923210400007,0.0,0.0,0.0,2370.745594124852
2019-04-20,1.40389,0.0,0.0,0.0,0.0,0.0,0.0,0.0,0.0,0.0,0.0,0.0,0.0,0.0,0.0,0.0,1735.020606320477,0.0,0.0,0.0,1292.8208277297033
2019-04-27,0.997151,0.0,0.0,0.0,0.0,0.0,0.0,0.0,0.0,0.0,979.7324952815304,0.0,0.0,0.0,0.0,0.0,1173.4147290316482,0.0,0.0,0.0,0.0
2019-05-04,1.08095,0.0,0.0,0.0,0.0,0.0,0.0,0.0,0.0,0.0,0.0,0.0,0.0,0.0,1008.515551241638,0.0,2428.353662631628,0.0,0.0,0.0,1752.0490278853326
2019-05-11,0.718804,0.0,0.0,0.0,0.0,0.0,0.0,0.0,0.0,0.0,0.0,0.0,0.0,0.0,0.0,0.0,1104.2017725970888,0.0,0.0,0.0,2109.312090675008
2019-05-18,0.838518,0.0,0.0,0.0,0.0,0.0,0.0,0.0,0.0,0.0,0.0,0.0,0.0,0.0,0.0,0.0,1199.8515499764817,0.0,0.0,0.0,1779.5673019408764
2019-05-25,1.97568,0.0,0.0,0.0,0.0,0.0,0.0,0.0,0.0,0.0,0.0,0.0,0.0,0.0,0.0,0.0,1187.2361043706962,0.0,0.0,0.0,1891.9452564800224
2019-06-01,1.09403,0.0,0.0,0.0,0.0,1575.699760769423,0.0,0.0,0.0,0.0,0.0,0.0,0.0,0.0,0.0,0.0,0.0,0.0,0.0,0.0,2149.710763712954
2019-06-08,1.40274,0.0,0.0,0.0,0.0,0.0,0.0,0.0,0.0,0.0,0.0,0.0,0.0,0.0,0.0,0.0,1778.833113045544,0.0,0.0,0.0,1266.0645976882977
2019-06-15,0.363526,0.0,0.0,0.0,0.0,0.0,0.0,0.0,0.0,0.0,0.0,0.0,0.0,0.0,0.0,0.0,1245.8982371985448,0.0,0.0,0.0,1674.668249485941
2019-06-22,0.761267,0.0,0.0,0.0,0.0,1128.1629946526282,0.0,0.0,0.0,0.0,0.0,0.0,0.0,0.0,0.0,0.0,1060.6237651879885,0.0,0.0,0.0,0.0
2019-06-29,0.33043,0.0,0.0,0.0,0.0,0.0,0.0,0.0,0.0,0.0,0.0,0.0,0.0,0.0,0.0,0.0,0.0,0.0,0.0,0.0,1114.8340822984485
2019-07-06,0.442087,0.0,0.0,0.0,0.0,0.0,0.0,0.0,0.0,0.0,0.0,0.0,0.0,0.0,1152.2679250241476,0.0,0.0,0.0,0.0,0.0,0.0
2019-07-13,0.344234,0.0,0.0,0.0,1078.667453681707,1257.032833280655,0.0,0.0,0.0,977.0874215720106,0.0,0.0,0.0,0.0,0.0,0.0,0.0,0.0,0.0,0.0,1153.3174091732938
2019-07-20,0.215186,0.0,0.0,0.0,0.0,0.0,0.0,0.0,0.0,0.0,0.0,0.0,0.0,0.0,0.0,0.0,0.0,0.0,0.0,0.0,0.0
2019-07-27,0.3861,0.0,0.0,0.0,0.0,0.0,0.0,0.0,0.0,0.0,0.0,0.0,0.0,0.0,0.0,0.0,0.0,0.0,0.0,0.0,1527.4466758624224
2019-08-03,0.938541,0.0,0.0,0.0,0.0,0.0,0.0,0.0,0.0,0.0,0.0,0.0,0.0,1080.3156624615203,0.0,0.0,0.0,0.0,0.0,0.0,0.0
2019-08-10,0.912584,0.0,0.0,0.0,0.0,0.0,0.0,0.0,0.0,0.0,0.0,0.0,0.0,0.0,0.0,0.0,2170.3068742249234,0.0,0.0,0.0,0.0
2019-08-17,0.60957,0.0,0.0,0.0,0.0,0.0,0.0,0.0,0.0,0.0,0.0,0.0,0.0,0.0,0.0,0.0,1242.5613220856492,0.0,0.0,0.0,1129.397411167879
2019-08-24,0.714082,0.0,0.0,0.0,0.0,0.0,0.0,0.0,0.0,0.0,0.0,0.0,0.0,0.0,0.0,0.0,0.0,0.0,0.0,0.0,0.0
2019-08-31,0.504002,0.0,0.0,0.0,0.0,0.0,0.0,0.0,0.0,0.0,0.0,0.0,893.8662739740539,0.0,0.0,0.0,908.535003655922,0.0,0.0,0.0,1044.2731047233965
2019-09-07,0.863558,0.0,0.0,0.0,0.0,0.0,0.0,0.0,0.0,0.0,0.0,0.0,0.0,0.0,0.0,0.0,1373.9857840855982,0.0,0.0,0.0,1767.8517864034754
2019-09-14,0.910159,0.0,0.0,0.0,0.0,0.0,0.0,0.0,0.0,885.9647581697885,0.0,0.0,0.0,0.0,0.0,0.0,1366.6375803956355,0.0,0.0,0.0,868.6785569386469
2019-09-21,0.720877,0.0,0.0,0.0,0.0,0.0,0.0,0.0,0.0,1006.7647976370396,0.0,0.0,0.0,0.0,0.0,0.0,1773.0712173199438,0.0,0.0,0.0,1774.314764213235
2019-09-28,1.3467,0.0,0.0,0.0,0.0,1127.5603189368005,0.0,0.0,0.0,1148.843778389298,0.0,0.0,0.0,0.0,0.0,0.0,1882.18630152203,0.0,0.0,0.0,0.0
2019-10-05,0.920162,0.0,0.0,0.0,0.0,1318.9022367159566,0.0,0.0,0.0,0.0,0.0,0.0,0.0,0.0,0.0,0.0,1599.1557155739094,0.0,0.0,0.0,1641.2005537986151
2019-10-12,0.966184,0.0,0.0,0.0,0.0,1466.786887734792,0.0,0.0,0.0,1138.0883591423185,0.0,0.0,0.0,0.0,0.0,0.0,1603.0862223123331,0.0,0.0,0.0,1322.7374739060083
2019-10-19,1.2691,0.0,0.0,0.0,0.0,0.0,0.0,0.0,0.0,0.0,0.0,0.0,0.0,0.0,0.0,1213.3468628155797,1196.375147466914,0.0,0.0,0.0,3077.1875299925787
2019-10-26,1.11292,0.0,0.0,920.1858124434324,0.0,1485.9577453551103,0.0,0.0,0.0,0.0,0.0,0.0,0.0,0.0,0.0,0.0,2107.251581068848,0.0,0.0,0.0,2191.1046517545515
2019-11-02,1.26832,0.0,0.0,0.0,0.0,1228.793716831683,0.0,0.0,0.0,1137.0496306003192,0.0,0.0,0.0,0.0,0.0,0.0,1989.1554740412469,0.0,0.0,0.0,1010.5092694414064
2019-11-09,1.46671,1018.8569416042012,0.0,0.0,0.0,0.0,0.0,0.0,0.0,1507.1031486975303,0.0,0.0,0.0,0.0,0.0,0.0,2049.1811317240845,0.0,0.0,0.0,1460.6921035299465
2019-11-16,1.92653,0.0,0.0,0.0,0.0,895.0567205191206,0.0,0.0,0.0,1229.7007284292995,0.0,0.0,0.0,0.0,0.0,0.0,2018.5729766841027,0.0,0.0,0.0,2130.2842026572657
2019-11-23,1.89717,0.0,0.0,0.0,0.0,930.745289868668,0.0,0.0,0.0,1160.6216196725416,0.0,0.0,0.0,0.0,0.0,983.2804779186912,1728.075251794858,0.0,0.0,0.0,1611.1445673943065
2019-11-30,2.97824,0.0,0.0,0.0,0.0,0.0,0.0,0.0,0.0,0.0,0.0,0.0,0.0,0.0,0.0,991.390898318329,889.0850782216592,0.0,0.0,0.0,1760.3160673897032
2019-12-07,2.23377,0.0,0.0,0.0,0.0,1461.493270933106,0.0,0.0,0.0,0.0,0.0,0.0,0.0,0.0,0.0,0.0,0.0,0.0,0.0,0.0,2075.8550526479744
2019-12-14,3.84914,0.0,0.0,0.0,1209.581193645208,1844.378931982777,0.0,0.0,0.0,0.0,0.0,0.0,0.0,0.0,900.1636507438427,917.9832739780852,1116.397308059128,0.0,0.0,0.0,2151.9488569610903
2019-12-21,6.80272,1128.709876250592,1455.8460170137705,0.0,0.0,1633.4794613058432,0.0,0.0,0.0,1206.8914237222557,0.0,0.0,0.0,0.0,0.0,983.6562712588018,2200.51781099225,0.0,0.0,0.0,2309.159136893299
2019-12-28,8.46337,1490.3951993198827,1314.121889081703,1071.4500850704042,1655.5512028700118,2128.2360173314705,0.0,0.0,0.0,1902.5219668051104,0.0,0.0,0.0,0.0,1790.9030872950366,0.0,2337.2270366548432,0.0,0.0,0.0,0.0
2020-01-04,6.72823,0.0,0.0,1833.814587236125,0.0,1547.5521266291207,0.0,0.0,0.0,0.0,0.0,0.0,0.0,0.0,0.0,0.0,2181.232298312612,1209.8744001708808,1209.8744001708808,0.0,2747.701703833657
2020-01-11,5.01873,1528.904524954201,1492.976059816675,1498.8458888932428,0.0,1613.232535258925,0.0,0.0,0.0,1039.5327559009868,0.0,0.0,0.0,0.0,1125.7418986386197,0.0,2197.482435845478,0.0,0.0,0.0,2486.586773198261
2020-01-18,4.13445,1583.1918585194385,1300.6153592651788,1286.9825629633187,0.0,1902.01895235096,0.0,0.0,0.0,0.0,0.0,0.0,0.0,0.0,0.0,788.1635096141085,1787.0696256439269,0.0,0.0,0.0,2169.494024592834
2020-01-25,4.94641,1274.8266170314876,913.0395487682076,2091.877563042105,1359.9497097955782,1842.000250457092,1755.8290397733635,1755.8290397733635,0.0,897.0108532260771,970.8179796661732,0.0,0.0,0.0,0.0,842.9608360883005,3337.168713892453,0.0,0.0,0.0,2027.7991045875435
2020-02-01,4.27967,1743.015586478515,1736.8057652610462,1894.1904248844587,929.786316634777,2116.935197234939,0.0,0.0,0.0,0.0,0.0,0.0,0.0,0.0,1196.9731727229791,1148.9119983280868,1324.8375306680075,0.0,0.0,0.0,1401.9554091719674
2020-02-08,5.15701,1584.7413519489771,892.9109401674931,1565.776889570205,1427.151686561812,2416.101627254653,0.0,0.0,0.0,0.0,0.0,0.0,0.0,0.0,1669.1761709175844,889.9369922229971,2233.851794186599,0.0,0.0,0.0,0.0
2020-02-15,7.64453,1743.148975043682,1810.6040109084252,0.0,1203.4853986451783,2663.0353264017667,1160.6628197011048,1160.6628197011046,0.0,0.0,0.0,0.0,0.0,0.0,918.5555208035402,0.0,1621.351061419444,0.0,0.0,0.0,1941.3505490920527
2020-02-22,3.68876,2993.176308709627,2905.6036835560576,1757.3766769907993,1523.8309130925363,2444.848515019568,0.0,0.0,0.0,1093.4669130154386,0.0,0.0,0.0,0.0,0.0,0.0,2899.0239090293444,0.0,0.0,0.0,1670.6690164969273
2020-02-29,5.5198,2321.4512110396563,2775.854753249293,1626.423619146866,1132.1846371291283,3208.6028733522967,0.0,0.0,0.0,0.0,0.0,0.0,0.0,812.0089522887611,0.0,1372.0987907496965,1923.12499901831,0.0,0.0,0.0,1655.7590394509607
2020-03-07,4.33202,2360.4319745976354,2430.3936005019523,799.2888534539245,1348.3950935225296,4259.187002037552,1091.791220271119,1091.791220271119,0.0,1111.2279603682302,0.0,0.0,910.1178727258626,0.0,0.0,1889.4681861853355,2935.6479175603527,0.0,0.0,0.0,1921.985072817497
2020-03-14,5.69826,4376.41059621796,4135.659387597474,1438.8028425480093,2360.0774965613987,11067.618324503354,1036.563021979645,1036.5630219796449,824.4758024807369,1095.2854486979036,0.0,0.0,0.0,0.0,953.641380691038,2610.887020562909,3078.54135293267,0.0,0.0,0.0,2415.412403795153
2020-03-21,7.45987,2613.2809759096726,2703.8697247681243,1109.5018410940593,1971.3681591714092,5923.165151933283,0.0,0.0,0.0,0.0,0.0,0.0,781.5200458946492,0.0,0.0,1590.5805802672392,3483.7405349178066,0.0,0.0,0.0,2655.3965014016503
2020-03-28,5.2459,1257.280526345835,1099.5477001757192,832.1520850159344,993.6165805809994,4991.98404848398,0.0,0.0,0.0,1012.9297050785054,0.0,0.0,0.0,0.0,0.0,1641.394147597405,2797.770833008307,0.0,0.0,0.0,1733.1358384088317
2020-04-04,3.07606,0.0,0.0,0.0,816.371783575831,3825.464739257651,0.0,0.0,0.0,0.0,0.0,0.0,0.0,0.0,0.0,0.0,2048.5522624216005,0.0,0.0,0.0,2288.251754643745
2020-04-11,1.10906,0.0,0.0,0.0,0.0,4362.238422920346,0.0,0.0,0.0,1059.3768098054566,0.0,0.0,0.0,0.0,0.0,749.5879017742178,2011.95116410817,0.0,0.0,0.0,1331.0006496435424
2020-04-18,1.33268,0.0,0.0,0.0,0.0,2749.6478734802504,0.0,0.0,0.0,0.0,0.0,0.0,0.0,0.0,0.0,0.0,782.932587108778,0.0,0.0,0.0,751.3394912590975
2020-04-25,1.02724,0.0,0.0,0.0,0.0,2130.440014135167,0.0,0.0,0.0,0.0,0.0,0.0,0.0,0.0,0.0,890.3065370550761,1086.7471493978658,976.0048656028024,976.0048656028024,0.0,1004.3887876611064
2020-05-02,1.14638,0.0,0.0,0.0,0.0,2195.45809511519,0.0,0.0,0.0,729.7393091283693,0.0,0.0,0.0,0.0,0.0,0.0,1564.6000069173942,0.0,0.0,0.0,837.0975615970934
2020-05-09,0.864029,0.0,0.0,0.0,0.0,2526.541854572884,0.0,0.0,0.0,711.3507594386356,0.0,0.0,0.0,0.0,0.0,0.0,1014.7153149994052,0.0,0.0,0.0,831.7846933314137
2020-05-16,0.719424,0.0,0.0,0.0,0.0,1324.4739707678727,0.0,0.0,0.0,0.0,0.0,0.0,0.0,0.0,0.0,0.0,1355.4795967665525,0.0,0.0,0.0,1027.8705408689716
2020-05-23,0.276352,0.0,0.0,0.0,0.0,1473.2810792079997,0.0,0.0,0.0,0.0,0.0,0.0,0.0,0.0,0.0,0.0,0.0,0.0,0.0,0.0,1219.382873740428
2020-05-30,0.417616,0.0,0.0,0.0,0.0,871.233837166467,0.0,0.0,0.0,0.0,0.0,0.0,0.0,0.0,0.0,0.0,0.0,0.0,0.0,921.6831594538146,0.0
2020-06-06,0.786164,0.0,0.0,0.0,915.3133099324226,0.0,1033.6959227301013,1033.6959227301013,0.0,0.0,0.0,0.0,0.0,0.0,0.0,0.0,0.0,0.0,0.0,0.0,0.0
2020-06-13,0.332594,0.0,0.0,0.0,0.0,957.1773716891568,0.0,0.0,0.0,0.0,0.0,0.0,0.0,0.0,0.0,0.0,0.0,0.0,0.0,0.0,988.2891996291946
2020-06-20,0.604915,0.0,0.0,0.0,0.0,0.0,0.0,0.0,0.0,0.0,0.0,847.2560723800434,0.0,0.0,0.0,0.0,962.3011899351936,0.0,0.0,0.0,1288.480567878387
2020-06-27,0.442478,0.0,0.0,0.0,0.0,0.0,0.0,0.0,900.9889660171704,0.0,0.0,0.0,0.0,0.0,0.0,0.0,0.0,0.0,0.0,0.0,918.6535153435156
