date,Rhode Island,the flu,flu symptoms,how long flu,flu how long,symptoms of flu,influenza a,bronchitis,the flu symptoms,contagious flu,a influenza,rsv,flu cold,flu contagious,stomach flu,flu a,pneumonia,flu fever,fever flu,how long does flu last,sinus
2010-10-09,0.235036,0.0,0.0,0.0,0.0,0.0,0.0,0.0,0.0,0.0,0.0,0.0,0.0,0.0,0.0,0.0,0.0,0.0,0.0,0.0,0.0
2010-10-16,0.201545,0.0,0.0,0.0,0.0,0.0,0.0,0.0,0.0,0.0,0.0,0.0,0.0,0.0,0.0,2089.6852693378573,0.0,0.0,0.0,0.0,0.0
2010-10-23,0.362845,0.0,0.0,0.0,0.0,0.0,0.0,0.0,0.0,0.0,0.0,0.0,0.0,0.0,0.0,0.0,0.0,0.0,0.0,0.0,0.0
2010-10-30,0.322675,0.0,0.0,0.0,0.0,0.0,0.0,0.0,0.0,0.0,0.0,0.0,0.0,0.0,0.0,0.0,0.0,0.0,0.0,0.0,0.0
2010-11-06,0.530256,0.0,0.0,0.0,0.0,0.0,0.0,0.0,0.0,0.0,0.0,0.0,0.0,0.0,0.0,3010.0184383655983,0.0,0.0,0.0,0.0,0.0
2010-11-13,0.477403,0.0,0.0,0.0,0.0,0.0,0.0,0.0,0.0,0.0,0.0,0.0,0.0,0.0,0.0,2019.853263665248,0.0,0.0,0.0,0.0,2085.7532659210447
2010-11-20,0.504177,0.0,0.0,0.0,0.0,0.0,0.0,0.0,0.0,0.0,0.0,0.0,0.0,0.0,0.0,0.0,2363.2069597593268,0.0,0.0,0.0,1866.4450445058303
2010-11-27,0.67804,0.0,0.0,0.0,0.0,0.0,0.0,0.0,0.0,0.0,0.0,0.0,0.0,0.0,0.0,0.0,3022.144033062184,0.0,0.0,0.0,0.0
2010-12-04,0.765766,0.0,0.0,0.0,0.0,0.0,0.0,0.0,0.0,0.0,0.0,0.0,0.0,0.0,0.0,0.0,0.0,0.0,0.0,0.0,0.0
2010-12-11,0.635497,0.0,0.0,0.0,0.0,0.0,0.0,0.0,0.0,0.0,0.0,0.0,0.0,0.0,0.0,0.0,0.0,0.0,0.0,0.0,0.0
2010-12-18,0.468165,0.0,0.0,0.0,0.0,0.0,0.0,0.0,0.0,0.0,0.0,0.0,0.0,0.0,0.0,0.0,0.0,0.0,0.0,0.0,2347.7321191933493
2010-12-25,0.854701,0.0,0.0,0.0,0.0,0.0,0.0,0.0,0.0,0.0,0.0,0.0,0.0,0.0,0.0,0.0,0.0,0.0,0.0,0.0,0.0
2011-01-01,1.28881,2892.9946629960154,0.0,0.0,0.0,0.0,0.0,0.0,0.0,0.0,0.0,0.0,2654.3805172307952,0.0,0.0,0.0,0.0,0.0,0.0,0.0,0.0
2011-01-08,0.588452,0.0,0.0,0.0,0.0,0.0,0.0,0.0,0.0,0.0,0.0,0.0,0.0,0.0,1288.6285390790963,0.0,1532.1729546669906,0.0,0.0,0.0,1321.519121742744
2011-01-15,0.415937,0.0,0.0,0.0,0.0,0.0,0.0,1285.538972739239,0.0,0.0,0.0,0.0,0.0,0.0,0.0,0.0,0.0,0.0,0.0,0.0,2010.6108846924255
2011-01-22,0.502842,0.0,0.0,0.0,0.0,0.0,0.0,1578.921543663926,0.0,0.0,0.0,0.0,0.0,0.0,0.0,0.0,1456.138803910048,0.0,0.0,0.0,1414.6027121243935
2011-01-29,0.950899,0.0,0.0,0.0,0.0,0.0,0.0,0.0,0.0,0.0,0.0,0.0,0.0,0.0,0.0,0.0,0.0,0.0,0.0,0.0,1423.543262036352
2011-02-05,1.40503,0.0,0.0,0.0,0.0,0.0,0.0,0.0,0.0,0.0,0.0,0.0,0.0,0.0,0.0,0.0,1701.4467235975048,0.0,0.0,0.0,1349.4749029528605
2011-02-12,2.31654,0.0,0.0,0.0,0.0,0.0,0.0,0.0,0.0,0.0,0.0,0.0,0.0,0.0,0.0,0.0,1841.815215010943,0.0,0.0,0.0,0.0
2011-02-19,2.72609,1237.0419183937418,0.0,0.0,0.0,0.0,0.0,0.0,0.0,0.0,0.0,0.0,0.0,0.0,0.0,0.0,1421.1460990584876,0.0,0.0,0.0,1386.3637179196337
2011-02-26,4.95067,0.0,0.0,0.0,0.0,0.0,0.0,0.0,0.0,0.0,0.0,0.0,0.0,0.0,0.0,0.0,1161.118687327886,0.0,0.0,0.0,0.0
2011-03-05,2.48051,0.0,0.0,0.0,0.0,0.0,0.0,0.0,0.0,0.0,0.0,0.0,0.0,0.0,0.0,0.0,1202.8458908056032,0.0,0.0,0.0,1857.432510880756
2011-03-12,2.27168,0.0,0.0,0.0,0.0,0.0,0.0,0.0,0.0,0.0,0.0,0.0,0.0,0.0,0.0,0.0,1423.5340880485326,0.0,0.0,0.0,1348.7821361761564
2011-03-19,1.31332,0.0,0.0,0.0,0.0,0.0,0.0,0.0,0.0,0.0,1228.8440783592162,0.0,0.0,0.0,0.0,0.0,1368.9952384507694,0.0,0.0,0.0,0.0
2011-03-26,0.897505,0.0,0.0,0.0,0.0,0.0,0.0,0.0,0.0,0.0,0.0,0.0,0.0,0.0,0.0,0.0,1270.478888177388,0.0,0.0,0.0,1519.7650833544649
2011-04-02,0.906649,0.0,0.0,0.0,0.0,0.0,0.0,1174.7502145472008,0.0,0.0,0.0,0.0,0.0,0.0,0.0,0.0,1198.573792536021,0.0,0.0,0.0,1802.0007986027856
2011-04-09,0.701179,0.0,0.0,0.0,0.0,0.0,0.0,1520.973278056295,0.0,0.0,0.0,0.0,0.0,0.0,0.0,0.0,0.0,0.0,0.0,0.0,0.0
2011-04-16,0.529021,0.0,0.0,0.0,0.0,0.0,0.0,0.0,0.0,0.0,0.0,0.0,0.0,0.0,0.0,0.0,0.0,0.0,0.0,0.0,0.0
2011-04-23,0.464476,0.0,0.0,0.0,1596.501071453337,0.0,0.0,0.0,0.0,0.0,0.0,0.0,0.0,0.0,0.0,0.0,0.0,0.0,0.0,0.0,0.0
2011-04-30,0.71474,0.0,0.0,1208.24738736635,0.0,0.0,0.0,0.0,0.0,0.0,0.0,0.0,0.0,0.0,0.0,0.0,1523.5365015382176,0.0,0.0,0.0,0.0
2011-05-07,0.390747,0.0,0.0,0.0,0.0,0.0,0.0,0.0,0.0,0.0,0.0,0.0,0.0,0.0,0.0,0.0,0.0,0.0,0.0,0.0,1595.073111423476
2011-05-14,0.0499002,0.0,0.0,0.0,0.0,0.0,0.0,0.0,0.0,0.0,0.0,0.0,0.0,0.0,0.0,0.0,0.0,0.0,0.0,0.0,1146.61350748748
2011-05-21,0.019992,0.0,0.0,0.0,0.0,0.0,0.0,0.0,0.0,0.0,0.0,0.0,0.0,0.0,0.0,0.0,0.0,1221.6330167131166,1221.6330167131164,0.0,2137.7501527272334
2011-05-28,0.0237699,0.0,0.0,0.0,0.0,2382.246409394524,0.0,0.0,0.0,0.0,0.0,0.0,0.0,0.0,0.0,0.0,1559.152504826197,0.0,0.0,0.0,0.0
2011-06-04,0.030012,0.0,0.0,0.0,2049.307952757072,0.0,0.0,0.0,0.0,0.0,0.0,0.0,0.0,0.0,0.0,0.0,1457.0184501953038,0.0,0.0,0.0,0.0
2011-06-11,0.0243368,0.0,0.0,0.0,0.0,0.0,0.0,0.0,0.0,0.0,0.0,0.0,0.0,0.0,0.0,0.0,1308.5207103441685,0.0,0.0,0.0,0.0
2011-06-18,0.0242483,0.0,0.0,0.0,0.0,0.0,0.0,0.0,0.0,0.0,0.0,0.0,0.0,0.0,0.0,0.0,0.0,0.0,0.0,0.0,0.0
2011-06-25,0.0243132,0.0,0.0,0.0,0.0,0.0,0.0,0.0,0.0,0.0,0.0,0.0,0.0,0.0,0.0,0.0,0.0,0.0,0.0,0.0,2224.6382384378694
2011-07-02,0.0288517,0.0,0.0,0.0,0.0,0.0,0.0,0.0,0.0,0.0,0.0,0.0,0.0,0.0,0.0,0.0,0.0,0.0,0.0,0.0,0.0
2011-07-09,0.0639182,0.0,0.0,0.0,0.0,0.0,0.0,0.0,0.0,0.0,0.0,0.0,0.0,0.0,0.0,0.0,0.0,0.0,0.0,0.0,0.0
2011-07-16,0.0,0.0,0.0,0.0,0.0,0.0,0.0,0.0,0.0,0.0,0.0,0.0,0.0,0.0,0.0,0.0,0.0,0.0,0.0,0.0,1313.4617905230257
2011-07-23,0.0530504,0.0,0.0,0.0,0.0,0.0,0.0,0.0,0.0,0.0,0.0,0.0,0.0,0.0,0.0,0.0,0.0,0.0,0.0,0.0,0.0
2011-07-30,0.0,0.0,0.0,0.0,0.0,0.0,0.0,0.0,0.0,0.0,0.0,0.0,0.0,0.0,0.0,0.0,0.0,0.0,0.0,0.0,0.0
2011-08-06,0.0262261,0.0,0.0,0.0,0.0,0.0,0.0,0.0,0.0,0.0,0.0,0.0,0.0,0.0,0.0,0.0,0.0,0.0,0.0,0.0,0.0
2011-08-13,0.0,0.0,0.0,0.0,0.0,0.0,0.0,0.0,0.0,0.0,0.0,0.0,0.0,0.0,0.0,0.0,0.0,0.0,0.0,0.0,0.0
2011-08-20,0.0,0.0,0.0,0.0,0.0,0.0,0.0,0.0,0.0,0.0,0.0,0.0,0.0,0.0,0.0,0.0,0.0,0.0,0.0,0.0,0.0
2011-08-27,0.0,0.0,0.0,0.0,0.0,0.0,0.0,0.0,0.0,0.0,0.0,0.0,0.0,0.0,0.0,0.0,1642.11628919201,0.0,0.0,0.0,0.0
2011-09-03,0.101112,0.0,0.0,0.0,0.0,0.0,0.0,0.0,0.0,0.0,0.0,0.0,0.0,0.0,0.0,0.0,0.0,0.0,0.0,0.0,0.0
2011-09-10,0.0875465,0.0,0.0,0.0,1243.2909417855535,0.0,0.0,0.0,0.0,0.0,0.0,0.0,0.0,0.0,0.0,0.0,0.0,0.0,0.0,0.0,0.0
2011-09-17,0.0691324,0.0,0.0,0.0,0.0,0.0,0.0,0.0,0.0,0.0,0.0,0.0,0.0,0.0,0.0,0.0,0.0,0.0,0.0,0.0,1521.3909719351548
2011-09-24,0.10915,0.0,0.0,0.0,0.0,0.0,0.0,0.0,0.0,0.0,0.0,0.0,0.0,0.0,0.0,0.0,0.0,0.0,0.0,0.0,1537.5748474856362
2011-10-01,0.199601,0.0,0.0,0.0,0.0,0.0,0.0,0.0,0.0,0.0,0.0,0.0,0.0,0.0,0.0,0.0,1698.8901447732496,0.0,0.0,0.0,1111.796246276056
2011-10-08,0.169309,1169.4893157059344,0.0,0.0,0.0,0.0,0.0,0.0,0.0,0.0,0.0,0.0,0.0,0.0,0.0,0.0,0.0,0.0,0.0,0.0,1845.6503938861424
2011-10-15,0.10597,0.0,0.0,0.0,0.0,1166.6008483642977,0.0,0.0,0.0,0.0,0.0,0.0,0.0,0.0,0.0,0.0,1535.2004912138264,0.0,0.0,0.0,1148.3672186049964
2011-10-22,0.241619,0.0,0.0,0.0,0.0,0.0,0.0,0.0,0.0,0.0,0.0,0.0,0.0,0.0,0.0,0.0,1172.908063221043,0.0,0.0,0.0,1537.5015272109297
2011-10-29,0.25887,0.0,0.0,0.0,0.0,0.0,0.0,0.0,0.0,0.0,0.0,0.0,0.0,0.0,0.0,0.0,1227.7415999316215,0.0,0.0,0.0,1201.7837689648832
2011-11-05,0.384672,0.0,0.0,0.0,0.0,0.0,0.0,0.0,0.0,0.0,0.0,0.0,0.0,0.0,0.0,0.0,0.0,0.0,0.0,0.0,1611.7833839401994
2011-11-12,0.606157,0.0,0.0,0.0,0.0,0.0,0.0,1348.5616897900452,0.0,0.0,1247.331363192618,0.0,0.0,0.0,0.0,0.0,0.0,0.0,0.0,0.0,0.0
2011-11-19,0.258324,0.0,0.0,0.0,0.0,0.0,0.0,0.0,0.0,0.0,0.0,0.0,0.0,0.0,0.0,1029.302650845785,1159.87390896406,0.0,0.0,0.0,1710.3629262911656
2011-11-26,0.132743,0.0,0.0,0.0,0.0,0.0,0.0,0.0,0.0,0.0,0.0,0.0,0.0,0.0,0.0,0.0,1305.6548177257891,0.0,0.0,0.0,0.0
2011-12-03,0.469217,0.0,0.0,0.0,0.0,0.0,0.0,0.0,0.0,1221.6106472003771,0.0,0.0,0.0,1221.6106472003771,0.0,0.0,2725.248341817829,0.0,0.0,0.0,1510.724492416038
2011-12-10,0.223914,0.0,0.0,0.0,0.0,0.0,0.0,0.0,0.0,0.0,0.0,0.0,0.0,0.0,0.0,0.0,0.0,0.0,0.0,0.0,0.0
2011-12-17,0.345397,0.0,0.0,0.0,0.0,0.0,0.0,0.0,0.0,0.0,0.0,0.0,0.0,0.0,0.0,0.0,0.0,0.0,0.0,0.0,0.0
2011-12-24,0.34214,0.0,0.0,0.0,0.0,0.0,0.0,0.0,0.0,0.0,0.0,0.0,0.0,0.0,0.0,0.0,2334.2481862880345,0.0,0.0,0.0,1382.089005492256
2011-12-31,0.224575,1894.883689558076,0.0,0.0,0.0,0.0,0.0,0.0,0.0,0.0,0.0,0.0,0.0,0.0,0.0,0.0,1324.0811233120526,0.0,0.0,0.0,1929.818667668425
2012-01-07,0.157127,0.0,0.0,0.0,0.0,0.0,0.0,0.0,0.0,0.0,0.0,0.0,0.0,0.0,0.0,0.0,3046.307939642562,0.0,0.0,0.0,2108.6257648914216
2012-01-14,0.0913075,0.0,1088.8391828991453,0.0,0.0,0.0,0.0,1793.1190138084369,0.0,0.0,0.0,0.0,1398.6775329072746,0.0,0.0,0.0,0.0,0.0,0.0,0.0,1039.0535554730166
2012-01-21,0.182002,0.0,0.0,0.0,0.0,0.0,0.0,0.0,0.0,0.0,0.0,0.0,0.0,0.0,0.0,0.0,1034.5734580184758,0.0,0.0,0.0,1205.1824533428864
2012-01-28,0.275482,1194.9477478730007,1123.282524536202,0.0,0.0,0.0,0.0,0.0,0.0,0.0,0.0,0.0,0.0,0.0,0.0,0.0,1326.2673984455598,0.0,0.0,0.0,1232.666076093015
2012-02-04,0.295421,0.0,0.0,0.0,0.0,0.0,0.0,0.0,0.0,0.0,0.0,0.0,0.0,0.0,1003.2243294195472,0.0,0.0,0.0,0.0,1136.0113085573812,1526.6279957247637
2012-02-11,0.34155,0.0,0.0,0.0,0.0,0.0,0.0,0.0,1267.044879546318,0.0,0.0,0.0,0.0,0.0,0.0,0.0,1587.2880149704067,0.0,0.0,0.0,0.0
2012-02-18,0.183542,0.0,0.0,0.0,0.0,0.0,0.0,0.0,0.0,0.0,0.0,0.0,0.0,0.0,0.0,0.0,1487.729061678567,0.0,0.0,0.0,1172.728558779141
2012-02-25,0.250761,0.0,0.0,0.0,0.0,0.0,0.0,0.0,0.0,0.0,0.0,0.0,0.0,0.0,0.0,0.0,1387.222169969064,0.0,0.0,0.0,1891.0014821031275
2012-03-03,0.275356,0.0,0.0,0.0,0.0,0.0,0.0,0.0,0.0,0.0,0.0,0.0,0.0,0.0,0.0,0.0,1116.3620757441695,0.0,0.0,0.0,1607.6207304505012
2012-03-10,0.164123,0.0,0.0,0.0,0.0,0.0,0.0,0.0,0.0,0.0,0.0,0.0,0.0,0.0,1322.4558349594213,0.0,0.0,0.0,0.0,0.0,1440.2505676002916
2012-03-17,0.140393,0.0,0.0,0.0,0.0,0.0,0.0,0.0,0.0,0.0,0.0,0.0,0.0,0.0,0.0,0.0,1141.1653320193984,0.0,0.0,0.0,1883.216318337728
2012-03-24,0.245018,0.0,0.0,0.0,0.0,0.0,0.0,0.0,0.0,0.0,0.0,0.0,0.0,0.0,0.0,0.0,1236.7315948063656,0.0,0.0,0.0,0.0
2012-03-31,0.428816,0.0,0.0,0.0,0.0,0.0,0.0,0.0,0.0,0.0,0.0,0.0,0.0,0.0,0.0,0.0,1166.5158814852905,0.0,0.0,0.0,0.0
2012-04-07,0.466356,0.0,0.0,0.0,0.0,0.0,0.0,0.0,0.0,0.0,0.0,0.0,0.0,0.0,0.0,0.0,1037.462044884337,0.0,0.0,0.0,0.0
2012-04-14,0.654889,0.0,0.0,0.0,0.0,0.0,0.0,0.0,0.0,0.0,0.0,0.0,0.0,0.0,0.0,0.0,0.0,0.0,0.0,0.0,1398.03538394778
2012-04-21,0.379816,0.0,0.0,0.0,0.0,0.0,0.0,0.0,0.0,0.0,0.0,0.0,0.0,0.0,0.0,0.0,1189.1397527485003,0.0,0.0,0.0,0.0
2012-04-28,0.156764,0.0,0.0,0.0,0.0,0.0,1221.5435528938233,1101.2803156026384,0.0,0.0,0.0,0.0,0.0,0.0,0.0,0.0,0.0,0.0,0.0,0.0,1713.975191417043
2012-05-05,0.247219,1139.1692122622371,0.0,0.0,0.0,0.0,0.0,0.0,0.0,0.0,0.0,0.0,0.0,0.0,0.0,0.0,0.0,0.0,0.0,0.0,1976.262408557634
2012-05-12,0.232404,0.0,0.0,0.0,0.0,0.0,0.0,0.0,0.0,0.0,0.0,0.0,0.0,0.0,0.0,0.0,1085.813163522983,0.0,0.0,0.0,2001.182186864167
2012-05-19,0.110803,0.0,0.0,0.0,0.0,0.0,0.0,0.0,0.0,0.0,0.0,0.0,0.0,0.0,0.0,0.0,1743.6043094029976,0.0,0.0,0.0,1061.3994359110136
2012-05-26,0.119,0.0,0.0,0.0,0.0,0.0,0.0,0.0,0.0,0.0,0.0,0.0,0.0,0.0,0.0,0.0,0.0,0.0,0.0,0.0,1099.4076060257414
2012-06-02,0.0530363,0.0,0.0,0.0,0.0,0.0,0.0,0.0,0.0,0.0,1543.4347347137807,0.0,0.0,0.0,0.0,0.0,1267.483683173559,0.0,0.0,0.0,0.0
2012-06-09,0.0221533,0.0,0.0,0.0,0.0,0.0,0.0,0.0,0.0,0.0,0.0,0.0,0.0,0.0,0.0,0.0,0.0,0.0,0.0,0.0,1443.5595712644267
2012-06-16,0.0684307,0.0,0.0,0.0,0.0,0.0,0.0,0.0,0.0,0.0,0.0,0.0,0.0,0.0,0.0,0.0,0.0,0.0,0.0,0.0,1057.9032928260017
2012-06-23,0.0233481,0.0,0.0,0.0,0.0,0.0,0.0,0.0,0.0,0.0,0.0,0.0,0.0,0.0,0.0,0.0,0.0,0.0,0.0,0.0,0.0
2012-06-30,0.0263227,0.0,0.0,0.0,0.0,0.0,0.0,0.0,0.0,0.0,0.0,0.0,0.0,0.0,0.0,0.0,0.0,0.0,0.0,0.0,1934.293342251952
2012-07-07,0.0,0.0,0.0,0.0,0.0,0.0,0.0,0.0,0.0,0.0,0.0,0.0,0.0,0.0,0.0,0.0,0.0,0.0,0.0,0.0,0.0
2012-07-14,0.0,0.0,0.0,0.0,0.0,0.0,0.0,0.0,0.0,0.0,0.0,0.0,0.0,0.0,0.0,0.0,0.0,0.0,0.0,0.0,0.0
2012-07-21,0.0,0.0,0.0,0.0,0.0,0.0,0.0,0.0,0.0,0.0,0.0,0.0,0.0,0.0,0.0,0.0,1202.1683463119189,0.0,0.0,0.0,1212.067817114766
2012-07-28,0.0,0.0,0.0,0.0,0.0,0.0,0.0,0.0,0.0,0.0,0.0,0.0,0.0,0.0,0.0,0.0,1008.95485476354,0.0,0.0,0.0,0.0
2012-08-04,0.0,0.0,0.0,0.0,0.0,0.0,0.0,0.0,0.0,0.0,0.0,0.0,0.0,0.0,0.0,0.0,0.0,0.0,0.0,0.0,0.0
2012-08-11,0.0,0.0,0.0,0.0,0.0,0.0,0.0,0.0,0.0,0.0,0.0,0.0,0.0,0.0,0.0,0.0,0.0,0.0,0.0,0.0,1247.3713866997398
2012-08-18,0.0257136,0.0,0.0,0.0,0.0,0.0,0.0,0.0,0.0,0.0,0.0,0.0,1065.591062989398,0.0,0.0,0.0,0.0,0.0,0.0,0.0,1055.430333057669
2012-08-25,0.0,0.0,0.0,0.0,0.0,0.0,0.0,0.0,0.0,0.0,0.0,0.0,0.0,0.0,0.0,0.0,0.0,0.0,0.0,0.0,0.0
2012-09-01,0.0,0.0,0.0,0.0,0.0,0.0,0.0,0.0,0.0,0.0,0.0,0.0,0.0,0.0,0.0,0.0,1339.3729928306889,0.0,0.0,0.0,1017.868165631125
2012-09-08,0.0417885,0.0,0.0,0.0,0.0,0.0,0.0,0.0,0.0,0.0,0.0,0.0,0.0,0.0,0.0,0.0,0.0,0.0,0.0,0.0,0.0
2012-09-15,0.115473,0.0,978.9957904070444,0.0,2073.945425424355,0.0,0.0,0.0,0.0,0.0,0.0,0.0,0.0,0.0,0.0,0.0,981.4279181063216,0.0,0.0,0.0,0.0
2012-09-22,0.0651148,1419.0890177687277,0.0,0.0,0.0,0.0,0.0,1499.2927122301128,905.1723344993334,0.0,0.0,0.0,0.0,0.0,0.0,0.0,1044.0904321123355,0.0,0.0,0.0,2076.305825173632
2012-09-29,0.153421,0.0,0.0,0.0,0.0,0.0,0.0,0.0,0.0,0.0,0.0,0.0,0.0,0.0,0.0,0.0,1611.608480899395,0.0,0.0,0.0,0.0
2012-10-06,0.199203,0.0,0.0,0.0,0.0,0.0,0.0,0.0,0.0,0.0,0.0,0.0,0.0,0.0,0.0,0.0,1439.7447754161783,0.0,0.0,0.0,1877.296261898915
2012-10-13,0.163339,978.31242067649,0.0,0.0,0.0,0.0,0.0,0.0,0.0,0.0,0.0,0.0,0.0,0.0,0.0,0.0,1473.9282244500355,0.0,0.0,0.0,1895.4211581030288
2012-10-20,0.273185,0.0,0.0,0.0,0.0,0.0,0.0,0.0,0.0,1144.213636044642,0.0,0.0,0.0,1144.2136360446425,0.0,0.0,0.0,0.0,0.0,0.0,1017.4353420959416
2012-10-27,0.388408,929.6389429270382,0.0,0.0,0.0,0.0,0.0,937.6918087493508,0.0,0.0,0.0,0.0,0.0,0.0,0.0,0.0,1423.9705039300436,0.0,0.0,0.0,1614.3316974679524
2012-11-03,0.1693,0.0,0.0,0.0,0.0,0.0,0.0,0.0,0.0,0.0,0.0,0.0,0.0,0.0,0.0,0.0,1037.5163383565173,907.1579742723646,907.1579742723644,0.0,0.0
2012-11-10,0.195754,0.0,0.0,0.0,0.0,0.0,0.0,0.0,0.0,0.0,0.0,0.0,0.0,0.0,0.0,0.0,984.8332487124532,0.0,0.0,0.0,0.0
2012-11-17,0.158914,0.0,0.0,0.0,0.0,0.0,0.0,0.0,0.0,0.0,0.0,0.0,0.0,0.0,0.0,0.0,1349.2715035362903,0.0,0.0,0.0,0.0
2012-11-24,0.31348,0.0,1282.6463734470265,0.0,0.0,0.0,0.0,0.0,0.0,0.0,0.0,0.0,0.0,0.0,0.0,0.0,0.0,0.0,0.0,0.0,1116.332473407434
2012-12-01,0.424328,0.0,0.0,0.0,0.0,0.0,0.0,0.0,0.0,0.0,0.0,0.0,0.0,0.0,0.0,0.0,0.0,0.0,0.0,0.0,851.069056100725
2012-12-08,1.1959,0.0,0.0,0.0,0.0,0.0,0.0,1080.6411224169124,0.0,0.0,0.0,0.0,0.0,0.0,0.0,0.0,1477.2622723351124,0.0,0.0,0.0,1146.8622603590168
2012-12-15,2.23984,1556.436949619898,1584.9689162058642,0.0,0.0,0.0,0.0,0.0,0.0,0.0,0.0,0.0,1068.4337422440676,0.0,0.0,923.6933239964164,0.0,0.0,0.0,0.0,1786.5877050915992
2012-12-22,2.72449,0.0,1349.0532601095922,0.0,0.0,0.0,0.0,0.0,0.0,0.0,0.0,0.0,0.0,0.0,0.0,0.0,1843.9745574423623,0.0,0.0,0.0,1394.2622653352994
2012-12-29,4.01822,2641.6092241750875,0.0,0.0,0.0,0.0,0.0,1571.7413116522996,0.0,0.0,0.0,0.0,0.0,0.0,0.0,0.0,3641.8711803421816,0.0,0.0,0.0,3210.244749898889
2013-01-05,3.00717,2690.2815145659024,1204.4154194582325,0.0,0.0,1058.0644655773044,0.0,0.0,0.0,1241.4833862986793,0.0,0.0,0.0,1241.4833862986793,0.0,0.0,1896.6043126823783,1558.58352354003,1558.58352354003,0.0,2394.9607792985425
2013-01-12,3.40512,3856.99434106256,5120.621839842122,1493.1868507610686,0.0,1654.2645874350335,0.0,1215.6865337100542,0.0,0.0,0.0,0.0,0.0,0.0,0.0,2954.2352443958816,1535.795327349812,0.0,0.0,0.0,1653.5900118316754
2013-01-19,2.82409,3169.918672180467,3860.6215763910327,0.0,0.0,0.0,0.0,971.8793269805744,0.0,0.0,0.0,0.0,0.0,0.0,0.0,1291.4484507483023,1940.1576632536744,0.0,0.0,0.0,1584.2328888961356
2013-01-26,1.49655,2295.812411559473,1675.5914689966528,0.0,879.5427780693005,0.0,0.0,0.0,0.0,0.0,0.0,0.0,0.0,0.0,0.0,0.0,1606.6986055129764,0.0,0.0,0.0,1476.718409903443
2013-02-02,1.70721,1120.1600316320048,949.8659640463568,0.0,1022.8765007307904,0.0,0.0,1172.9201510541063,0.0,0.0,0.0,991.9950051330868,0.0,0.0,0.0,0.0,0.0,0.0,0.0,0.0,1627.3766770002828
2013-02-09,0.914897,0.0,909.8453013376084,0.0,0.0,0.0,0.0,0.0,0.0,0.0,0.0,0.0,0.0,0.0,0.0,0.0,0.0,0.0,0.0,0.0,1788.791536220123
2013-02-16,0.770366,860.2611636834009,1124.8382144452496,0.0,0.0,0.0,0.0,0.0,0.0,0.0,0.0,0.0,0.0,0.0,0.0,0.0,1084.2621992011236,0.0,0.0,0.0,1560.214243396668
2013-02-23,0.590364,0.0,0.0,0.0,0.0,0.0,0.0,874.5557177892077,0.0,0.0,0.0,0.0,0.0,0.0,0.0,0.0,0.0,0.0,0.0,0.0,1490.773204392841
2013-03-02,0.375646,0.0,0.0,0.0,0.0,0.0,0.0,0.0,0.0,0.0,0.0,0.0,0.0,0.0,0.0,0.0,1289.513136972656,0.0,0.0,0.0,1044.237378634478
2013-03-09,0.449944,0.0,0.0,0.0,0.0,0.0,0.0,0.0,0.0,0.0,0.0,808.3345725583198,0.0,0.0,0.0,0.0,0.0,0.0,0.0,0.0,1228.911962500966
2013-03-16,0.779912,0.0,0.0,0.0,0.0,0.0,0.0,867.6063103072744,0.0,0.0,0.0,0.0,0.0,0.0,0.0,0.0,1277.9764045962709,0.0,0.0,0.0,1426.1492374239008
2013-03-23,0.374298,0.0,0.0,0.0,0.0,0.0,0.0,0.0,0.0,0.0,0.0,0.0,0.0,0.0,0.0,0.0,0.0,859.2626271981169,859.2626271981168,0.0,1165.0933570507789
2013-03-30,0.633453,0.0,0.0,0.0,0.0,0.0,0.0,0.0,0.0,0.0,0.0,0.0,0.0,0.0,0.0,0.0,855.1885390064348,0.0,0.0,0.0,2167.358780709325
2013-04-06,0.497804,0.0,0.0,0.0,0.0,0.0,0.0,1083.5345177772722,0.0,0.0,0.0,0.0,0.0,0.0,0.0,0.0,0.0,0.0,0.0,0.0,1667.5412607366757
2013-04-13,0.53143,0.0,0.0,0.0,0.0,0.0,0.0,834.1255718807619,0.0,0.0,0.0,841.2932697544035,0.0,0.0,0.0,0.0,941.0613331184094,0.0,0.0,0.0,2064.767180135126
2013-04-20,0.478627,0.0,0.0,0.0,0.0,0.0,0.0,0.0,0.0,0.0,0.0,0.0,0.0,0.0,0.0,0.0,1201.731604273905,0.0,0.0,0.0,1624.0503888047704
2013-04-27,0.414013,1136.2972580839132,0.0,0.0,2192.931261905447,0.0,0.0,0.0,0.0,0.0,0.0,0.0,0.0,0.0,0.0,0.0,0.0,0.0,0.0,0.0,0.0
2013-05-04,0.26575,989.693379971034,0.0,0.0,0.0,0.0,0.0,0.0,0.0,0.0,0.0,0.0,0.0,0.0,0.0,0.0,1141.5720751683486,0.0,0.0,0.0,1395.116111142831
2013-05-11,0.243467,0.0,0.0,0.0,0.0,0.0,0.0,0.0,0.0,0.0,0.0,0.0,0.0,0.0,0.0,0.0,0.0,0.0,0.0,0.0,0.0
2013-05-18,0.0,0.0,0.0,0.0,0.0,0.0,0.0,0.0,0.0,0.0,0.0,0.0,0.0,0.0,0.0,0.0,0.0,0.0,0.0,0.0,1222.6523941471526
2013-05-25,0.0,0.0,0.0,0.0,0.0,0.0,0.0,0.0,0.0,0.0,0.0,0.0,0.0,0.0,0.0,0.0,0.0,0.0,0.0,0.0,0.0
2013-06-01,0.0,0.0,0.0,0.0,0.0,0.0,0.0,0.0,0.0,0.0,0.0,0.0,0.0,0.0,0.0,0.0,0.0,0.0,0.0,0.0,1749.7287715632303
2013-06-08,0.0,0.0,0.0,0.0,0.0,0.0,0.0,0.0,0.0,0.0,0.0,0.0,0.0,0.0,0.0,0.0,941.5180092798888,0.0,0.0,0.0,2089.666797078997
2013-06-15,0.0243605,0.0,0.0,0.0,0.0,0.0,0.0,0.0,0.0,0.0,0.0,0.0,0.0,0.0,0.0,0.0,0.0,0.0,0.0,0.0,968.1050012370196
2013-06-22,0.0271961,0.0,0.0,0.0,0.0,0.0,0.0,0.0,0.0,0.0,0.0,0.0,0.0,0.0,0.0,0.0,0.0,0.0,0.0,0.0,1151.7855507632876
2013-06-29,0.0,0.0,0.0,0.0,0.0,0.0,0.0,0.0,0.0,0.0,0.0,0.0,0.0,0.0,0.0,0.0,0.0,0.0,0.0,0.0,1323.6394019715676
2013-07-06,0.0,0.0,0.0,0.0,0.0,0.0,0.0,0.0,0.0,0.0,0.0,0.0,0.0,0.0,0.0,0.0,958.7884362235905,0.0,0.0,0.0,0.0
2013-07-13,0.0478126,2439.633754476012,858.6703208045033,0.0,0.0,0.0,0.0,0.0,0.0,0.0,0.0,0.0,0.0,0.0,0.0,950.0026729823836,0.0,0.0,0.0,0.0,0.0
2013-07-20,0.0,0.0,0.0,0.0,0.0,0.0,0.0,0.0,0.0,0.0,0.0,0.0,0.0,0.0,0.0,0.0,0.0,0.0,0.0,0.0,0.0
2013-07-27,0.0,0.0,0.0,0.0,0.0,0.0,0.0,0.0,0.0,0.0,0.0,0.0,0.0,0.0,0.0,0.0,0.0,0.0,0.0,0.0,0.0
2013-08-03,0.0,0.0,0.0,0.0,0.0,1572.5982413995116,0.0,0.0,0.0,0.0,0.0,0.0,0.0,0.0,0.0,0.0,0.0,0.0,0.0,0.0,0.0
2013-08-10,0.0,890.5185367222892,0.0,0.0,0.0,0.0,0.0,0.0,0.0,0.0,0.0,0.0,0.0,0.0,0.0,0.0,0.0,0.0,0.0,0.0,1113.1962164849558
2013-08-17,0.0,0.0,0.0,0.0,0.0,0.0,0.0,0.0,0.0,0.0,0.0,0.0,0.0,0.0,0.0,0.0,0.0,0.0,0.0,0.0,0.0
2013-08-24,0.0,0.0,0.0,0.0,0.0,0.0,0.0,0.0,0.0,0.0,0.0,0.0,0.0,0.0,0.0,0.0,1548.1626060378655,0.0,0.0,0.0,0.0
2013-08-31,0.0,0.0,0.0,0.0,0.0,0.0,0.0,0.0,0.0,0.0,0.0,0.0,0.0,0.0,0.0,0.0,0.0,0.0,0.0,0.0,975.509402040847
2013-09-07,0.0466418,0.0,0.0,0.0,0.0,0.0,0.0,0.0,0.0,0.0,0.0,0.0,0.0,0.0,0.0,0.0,929.5858003222422,0.0,0.0,0.0,1633.9360769710524
2013-09-14,0.0850051,0.0,0.0,0.0,0.0,0.0,0.0,0.0,0.0,0.0,0.0,0.0,0.0,0.0,0.0,0.0,0.0,0.0,0.0,0.0,1700.3581763204782
2013-09-21,0.0653061,0.0,0.0,0.0,0.0,0.0,0.0,0.0,0.0,0.0,0.0,0.0,0.0,0.0,0.0,0.0,0.0,0.0,0.0,0.0,2631.979609473596
2013-09-28,0.0317712,0.0,0.0,0.0,0.0,0.0,0.0,0.0,0.0,0.0,0.0,0.0,0.0,0.0,0.0,0.0,0.0,0.0,0.0,0.0,1121.5241696872615
2013-10-05,0.0931677,0.0,0.0,0.0,0.0,0.0,778.8386473455928,0.0,0.0,0.0,0.0,0.0,0.0,0.0,0.0,0.0,0.0,0.0,0.0,0.0,1452.3105348222005
2013-10-12,0.118143,0.0,0.0,0.0,0.0,0.0,0.0,0.0,0.0,0.0,0.0,0.0,0.0,0.0,0.0,840.1202298131517,0.0,1008.1801679399124,1008.1801679399122,0.0,1139.665150335714
2013-10-19,0.10915,0.0,0.0,0.0,0.0,0.0,0.0,891.746129200608,0.0,0.0,0.0,0.0,0.0,0.0,0.0,810.6108455851944,0.0,0.0,0.0,0.0,983.2451932313456
2013-10-26,0.178227,0.0,0.0,0.0,0.0,0.0,0.0,1158.881494918023,0.0,0.0,0.0,0.0,0.0,0.0,0.0,983.7841734636244,0.0,0.0,0.0,0.0,1255.4692441873794
2013-11-02,0.337942,0.0,0.0,0.0,0.0,0.0,0.0,0.0,0.0,0.0,0.0,0.0,0.0,0.0,0.0,0.0,1134.0763590014417,0.0,0.0,0.0,1409.9086775157082
2013-11-09,0.152486,0.0,0.0,0.0,0.0,0.0,0.0,0.0,0.0,0.0,0.0,0.0,0.0,0.0,0.0,0.0,1153.2184102595315,0.0,0.0,0.0,0.0
2013-11-16,0.111803,0.0,0.0,0.0,0.0,0.0,0.0,0.0,0.0,0.0,0.0,0.0,0.0,0.0,0.0,0.0,0.0,0.0,0.0,0.0,1245.8862386630344
2013-11-23,0.266469,1232.6497007742028,0.0,0.0,0.0,0.0,0.0,0.0,0.0,0.0,0.0,0.0,0.0,0.0,0.0,0.0,1348.561055913082,0.0,0.0,0.0,1035.907425119537
2013-11-30,0.238493,0.0,0.0,0.0,0.0,0.0,0.0,0.0,0.0,1289.308629130205,0.0,903.1495065641614,0.0,1289.308629130205,0.0,0.0,0.0,0.0,0.0,0.0,1689.8926511369498
2013-12-07,0.348819,0.0,0.0,0.0,0.0,0.0,0.0,0.0,0.0,0.0,0.0,0.0,0.0,0.0,0.0,0.0,910.3952633456928,0.0,0.0,0.0,1246.2701749655637
2013-12-14,0.228833,0.0,0.0,0.0,0.0,0.0,0.0,0.0,0.0,0.0,0.0,0.0,0.0,0.0,0.0,0.0,0.0,0.0,0.0,0.0,717.5977354197397
2013-12-21,0.176678,0.0,0.0,0.0,0.0,0.0,0.0,0.0,0.0,0.0,0.0,0.0,0.0,0.0,0.0,0.0,0.0,0.0,0.0,0.0,1009.437481365502
2013-12-28,0.41841,0.0,0.0,0.0,0.0,0.0,0.0,0.0,0.0,0.0,0.0,0.0,0.0,0.0,967.472544847716,0.0,0.0,0.0,0.0,0.0,0.0
2014-01-04,0.77415,1222.4733467860326,1574.3873912023378,796.5838423966512,0.0,0.0,1509.411062263442,0.0,0.0,0.0,0.0,0.0,0.0,0.0,0.0,0.0,935.4930562494508,0.0,0.0,0.0,1230.6309210989718
2014-01-11,1.10585,1409.586064848848,2056.884542666673,0.0,0.0,0.0,0.0,0.0,0.0,0.0,0.0,0.0,0.0,0.0,0.0,0.0,1799.3489697412388,0.0,0.0,0.0,1676.7088677914762
2014-01-18,1.66634,1130.926910845462,818.1624811493,927.1628882396096,0.0,0.0,0.0,0.0,879.3508117033614,0.0,0.0,0.0,0.0,0.0,0.0,0.0,998.0144171731258,0.0,0.0,0.0,751.2223388981176
2014-01-25,0.939137,772.6830394641252,1300.227948022512,0.0,0.0,0.0,0.0,773.585158566445,0.0,0.0,0.0,0.0,0.0,0.0,0.0,0.0,0.0,0.0,0.0,0.0,2058.5238035570237
2014-02-01,1.09382,0.0,0.0,0.0,0.0,0.0,0.0,0.0,0.0,0.0,0.0,0.0,0.0,0.0,0.0,950.1497606548072,1298.5778817829687,0.0,0.0,0.0,1882.5132958476663
2014-02-08,1.44172,0.0,0.0,0.0,0.0,0.0,0.0,1055.1061483203357,0.0,0.0,0.0,0.0,741.6499612889826,0.0,0.0,0.0,1673.3969872850284,0.0,0.0,0.0,2901.4036083639303
2014-02-15,1.06366,852.0348796279367,1347.614753963139,838.4908720961121,0.0,0.0,0.0,0.0,0.0,0.0,0.0,0.0,0.0,0.0,0.0,0.0,1249.5334748412354,0.0,0.0,0.0,1567.497707474464
2014-02-22,0.723327,0.0,0.0,0.0,0.0,0.0,0.0,0.0,0.0,0.0,0.0,0.0,0.0,0.0,0.0,0.0,0.0,0.0,0.0,0.0,1375.4572374532868
2014-03-01,0.443561,766.6159394865658,0.0,0.0,0.0,0.0,0.0,1155.371720410164,0.0,0.0,0.0,0.0,0.0,0.0,0.0,0.0,1133.26301781467,0.0,0.0,0.0,1047.6680433187912
2014-03-08,0.495433,0.0,0.0,0.0,0.0,0.0,0.0,964.0847935695364,0.0,0.0,0.0,0.0,0.0,0.0,0.0,0.0,1180.592954025272,0.0,0.0,0.0,1231.02665138102
2014-03-15,0.642958,0.0,0.0,0.0,0.0,0.0,0.0,0.0,0.0,0.0,0.0,0.0,0.0,0.0,0.0,0.0,781.0046805666433,0.0,0.0,1155.0405494802162,1118.9591214382608
2014-03-22,0.834971,0.0,0.0,0.0,0.0,0.0,0.0,746.3676440159354,0.0,0.0,0.0,0.0,0.0,0.0,0.0,0.0,1621.024749417579,0.0,0.0,0.0,1583.0396744913392
2014-03-29,0.70227,855.9107867364665,0.0,0.0,0.0,0.0,0.0,1437.4530433347477,0.0,0.0,0.0,0.0,0.0,0.0,0.0,0.0,1483.6149549176102,0.0,0.0,0.0,1767.0681317565652
2014-04-05,1.19367,1155.2154335954913,1398.1346622424433,0.0,0.0,0.0,0.0,0.0,0.0,0.0,0.0,0.0,0.0,0.0,0.0,0.0,769.0779719764232,0.0,0.0,0.0,1271.2815785816329
2014-04-12,1.67913,904.826608822752,0.0,0.0,0.0,0.0,0.0,0.0,0.0,0.0,0.0,0.0,0.0,0.0,906.074944805618,0.0,0.0,0.0,0.0,0.0,1406.7543635833097
2014-04-19,1.43563,0.0,0.0,0.0,0.0,0.0,0.0,978.5617204610784,0.0,0.0,0.0,0.0,0.0,0.0,0.0,0.0,1212.867563385974,0.0,0.0,0.0,1277.308409317085
2014-04-26,1.27812,0.0,0.0,0.0,0.0,0.0,0.0,0.0,0.0,0.0,0.0,0.0,0.0,0.0,0.0,0.0,1028.235302924719,0.0,0.0,0.0,1574.156355702242
2014-05-03,0.821485,799.6474203417481,0.0,0.0,0.0,0.0,0.0,0.0,0.0,0.0,0.0,0.0,0.0,0.0,0.0,0.0,844.7010716222745,0.0,0.0,0.0,1609.7674707852625
2014-05-10,0.476417,0.0,713.164860623498,0.0,849.7750890139184,0.0,0.0,0.0,0.0,0.0,0.0,0.0,0.0,0.0,0.0,0.0,0.0,0.0,0.0,0.0,1774.5349560298598
2014-05-17,0.189609,0.0,0.0,0.0,0.0,0.0,0.0,0.0,0.0,0.0,0.0,0.0,0.0,0.0,0.0,0.0,0.0,0.0,0.0,0.0,1097.921656513305
2014-05-24,0.165494,0.0,0.0,0.0,0.0,0.0,0.0,856.865094095556,0.0,0.0,0.0,0.0,0.0,0.0,0.0,0.0,1174.1560471687555,0.0,0.0,0.0,0.0
2014-05-31,0.0539957,0.0,0.0,0.0,0.0,0.0,0.0,1027.9644730104944,0.0,0.0,0.0,0.0,0.0,0.0,0.0,0.0,0.0,0.0,0.0,0.0,1177.4182735671152
2014-06-07,0.0779018,0.0,0.0,0.0,0.0,0.0,0.0,0.0,0.0,0.0,0.0,1386.399996856511,0.0,0.0,0.0,0.0,0.0,0.0,0.0,0.0,1376.9622252887034
2014-06-14,0.0,0.0,0.0,0.0,0.0,0.0,0.0,0.0,0.0,0.0,927.8727138910951,0.0,0.0,0.0,0.0,0.0,0.0,0.0,0.0,937.8203696525554,1277.123036591491
2014-06-21,0.0478927,0.0,0.0,0.0,0.0,0.0,0.0,0.0,0.0,0.0,0.0,0.0,0.0,0.0,0.0,0.0,0.0,0.0,0.0,0.0,2564.8346556896136
2014-06-28,0.0253421,0.0,0.0,0.0,0.0,0.0,0.0,0.0,0.0,0.0,0.0,0.0,0.0,0.0,0.0,1313.7304105567953,0.0,0.0,0.0,0.0,0.0
2014-07-05,0.0607165,987.550209100472,0.0,0.0,0.0,0.0,0.0,0.0,0.0,0.0,0.0,1442.2846818608275,0.0,0.0,0.0,0.0,0.0,0.0,0.0,0.0,0.0
2014-07-12,0.046436,0.0,0.0,0.0,0.0,0.0,0.0,0.0,0.0,0.0,0.0,0.0,0.0,0.0,0.0,0.0,0.0,0.0,0.0,0.0,2300.822900172288
2014-07-19,0.0500626,0.0,0.0,0.0,0.0,0.0,0.0,0.0,0.0,0.0,0.0,0.0,0.0,0.0,0.0,0.0,0.0,0.0,0.0,0.0,0.0
2014-07-26,0.0489836,0.0,0.0,0.0,0.0,0.0,0.0,0.0,0.0,0.0,0.0,0.0,0.0,0.0,0.0,0.0,0.0,0.0,0.0,0.0,0.0
2014-08-02,0.0,0.0,0.0,0.0,0.0,0.0,0.0,0.0,0.0,0.0,0.0,0.0,0.0,0.0,0.0,0.0,0.0,0.0,0.0,0.0,0.0
2014-08-09,0.0,0.0,0.0,0.0,0.0,0.0,0.0,0.0,0.0,0.0,0.0,0.0,0.0,0.0,0.0,0.0,0.0,0.0,0.0,0.0,1078.107695144103
2014-08-16,0.0,0.0,0.0,0.0,0.0,0.0,0.0,0.0,0.0,0.0,0.0,0.0,0.0,0.0,0.0,0.0,0.0,0.0,0.0,0.0,0.0
2014-08-23,0.513652,0.0,0.0,0.0,0.0,0.0,0.0,0.0,0.0,0.0,0.0,0.0,0.0,0.0,0.0,0.0,899.1298339851348,0.0,0.0,0.0,1139.6839173509384
2014-08-30,0.314054,0.0,0.0,0.0,0.0,0.0,0.0,0.0,0.0,0.0,0.0,0.0,0.0,0.0,0.0,0.0,0.0,0.0,0.0,0.0,0.0
2014-09-06,0.0695572,0.0,0.0,0.0,0.0,0.0,0.0,0.0,0.0,0.0,0.0,0.0,0.0,0.0,0.0,0.0,0.0,0.0,0.0,0.0,1023.2935658939174
2014-09-13,0.0171999,1195.4310359435815,0.0,0.0,0.0,0.0,0.0,0.0,0.0,0.0,0.0,0.0,0.0,0.0,0.0,0.0,0.0,0.0,0.0,1702.5811812656536,0.0
2014-09-20,0.0342349,0.0,0.0,0.0,0.0,0.0,0.0,0.0,0.0,0.0,0.0,0.0,0.0,0.0,0.0,860.2146216466157,0.0,0.0,0.0,0.0,1467.2834565629687
2014-09-27,0.0169262,0.0,0.0,0.0,0.0,0.0,0.0,947.4861663625557,0.0,0.0,0.0,0.0,0.0,0.0,0.0,0.0,1807.9084502742628,0.0,0.0,0.0,1343.6817869115157
2014-10-04,0.0433839,794.925735747711,771.6819399268883,0.0,885.4822920670034,0.0,0.0,1125.0129412700812,0.0,0.0,0.0,0.0,0.0,0.0,0.0,0.0,1707.082346398618,0.0,0.0,0.0,1313.5186465003396
2014-10-11,0.152184,962.7846240162702,0.0,0.0,0.0,0.0,0.0,969.3466953690148,0.0,0.0,0.0,0.0,0.0,0.0,0.0,911.9319614466908,1137.421921185463,0.0,0.0,0.0,943.452470380308
2014-10-18,0.241629,1135.1185677349465,1707.0418217115616,0.0,0.0,0.0,0.0,0.0,0.0,0.0,0.0,0.0,0.0,0.0,0.0,924.4191710180218,902.216467358904,0.0,0.0,0.0,0.0
2014-10-25,0.0994318,881.2493294180357,0.0,0.0,0.0,0.0,0.0,0.0,0.0,0.0,0.0,0.0,0.0,0.0,0.0,799.9321310980014,0.0,0.0,0.0,0.0,1117.6586115271148
2014-11-01,0.154213,0.0,0.0,0.0,0.0,0.0,0.0,0.0,0.0,0.0,0.0,0.0,1076.6444966246024,0.0,0.0,933.941517608194,0.0,1148.6749045468216,1148.6749045468216,1518.93808865213,964.2669328287292
2014-11-08,0.207237,0.0,0.0,0.0,0.0,0.0,0.0,0.0,0.0,0.0,0.0,0.0,0.0,0.0,0.0,0.0,1109.4299765969672,0.0,0.0,0.0,1127.0255702149204
2014-11-15,0.272438,0.0,0.0,0.0,0.0,0.0,0.0,0.0,0.0,0.0,0.0,0.0,0.0,0.0,0.0,0.0,0.0,0.0,0.0,0.0,1216.3541783860794
2014-11-22,0.140449,1320.651975524305,0.0,0.0,0.0,0.0,0.0,1139.672105571561,0.0,0.0,0.0,0.0,0.0,0.0,0.0,753.7888579395649,1535.7846455295746,0.0,0.0,0.0,812.3629448435255
2014-11-29,0.114705,0.0,0.0,0.0,0.0,0.0,0.0,0.0,0.0,0.0,0.0,0.0,0.0,0.0,0.0,0.0,0.0,0.0,0.0,0.0,1409.1902171982983
2014-12-06,0.268779,0.0,0.0,0.0,0.0,0.0,0.0,0.0,0.0,0.0,0.0,0.0,0.0,0.0,0.0,0.0,1324.0186615354064,0.0,0.0,0.0,1157.5402591425066
2014-12-13,0.492832,0.0,0.0,0.0,0.0,0.0,0.0,767.0510618408503,0.0,0.0,0.0,0.0,0.0,0.0,0.0,0.0,1487.9154897904773,0.0,0.0,0.0,1234.235474008938
2014-12-20,0.483695,0.0,0.0,0.0,0.0,0.0,0.0,1043.982618387822,0.0,0.0,0.0,0.0,0.0,0.0,0.0,0.0,1422.0624499735948,0.0,0.0,0.0,1451.0108791439263
2014-12-27,1.39454,0.0,0.0,0.0,0.0,0.0,0.0,2038.093214904593,0.0,0.0,0.0,0.0,0.0,0.0,0.0,0.0,0.0,0.0,0.0,0.0,0.0
2015-01-03,1.21335,1339.1346473748424,0.0,1159.9399009263082,1004.7664380886978,0.0,0.0,0.0,0.0,0.0,0.0,0.0,0.0,0.0,0.0,0.0,1826.690694454747,0.0,0.0,0.0,1995.476243684688
2015-01-10,1.94729,0.0,1750.5204702105946,0.0,0.0,0.0,0.0,1773.9529220151865,0.0,0.0,0.0,0.0,0.0,0.0,0.0,0.0,1364.5289209474226,0.0,0.0,0.0,0.0
2015-01-17,2.50329,1206.5979308525104,1516.3617292583886,0.0,0.0,0.0,0.0,1034.7904511251086,0.0,0.0,0.0,0.0,0.0,0.0,0.0,0.0,1432.124469703513,0.0,0.0,0.0,2178.033140800431
2015-01-24,4.52086,1613.5942494693977,1482.8121331125265,0.0,0.0,0.0,0.0,0.0,0.0,920.13067575781,0.0,0.0,0.0,920.13067575781,0.0,0.0,1488.065760416528,0.0,0.0,0.0,1714.773635832882
2015-01-31,4.11178,2191.92223508158,1893.8527639713395,757.4599431507643,771.2775549446351,0.0,0.0,0.0,0.0,0.0,0.0,0.0,0.0,0.0,0.0,0.0,2268.35169418529,0.0,0.0,0.0,1392.8415241513642
2015-02-07,3.5461,1376.845863748342,1994.5025256476251,0.0,0.0,0.0,0.0,0.0,0.0,0.0,0.0,850.1657383470052,0.0,0.0,0.0,778.3680118912023,1318.1816089017314,0.0,0.0,0.0,851.3056607517909
2015-02-14,2.55565,1488.2003348852993,766.1091715288001,0.0,0.0,0.0,0.0,1192.6999823234828,0.0,0.0,831.8662000559777,0.0,0.0,0.0,0.0,782.7735041116808,1121.166364645774,0.0,0.0,0.0,1395.2395723450695
2015-02-21,1.75503,755.1859249696815,759.431217612723,0.0,0.0,0.0,0.0,747.031289267516,0.0,0.0,0.0,0.0,799.8061426374137,0.0,0.0,852.6089600351276,1290.1972894918224,0.0,0.0,0.0,1603.051734177758
2015-02-28,1.03734,0.0,713.6963619434886,0.0,0.0,0.0,0.0,836.9166897151595,0.0,0.0,0.0,0.0,0.0,0.0,0.0,778.903405940615,0.0,0.0,0.0,0.0,1719.8130804680798
2015-03-07,0.780869,0.0,0.0,0.0,0.0,0.0,0.0,0.0,830.7057663892697,0.0,0.0,1024.2259409175658,0.0,0.0,0.0,0.0,0.0,0.0,0.0,0.0,1320.0221503329783
2015-03-14,0.874727,1791.5464419713387,0.0,0.0,0.0,0.0,0.0,1248.5998567945528,0.0,0.0,0.0,0.0,0.0,0.0,0.0,0.0,1248.5897909437867,0.0,0.0,0.0,1859.03169215027
2015-03-21,0.621459,0.0,0.0,0.0,0.0,0.0,0.0,914.0942800339212,0.0,0.0,0.0,0.0,0.0,0.0,0.0,0.0,1107.3956208057998,0.0,0.0,0.0,1588.5622420613186
2015-03-28,0.403852,0.0,0.0,0.0,0.0,0.0,0.0,888.9793310134874,0.0,0.0,859.4048238977487,925.7516812258086,0.0,0.0,0.0,1388.2432515025669,1166.564149012329,0.0,0.0,0.0,2202.0243975935828
2015-04-04,0.519134,756.4565469242821,1145.5826763078944,0.0,0.0,0.0,832.8715358904158,878.1045377822504,0.0,0.0,0.0,0.0,1135.7925133916328,0.0,0.0,0.0,1717.8491929798652,0.0,0.0,0.0,1428.5625543552997
2015-04-11,0.698262,0.0,0.0,0.0,0.0,0.0,0.0,1153.1259559437735,0.0,0.0,0.0,0.0,0.0,0.0,0.0,0.0,1393.5644732103265,0.0,0.0,0.0,1604.53634918052
2015-04-18,0.593698,0.0,0.0,0.0,0.0,952.6320732110344,0.0,0.0,0.0,0.0,0.0,0.0,0.0,0.0,0.0,0.0,0.0,0.0,0.0,0.0,1222.5117170689794
2015-04-25,0.735179,0.0,0.0,0.0,0.0,0.0,0.0,1146.3568110816443,0.0,0.0,0.0,0.0,0.0,0.0,0.0,0.0,930.2461679513112,0.0,0.0,0.0,1653.449324962593
2015-05-02,0.419664,0.0,1308.79643809227,0.0,1006.4775902975176,0.0,0.0,829.8336851188321,0.0,0.0,0.0,0.0,0.0,0.0,0.0,0.0,0.0,0.0,0.0,0.0,1661.2025018200998
2015-05-09,0.282251,0.0,0.0,0.0,0.0,0.0,0.0,0.0,1166.4594427081258,0.0,0.0,0.0,0.0,0.0,0.0,0.0,0.0,0.0,0.0,0.0,1669.1693267953776
2015-05-16,0.0363702,0.0,0.0,0.0,0.0,0.0,0.0,0.0,0.0,0.0,0.0,0.0,0.0,0.0,0.0,0.0,1220.9934960526675,1112.0975482877327,1112.0975482877327,0.0,0.0
2015-05-23,0.0757289,0.0,0.0,0.0,0.0,0.0,0.0,0.0,0.0,0.0,0.0,0.0,0.0,0.0,0.0,0.0,0.0,0.0,0.0,0.0,1277.2393390976786
2015-05-30,0.0727273,0.0,0.0,0.0,0.0,0.0,0.0,0.0,0.0,0.0,0.0,0.0,0.0,0.0,0.0,0.0,882.6290053009101,0.0,0.0,0.0,0.0
2015-06-06,0.0220507,0.0,0.0,0.0,0.0,0.0,0.0,0.0,0.0,0.0,0.0,0.0,787.8987942947313,0.0,0.0,0.0,0.0,0.0,0.0,0.0,1140.0219167443122
2015-06-13,0.0,0.0,0.0,0.0,0.0,0.0,0.0,0.0,0.0,0.0,0.0,0.0,0.0,0.0,0.0,0.0,1937.1322546672604,0.0,0.0,0.0,1591.0587769303766
2015-06-20,0.0442674,0.0,0.0,0.0,0.0,0.0,0.0,0.0,0.0,0.0,0.0,0.0,0.0,0.0,0.0,0.0,1221.7874087828975,0.0,0.0,0.0,888.976819120462
2015-06-27,0.0,0.0,0.0,0.0,0.0,0.0,0.0,0.0,883.7572126934568,927.710185074098,0.0,0.0,0.0,927.7101850740984,0.0,0.0,0.0,0.0,0.0,0.0,1750.9498573016044
2015-07-04,0.127291,0.0,0.0,0.0,0.0,0.0,0.0,0.0,0.0,0.0,0.0,0.0,0.0,0.0,0.0,0.0,0.0,0.0,0.0,0.0,1383.417259778671
2015-07-11,0.0424809,0.0,0.0,0.0,0.0,0.0,0.0,0.0,0.0,0.0,0.0,0.0,0.0,0.0,0.0,0.0,814.6103111636103,0.0,0.0,0.0,0.0
2015-07-18,0.0218245,0.0,0.0,0.0,0.0,0.0,0.0,0.0,0.0,0.0,0.0,0.0,0.0,0.0,0.0,0.0,0.0,0.0,0.0,0.0,1020.4755010084152
2015-07-25,0.0424448,0.0,0.0,0.0,0.0,0.0,0.0,0.0,0.0,875.9705249046015,0.0,0.0,0.0,875.9705249046016,0.0,0.0,0.0,0.0,0.0,0.0,1388.2370650337075
2015-08-01,0.0,0.0,0.0,0.0,0.0,0.0,0.0,0.0,0.0,0.0,0.0,0.0,0.0,0.0,0.0,0.0,0.0,0.0,0.0,0.0,1278.9412795690748
2015-08-08,0.0642123,0.0,0.0,0.0,0.0,0.0,0.0,0.0,0.0,0.0,0.0,0.0,0.0,0.0,891.1570102489105,0.0,0.0,0.0,0.0,0.0,1218.6651943406482
2015-08-15,0.0572246,0.0,0.0,0.0,0.0,0.0,0.0,0.0,0.0,0.0,0.0,0.0,0.0,0.0,0.0,0.0,1417.843564992353,0.0,0.0,0.0,1186.7654371521917
2015-08-22,0.0,0.0,0.0,0.0,0.0,0.0,0.0,0.0,0.0,0.0,0.0,0.0,0.0,0.0,0.0,0.0,0.0,0.0,0.0,0.0,0.0
2015-08-29,0.0392234,0.0,0.0,0.0,0.0,0.0,0.0,0.0,0.0,0.0,0.0,0.0,0.0,0.0,0.0,0.0,0.0,0.0,0.0,0.0,1199.8609217948815
2015-09-05,0.0196618,0.0,0.0,0.0,0.0,0.0,0.0,0.0,0.0,0.0,0.0,0.0,0.0,0.0,840.526401398878,0.0,0.0,0.0,0.0,0.0,1282.4359887269272
2015-09-12,0.0398486,0.0,0.0,0.0,0.0,0.0,0.0,0.0,0.0,0.0,0.0,0.0,0.0,0.0,0.0,0.0,0.0,0.0,0.0,0.0,2037.884277095924
2015-09-19,0.0528355,0.0,0.0,0.0,0.0,0.0,0.0,0.0,0.0,0.0,0.0,0.0,0.0,0.0,0.0,0.0,0.0,0.0,0.0,0.0,1349.3436221011928
2015-09-26,0.0800641,0.0,0.0,0.0,0.0,0.0,0.0,0.0,0.0,0.0,0.0,0.0,0.0,0.0,0.0,0.0,857.6686918786413,0.0,0.0,0.0,0.0
2015-10-03,0.12747,962.3437179628604,0.0,0.0,0.0,0.0,0.0,0.0,0.0,0.0,0.0,0.0,0.0,0.0,0.0,0.0,1340.3223394218207,0.0,0.0,0.0,1737.066580215121
2015-10-10,0.110072,0.0,0.0,0.0,0.0,0.0,0.0,0.0,0.0,0.0,0.0,0.0,0.0,0.0,0.0,0.0,1646.648963297259,0.0,0.0,0.0,1389.1090032820146
2015-10-17,0.145864,811.0768470707529,0.0,0.0,0.0,0.0,0.0,0.0,0.0,0.0,0.0,0.0,0.0,0.0,0.0,0.0,1187.5019449703705,0.0,0.0,0.0,795.391215271408
2015-10-24,0.23129,843.2926140639833,0.0,0.0,0.0,0.0,0.0,0.0,0.0,0.0,0.0,0.0,0.0,0.0,0.0,778.9759736667816,1118.0682131327078,0.0,0.0,0.0,1319.6485931274306
2015-10-31,0.231099,681.1195223446813,0.0,0.0,0.0,0.0,0.0,0.0,0.0,0.0,0.0,0.0,0.0,0.0,0.0,813.969267926384,1370.689014853904,0.0,0.0,0.0,1371.819991047627
2015-11-07,0.26852,0.0,0.0,0.0,0.0,0.0,0.0,0.0,0.0,0.0,0.0,0.0,0.0,0.0,0.0,0.0,1820.0807584453196,0.0,0.0,0.0,0.0
2015-11-14,0.187138,741.4293608340312,0.0,0.0,0.0,0.0,0.0,0.0,0.0,0.0,0.0,0.0,0.0,0.0,0.0,0.0,2044.5577495636128,0.0,0.0,0.0,1625.760330712187
2015-11-21,0.186335,0.0,0.0,0.0,0.0,0.0,0.0,955.2121756110856,0.0,0.0,0.0,0.0,0.0,0.0,0.0,0.0,1200.3908630471976,0.0,0.0,0.0,1689.9908414422048
2015-11-28,0.213276,0.0,0.0,0.0,0.0,0.0,0.0,1055.0066798948617,0.0,0.0,0.0,0.0,0.0,0.0,0.0,0.0,0.0,0.0,0.0,0.0,1249.9176937683658
2015-12-05,0.209407,765.6899033828582,1083.0825794198,0.0,0.0,0.0,0.0,991.444820364102,0.0,0.0,0.0,0.0,0.0,0.0,0.0,648.5460211359205,2188.2817556518967,0.0,0.0,0.0,1433.7017636073404
2015-12-12,0.178629,0.0,0.0,0.0,0.0,0.0,0.0,0.0,0.0,0.0,0.0,0.0,0.0,0.0,0.0,0.0,779.9005312037152,0.0,0.0,0.0,1203.2659483813973
2015-12-19,0.210933,0.0,0.0,0.0,0.0,0.0,0.0,0.0,0.0,0.0,0.0,0.0,0.0,0.0,0.0,0.0,2143.370437813003,0.0,0.0,0.0,1288.9763304957514
2015-12-26,0.200334,0.0,0.0,0.0,0.0,0.0,0.0,0.0,0.0,0.0,0.0,0.0,0.0,0.0,0.0,0.0,1487.1648011256705,0.0,0.0,0.0,0.0
2016-01-02,0.383543,0.0,0.0,0.0,0.0,0.0,0.0,0.0,0.0,0.0,0.0,0.0,0.0,0.0,0.0,0.0,1358.7683757367745,0.0,0.0,0.0,1242.75034431133
2016-01-09,0.352113,1032.583867559482,0.0,0.0,0.0,943.0127679225852,0.0,0.0,0.0,0.0,0.0,0.0,0.0,0.0,0.0,0.0,1927.955185770332,0.0,0.0,0.0,2046.686155837276
2016-01-16,0.468933,0.0,0.0,0.0,0.0,0.0,0.0,1107.8234223112152,0.0,0.0,0.0,0.0,0.0,0.0,0.0,0.0,1082.065566898773,0.0,0.0,0.0,1379.1491752513618
2016-01-23,0.554855,0.0,0.0,0.0,0.0,0.0,0.0,0.0,0.0,0.0,0.0,0.0,0.0,0.0,0.0,0.0,1498.5464503884664,0.0,0.0,0.0,1297.2953655820022
2016-01-30,0.631735,0.0,0.0,0.0,0.0,0.0,0.0,1217.3383318812273,0.0,0.0,0.0,0.0,0.0,0.0,0.0,0.0,1245.7729859676172,0.0,0.0,0.0,1361.3834511810524
2016-02-06,1.11997,1155.951274635116,0.0,885.7972684622005,0.0,0.0,0.0,783.6732613859527,0.0,0.0,0.0,0.0,0.0,0.0,0.0,0.0,1944.7737047881967,0.0,0.0,0.0,1241.380323046287
2016-02-13,0.952025,738.5342669628777,0.0,0.0,0.0,0.0,0.0,0.0,0.0,0.0,0.0,0.0,0.0,0.0,675.5285280274583,0.0,1021.18502295181,0.0,0.0,0.0,1461.7445882078175
2016-02-20,1.36986,0.0,0.0,0.0,0.0,0.0,0.0,1064.9327870322672,0.0,0.0,0.0,764.2335685484345,0.0,0.0,0.0,0.0,2113.799727487801,0.0,0.0,0.0,2639.133384505467
2016-02-27,1.46733,0.0,0.0,0.0,0.0,0.0,0.0,720.9446229495485,0.0,0.0,0.0,0.0,677.6656131564478,0.0,0.0,0.0,885.2033821700468,0.0,0.0,653.0868457619328,1581.9634745906474
2016-03-05,1.36803,852.0567636263531,1000.1183921832384,1010.1964426553292,0.0,0.0,0.0,934.834590047207,0.0,0.0,0.0,0.0,0.0,0.0,623.1582639911132,0.0,1998.2930859275305,631.9766243058666,631.9766243058666,0.0,1489.0533874740856
2016-03-12,2.06706,1064.0580985276797,1062.377655259822,0.0,0.0,0.0,0.0,1390.075680088864,0.0,0.0,0.0,0.0,0.0,0.0,0.0,807.5643574785258,1346.07609573096,0.0,0.0,0.0,1546.1368245977983
2016-03-19,1.72445,0.0,0.0,0.0,0.0,0.0,0.0,932.7129761759262,0.0,0.0,0.0,0.0,0.0,0.0,0.0,0.0,1527.945466356056,0.0,0.0,0.0,1451.1174707833236
2016-03-26,1.5854,0.0,0.0,0.0,1033.755890825925,0.0,0.0,764.2447339020121,0.0,0.0,0.0,0.0,0.0,0.0,788.4953376889179,0.0,956.9864614308948,762.1659367829936,762.1659367829936,0.0,1663.323661417341
2016-04-02,1.29748,0.0,0.0,0.0,0.0,0.0,0.0,0.0,0.0,0.0,0.0,0.0,0.0,0.0,0.0,0.0,1169.4770178175486,0.0,0.0,0.0,1494.950304749016
2016-04-09,1.2229,0.0,595.8745541177435,0.0,0.0,0.0,0.0,588.506195527102,0.0,0.0,0.0,0.0,0.0,0.0,0.0,0.0,1582.02435588022,0.0,0.0,0.0,1323.7107930236368
2016-04-16,0.875086,697.4439842017813,0.0,0.0,0.0,0.0,0.0,968.3964207443424,0.0,0.0,0.0,0.0,0.0,0.0,0.0,0.0,1280.5134281690475,0.0,0.0,0.0,1276.5228172483542
2016-04-23,0.735822,0.0,0.0,0.0,0.0,0.0,0.0,692.0316400290965,0.0,0.0,0.0,0.0,0.0,0.0,0.0,0.0,721.8144562821029,0.0,0.0,0.0,1460.3429330409197
2016-04-30,0.927536,0.0,0.0,0.0,0.0,0.0,0.0,0.0,0.0,0.0,0.0,0.0,0.0,0.0,0.0,0.0,1426.087673664128,0.0,0.0,0.0,1278.0575641622304
2016-05-07,0.249808,0.0,0.0,0.0,0.0,0.0,0.0,1147.377399974211,0.0,0.0,0.0,0.0,0.0,0.0,0.0,0.0,1004.1332720174464,0.0,0.0,0.0,1332.8951296375988
2016-05-14,0.238711,0.0,0.0,0.0,0.0,0.0,0.0,0.0,0.0,0.0,0.0,0.0,0.0,0.0,0.0,0.0,0.0,0.0,0.0,0.0,1740.457131888974
2016-05-21,0.217202,0.0,0.0,0.0,0.0,0.0,0.0,1207.7598218642686,0.0,0.0,0.0,0.0,0.0,0.0,0.0,1048.1871073646596,0.0,0.0,0.0,0.0,1265.6691395109408
2016-05-28,0.0534474,0.0,0.0,0.0,0.0,0.0,0.0,0.0,0.0,0.0,0.0,0.0,0.0,0.0,0.0,0.0,1312.0836095023412,0.0,0.0,0.0,0.0
2016-06-04,0.0,0.0,0.0,0.0,0.0,0.0,0.0,0.0,0.0,0.0,0.0,0.0,0.0,0.0,0.0,0.0,0.0,0.0,0.0,0.0,1020.4636715996362
2016-06-11,0.0843407,0.0,0.0,0.0,0.0,0.0,0.0,0.0,0.0,0.0,0.0,0.0,0.0,0.0,0.0,0.0,716.0191429409789,0.0,0.0,0.0,0.0
2016-06-18,0.0,0.0,0.0,0.0,0.0,0.0,0.0,0.0,0.0,0.0,0.0,0.0,0.0,0.0,0.0,0.0,0.0,0.0,0.0,0.0,888.540728403818
2016-06-25,0.0558659,0.0,0.0,0.0,0.0,0.0,0.0,0.0,0.0,0.0,0.0,0.0,0.0,0.0,0.0,0.0,761.7088281510618,0.0,0.0,0.0,1460.3316159174196
2016-07-02,0.0578035,0.0,0.0,0.0,0.0,0.0,0.0,0.0,0.0,0.0,0.0,0.0,0.0,0.0,0.0,0.0,0.0,0.0,0.0,0.0,802.5774882921125
2016-07-09,0.0,0.0,0.0,0.0,0.0,0.0,0.0,0.0,0.0,0.0,0.0,0.0,0.0,0.0,0.0,0.0,0.0,0.0,0.0,0.0,0.0
2016-07-16,0.0,0.0,0.0,0.0,0.0,0.0,0.0,0.0,0.0,0.0,0.0,0.0,0.0,0.0,0.0,0.0,1101.8434852430594,0.0,0.0,0.0,0.0
2016-07-23,0.0,0.0,0.0,0.0,0.0,0.0,0.0,0.0,0.0,0.0,0.0,0.0,0.0,0.0,0.0,0.0,0.0,0.0,0.0,0.0,809.3663188348074
2016-07-30,0.0,0.0,0.0,0.0,0.0,0.0,0.0,0.0,0.0,0.0,0.0,0.0,0.0,0.0,0.0,0.0,0.0,0.0,0.0,0.0,991.6152093622356
2016-08-06,0.0374672,0.0,0.0,0.0,0.0,0.0,0.0,0.0,0.0,0.0,0.0,0.0,0.0,0.0,0.0,0.0,0.0,0.0,0.0,0.0,1132.660850777628
2016-08-13,0.0,0.0,0.0,0.0,0.0,0.0,0.0,0.0,0.0,0.0,0.0,0.0,0.0,0.0,0.0,0.0,0.0,0.0,0.0,0.0,1655.4392106741875
2016-08-20,0.0,0.0,0.0,0.0,0.0,0.0,0.0,0.0,0.0,0.0,0.0,0.0,0.0,0.0,0.0,0.0,1182.687133108294,0.0,0.0,0.0,776.1306005953127
2016-08-27,0.0664231,0.0,0.0,0.0,0.0,0.0,0.0,0.0,0.0,0.0,0.0,0.0,0.0,0.0,0.0,0.0,0.0,0.0,0.0,0.0,0.0
2016-09-03,0.157398,0.0,0.0,0.0,0.0,0.0,0.0,0.0,0.0,0.0,0.0,0.0,0.0,0.0,0.0,0.0,0.0,0.0,0.0,0.0,1004.8224618989176
2016-09-10,1.41455,0.0,0.0,0.0,0.0,0.0,0.0,0.0,0.0,0.0,0.0,0.0,0.0,0.0,0.0,0.0,0.0,0.0,0.0,0.0,0.0
2016-09-17,1.23668,0.0,0.0,0.0,0.0,0.0,0.0,0.0,0.0,0.0,0.0,0.0,0.0,0.0,0.0,0.0,2799.9093345455312,0.0,0.0,0.0,1591.1406127595349
2016-09-24,0.836212,0.0,0.0,0.0,0.0,0.0,0.0,762.9048570862506,0.0,0.0,0.0,0.0,0.0,0.0,0.0,0.0,881.3115695043317,0.0,0.0,619.752718753044,734.6439909539255
2016-10-01,0.331675,0.0,0.0,786.4497288265263,0.0,0.0,0.0,801.7703975119365,0.0,0.0,0.0,0.0,0.0,0.0,708.09659987283,0.0,1546.2535540182676,0.0,0.0,0.0,1517.5029620613316
2016-10-08,0.420008,1072.5059649009072,0.0,0.0,0.0,0.0,0.0,0.0,0.0,0.0,0.0,0.0,0.0,0.0,0.0,823.7036920669282,1547.4192435586938,0.0,0.0,0.0,902.5920184102804
2016-10-15,0.401038,991.7107719985028,0.0,0.0,0.0,0.0,0.0,0.0,0.0,0.0,0.0,0.0,0.0,0.0,0.0,884.0048721698806,862.8267067948672,635.9952764636496,635.9952764636496,0.0,1573.300780616816
2016-10-22,0.703977,0.0,0.0,0.0,0.0,0.0,0.0,974.3949328913684,0.0,0.0,0.0,0.0,0.0,0.0,0.0,0.0,1472.9433214472106,0.0,0.0,0.0,840.2304419552244
2016-10-29,0.408466,0.0,0.0,0.0,0.0,0.0,0.0,0.0,0.0,0.0,0.0,0.0,0.0,0.0,0.0,750.3254077410918,1294.712360276244,0.0,0.0,0.0,1156.744994351198
2016-11-05,0.45939,0.0,0.0,0.0,0.0,0.0,0.0,715.6472950925431,0.0,0.0,0.0,0.0,0.0,0.0,0.0,0.0,819.85300476753,0.0,0.0,0.0,1024.0990343986225
2016-11-12,0.452133,0.0,0.0,0.0,0.0,0.0,0.0,0.0,0.0,0.0,0.0,0.0,584.865674900532,0.0,0.0,0.0,1370.756559443892,0.0,0.0,0.0,1362.9498978210586
2016-11-19,0.331994,755.6334168466562,859.3153346319912,0.0,0.0,0.0,0.0,640.0579402205615,0.0,0.0,0.0,922.7739508143392,0.0,0.0,0.0,0.0,1189.0321114387184,0.0,0.0,0.0,1772.2305039821183
2016-11-26,0.299222,680.838873549919,0.0,0.0,0.0,0.0,0.0,0.0,1134.5965920564013,0.0,0.0,0.0,0.0,0.0,0.0,874.3323670726578,899.6533820247645,0.0,0.0,0.0,904.9061470506848
2016-12-03,0.337648,568.225676546793,550.145070498942,0.0,0.0,562.7075754377918,0.0,680.9713083204441,0.0,0.0,0.0,0.0,0.0,0.0,0.0,0.0,833.4038085026533,0.0,0.0,0.0,1722.9284103017087
2016-12-10,0.328887,0.0,0.0,0.0,0.0,0.0,0.0,763.2507852367878,0.0,0.0,0.0,0.0,0.0,0.0,0.0,0.0,1368.2020106498496,0.0,0.0,0.0,1574.6203892841766
2016-12-17,0.526118,623.9347724870001,0.0,0.0,0.0,0.0,0.0,852.5107501559339,875.9364614016923,0.0,691.9798130390911,0.0,0.0,0.0,0.0,551.0112256348017,1449.5693649311847,0.0,0.0,0.0,873.7617990206028
2016-12-24,0.450212,1035.8621277420198,0.0,629.2313267322979,0.0,0.0,963.323598522222,843.2421029842226,0.0,0.0,0.0,0.0,0.0,0.0,0.0,0.0,1452.9118242135976,0.0,0.0,0.0,2249.963352658664
2016-12-31,0.782998,1482.249003521257,0.0,0.0,0.0,0.0,903.575933345438,1651.7298406330062,0.0,0.0,0.0,782.1992390614905,0.0,0.0,0.0,0.0,2008.4992806382863,0.0,0.0,0.0,2707.6003557012964
2017-01-07,1.26302,611.56776388235,0.0,0.0,0.0,0.0,0.0,0.0,0.0,0.0,0.0,0.0,0.0,0.0,0.0,0.0,1646.8548143315709,0.0,0.0,956.2387871382848,1936.820575421415
2017-01-14,0.929692,1041.8194443081527,779.0202810242732,0.0,0.0,575.6765923265945,0.0,1575.698218216761,0.0,0.0,0.0,0.0,0.0,0.0,0.0,0.0,1603.66968439816,0.0,0.0,0.0,1662.1001168846055
2017-01-21,0.838574,1413.8030195277868,643.6750371510456,0.0,0.0,0.0,0.0,628.0668682048489,0.0,0.0,0.0,0.0,0.0,0.0,593.8782197453543,0.0,1471.7088159177058,0.0,0.0,0.0,1651.5995136106324
2017-01-28,1.80101,1132.8600174726953,865.2079706935285,0.0,0.0,0.0,0.0,986.0621285451376,0.0,0.0,0.0,585.4542632223142,0.0,0.0,0.0,0.0,1312.4303508685025,0.0,0.0,0.0,2448.8535943814627
2017-02-04,2.48487,1185.7685301919332,0.0,0.0,661.7834186819625,0.0,0.0,966.5308253812494,0.0,0.0,0.0,0.0,0.0,0.0,0.0,559.8782741097904,1566.2342530650144,0.0,0.0,0.0,1287.16599428864
2017-02-11,4.09232,980.4755015283504,997.6412039987856,652.1235087945638,0.0,0.0,0.0,1304.0374777636848,0.0,0.0,0.0,0.0,0.0,0.0,891.2764222262624,951.3166947705164,1610.7793544944086,592.4214560001732,592.4214560001732,0.0,1376.0426853530637
2017-02-18,4.14856,1690.249795198176,556.6328111157071,0.0,557.9469778620875,0.0,0.0,529.8826500419597,818.4523283172588,0.0,0.0,0.0,0.0,0.0,534.1646852663869,573.8898761049406,1997.3433557651647,0.0,0.0,0.0,1230.2335969409655
2017-02-25,4.309,1345.4899511487497,1054.3529835119716,0.0,0.0,0.0,0.0,759.8366725936586,0.0,0.0,0.0,0.0,736.4011426083547,0.0,0.0,594.7027635892348,1220.529049394618,0.0,0.0,0.0,2293.913753347481
2017-03-04,2.83892,656.8010316588432,719.2057054409983,0.0,0.0,0.0,0.0,1125.057219861873,0.0,0.0,0.0,541.0527834715331,0.0,0.0,496.51959409837184,0.0,1094.500779304839,0.0,0.0,0.0,1989.2471457243496
2017-03-11,2.57117,1187.838279877453,0.0,0.0,0.0,0.0,0.0,602.1078798433936,0.0,0.0,0.0,730.6214645898382,0.0,0.0,0.0,0.0,998.0950504588178,0.0,0.0,0.0,1197.2898395062778
2017-03-18,1.94205,595.0495036134456,0.0,0.0,0.0,0.0,0.0,0.0,0.0,0.0,0.0,0.0,0.0,0.0,0.0,0.0,729.9685498965359,0.0,0.0,0.0,1927.2082537207575
2017-03-25,2.66774,753.5574179618452,784.2231205647237,0.0,0.0,0.0,0.0,641.8711098636716,0.0,0.0,0.0,0.0,0.0,0.0,1181.8087710380337,721.8113856929932,1069.273151439632,0.0,0.0,0.0,1649.7155984613362
2017-04-01,2.85782,973.0586189435378,0.0,0.0,0.0,0.0,0.0,1134.7127895826716,0.0,0.0,0.0,0.0,565.1134879313961,0.0,0.0,0.0,1335.7088108935866,0.0,0.0,0.0,1545.8192542674076
2017-04-08,2.46654,0.0,935.3956205256565,0.0,0.0,0.0,0.0,1087.3877379995868,0.0,0.0,0.0,0.0,0.0,0.0,0.0,0.0,1314.4455749707738,0.0,0.0,0.0,757.2295552187065
2017-04-15,2.10526,0.0,582.6450415975083,0.0,0.0,0.0,0.0,591.59514350559,0.0,0.0,0.0,0.0,0.0,0.0,0.0,0.0,1150.3760826673151,0.0,0.0,0.0,803.7691406121555
2017-04-22,1.08319,629.9962625535035,0.0,0.0,0.0,0.0,0.0,747.4669581684766,666.8559651205215,0.0,0.0,0.0,0.0,0.0,0.0,0.0,0.0,0.0,0.0,0.0,1023.3731202617917
2017-04-29,0.503087,575.2675469820218,0.0,0.0,0.0,0.0,0.0,0.0,0.0,661.2673729976653,0.0,0.0,0.0,661.2673729976653,0.0,0.0,1167.4818194495597,0.0,0.0,0.0,1093.6726612840205
2017-05-06,0.476298,0.0,0.0,0.0,0.0,0.0,0.0,739.6721435622429,0.0,0.0,0.0,0.0,0.0,0.0,0.0,0.0,898.981541474764,0.0,0.0,0.0,951.7332028386132
2017-05-13,0.39822,0.0,664.5626885410652,0.0,0.0,0.0,0.0,621.6719909803589,0.0,0.0,0.0,0.0,0.0,0.0,0.0,0.0,1134.887523662817,524.7856002045372,524.7856002045372,0.0,1174.8064708919258
2017-05-20,0.050226,0.0,0.0,0.0,0.0,0.0,0.0,0.0,0.0,0.0,0.0,0.0,0.0,0.0,0.0,0.0,0.0,0.0,0.0,0.0,1162.2126539864678
2017-05-27,0.0,0.0,0.0,0.0,0.0,0.0,0.0,0.0,0.0,0.0,0.0,0.0,0.0,0.0,0.0,0.0,829.0693942056496,0.0,0.0,0.0,0.0
2017-06-03,0.103806,0.0,608.2749703739777,0.0,0.0,0.0,0.0,0.0,0.0,0.0,0.0,0.0,0.0,0.0,0.0,0.0,624.5014260321984,0.0,0.0,647.0060991261875,926.81676891182
2017-06-10,0.0,659.7314362470044,0.0,0.0,0.0,0.0,0.0,630.8736155692113,0.0,0.0,0.0,0.0,0.0,0.0,0.0,0.0,559.2843815192224,0.0,0.0,0.0,2229.1332514279547
2017-06-17,0.0723066,0.0,0.0,0.0,0.0,0.0,0.0,0.0,0.0,0.0,0.0,0.0,0.0,0.0,0.0,0.0,959.9102501306986,0.0,0.0,0.0,1321.8672618557896
2017-06-24,0.0,0.0,0.0,0.0,0.0,0.0,0.0,0.0,0.0,0.0,0.0,0.0,0.0,0.0,0.0,0.0,773.4569671992946,0.0,0.0,0.0,1447.469796645269
2017-07-01,0.105263,0.0,0.0,0.0,0.0,0.0,0.0,0.0,0.0,0.0,0.0,0.0,0.0,0.0,0.0,0.0,0.0,0.0,0.0,0.0,642.1417527534894
2017-07-08,0.0,0.0,0.0,0.0,0.0,0.0,706.8864287889733,0.0,0.0,0.0,0.0,0.0,0.0,0.0,0.0,0.0,0.0,0.0,0.0,0.0,1144.4283963114915
2017-07-15,0.0,0.0,0.0,0.0,0.0,0.0,0.0,610.550334311359,0.0,0.0,0.0,0.0,0.0,0.0,0.0,0.0,0.0,0.0,0.0,0.0,812.9586521262597
2017-07-22,0.0342818,0.0,0.0,0.0,0.0,0.0,0.0,0.0,0.0,0.0,0.0,1435.7945042187714,0.0,0.0,0.0,0.0,0.0,0.0,0.0,0.0,940.737319957248
2017-07-29,0.0365764,0.0,0.0,0.0,0.0,0.0,0.0,0.0,718.8154894342275,0.0,0.0,0.0,0.0,0.0,0.0,0.0,1070.5152872803606,0.0,0.0,0.0,1269.869274194804
2017-08-05,0.0,0.0,0.0,0.0,0.0,0.0,0.0,0.0,0.0,0.0,0.0,0.0,0.0,0.0,0.0,0.0,1164.828309590741,0.0,0.0,0.0,584.9921082748225
2017-08-12,0.0,0.0,709.5636219631451,0.0,0.0,0.0,0.0,0.0,0.0,0.0,0.0,0.0,0.0,0.0,0.0,0.0,909.373136280608,0.0,0.0,0.0,1285.8843176121927
2017-08-19,0.0,0.0,0.0,0.0,0.0,0.0,0.0,0.0,0.0,0.0,0.0,0.0,0.0,0.0,0.0,0.0,0.0,0.0,0.0,0.0,967.2677930554293
2017-08-26,0.0,0.0,537.9687812143414,0.0,0.0,0.0,0.0,0.0,0.0,0.0,0.0,526.5322328478346,0.0,0.0,0.0,0.0,633.891552292511,0.0,0.0,0.0,643.3422023536931
2017-09-02,0.100368,0.0,0.0,0.0,0.0,0.0,0.0,0.0,0.0,0.0,0.0,0.0,0.0,0.0,0.0,0.0,1016.292622720676,0.0,0.0,0.0,1196.0287920029775
2017-09-09,0.0,0.0,0.0,0.0,0.0,0.0,0.0,0.0,0.0,0.0,0.0,0.0,0.0,0.0,0.0,0.0,0.0,0.0,0.0,0.0,1566.894683593552
2017-09-16,0.108743,0.0,533.6735529438297,0.0,0.0,0.0,0.0,0.0,0.0,0.0,0.0,0.0,0.0,0.0,0.0,0.0,1006.067167348881,0.0,0.0,0.0,1445.0541412296818
2017-09-23,0.252791,478.6237500497435,0.0,0.0,0.0,0.0,0.0,0.0,0.0,0.0,0.0,0.0,0.0,0.0,0.0,0.0,700.5629264523996,0.0,0.0,0.0,791.2926685229197
2017-09-30,0.377121,0.0,0.0,0.0,0.0,0.0,0.0,547.0386617471951,0.0,0.0,0.0,0.0,0.0,0.0,0.0,0.0,1097.841746453809,0.0,0.0,0.0,1440.764244934863
2017-10-07,0.391572,503.9925222187407,0.0,0.0,0.0,0.0,0.0,0.0,0.0,0.0,0.0,0.0,0.0,0.0,0.0,0.0,1481.627165977261,0.0,0.0,0.0,1533.1457014195184
2017-10-14,0.273742,0.0,0.0,0.0,0.0,0.0,0.0,790.2780999015175,0.0,0.0,0.0,0.0,0.0,0.0,0.0,0.0,644.2764469792354,0.0,0.0,0.0,1306.1929936935353
2017-10-21,0.473416,1033.6802143681532,675.7218402030139,0.0,747.9835988429859,0.0,0.0,511.0733785305391,0.0,0.0,0.0,0.0,0.0,0.0,0.0,885.0148249175178,1139.8693159459626,0.0,0.0,0.0,1221.8074094792075
2017-10-28,0.622665,666.690386058115,520.2030270674574,0.0,0.0,0.0,0.0,658.8141030723243,0.0,0.0,0.0,0.0,0.0,0.0,0.0,765.5788713535587,1597.0124260433345,0.0,0.0,0.0,2279.299635628576
2017-11-04,0.514641,561.5405723888982,0.0,0.0,0.0,0.0,0.0,0.0,0.0,0.0,0.0,0.0,0.0,0.0,0.0,0.0,1780.056060252284,0.0,0.0,0.0,1223.9989014473983
2017-11-11,0.656676,0.0,659.4120886991793,508.5933063271381,0.0,0.0,0.0,1089.9544102041395,0.0,0.0,0.0,807.490642994813,574.2612482246888,0.0,553.8227276999946,0.0,1956.966993903488,0.0,0.0,602.0390957642627,1452.6075300632751
2017-11-18,0.665415,710.973518634889,0.0,0.0,0.0,0.0,0.0,678.9942498658933,0.0,0.0,0.0,0.0,0.0,0.0,0.0,0.0,1772.5668924063823,0.0,0.0,0.0,1349.1661660033558
2017-11-25,0.74531,0.0,0.0,0.0,0.0,0.0,0.0,862.0494848618291,0.0,0.0,0.0,0.0,0.0,0.0,0.0,0.0,1821.4238426073944,0.0,0.0,732.8562288284875,1890.5492286279332
2017-12-02,0.539993,843.525244419636,720.2952953199785,0.0,0.0,0.0,0.0,856.8184411541031,0.0,0.0,0.0,1161.3037846328225,0.0,0.0,0.0,0.0,1557.8187212352009,0.0,0.0,0.0,1230.9141325063788
2017-12-09,1.78361,1242.1692337536338,530.7122578356131,0.0,0.0,582.0975207504846,0.0,1199.8065002851904,0.0,0.0,0.0,0.0,0.0,0.0,0.0,0.0,1980.881315896268,0.0,0.0,0.0,1644.5713304294825
2017-12-16,1.42137,1289.4712252479808,956.44177096781,0.0,0.0,0.0,0.0,1050.289621569738,0.0,0.0,0.0,0.0,0.0,0.0,0.0,891.8495980751277,1951.100403679793,0.0,0.0,0.0,1594.4554088249722
2017-12-23,1.55383,1107.492440338583,1320.687241827442,0.0,0.0,0.0,0.0,617.908923269121,0.0,0.0,0.0,0.0,0.0,0.0,0.0,713.7637512454218,1539.73944389161,0.0,0.0,0.0,2218.2133889924903
2017-12-30,1.52387,1252.7296366444366,781.590602635123,0.0,0.0,0.0,0.0,1626.9091898329395,0.0,0.0,0.0,0.0,0.0,0.0,1345.3845540668958,1323.1183868403918,1881.0096942180885,0.0,0.0,0.0,1095.210429942398
2018-01-06,2.36116,1454.2004140587703,1720.9065821639124,0.0,0.0,0.0,0.0,1236.39713969873,0.0,0.0,0.0,0.0,0.0,0.0,0.0,831.3489652251502,2242.830534111852,0.0,0.0,0.0,2986.807552244998
2018-01-13,3.07727,2605.2489044832378,1562.1334000407971,600.0318213226813,646.8372465572253,0.0,0.0,1270.815541197523,0.0,0.0,0.0,833.8367987524695,0.0,0.0,866.9726511765746,1019.2212594986858,2267.6835380290618,0.0,0.0,0.0,2154.466585776812
2018-01-20,4.37875,4271.759422334379,3952.5529784416094,914.3930491999466,923.6632170354736,956.0855471948768,0.0,836.8026249463999,0.0,0.0,0.0,0.0,772.7776057463656,0.0,0.0,1575.694353680596,2074.8250713225807,0.0,0.0,0.0,1501.5638202526206
2018-01-27,5.31038,5220.635340607353,3628.790172084512,948.0416995737316,1135.68916324192,1213.1491497921174,0.0,1098.621033727224,623.3754123937983,0.0,0.0,0.0,0.0,0.0,645.7863273919785,1659.0538024317923,1812.566601376548,0.0,0.0,0.0,1787.6841498744277
2018-02-03,5.81829,6335.353334250623,4390.634839730259,1313.8123516524863,1168.971719761821,910.0311811610424,578.8115361098684,526.2748161936771,685.4075563022293,0.0,0.0,850.8795489573688,628.944115360164,0.0,0.0,2170.20355280194,1773.469679857844,569.6314146674688,569.6314146674688,0.0,1687.4841341491988
2018-02-10,7.81563,3822.357406770789,5336.960085427656,1128.150410288073,895.589205351357,1247.621251972221,0.0,910.092520860579,756.0227283573225,623.1336402521101,0.0,695.2646753437564,711.7536947932374,623.1336402521102,1082.4357179080882,978.0465292870656,1172.7688359958229,0.0,0.0,0.0,2006.6118450194836
2018-02-17,7.24661,4643.000959243681,3921.03525799294,1050.8304404327123,1260.9159512913982,616.2564846079831,0.0,1060.6975358633028,583.057597831027,663.6841204665687,0.0,0.0,652.1939713376829,663.6841204665687,0.0,1240.52335992976,1943.866406021869,0.0,0.0,0.0,1942.425711806366
2018-02-24,5.00479,2018.215500099826,2926.7227704464544,786.1227787535787,605.3808475405771,0.0,0.0,889.6940141880424,0.0,624.8223894040684,0.0,0.0,1191.8179671516752,624.8223894040684,0.0,1437.3800630119297,2385.81323540252,0.0,0.0,0.0,1600.2054042537284
2018-03-03,2.91837,2514.05117433872,1487.0688369114412,0.0,0.0,0.0,0.0,0.0,0.0,0.0,0.0,507.0946323402461,0.0,0.0,0.0,0.0,1100.1379402576763,0.0,0.0,0.0,1771.2566286187653
2018-03-10,2.21794,1298.4690490802618,808.3635197538576,0.0,0.0,0.0,0.0,974.4805292910456,0.0,0.0,0.0,0.0,0.0,0.0,0.0,0.0,1438.0692392080082,0.0,0.0,0.0,1150.6694151919453
2018-03-17,2.8035,1196.528951509476,811.0195906910246,0.0,0.0,0.0,0.0,661.2771186768231,0.0,0.0,0.0,0.0,0.0,0.0,0.0,0.0,1062.2932837979183,0.0,0.0,0.0,1764.1606837829806
2018-03-24,2.18688,923.8980898755188,0.0,0.0,0.0,0.0,0.0,0.0,0.0,0.0,0.0,0.0,550.5315390831394,0.0,0.0,0.0,0.0,0.0,0.0,0.0,1846.7421717915288
2018-03-31,1.56283,633.8218133578139,590.5461862519371,0.0,0.0,0.0,0.0,795.6025426639378,0.0,0.0,0.0,0.0,0.0,0.0,0.0,0.0,1661.375847271609,0.0,0.0,0.0,1737.6143746524867
2018-04-07,1.45972,0.0,0.0,0.0,0.0,0.0,0.0,656.6093915776638,0.0,0.0,0.0,0.0,0.0,0.0,0.0,0.0,1362.6104131404302,0.0,0.0,0.0,1436.858386359493
2018-04-14,1.77145,996.9331563503486,643.1198259718802,0.0,0.0,0.0,0.0,941.9141719087852,0.0,0.0,0.0,600.5837729889618,0.0,0.0,0.0,0.0,1364.2545672967417,0.0,0.0,0.0,1457.573869384663
2018-04-21,1.42276,0.0,0.0,0.0,0.0,0.0,0.0,611.2508965776575,0.0,0.0,0.0,0.0,0.0,0.0,0.0,0.0,1394.2500152873358,0.0,0.0,0.0,1644.6709401894254
2018-04-28,0.54686,691.9829463973871,0.0,0.0,0.0,0.0,0.0,1340.939955898774,0.0,0.0,0.0,0.0,0.0,0.0,0.0,0.0,1562.1808646274112,0.0,0.0,0.0,1770.324151194576
2018-05-05,0.888973,0.0,0.0,0.0,0.0,0.0,0.0,789.0926326260749,0.0,0.0,0.0,0.0,0.0,0.0,0.0,0.0,1393.243221989294,0.0,0.0,0.0,1611.4987623839934
2018-05-12,0.528206,0.0,558.9257228827164,0.0,0.0,0.0,0.0,0.0,0.0,0.0,0.0,0.0,0.0,0.0,0.0,0.0,801.3692967313553,0.0,0.0,0.0,1169.5697652488686
2018-05-19,0.293057,0.0,0.0,0.0,642.7697483669212,0.0,0.0,587.7077244910485,0.0,0.0,0.0,0.0,0.0,0.0,0.0,0.0,795.0971157600152,0.0,0.0,0.0,635.2926421149823
2018-05-26,0.213624,0.0,0.0,0.0,0.0,0.0,0.0,0.0,0.0,0.0,0.0,0.0,0.0,0.0,0.0,0.0,1378.4124899096328,0.0,0.0,0.0,1383.3502767300956
2018-06-02,0.116686,0.0,0.0,0.0,0.0,0.0,0.0,0.0,0.0,0.0,0.0,0.0,0.0,0.0,0.0,0.0,606.9960851679149,0.0,0.0,0.0,1456.333810713316
2018-06-09,0.027571,0.0,0.0,0.0,0.0,0.0,0.0,0.0,0.0,0.0,600.4104195940399,0.0,0.0,0.0,583.1496876472656,0.0,1370.3210246797685,0.0,0.0,0.0,1184.3076522146366
2018-06-16,0.145433,0.0,0.0,0.0,0.0,0.0,0.0,0.0,0.0,0.0,0.0,0.0,0.0,0.0,0.0,0.0,563.6946916961971,0.0,0.0,0.0,1077.162830549414
2018-06-23,0.259488,0.0,0.0,0.0,0.0,0.0,0.0,0.0,0.0,0.0,0.0,0.0,0.0,0.0,0.0,0.0,1582.012387084086,0.0,0.0,0.0,1314.8860742767822
2018-06-30,0.0296384,0.0,0.0,0.0,0.0,0.0,0.0,786.8581879979411,0.0,0.0,0.0,0.0,0.0,0.0,0.0,675.9612555938493,1031.6485506324927,0.0,0.0,0.0,839.7322067738658
2018-07-07,0.126904,0.0,0.0,0.0,0.0,0.0,0.0,0.0,0.0,0.0,0.0,0.0,0.0,0.0,0.0,0.0,1057.304457636832,0.0,0.0,0.0,1474.227087018517
2018-07-14,0.0256937,0.0,0.0,0.0,0.0,0.0,0.0,0.0,0.0,0.0,0.0,0.0,0.0,0.0,0.0,0.0,744.1209055039049,0.0,0.0,0.0,989.2791432240134
2018-07-21,0.0,0.0,0.0,0.0,0.0,0.0,0.0,0.0,0.0,0.0,0.0,0.0,0.0,0.0,0.0,0.0,0.0,0.0,0.0,0.0,1274.206878100627
2018-07-28,0.0261986,0.0,0.0,0.0,0.0,0.0,0.0,0.0,0.0,0.0,0.0,0.0,0.0,0.0,0.0,0.0,1019.9434725398572,0.0,0.0,0.0,778.927034334517
2018-08-04,0.0522466,0.0,0.0,0.0,0.0,0.0,0.0,647.5200619843843,0.0,0.0,0.0,0.0,0.0,0.0,0.0,0.0,1139.378695828726,0.0,0.0,0.0,1256.4433457574837
2018-08-11,0.0942507,0.0,0.0,0.0,0.0,0.0,0.0,0.0,0.0,0.0,0.0,0.0,0.0,0.0,0.0,0.0,823.5200897666258,0.0,0.0,0.0,1103.8003659827443
2018-08-18,0.0561482,0.0,0.0,0.0,0.0,0.0,661.9436225282938,0.0,0.0,0.0,0.0,0.0,0.0,0.0,0.0,0.0,0.0,0.0,0.0,0.0,729.4324767779309
2018-08-25,0.0283527,0.0,0.0,0.0,0.0,0.0,0.0,1606.3268861055246,0.0,0.0,0.0,0.0,664.7250968136545,0.0,0.0,0.0,1163.775184182121,0.0,0.0,0.0,1437.2221083530883
2018-09-01,0.0227376,0.0,0.0,0.0,0.0,0.0,0.0,937.2440874573276,608.821194236441,0.0,0.0,0.0,0.0,0.0,0.0,0.0,1124.5630689237594,0.0,0.0,0.0,1168.811615670121
2018-09-08,0.119332,0.0,0.0,0.0,0.0,0.0,0.0,0.0,0.0,0.0,0.0,0.0,0.0,0.0,0.0,0.0,857.3150179475172,0.0,0.0,0.0,0.0
2018-09-15,0.115385,0.0,0.0,0.0,0.0,0.0,0.0,0.0,0.0,0.0,0.0,0.0,0.0,0.0,0.0,0.0,1250.6387683031378,0.0,0.0,0.0,1798.55972222657
2018-09-22,0.164609,1009.4785265978472,0.0,0.0,0.0,593.2745315173918,0.0,0.0,0.0,0.0,0.0,0.0,0.0,0.0,0.0,0.0,832.737354142077,0.0,0.0,0.0,1088.034997890387
2018-09-29,0.248262,0.0,0.0,0.0,0.0,0.0,0.0,1103.7800683488567,0.0,0.0,0.0,0.0,0.0,0.0,0.0,0.0,1358.1630683476078,0.0,0.0,0.0,1593.7419757895725
2018-10-06,0.233173,687.2126126918555,0.0,0.0,0.0,0.0,0.0,595.3941786803819,0.0,0.0,0.0,0.0,0.0,0.0,0.0,0.0,1537.72097490162,0.0,0.0,0.0,963.3889204901192
2018-10-13,0.32491,1063.9061106929914,672.5114174308068,0.0,0.0,596.051977119835,0.0,539.0706837044645,0.0,0.0,0.0,0.0,0.0,0.0,0.0,1195.622511840489,1382.0981837597317,0.0,0.0,0.0,1595.5953344249258
2018-10-20,0.32098,931.7192453689034,568.4883031704177,0.0,0.0,0.0,0.0,0.0,0.0,0.0,0.0,0.0,0.0,0.0,0.0,968.955890708388,1344.6682126025148,0.0,0.0,0.0,1377.4243529981138
2018-10-27,0.455949,1049.2968369535413,685.1988523073651,0.0,0.0,0.0,0.0,856.7793590153112,0.0,0.0,0.0,571.0839022828474,745.0735261752296,0.0,0.0,1302.1949765189167,1116.9236790732498,0.0,0.0,0.0,1161.245808980058
2018-11-03,0.558331,1145.157729461331,936.907482960652,0.0,589.2566720647079,0.0,0.0,0.0,0.0,0.0,0.0,0.0,0.0,0.0,0.0,0.0,985.3409398001036,0.0,0.0,0.0,1254.1175172841015
2018-11-10,0.629704,1396.7803049755944,768.4652449945909,0.0,0.0,0.0,0.0,597.8159677269177,0.0,0.0,0.0,0.0,0.0,0.0,0.0,0.0,800.2178756599208,0.0,0.0,0.0,1668.4204071933357
2018-11-17,0.310762,1636.061596239603,0.0,571.7984760126292,0.0,0.0,0.0,0.0,0.0,0.0,0.0,0.0,0.0,0.0,709.5852981003844,538.9167051993085,1743.7571786285712,0.0,0.0,0.0,1820.2728867027656
2018-11-24,0.452489,627.3984850694741,888.6046711957771,0.0,0.0,0.0,0.0,0.0,589.0038620605868,0.0,0.0,0.0,0.0,0.0,808.0020919482033,705.8026249112045,1635.6998154400833,0.0,0.0,0.0,1341.6451871988402
2018-12-01,0.594855,653.8655211697267,526.4148342349081,0.0,0.0,0.0,0.0,800.5964750711776,0.0,0.0,0.0,0.0,0.0,0.0,0.0,0.0,1826.1738295544783,0.0,0.0,0.0,1502.2011384909276
2018-12-08,0.979741,540.1336059582671,0.0,0.0,573.1498899665045,0.0,0.0,856.5372738184103,0.0,0.0,0.0,0.0,516.6864396484993,0.0,755.4488642992189,0.0,1435.4295585258046,0.0,0.0,0.0,1148.7383940610246
2018-12-15,0.846781,935.6574456458048,0.0,0.0,0.0,0.0,0.0,841.8963851955064,0.0,0.0,0.0,0.0,0.0,0.0,0.0,690.1541972356788,1851.5644055779403,0.0,0.0,0.0,1674.0448769495715
2018-12-22,1.11753,885.4103816580972,525.591379886711,0.0,0.0,0.0,0.0,629.216027231562,0.0,0.0,0.0,540.0462427537534,0.0,0.0,0.0,869.7844095125183,1694.2110691318107,0.0,0.0,0.0,2198.2824626184765
2018-12-29,2.49922,1892.2898867407332,784.1500741727527,0.0,0.0,0.0,901.8075212200564,1353.2130979967153,0.0,0.0,0.0,783.7468155473048,901.7780984501728,0.0,0.0,0.0,1612.4609744572674,0.0,0.0,0.0,2960.209989428872
2019-01-05,2.06847,2261.8866235622727,1165.8291938471457,0.0,0.0,0.0,0.0,1504.7067883939576,0.0,0.0,0.0,1063.3563474876846,1110.4593584114748,0.0,617.350745826275,1362.552475087081,2252.8868003257803,0.0,0.0,0.0,1663.2896928714465
2019-01-12,2.90348,1693.0925226569311,1682.0765035554944,724.4327997311809,0.0,0.0,0.0,1019.851123025838,0.0,0.0,0.0,0.0,0.0,0.0,631.7049043387186,837.196702840342,1575.0607377201147,0.0,0.0,0.0,2119.4038066018693
2019-01-19,3.76242,1534.9455827651177,2047.4104601579647,0.0,0.0,0.0,0.0,1398.937034336149,0.0,0.0,0.0,583.0011728515691,0.0,0.0,771.4417392023404,0.0,1701.4225348069644,0.0,0.0,0.0,2484.042622703641
2019-01-26,4.5171,1367.9564976599477,1424.5565553498263,703.1245599162396,0.0,888.569230407701,0.0,933.4593620060094,0.0,0.0,0.0,0.0,0.0,0.0,608.4587634577098,0.0,1870.46138664286,0.0,0.0,0.0,2629.0448238892595
2019-02-02,4.77061,1837.227050152105,1144.5779596862217,0.0,0.0,0.0,0.0,1356.4425131770442,570.0450081643262,0.0,0.0,0.0,638.6406761113711,0.0,572.8057051853239,657.9892225127824,2619.8509547106432,0.0,0.0,0.0,2208.544195786202
2019-02-09,6.66667,1639.017611560463,1507.797861798655,819.5674706410952,644.0322054771807,0.0,0.0,586.6848623116252,0.0,736.3847973226184,0.0,0.0,0.0,736.3847973226184,529.5049341464938,603.0582708605282,1972.3114509687205,0.0,0.0,0.0,2364.32492347593
2019-02-16,5.84481,2124.9952856754558,1571.03152279425,0.0,554.1747465083818,0.0,0.0,1186.9332103419156,0.0,0.0,0.0,0.0,1400.8612971602672,0.0,689.9606295356181,976.6072694080354,2113.492096940043,0.0,0.0,0.0,2199.949135042932
2019-02-23,4.96701,2610.069166203761,737.2379248250472,539.4073786417763,0.0,0.0,0.0,1011.0279138863036,0.0,532.6728712020782,0.0,0.0,0.0,532.6728712020782,0.0,865.3337519997588,1331.862776853364,0.0,0.0,0.0,1729.4531215488432
2019-03-02,3.96483,1192.252389950071,875.3862710719307,0.0,535.2971906403025,0.0,0.0,0.0,0.0,0.0,0.0,0.0,0.0,0.0,603.0494056826731,0.0,1468.9201115785277,0.0,0.0,0.0,1616.233610448888
2019-03-09,3.72844,1367.1867436946832,975.5840132233308,0.0,0.0,722.4874862428527,0.0,834.1893198555474,0.0,0.0,0.0,0.0,0.0,0.0,842.9785100492031,710.0042089677611,1969.8943490000104,0.0,0.0,0.0,1581.7116142578636
2019-03-16,4.09024,1355.380670541647,1056.6743059181088,783.1232258353641,0.0,704.1181810847118,0.0,620.7218481237416,0.0,0.0,0.0,535.6378484104026,0.0,0.0,0.0,0.0,928.8970345399828,0.0,0.0,0.0,2148.674840582015
2019-03-23,3.29383,1404.0942754364348,1007.7717233605688,656.9311484098048,610.7090330462389,0.0,0.0,606.3776594151084,0.0,0.0,0.0,0.0,0.0,0.0,532.6498066369213,588.155451120625,1343.4795770321762,0.0,0.0,0.0,1596.492077015251
2019-03-30,3.84165,1111.9215517978291,1140.7793427694194,0.0,1047.8425117639636,0.0,0.0,0.0,0.0,0.0,0.0,609.6127940316222,0.0,0.0,0.0,0.0,1228.493508891561,0.0,0.0,0.0,2115.533021111617
2019-04-06,3.03283,706.7538317834176,899.3455140244299,0.0,0.0,0.0,0.0,680.8597310559345,0.0,0.0,564.2270961753751,524.9275638858165,0.0,0.0,674.8457092949483,568.7697335122008,1622.3231507191217,0.0,0.0,0.0,820.2910097906861
2019-04-13,3.04048,703.4170804417439,0.0,0.0,0.0,553.4766378956334,0.0,933.5613473089592,0.0,0.0,0.0,0.0,0.0,0.0,0.0,0.0,1934.3075444492345,0.0,0.0,0.0,1827.24254389128
2019-04-20,2.12182,0.0,0.0,0.0,0.0,0.0,0.0,0.0,0.0,0.0,0.0,0.0,0.0,0.0,0.0,690.2994846867728,1673.61365311951,0.0,0.0,710.4957352811983,2084.960951049341
2019-04-27,1.39072,0.0,0.0,0.0,0.0,0.0,0.0,0.0,0.0,0.0,620.1874675618313,0.0,0.0,0.0,0.0,0.0,846.7009443302164,0.0,0.0,0.0,2212.0279827114214
2019-05-04,1.18876,854.5184145922004,0.0,0.0,0.0,0.0,0.0,531.7145186998291,0.0,0.0,0.0,0.0,0.0,0.0,0.0,0.0,1227.89600290184,0.0,0.0,0.0,1113.3948584720465
2019-05-11,0.647989,1048.7715923913802,0.0,646.5076918668808,0.0,0.0,0.0,908.748572880362,0.0,0.0,0.0,0.0,0.0,0.0,0.0,0.0,1350.7253193651447,0.0,0.0,0.0,1423.248413774684
2019-05-18,0.730868,0.0,0.0,0.0,0.0,0.0,0.0,0.0,0.0,0.0,0.0,0.0,0.0,0.0,0.0,0.0,1098.0916270945631,0.0,0.0,0.0,1615.1086300322495
2019-05-25,0.257732,0.0,0.0,0.0,0.0,0.0,0.0,0.0,0.0,0.0,0.0,0.0,0.0,0.0,0.0,0.0,956.1140672686794,0.0,0.0,0.0,1256.5585121086572
2019-06-01,0.172961,0.0,0.0,0.0,0.0,0.0,0.0,628.1534350994589,0.0,0.0,0.0,0.0,0.0,0.0,0.0,0.0,932.3650823191456,0.0,0.0,0.0,1649.794221217997
2019-06-08,0.0529101,0.0,0.0,0.0,0.0,0.0,0.0,0.0,0.0,0.0,0.0,0.0,0.0,0.0,0.0,0.0,1068.185733797907,0.0,0.0,0.0,714.2484775134761
2019-06-15,0.0273373,626.219336670934,0.0,569.9387440002905,0.0,0.0,0.0,0.0,0.0,0.0,0.0,0.0,0.0,0.0,0.0,549.2940243931213,948.0753616556988,0.0,0.0,0.0,607.9021671971451
2019-06-22,0.107383,0.0,0.0,0.0,0.0,0.0,0.0,0.0,0.0,0.0,0.0,0.0,0.0,0.0,0.0,0.0,688.5525044847069,0.0,0.0,0.0,1258.6239324672524
2019-06-29,0.150376,0.0,0.0,0.0,0.0,0.0,0.0,0.0,0.0,0.0,0.0,0.0,0.0,0.0,0.0,0.0,1011.7087583101952,0.0,0.0,609.5880378449663,886.887412373081
2019-07-06,0.0307598,0.0,0.0,0.0,0.0,0.0,0.0,0.0,0.0,0.0,0.0,0.0,0.0,0.0,0.0,0.0,669.6154788381149,0.0,0.0,0.0,687.2041422207002
2019-07-13,0.0505561,0.0,0.0,0.0,0.0,0.0,0.0,0.0,0.0,0.0,0.0,0.0,0.0,0.0,699.2989254436438,0.0,734.8644917306655,0.0,0.0,0.0,632.6276149175709
2019-07-20,0.0506971,0.0,0.0,0.0,0.0,0.0,0.0,0.0,0.0,0.0,0.0,0.0,0.0,0.0,0.0,0.0,1307.967568876293,0.0,0.0,0.0,852.039437620851
2019-07-27,0.0,0.0,0.0,0.0,0.0,0.0,0.0,0.0,0.0,0.0,0.0,0.0,0.0,0.0,0.0,0.0,1128.3332177452708,0.0,0.0,0.0,1555.820388807952
2019-08-03,0.0256082,0.0,0.0,0.0,0.0,0.0,0.0,0.0,0.0,0.0,0.0,0.0,0.0,0.0,0.0,0.0,0.0,0.0,0.0,0.0,722.8376864380682
2019-08-10,0.0,0.0,0.0,0.0,806.4553862994643,0.0,0.0,0.0,0.0,0.0,1049.8407923931798,0.0,0.0,0.0,0.0,0.0,1088.94658638077,0.0,0.0,0.0,999.528611489732
2019-08-17,0.0901713,669.4212324594979,0.0,0.0,0.0,0.0,0.0,0.0,0.0,0.0,0.0,0.0,0.0,0.0,0.0,0.0,578.3285560272999,0.0,0.0,0.0,1070.017477128934
2019-08-24,0.125628,0.0,0.0,0.0,0.0,0.0,0.0,711.0180904307197,0.0,0.0,0.0,0.0,0.0,0.0,0.0,0.0,1213.5833778785243,0.0,0.0,0.0,0.0
2019-08-31,0.0947194,927.9468512091026,0.0,0.0,0.0,0.0,0.0,0.0,0.0,0.0,0.0,0.0,0.0,0.0,0.0,0.0,642.8616475933201,0.0,0.0,0.0,980.134009012448
2019-09-07,0.188058,0.0,0.0,551.8578164132576,0.0,0.0,0.0,0.0,0.0,0.0,0.0,0.0,0.0,0.0,0.0,0.0,743.9553066521112,0.0,0.0,0.0,979.91695149218
2019-09-14,0.0947508,0.0,0.0,0.0,0.0,0.0,0.0,466.2083182770609,0.0,0.0,0.0,0.0,0.0,0.0,0.0,0.0,1157.593463786737,0.0,0.0,0.0,1884.697819345262
2019-09-21,0.234388,1128.8753655681678,0.0,0.0,0.0,0.0,0.0,917.0339666814828,0.0,0.0,0.0,0.0,0.0,0.0,0.0,621.0490586445851,1333.7584490569116,0.0,0.0,0.0,1503.5007409926038
2019-09-28,0.273796,498.2552494677611,598.4964405780744,0.0,0.0,0.0,0.0,823.3195138216882,0.0,0.0,0.0,546.7814941044663,0.0,0.0,0.0,556.098307678865,1633.7422557763373,0.0,0.0,0.0,1360.1588150157588
2019-10-05,0.140801,1343.1016410392424,509.85485338606463,0.0,0.0,0.0,0.0,0.0,0.0,0.0,0.0,0.0,652.6896141203571,0.0,0.0,887.8077627929923,1532.5746157955016,0.0,0.0,0.0,1011.2371315732196
2019-10-12,0.372787,975.6987832549332,610.0863503867989,0.0,0.0,0.0,0.0,853.4859109574658,0.0,0.0,0.0,0.0,0.0,0.0,0.0,873.9785533756539,1059.3806323171318,0.0,0.0,0.0,1487.5172221378523
2019-10-19,0.298174,1554.2455815872397,0.0,490.270269515879,0.0,0.0,0.0,751.5457038442191,0.0,0.0,0.0,0.0,0.0,0.0,0.0,1165.2251305371412,1893.355466108865,0.0,0.0,0.0,1353.771757950663
2019-10-26,0.307929,1583.1774013269,510.18769482402286,0.0,0.0,0.0,0.0,846.1328872063134,0.0,0.0,0.0,0.0,0.0,0.0,0.0,610.1303186404241,1363.631648657038,0.0,0.0,0.0,653.3353089794047
2019-11-02,0.326391,1147.6655703131964,0.0,0.0,603.3219774318067,0.0,0.0,0.0,0.0,0.0,0.0,0.0,0.0,0.0,0.0,549.281627485327,1542.305729336829,0.0,0.0,0.0,1184.3380685635927
2019-11-09,0.228973,833.0903486672365,0.0,0.0,0.0,0.0,0.0,527.8629986042498,0.0,0.0,0.0,0.0,0.0,0.0,0.0,621.0192329633697,1486.8682325634886,0.0,0.0,0.0,1867.8636413075317
2019-11-16,0.459629,1097.3175706651978,0.0,0.0,0.0,0.0,0.0,765.0613437058348,0.0,0.0,0.0,0.0,500.7291647796477,0.0,0.0,0.0,1321.4734255256528,0.0,0.0,0.0,1300.4968065482346
2019-11-23,0.494382,1052.0911581392947,673.2732196677574,0.0,0.0,0.0,0.0,615.5363624307147,0.0,0.0,0.0,0.0,0.0,0.0,0.0,0.0,1669.1846951846403,0.0,0.0,0.0,1243.7348612680446
2019-11-30,0.684095,0.0,0.0,0.0,0.0,0.0,0.0,1039.784909498614,0.0,0.0,0.0,1015.051544444386,0.0,0.0,0.0,0.0,2047.3727431248265,0.0,0.0,0.0,1358.470791903848
2019-12-07,0.884189,968.2967267211416,0.0,0.0,699.4858097663505,0.0,0.0,675.5905916034963,0.0,0.0,0.0,0.0,572.5701124513155,0.0,0.0,0.0,1498.243960954852,0.0,0.0,0.0,902.7319506505728
2019-12-14,1.38131,663.125642668459,0.0,0.0,0.0,0.0,0.0,1100.073876243641,0.0,0.0,0.0,0.0,0.0,0.0,0.0,0.0,1284.5149910645025,0.0,0.0,0.0,1482.3331237805185
2019-12-21,2.01597,1086.25715022897,544.2512147095023,0.0,0.0,0.0,0.0,1228.7143455366404,648.3493751113924,0.0,0.0,0.0,680.5777299876642,0.0,475.8664298716844,0.0,1354.6154098331351,0.0,0.0,0.0,1333.8795259650954
2019-12-28,3.18196,2050.3725198484867,1328.340344441895,902.104687875182,904.6687194010116,0.0,0.0,1311.7410375456864,0.0,0.0,0.0,1225.2146861321603,0.0,0.0,0.0,983.2952694027108,2922.572268834607,0.0,0.0,0.0,1861.9354868223652
2020-01-04,2.86885,1561.5991902220878,1391.0179144254348,640.4258959179283,783.9699875317489,0.0,0.0,1693.3573589173377,0.0,0.0,0.0,1036.266553934317,0.0,0.0,0.0,1001.3564976824146,3195.8993684324314,630.1464274225733,630.1464274225733,0.0,2781.885658055165
2020-01-11,3.99023,2573.374070784925,1988.8972995289932,872.522925316433,799.0318500660811,805.7388042891964,0.0,1227.198839433206,0.0,0.0,0.0,830.3166735242798,0.0,0.0,0.0,1524.417404167264,2395.4926500315246,0.0,0.0,479.3907982039619,2543.2068138799773
2020-01-18,5.90413,3021.8487976888014,2384.932539535492,588.2084471489059,0.0,0.0,0.0,1400.417093927305,682.2681146085586,0.0,0.0,1295.6563639210624,551.0973784192806,0.0,0.0,1311.417927177185,1847.0562076060737,0.0,0.0,0.0,2338.7046407470075
2020-01-25,5.61858,2701.646559314387,1570.844991223248,1198.448456660906,894.7089674902954,0.0,0.0,1144.097557074793,0.0,0.0,0.0,648.9807893460588,1040.5398345029455,0.0,0.0,1361.1401568578815,3273.0900314172336,520.0607389902158,520.0607389902158,528.8225926091682,2655.0181960148543
2020-02-01,8.39862,3992.428841847216,2465.8363119364267,522.9865583220816,0.0,0.0,0.0,1208.906321204985,447.7324791759932,1076.0476926148804,0.0,520.3071448062344,1075.0315027258202,1076.04769261488,578.3363186597321,1474.289226520505,1715.150910143454,620.3060945633235,620.3060945633235,0.0,1858.70060994354
2020-02-08,9.11474,4423.367745610241,2557.152839311075,1760.4948081444556,1175.0563664601796,879.5898344646405,0.0,1186.611507804098,0.0,728.7924628622437,496.7671162329249,476.0991584448879,1235.0668762832647,728.7924628622436,613.8008684254387,2359.6217955162238,1805.4826689994404,638.8919980156189,638.8919980156188,0.0,2389.1624134543804
2020-02-15,9.02184,4419.485253166695,2549.0262434387528,1051.7235581127509,1003.1680315153352,0.0,572.008747371461,1169.9450415722338,550.6513118106503,717.7100301485015,0.0,516.3838336140971,907.8057172732564,717.7100301485016,524.3861454372128,2015.8040057240555,1998.610320414394,0.0,0.0,0.0,1820.8392475101905
2020-02-22,7.74661,3294.877517141561,1602.5084547660156,888.7332949439259,851.8181904803808,680.0510325703488,0.0,1750.6372461191002,916.8790120739948,499.1523071191427,0.0,532.9559566482258,0.0,499.15230711914273,0.0,1026.9729641963854,2667.0065056850026,0.0,0.0,0.0,2081.891525757369
2020-02-29,5.37652,4795.792577871837,1702.073840834834,919.3813773264936,699.117411590025,0.0,0.0,742.9786810728474,0.0,634.4560700299746,541.9934855435514,592.1843658168185,703.3525628608588,634.4560700299746,0.0,1527.705214739589,2555.598545071492,0.0,0.0,0.0,2001.438995075028
2020-03-07,4.38163,6866.684966972459,1930.991434918298,731.4256689302647,837.3437701169684,894.0089977768598,0.0,1257.8855079453815,427.6072107179716,0.0,0.0,656.6621582658031,0.0,0.0,461.31201255655503,2019.965483638034,2184.5727405396865,478.4688670182271,478.4688670182271,438.0267077269566,2076.3456497325897
2020-03-14,3.03293,8193.628601958106,2928.5839360202995,1272.0026749426752,1062.9743454244351,1049.934676796796,0.0,1115.0775136106183,0.0,536.7039074239204,0.0,0.0,1076.932625710445,536.7039074239204,538.3911392270567,3037.9668907127293,2799.267068624973,0.0,0.0,0.0,1187.2857454886844
2020-03-21,1.39665,5525.619392764778,1559.7551878984464,731.9529585270382,551.0491812852771,0.0,0.0,970.3183532967004,0.0,0.0,0.0,0.0,676.5763256015266,0.0,0.0,1538.4169642180927,2620.9041839991723,0.0,0.0,0.0,1557.5105653010748
2020-03-28,0.39267,5867.377611193684,1251.67469947096,0.0,0.0,517.0022814551224,0.0,710.2986489868232,0.0,0.0,0.0,0.0,0.0,0.0,0.0,1354.6930689274452,2310.6894677494943,0.0,0.0,0.0,2163.1016760846537
2020-04-04,0.0723066,5832.512345340935,506.9058103913986,418.9327400948254,426.8407689919171,0.0,0.0,479.0283685598896,0.0,0.0,0.0,456.2170440412289,0.0,0.0,0.0,1054.7884118725972,2251.724811551443,0.0,0.0,0.0,1039.9556925830143
2020-04-11,0.0,2764.9523873537405,0.0,431.5392042648748,0.0,0.0,0.0,546.6655869368182,0.0,0.0,0.0,0.0,0.0,0.0,0.0,870.7455732465062,1792.4200625579906,0.0,0.0,0.0,1760.3846803952902
2020-04-18,0.0,2482.6932980482657,0.0,674.2241609719587,555.7796542364289,0.0,0.0,734.697201714303,0.0,0.0,0.0,0.0,0.0,0.0,0.0,0.0,956.366446820526,0.0,0.0,0.0,1220.771707602152
2020-04-25,0.0751315,2422.4306771603506,0.0,0.0,0.0,427.74100542528174,0.0,464.8176775517396,0.0,0.0,0.0,0.0,0.0,0.0,425.8687955888871,0.0,970.9194369793444,0.0,0.0,0.0,707.6963264588766
2020-05-02,0.0762195,2044.5418542194209,0.0,0.0,0.0,0.0,0.0,0.0,0.0,0.0,0.0,0.0,0.0,0.0,0.0,383.7793396412777,952.2265802533764,0.0,0.0,0.0,959.088541336872
2020-05-09,0.0,1919.97548643094,0.0,0.0,0.0,0.0,0.0,0.0,0.0,0.0,0.0,0.0,0.0,0.0,0.0,547.4517394497929,805.4824365683024,0.0,0.0,0.0,0.0
2020-05-16,0.0,1449.316760027253,0.0,0.0,0.0,0.0,0.0,0.0,578.221092261461,0.0,0.0,0.0,0.0,0.0,0.0,615.1213460481795,912.2092749540884,0.0,0.0,0.0,871.2686458900523
2020-05-23,0.297767,1197.6317891437684,0.0,546.8287391945321,0.0,0.0,0.0,0.0,0.0,0.0,0.0,0.0,0.0,0.0,0.0,586.489999526669,1002.2597796378262,0.0,0.0,0.0,1166.241884256997
2020-05-30,0.241896,1067.9847589623564,0.0,0.0,0.0,0.0,0.0,0.0,0.0,0.0,0.0,0.0,0.0,0.0,0.0,0.0,0.0,0.0,0.0,0.0,777.0226757633992
2020-06-06,0.103282,0.0,0.0,0.0,0.0,0.0,0.0,0.0,0.0,0.0,0.0,0.0,0.0,0.0,0.0,0.0,624.5136545530008,0.0,0.0,0.0,658.2836160660827
2020-06-13,0.157516,688.2579232149662,0.0,0.0,0.0,0.0,0.0,0.0,0.0,0.0,0.0,0.0,0.0,0.0,0.0,0.0,0.0,0.0,0.0,0.0,0.0
2020-06-20,0.0972237,0.0,0.0,526.657941624007,0.0,0.0,0.0,0.0,0.0,0.0,0.0,0.0,0.0,0.0,0.0,0.0,523.2701985322939,0.0,0.0,0.0,0.0
2020-06-27,0.141758,642.4201239680814,0.0,0.0,0.0,0.0,0.0,0.0,0.0,0.0,0.0,0.0,495.4676418811685,0.0,0.0,0.0,509.9980154874893,0.0,0.0,0.0,710.8403315082332
