date,South Dakota,influenza a,a influenza,influenza symptoms,rsv,the flu,flu symptoms,how long flu,flu how long,symptoms of flu,bronchitis,the flu symptoms,contagious flu,flu cold,flu contagious,stomach flu,flu a,pneumonia,flu fever,fever flu,how long does flu last
2010-10-09,1.10275,0.0,0.0,0.0,0.0,0.0,0.0,0.0,0.0,0.0,0.0,0.0,0.0,0.0,0.0,0.0,0.0,6291.998694024323,0.0,0.0,0.0
2010-10-16,0.793794,0.0,0.0,0.0,0.0,0.0,0.0,0.0,0.0,0.0,0.0,0.0,0.0,0.0,0.0,0.0,0.0,0.0,0.0,0.0,0.0
2010-10-23,0.791023,0.0,0.0,0.0,0.0,0.0,0.0,0.0,0.0,0.0,0.0,0.0,0.0,0.0,0.0,0.0,0.0,0.0,0.0,0.0,0.0
2010-10-30,0.801311,0.0,0.0,0.0,0.0,0.0,0.0,0.0,0.0,0.0,0.0,0.0,0.0,0.0,0.0,0.0,0.0,0.0,0.0,0.0,0.0
2010-11-06,0.779833,0.0,0.0,0.0,0.0,0.0,0.0,0.0,0.0,5031.705789342698,0.0,0.0,0.0,0.0,0.0,0.0,0.0,0.0,0.0,0.0,0.0
2010-11-13,0.743424,0.0,0.0,0.0,0.0,0.0,0.0,0.0,0.0,0.0,0.0,0.0,0.0,0.0,0.0,0.0,0.0,2971.111092249835,0.0,0.0,0.0
2010-11-20,1.00136,0.0,0.0,0.0,0.0,0.0,0.0,0.0,0.0,0.0,0.0,0.0,0.0,0.0,0.0,0.0,0.0,0.0,0.0,0.0,0.0
2010-11-27,0.891996,0.0,0.0,0.0,0.0,0.0,0.0,0.0,0.0,0.0,0.0,0.0,0.0,0.0,0.0,0.0,0.0,0.0,0.0,0.0,0.0
2010-12-04,1.10714,0.0,0.0,0.0,0.0,0.0,0.0,0.0,0.0,0.0,2537.170691867177,0.0,0.0,0.0,0.0,0.0,0.0,0.0,0.0,0.0,0.0
2010-12-11,1.16321,0.0,0.0,0.0,0.0,0.0,0.0,0.0,0.0,0.0,0.0,0.0,0.0,0.0,0.0,0.0,0.0,0.0,0.0,0.0,0.0
2010-12-18,0.945846,0.0,0.0,0.0,0.0,0.0,0.0,0.0,0.0,0.0,0.0,0.0,0.0,0.0,0.0,0.0,0.0,3562.0014535103646,0.0,0.0,0.0
2010-12-25,1.51849,0.0,0.0,0.0,0.0,0.0,0.0,0.0,0.0,0.0,0.0,0.0,0.0,0.0,0.0,0.0,0.0,0.0,0.0,0.0,0.0
2011-01-01,1.52446,0.0,0.0,0.0,0.0,0.0,0.0,0.0,0.0,0.0,0.0,0.0,0.0,3264.524523847992,0.0,0.0,0.0,0.0,0.0,0.0,0.0
2011-01-08,1.40617,0.0,0.0,0.0,0.0,0.0,0.0,0.0,0.0,2885.8746293601757,0.0,0.0,0.0,0.0,0.0,0.0,0.0,0.0,0.0,0.0,0.0
2011-01-15,1.7554,0.0,0.0,0.0,0.0,2577.8590101797136,0.0,0.0,0.0,0.0,0.0,0.0,0.0,0.0,0.0,0.0,0.0,0.0,0.0,0.0,2973.976233061922
2011-01-22,2.36777,0.0,0.0,0.0,0.0,0.0,0.0,0.0,0.0,0.0,0.0,0.0,0.0,0.0,0.0,0.0,0.0,0.0,0.0,0.0,0.0
2011-01-29,2.6757,0.0,0.0,0.0,0.0,0.0,0.0,0.0,0.0,0.0,0.0,0.0,0.0,0.0,0.0,0.0,0.0,3067.6914806887157,0.0,0.0,0.0
2011-02-05,2.87303,0.0,0.0,0.0,0.0,0.0,0.0,0.0,0.0,0.0,0.0,0.0,0.0,0.0,0.0,0.0,0.0,0.0,0.0,0.0,0.0
2011-02-12,3.20291,0.0,0.0,0.0,0.0,0.0,0.0,0.0,0.0,0.0,0.0,0.0,0.0,0.0,0.0,0.0,0.0,0.0,0.0,0.0,0.0
2011-02-19,4.34783,0.0,0.0,0.0,0.0,0.0,0.0,0.0,0.0,0.0,0.0,0.0,0.0,0.0,0.0,0.0,0.0,0.0,0.0,0.0,0.0
2011-02-26,4.16738,3026.8407781748456,3026.8407781748456,0.0,0.0,0.0,0.0,0.0,0.0,0.0,0.0,0.0,0.0,0.0,0.0,0.0,0.0,0.0,0.0,0.0,0.0
2011-03-05,3.8888,0.0,0.0,0.0,2852.2644474702047,0.0,0.0,0.0,0.0,0.0,0.0,0.0,0.0,0.0,0.0,0.0,0.0,0.0,0.0,0.0,0.0
2011-03-12,3.50391,0.0,0.0,0.0,0.0,0.0,0.0,0.0,0.0,0.0,0.0,0.0,0.0,0.0,0.0,0.0,0.0,0.0,0.0,0.0,0.0
2011-03-19,2.76452,0.0,0.0,0.0,0.0,0.0,0.0,0.0,0.0,0.0,0.0,0.0,0.0,0.0,0.0,0.0,0.0,0.0,0.0,0.0,0.0
2011-03-26,2.5306,0.0,0.0,0.0,0.0,0.0,0.0,0.0,0.0,0.0,0.0,0.0,0.0,0.0,0.0,0.0,0.0,2272.8990540793734,0.0,0.0,0.0
2011-04-02,2.24277,0.0,0.0,2130.02462904778,0.0,0.0,0.0,0.0,0.0,0.0,0.0,0.0,0.0,0.0,0.0,0.0,0.0,0.0,0.0,0.0,0.0
2011-04-09,1.35374,0.0,0.0,0.0,0.0,0.0,0.0,0.0,0.0,0.0,0.0,0.0,0.0,0.0,0.0,0.0,0.0,2666.3668473298894,0.0,0.0,0.0
2011-04-16,0.913621,0.0,0.0,0.0,0.0,0.0,0.0,0.0,0.0,0.0,0.0,0.0,0.0,0.0,0.0,0.0,0.0,0.0,0.0,0.0,0.0
2011-04-23,1.00823,0.0,0.0,0.0,0.0,2420.633865880988,0.0,0.0,0.0,0.0,0.0,0.0,0.0,0.0,0.0,0.0,0.0,2280.5230421362053,0.0,0.0,0.0
2011-04-30,0.880395,0.0,0.0,0.0,2592.840060482773,0.0,0.0,0.0,0.0,0.0,0.0,0.0,0.0,0.0,0.0,0.0,0.0,0.0,0.0,0.0,0.0
2011-05-07,0.602007,0.0,0.0,0.0,0.0,0.0,0.0,0.0,0.0,0.0,0.0,0.0,0.0,0.0,0.0,0.0,0.0,0.0,0.0,0.0,0.0
2011-05-14,0.627521,0.0,0.0,0.0,0.0,0.0,0.0,0.0,0.0,0.0,0.0,0.0,0.0,0.0,0.0,0.0,0.0,0.0,0.0,0.0,0.0
2011-05-21,0.522938,0.0,0.0,0.0,0.0,0.0,0.0,0.0,0.0,0.0,0.0,0.0,0.0,0.0,0.0,0.0,0.0,0.0,0.0,0.0,0.0
2011-05-28,0.518623,2938.8270827077654,2938.8270827077654,0.0,0.0,0.0,0.0,0.0,0.0,0.0,0.0,0.0,0.0,0.0,0.0,0.0,0.0,0.0,0.0,0.0,0.0
2011-06-04,0.507343,0.0,0.0,0.0,0.0,0.0,0.0,0.0,0.0,0.0,0.0,0.0,0.0,0.0,0.0,0.0,0.0,3559.3183291280207,0.0,0.0,0.0
2011-06-11,0.418994,0.0,0.0,0.0,0.0,0.0,0.0,0.0,0.0,0.0,0.0,0.0,0.0,0.0,0.0,0.0,0.0,0.0,0.0,0.0,0.0
2011-06-18,0.541942,0.0,0.0,0.0,0.0,0.0,0.0,0.0,0.0,0.0,0.0,0.0,0.0,0.0,0.0,0.0,0.0,0.0,0.0,0.0,0.0
2011-06-25,0.393604,0.0,0.0,0.0,0.0,0.0,0.0,0.0,0.0,0.0,0.0,0.0,0.0,0.0,0.0,0.0,0.0,0.0,0.0,0.0,0.0
2011-07-02,0.310188,0.0,0.0,0.0,0.0,0.0,0.0,0.0,0.0,0.0,0.0,0.0,0.0,0.0,0.0,0.0,0.0,0.0,0.0,0.0,0.0
2011-07-09,0.55142,0.0,0.0,0.0,0.0,0.0,0.0,0.0,0.0,0.0,0.0,0.0,0.0,0.0,0.0,0.0,0.0,0.0,0.0,0.0,0.0
2011-07-16,0.501672,0.0,0.0,0.0,0.0,0.0,0.0,0.0,0.0,0.0,0.0,0.0,0.0,0.0,0.0,0.0,0.0,0.0,0.0,0.0,0.0
2011-07-23,0.459418,0.0,0.0,0.0,0.0,0.0,0.0,0.0,0.0,0.0,0.0,0.0,0.0,0.0,0.0,0.0,0.0,0.0,0.0,0.0,0.0
2011-07-30,0.571837,0.0,0.0,0.0,0.0,0.0,0.0,0.0,0.0,0.0,0.0,0.0,0.0,0.0,0.0,0.0,0.0,0.0,0.0,0.0,0.0
2011-08-06,0.528973,0.0,0.0,0.0,0.0,0.0,0.0,0.0,0.0,2989.055403845797,0.0,0.0,0.0,0.0,0.0,0.0,0.0,0.0,0.0,0.0,0.0
2011-08-13,0.430725,0.0,0.0,0.0,0.0,0.0,0.0,0.0,0.0,0.0,0.0,0.0,0.0,0.0,0.0,0.0,0.0,0.0,0.0,0.0,0.0
2011-08-20,0.334821,0.0,0.0,0.0,0.0,0.0,0.0,0.0,0.0,0.0,0.0,0.0,0.0,0.0,0.0,0.0,0.0,0.0,0.0,0.0,0.0
2011-08-27,0.471592,0.0,0.0,0.0,0.0,0.0,0.0,0.0,0.0,0.0,0.0,0.0,0.0,0.0,0.0,0.0,0.0,0.0,0.0,0.0,0.0
2011-09-03,0.550297,0.0,0.0,0.0,0.0,0.0,0.0,0.0,0.0,0.0,0.0,2353.4690649326267,0.0,2642.414688073227,0.0,0.0,0.0,0.0,0.0,0.0,0.0
2011-09-10,0.644681,0.0,0.0,0.0,2902.8340375769017,0.0,0.0,0.0,0.0,0.0,2282.650788877997,3121.254335394846,0.0,0.0,0.0,0.0,0.0,0.0,0.0,0.0,0.0
2011-09-17,0.540662,0.0,0.0,0.0,0.0,0.0,0.0,0.0,0.0,0.0,0.0,0.0,0.0,0.0,0.0,0.0,0.0,0.0,0.0,0.0,0.0
2011-09-24,0.462749,0.0,0.0,0.0,0.0,0.0,2136.3192118180773,0.0,0.0,0.0,0.0,0.0,0.0,0.0,0.0,0.0,3506.373210820266,0.0,0.0,0.0,0.0
2011-10-01,0.609756,0.0,0.0,0.0,0.0,0.0,0.0,0.0,0.0,0.0,0.0,0.0,0.0,0.0,0.0,0.0,0.0,0.0,0.0,0.0,0.0
2011-10-08,0.759828,0.0,0.0,0.0,0.0,0.0,0.0,0.0,0.0,0.0,0.0,0.0,0.0,0.0,0.0,0.0,0.0,0.0,0.0,0.0,0.0
2011-10-15,1.16589,0.0,0.0,0.0,0.0,0.0,0.0,0.0,0.0,0.0,0.0,0.0,0.0,0.0,0.0,0.0,0.0,0.0,0.0,0.0,0.0
2011-10-22,0.769625,0.0,0.0,0.0,0.0,0.0,0.0,0.0,0.0,0.0,0.0,0.0,0.0,0.0,0.0,0.0,0.0,0.0,0.0,0.0,0.0
2011-10-29,0.918044,0.0,0.0,0.0,0.0,0.0,0.0,0.0,0.0,0.0,0.0,0.0,0.0,3500.6799933426487,0.0,0.0,0.0,4308.226619365206,0.0,0.0,0.0
2011-11-05,0.934423,0.0,0.0,0.0,0.0,0.0,0.0,0.0,0.0,0.0,0.0,0.0,0.0,0.0,0.0,0.0,0.0,0.0,0.0,0.0,0.0
2011-11-12,0.707623,0.0,0.0,0.0,0.0,0.0,0.0,0.0,0.0,0.0,0.0,0.0,0.0,0.0,0.0,0.0,2155.3739533816083,0.0,0.0,0.0,0.0
2011-11-19,0.658106,0.0,0.0,0.0,0.0,0.0,0.0,0.0,0.0,0.0,0.0,0.0,0.0,0.0,0.0,0.0,0.0,2045.1155487918843,0.0,0.0,0.0
2011-11-26,0.863596,0.0,0.0,0.0,2878.708769337897,0.0,0.0,0.0,0.0,0.0,0.0,0.0,0.0,0.0,0.0,0.0,0.0,0.0,0.0,0.0,0.0
2011-12-03,0.578577,0.0,0.0,0.0,0.0,0.0,0.0,0.0,0.0,0.0,0.0,0.0,0.0,0.0,0.0,0.0,0.0,0.0,0.0,0.0,0.0
2011-12-10,0.897813,0.0,0.0,0.0,0.0,0.0,0.0,0.0,0.0,0.0,0.0,0.0,0.0,0.0,0.0,0.0,0.0,0.0,0.0,0.0,0.0
2011-12-17,1.01878,0.0,0.0,0.0,0.0,0.0,0.0,0.0,0.0,0.0,0.0,0.0,0.0,0.0,0.0,0.0,0.0,0.0,0.0,0.0,0.0
2011-12-24,0.749702,0.0,0.0,0.0,0.0,0.0,0.0,0.0,0.0,0.0,0.0,0.0,0.0,0.0,0.0,0.0,0.0,0.0,0.0,0.0,0.0
2011-12-31,1.07882,0.0,0.0,0.0,0.0,0.0,0.0,0.0,0.0,0.0,0.0,0.0,0.0,0.0,0.0,0.0,0.0,0.0,0.0,0.0,0.0
2012-01-07,0.77837,4143.66069664576,4143.660696645761,0.0,0.0,0.0,0.0,0.0,0.0,0.0,0.0,0.0,0.0,0.0,0.0,0.0,0.0,0.0,0.0,0.0,0.0
2012-01-14,1.13681,0.0,0.0,0.0,0.0,0.0,0.0,0.0,0.0,0.0,0.0,0.0,0.0,0.0,0.0,0.0,0.0,3755.572272501929,0.0,0.0,0.0
2012-01-21,1.46238,0.0,0.0,0.0,2625.5971937089607,0.0,0.0,0.0,0.0,0.0,0.0,0.0,0.0,0.0,0.0,0.0,0.0,1840.35684413986,0.0,0.0,0.0
2012-01-28,1.77074,0.0,0.0,0.0,2753.5833531154576,0.0,0.0,0.0,0.0,0.0,0.0,0.0,0.0,0.0,0.0,0.0,0.0,0.0,0.0,0.0,0.0
2012-02-04,2.31326,0.0,0.0,0.0,1798.9085661733252,0.0,0.0,0.0,0.0,0.0,0.0,0.0,0.0,0.0,0.0,0.0,0.0,0.0,0.0,0.0,2077.702200897209
2012-02-11,2.21764,0.0,0.0,0.0,3645.066072389685,0.0,0.0,0.0,0.0,0.0,1855.73805145727,0.0,0.0,0.0,0.0,2925.8265919912315,0.0,0.0,0.0,0.0,0.0
2012-02-18,3.00468,0.0,0.0,0.0,3587.231523964989,0.0,0.0,0.0,0.0,0.0,0.0,0.0,0.0,0.0,0.0,0.0,0.0,2365.2593453929026,0.0,0.0,0.0
2012-02-25,2.38732,2371.190221603716,2371.190221603716,0.0,5855.108909285425,0.0,0.0,0.0,0.0,0.0,0.0,0.0,0.0,0.0,0.0,0.0,0.0,2657.8098998364994,0.0,0.0,0.0
2012-03-03,2.47816,0.0,0.0,0.0,0.0,0.0,0.0,0.0,0.0,0.0,1762.1035322173036,0.0,0.0,0.0,0.0,0.0,0.0,0.0,0.0,0.0,0.0
2012-03-10,2.01789,0.0,0.0,0.0,2153.4343054979227,0.0,0.0,0.0,0.0,0.0,0.0,0.0,0.0,0.0,0.0,0.0,0.0,0.0,0.0,0.0,0.0
2012-03-17,2.2012,0.0,0.0,0.0,0.0,0.0,0.0,0.0,0.0,0.0,0.0,0.0,0.0,0.0,0.0,0.0,0.0,0.0,0.0,0.0,0.0
2012-03-24,1.01982,0.0,0.0,0.0,0.0,0.0,0.0,0.0,0.0,0.0,0.0,0.0,0.0,0.0,0.0,0.0,0.0,0.0,0.0,0.0,0.0
2012-03-31,1.00735,0.0,0.0,0.0,0.0,0.0,0.0,0.0,0.0,0.0,0.0,0.0,0.0,0.0,0.0,0.0,0.0,2781.6823943701293,0.0,0.0,0.0
2012-04-07,0.727273,0.0,0.0,0.0,0.0,0.0,0.0,0.0,0.0,0.0,0.0,0.0,0.0,0.0,0.0,0.0,0.0,0.0,0.0,0.0,0.0
2012-04-14,0.85034,0.0,0.0,0.0,0.0,0.0,0.0,0.0,0.0,0.0,0.0,0.0,0.0,0.0,0.0,0.0,0.0,0.0,0.0,0.0,0.0
2012-04-21,0.818331,0.0,0.0,0.0,0.0,0.0,0.0,0.0,0.0,0.0,0.0,0.0,0.0,0.0,0.0,0.0,0.0,3173.58945405082,0.0,0.0,0.0
2012-04-28,0.733347,0.0,0.0,0.0,0.0,0.0,0.0,0.0,0.0,1955.1506821295152,0.0,0.0,0.0,0.0,0.0,0.0,0.0,0.0,0.0,0.0,0.0
2012-05-05,0.479781,0.0,0.0,0.0,0.0,0.0,0.0,0.0,0.0,0.0,0.0,0.0,0.0,2527.989978818764,0.0,0.0,0.0,0.0,0.0,0.0,0.0
2012-05-12,0.635209,0.0,0.0,0.0,0.0,0.0,0.0,0.0,0.0,0.0,0.0,0.0,1981.897319197414,0.0,1981.8973191974144,0.0,0.0,0.0,0.0,0.0,0.0
2012-05-19,0.670055,0.0,0.0,0.0,0.0,0.0,0.0,0.0,0.0,0.0,0.0,0.0,0.0,0.0,0.0,0.0,0.0,0.0,0.0,0.0,0.0
2012-05-26,0.528465,0.0,0.0,0.0,0.0,0.0,0.0,0.0,0.0,0.0,0.0,0.0,0.0,0.0,0.0,0.0,0.0,3057.955011943081,0.0,0.0,0.0
2012-06-02,0.542547,0.0,0.0,0.0,0.0,0.0,0.0,0.0,0.0,0.0,0.0,0.0,0.0,0.0,0.0,0.0,0.0,0.0,0.0,0.0,0.0
2012-06-09,0.49054,0.0,0.0,0.0,0.0,0.0,0.0,0.0,0.0,0.0,0.0,0.0,0.0,0.0,0.0,0.0,0.0,0.0,0.0,0.0,0.0
2012-06-16,0.0,0.0,0.0,0.0,0.0,0.0,0.0,0.0,0.0,0.0,0.0,0.0,0.0,0.0,0.0,0.0,0.0,0.0,0.0,0.0,0.0
2012-06-23,0.0,0.0,0.0,0.0,0.0,0.0,0.0,0.0,0.0,0.0,0.0,0.0,0.0,0.0,0.0,0.0,0.0,0.0,0.0,0.0,0.0
2012-06-30,0.189753,0.0,0.0,0.0,0.0,0.0,0.0,0.0,0.0,0.0,0.0,0.0,0.0,0.0,0.0,0.0,0.0,0.0,0.0,0.0,0.0
2012-07-07,0.0,0.0,0.0,0.0,0.0,0.0,2301.876283790453,0.0,0.0,0.0,0.0,0.0,0.0,0.0,0.0,0.0,0.0,0.0,0.0,0.0,0.0
2012-07-14,0.365631,0.0,0.0,0.0,0.0,0.0,0.0,0.0,0.0,0.0,0.0,0.0,0.0,0.0,0.0,0.0,0.0,0.0,0.0,0.0,0.0
2012-07-21,0.530973,0.0,0.0,0.0,0.0,0.0,0.0,0.0,0.0,0.0,0.0,0.0,0.0,0.0,0.0,0.0,0.0,0.0,0.0,0.0,0.0
2012-07-28,0.383142,0.0,0.0,0.0,0.0,0.0,0.0,0.0,0.0,0.0,0.0,0.0,0.0,0.0,0.0,0.0,0.0,0.0,0.0,0.0,0.0
2012-08-04,0.631579,0.0,0.0,0.0,0.0,0.0,0.0,0.0,0.0,0.0,0.0,0.0,0.0,0.0,0.0,0.0,0.0,0.0,0.0,0.0,0.0
2012-08-11,0.613497,0.0,0.0,0.0,0.0,2118.166971653648,0.0,0.0,0.0,0.0,0.0,0.0,0.0,0.0,0.0,0.0,0.0,0.0,0.0,0.0,0.0
2012-08-18,0.606061,2118.05926840653,2118.05926840653,0.0,0.0,0.0,0.0,0.0,0.0,0.0,2079.5994041455247,0.0,0.0,0.0,0.0,0.0,0.0,2126.8432037016228,2292.73999764782,2292.73999764782,0.0
2012-08-25,0.626305,0.0,0.0,0.0,0.0,0.0,0.0,0.0,0.0,0.0,0.0,0.0,0.0,1981.901051140528,0.0,0.0,0.0,0.0,0.0,0.0,0.0
2012-09-01,0.383877,0.0,0.0,0.0,0.0,0.0,0.0,0.0,0.0,0.0,2354.873766380603,0.0,0.0,0.0,0.0,0.0,0.0,2245.530116884933,0.0,0.0,0.0
2012-09-08,0.662252,0.0,0.0,0.0,0.0,0.0,0.0,0.0,0.0,0.0,0.0,0.0,0.0,0.0,0.0,0.0,0.0,0.0,0.0,0.0,0.0
2012-09-15,0.0,0.0,0.0,0.0,0.0,0.0,0.0,0.0,0.0,0.0,0.0,2125.952430229373,0.0,0.0,0.0,0.0,0.0,0.0,0.0,0.0,0.0
2012-09-22,0.632911,4231.434603080837,4231.434603080838,0.0,0.0,0.0,0.0,0.0,0.0,0.0,0.0,0.0,0.0,0.0,0.0,1938.9988891144235,0.0,0.0,0.0,0.0,0.0
2012-09-29,0.674536,0.0,0.0,0.0,0.0,0.0,0.0,0.0,0.0,0.0,0.0,0.0,0.0,0.0,0.0,0.0,0.0,0.0,0.0,0.0,0.0
2012-10-06,0.867285,0.0,0.0,0.0,0.0,0.0,0.0,0.0,0.0,0.0,0.0,0.0,0.0,0.0,0.0,0.0,0.0,0.0,0.0,0.0,0.0
2012-10-13,1.07613,0.0,0.0,0.0,0.0,0.0,0.0,0.0,0.0,0.0,0.0,0.0,0.0,0.0,0.0,0.0,0.0,2458.846474672731,0.0,0.0,0.0
2012-10-20,1.20384,0.0,0.0,0.0,0.0,1787.040532991571,0.0,0.0,0.0,0.0,0.0,0.0,0.0,0.0,0.0,0.0,0.0,2073.309962257613,0.0,0.0,0.0
2012-10-27,0.645552,0.0,0.0,0.0,0.0,1986.0075820207603,2132.583300963453,0.0,0.0,0.0,0.0,0.0,0.0,1786.6409291498353,0.0,0.0,0.0,1751.899640470092,0.0,0.0,0.0
2012-11-03,1.08809,0.0,0.0,0.0,0.0,0.0,2144.41098184509,0.0,0.0,0.0,0.0,0.0,0.0,0.0,0.0,0.0,0.0,0.0,0.0,0.0,0.0
2012-11-10,0.952381,0.0,0.0,0.0,0.0,0.0,0.0,0.0,0.0,0.0,0.0,0.0,0.0,0.0,0.0,0.0,0.0,0.0,0.0,0.0,0.0
2012-11-17,1.02297,0.0,0.0,0.0,0.0,0.0,0.0,0.0,0.0,0.0,0.0,0.0,0.0,0.0,0.0,0.0,0.0,0.0,0.0,0.0,0.0
2012-11-24,1.14613,1987.5289462339567,1987.5289462339567,0.0,0.0,0.0,0.0,0.0,0.0,0.0,0.0,0.0,0.0,0.0,0.0,0.0,0.0,2277.052776567619,0.0,0.0,0.0
2012-12-01,1.20015,0.0,0.0,0.0,0.0,0.0,0.0,0.0,0.0,0.0,0.0,0.0,0.0,0.0,0.0,0.0,0.0,1725.7290757831142,0.0,0.0,0.0
2012-12-08,1.28948,0.0,0.0,0.0,0.0,0.0,0.0,0.0,0.0,0.0,0.0,0.0,0.0,0.0,0.0,0.0,0.0,0.0,0.0,0.0,0.0
2012-12-15,1.27857,0.0,0.0,0.0,0.0,0.0,1641.4972634022408,0.0,0.0,0.0,0.0,0.0,0.0,0.0,0.0,0.0,0.0,0.0,0.0,0.0,0.0
2012-12-22,2.20365,2380.873726381356,2380.873726381356,2100.2751748678224,0.0,0.0,0.0,0.0,0.0,0.0,2048.3782549825287,0.0,0.0,0.0,0.0,0.0,0.0,0.0,0.0,0.0,0.0
2012-12-29,2.43493,0.0,0.0,0.0,0.0,0.0,0.0,0.0,0.0,0.0,0.0,0.0,3959.113284203266,0.0,3959.113284203266,0.0,0.0,2085.6575742697523,0.0,0.0,0.0
2013-01-05,2.32558,2561.146766400245,2561.1467664002457,0.0,0.0,2086.616005435723,1777.5039016686983,0.0,0.0,0.0,0.0,0.0,0.0,0.0,0.0,0.0,0.0,2262.6520185073928,0.0,0.0,0.0
2013-01-12,2.42227,1909.1271056316891,1909.1271056316891,0.0,0.0,4514.57121875287,2589.456742133816,0.0,0.0,1611.4598417077764,1634.9453339207664,0.0,0.0,0.0,0.0,0.0,0.0,0.0,0.0,0.0,0.0
2013-01-19,2.52996,1826.6903525578896,1826.6903525578891,0.0,0.0,1610.2603827027615,2243.248428991187,0.0,0.0,0.0,0.0,0.0,0.0,0.0,0.0,0.0,0.0,2091.497286292734,0.0,0.0,0.0
2013-01-26,2.38565,0.0,0.0,0.0,0.0,3715.020573941476,0.0,0.0,0.0,0.0,0.0,0.0,0.0,0.0,0.0,0.0,0.0,2581.1673560271665,0.0,0.0,1651.9840434792973
2013-02-02,2.63852,1665.03677186936,1665.03677186936,1814.1530185763463,0.0,1677.901921434747,0.0,0.0,0.0,0.0,0.0,0.0,0.0,0.0,0.0,0.0,0.0,1823.8412798888933,0.0,0.0,0.0
2013-02-09,2.67509,0.0,0.0,1552.268923109768,2054.8162364989457,0.0,0.0,0.0,0.0,0.0,0.0,0.0,0.0,0.0,0.0,0.0,0.0,0.0,0.0,0.0,0.0
2013-02-16,2.16933,0.0,0.0,0.0,1709.5460015042634,0.0,0.0,0.0,0.0,0.0,0.0,0.0,0.0,0.0,0.0,0.0,0.0,0.0,0.0,0.0,0.0
2013-02-23,1.76887,0.0,0.0,0.0,1750.7003737539374,0.0,0.0,0.0,0.0,0.0,0.0,0.0,0.0,0.0,0.0,0.0,0.0,0.0,0.0,0.0,0.0
2013-03-02,1.67619,0.0,0.0,0.0,1866.0292754482853,0.0,0.0,0.0,0.0,0.0,0.0,0.0,0.0,0.0,0.0,0.0,0.0,0.0,0.0,0.0,0.0
2013-03-09,1.63306,0.0,0.0,0.0,1809.517363588464,0.0,0.0,0.0,0.0,0.0,0.0,0.0,0.0,0.0,0.0,0.0,0.0,0.0,0.0,0.0,0.0
2013-03-16,1.76471,0.0,0.0,0.0,0.0,0.0,0.0,1570.1070398159895,1570.1070398159895,0.0,0.0,0.0,0.0,0.0,0.0,0.0,0.0,0.0,0.0,0.0,0.0
2013-03-23,1.5328,1482.686804129552,1482.686804129552,0.0,0.0,0.0,0.0,0.0,0.0,0.0,0.0,0.0,1539.524931301419,0.0,1539.524931301419,0.0,0.0,1939.92410137502,0.0,0.0,0.0
2013-03-30,1.52027,0.0,0.0,0.0,0.0,0.0,0.0,0.0,0.0,0.0,0.0,0.0,0.0,0.0,0.0,0.0,0.0,0.0,0.0,0.0,0.0
2013-04-06,1.08785,0.0,0.0,0.0,0.0,0.0,0.0,0.0,0.0,0.0,0.0,0.0,0.0,0.0,0.0,0.0,0.0,0.0,0.0,0.0,0.0
2013-04-13,0.969462,0.0,0.0,0.0,0.0,2024.0868095666929,0.0,0.0,0.0,0.0,0.0,0.0,0.0,0.0,0.0,0.0,0.0,0.0,0.0,0.0,0.0
2013-04-20,0.865161,0.0,0.0,0.0,0.0,0.0,0.0,0.0,0.0,0.0,0.0,0.0,0.0,0.0,0.0,0.0,0.0,2873.3184792337734,0.0,0.0,0.0
2013-04-27,0.718664,0.0,0.0,0.0,0.0,0.0,0.0,0.0,0.0,0.0,0.0,0.0,0.0,0.0,0.0,0.0,0.0,0.0,0.0,0.0,0.0
2013-05-04,0.725655,0.0,0.0,0.0,0.0,0.0,0.0,0.0,0.0,0.0,1505.7052462189345,0.0,0.0,0.0,0.0,0.0,0.0,0.0,0.0,0.0,0.0
2013-05-11,0.371058,0.0,0.0,1935.4888008823011,0.0,0.0,0.0,0.0,0.0,0.0,0.0,0.0,0.0,0.0,0.0,0.0,0.0,0.0,0.0,0.0,0.0
2013-05-18,0.142959,0.0,0.0,0.0,0.0,0.0,0.0,0.0,0.0,0.0,0.0,0.0,0.0,0.0,0.0,0.0,0.0,0.0,0.0,0.0,0.0
2013-05-25,0.0256937,0.0,0.0,0.0,0.0,0.0,0.0,0.0,0.0,0.0,0.0,0.0,0.0,0.0,0.0,0.0,0.0,0.0,0.0,0.0,0.0
2013-06-01,0.0879765,0.0,0.0,0.0,0.0,0.0,0.0,0.0,0.0,0.0,0.0,0.0,0.0,0.0,0.0,0.0,0.0,0.0,0.0,0.0,0.0
2013-06-08,0.0492126,0.0,0.0,0.0,0.0,0.0,0.0,0.0,0.0,0.0,0.0,0.0,0.0,0.0,0.0,0.0,0.0,0.0,0.0,0.0,0.0
2013-06-15,0.0,0.0,0.0,0.0,0.0,0.0,0.0,0.0,0.0,0.0,0.0,0.0,0.0,0.0,0.0,0.0,0.0,0.0,0.0,0.0,0.0
2013-06-22,0.222717,0.0,0.0,0.0,0.0,0.0,2465.8252812721216,0.0,0.0,0.0,0.0,0.0,0.0,0.0,0.0,0.0,0.0,0.0,0.0,0.0,0.0
2013-06-29,0.515464,0.0,0.0,0.0,0.0,0.0,0.0,0.0,0.0,0.0,0.0,0.0,0.0,0.0,0.0,0.0,0.0,0.0,0.0,0.0,0.0
2013-07-06,0.172117,0.0,0.0,0.0,0.0,0.0,0.0,0.0,0.0,0.0,0.0,0.0,0.0,0.0,0.0,0.0,0.0,0.0,0.0,0.0,0.0
2013-07-13,0.0,0.0,0.0,0.0,0.0,0.0,0.0,0.0,0.0,0.0,0.0,0.0,0.0,1916.0786049236103,0.0,0.0,0.0,0.0,0.0,0.0,0.0
2013-07-20,0.19685,0.0,0.0,0.0,0.0,0.0,0.0,0.0,0.0,0.0,0.0,0.0,0.0,1906.3253658408044,0.0,0.0,0.0,0.0,0.0,0.0,0.0
2013-07-27,0.19685,0.0,0.0,0.0,0.0,0.0,0.0,0.0,0.0,0.0,0.0,0.0,0.0,0.0,0.0,0.0,0.0,0.0,0.0,0.0,0.0
2013-08-03,0.0,0.0,0.0,0.0,2306.115059795153,0.0,0.0,0.0,0.0,0.0,0.0,0.0,0.0,0.0,0.0,0.0,0.0,0.0,0.0,0.0,0.0
2013-08-10,0.179211,0.0,0.0,0.0,0.0,0.0,0.0,0.0,0.0,0.0,0.0,0.0,0.0,0.0,0.0,0.0,0.0,0.0,0.0,0.0,0.0
2013-08-17,0.327869,0.0,0.0,0.0,0.0,0.0,0.0,0.0,0.0,0.0,0.0,0.0,0.0,0.0,0.0,0.0,0.0,0.0,0.0,0.0,0.0
2013-08-24,0.177936,0.0,0.0,0.0,0.0,0.0,0.0,0.0,0.0,0.0,0.0,0.0,0.0,0.0,0.0,0.0,0.0,0.0,0.0,0.0,0.0
2013-08-31,0.527241,0.0,0.0,0.0,0.0,0.0,0.0,0.0,0.0,0.0,0.0,0.0,0.0,0.0,0.0,0.0,0.0,0.0,0.0,0.0,0.0
2013-09-07,0.954198,0.0,0.0,0.0,0.0,0.0,0.0,0.0,0.0,0.0,0.0,0.0,0.0,0.0,0.0,0.0,0.0,2393.393572729851,0.0,0.0,0.0
2013-09-14,0.172414,0.0,0.0,0.0,0.0,0.0,0.0,0.0,0.0,0.0,1951.311378544156,0.0,0.0,0.0,0.0,0.0,0.0,0.0,0.0,0.0,0.0
2013-09-21,0.515274,0.0,0.0,0.0,0.0,0.0,0.0,0.0,0.0,0.0,0.0,0.0,0.0,0.0,0.0,0.0,0.0,0.0,0.0,0.0,0.0
2013-09-28,0.601323,0.0,0.0,0.0,0.0,0.0,0.0,0.0,0.0,0.0,0.0,0.0,0.0,0.0,0.0,0.0,0.0,0.0,0.0,0.0,0.0
2013-10-05,0.672156,0.0,0.0,0.0,0.0,0.0,0.0,0.0,0.0,0.0,0.0,0.0,0.0,0.0,0.0,0.0,0.0,2224.508516264329,0.0,0.0,0.0
2013-10-12,0.938385,0.0,0.0,0.0,0.0,0.0,0.0,0.0,0.0,0.0,0.0,0.0,0.0,0.0,0.0,0.0,1965.541614751592,0.0,0.0,0.0,0.0
2013-10-19,0.586354,0.0,0.0,0.0,0.0,1474.746208688677,0.0,0.0,0.0,0.0,0.0,0.0,0.0,0.0,0.0,0.0,0.0,0.0,0.0,0.0,0.0
2013-10-26,0.587293,0.0,0.0,0.0,0.0,0.0,0.0,0.0,0.0,0.0,0.0,0.0,0.0,0.0,0.0,1514.3171268536782,0.0,0.0,0.0,0.0,0.0
2013-11-02,0.709478,0.0,0.0,0.0,0.0,0.0,0.0,2417.869580681189,2417.869580681189,0.0,0.0,0.0,0.0,0.0,0.0,0.0,0.0,0.0,0.0,0.0,0.0
2013-11-09,0.889713,0.0,0.0,0.0,0.0,0.0,0.0,0.0,0.0,0.0,0.0,0.0,0.0,0.0,0.0,0.0,0.0,0.0,0.0,0.0,0.0
2013-11-16,1.10861,0.0,0.0,0.0,0.0,2430.58801060082,0.0,0.0,0.0,0.0,0.0,0.0,0.0,0.0,0.0,0.0,0.0,0.0,0.0,0.0,0.0
2013-11-23,0.879909,0.0,0.0,0.0,0.0,0.0,0.0,0.0,0.0,0.0,0.0,0.0,0.0,0.0,0.0,0.0,0.0,1873.2717819354723,0.0,0.0,0.0
2013-11-30,1.37978,1604.771776166877,1604.771776166877,0.0,0.0,0.0,0.0,0.0,0.0,0.0,1658.731137420891,0.0,0.0,0.0,0.0,0.0,0.0,1536.99227369626,0.0,0.0,0.0
2013-12-07,1.16938,0.0,0.0,0.0,0.0,1387.488518403234,0.0,0.0,0.0,0.0,0.0,0.0,0.0,0.0,0.0,0.0,0.0,0.0,0.0,0.0,0.0
2013-12-14,1.06713,0.0,0.0,0.0,0.0,0.0,0.0,0.0,0.0,0.0,0.0,0.0,0.0,0.0,0.0,0.0,0.0,1669.998238818488,0.0,0.0,0.0
2013-12-21,1.51089,0.0,0.0,0.0,0.0,0.0,0.0,0.0,0.0,0.0,0.0,0.0,0.0,0.0,0.0,0.0,0.0,1506.6653864808038,0.0,0.0,1607.482659690807
2013-12-28,2.21993,0.0,0.0,0.0,0.0,0.0,0.0,0.0,0.0,0.0,0.0,0.0,0.0,0.0,0.0,0.0,0.0,1845.338875050899,0.0,0.0,0.0
2014-01-04,2.19493,0.0,0.0,0.0,0.0,0.0,1517.2170914251546,0.0,0.0,0.0,1519.550690069899,0.0,1468.7383170672374,0.0,1468.738317067237,0.0,0.0,2313.2583974567497,0.0,0.0,0.0
2014-01-11,2.27707,0.0,0.0,0.0,0.0,1363.60841275906,2156.574055016275,0.0,0.0,0.0,0.0,0.0,0.0,0.0,0.0,0.0,0.0,1738.3522276821404,0.0,0.0,0.0
2014-01-18,1.72071,0.0,0.0,0.0,0.0,0.0,0.0,0.0,0.0,0.0,0.0,0.0,0.0,0.0,0.0,0.0,0.0,2113.011158524619,0.0,0.0,0.0
2014-01-25,1.90963,0.0,0.0,0.0,0.0,0.0,0.0,0.0,0.0,0.0,0.0,0.0,0.0,0.0,0.0,0.0,0.0,3219.9333627041183,0.0,0.0,0.0
2014-02-01,2.2584,1400.9488038435468,1400.948803843546,0.0,1378.7752173733531,0.0,1721.594800044692,0.0,0.0,0.0,0.0,0.0,0.0,0.0,0.0,0.0,1474.2118781520503,0.0,0.0,0.0,0.0
2014-02-08,1.97139,0.0,0.0,0.0,1394.4914558211317,0.0,0.0,0.0,0.0,0.0,0.0,0.0,0.0,0.0,0.0,0.0,0.0,2896.098331373284,0.0,0.0,0.0
2014-02-15,1.9942,0.0,0.0,0.0,1990.585981005573,0.0,0.0,0.0,0.0,0.0,0.0,0.0,0.0,0.0,0.0,0.0,0.0,0.0,0.0,0.0,0.0
2014-02-22,1.83036,0.0,0.0,0.0,1566.6524369078695,0.0,0.0,0.0,0.0,0.0,0.0,0.0,0.0,0.0,0.0,0.0,0.0,1314.8850305021856,0.0,0.0,0.0
2014-03-01,1.52961,0.0,0.0,0.0,0.0,0.0,0.0,0.0,0.0,0.0,1466.9661716288674,0.0,0.0,0.0,0.0,0.0,0.0,1447.9679400438397,0.0,0.0,0.0
2014-03-08,2.00293,0.0,0.0,0.0,2013.244080791108,0.0,0.0,0.0,0.0,0.0,0.0,0.0,0.0,0.0,0.0,0.0,0.0,0.0,0.0,0.0,0.0
2014-03-15,1.07623,0.0,0.0,0.0,0.0,0.0,0.0,0.0,0.0,0.0,0.0,0.0,0.0,0.0,0.0,0.0,0.0,1562.9110343681707,0.0,0.0,0.0
2014-03-22,0.899719,0.0,0.0,0.0,0.0,0.0,0.0,0.0,0.0,0.0,0.0,0.0,0.0,0.0,0.0,0.0,0.0,1383.5075353672732,0.0,0.0,0.0
2014-03-29,0.990268,1285.3381329140182,1285.338132914018,0.0,0.0,0.0,0.0,0.0,0.0,0.0,0.0,0.0,0.0,0.0,0.0,0.0,0.0,1694.142603128034,0.0,0.0,0.0
2014-04-05,0.845706,0.0,0.0,0.0,0.0,1432.8587734566206,0.0,0.0,0.0,0.0,0.0,0.0,0.0,0.0,0.0,0.0,0.0,1462.2100066478995,1396.3143119878664,1396.3143119878664,0.0
2014-04-12,0.925401,0.0,0.0,0.0,0.0,0.0,0.0,0.0,0.0,0.0,0.0,0.0,0.0,0.0,0.0,0.0,0.0,0.0,0.0,0.0,0.0
2014-04-19,0.799128,0.0,0.0,0.0,0.0,0.0,0.0,0.0,0.0,0.0,0.0,0.0,0.0,0.0,0.0,0.0,0.0,0.0,0.0,0.0,0.0
2014-04-26,1.02382,0.0,0.0,0.0,0.0,0.0,0.0,0.0,0.0,0.0,0.0,0.0,0.0,0.0,0.0,0.0,0.0,0.0,0.0,0.0,0.0
2014-05-03,0.9328,0.0,0.0,0.0,0.0,0.0,0.0,0.0,0.0,0.0,0.0,0.0,0.0,0.0,0.0,0.0,0.0,0.0,0.0,0.0,1325.1485924341812
2014-05-10,1.41674,0.0,0.0,0.0,0.0,0.0,0.0,0.0,0.0,0.0,0.0,0.0,0.0,0.0,0.0,0.0,0.0,0.0,0.0,0.0,0.0
2014-05-17,1.03228,0.0,0.0,0.0,0.0,0.0,0.0,0.0,0.0,0.0,1424.2831875459606,0.0,0.0,0.0,0.0,0.0,0.0,0.0,0.0,0.0,0.0
2014-05-24,0.779365,0.0,0.0,0.0,0.0,0.0,0.0,0.0,0.0,0.0,0.0,0.0,0.0,0.0,0.0,0.0,0.0,0.0,0.0,0.0,0.0
2014-05-31,0.792317,0.0,0.0,0.0,0.0,0.0,0.0,0.0,0.0,0.0,0.0,0.0,0.0,0.0,0.0,0.0,0.0,0.0,0.0,0.0,0.0
2014-06-07,0.44287,0.0,0.0,0.0,0.0,0.0,0.0,0.0,0.0,0.0,0.0,0.0,0.0,0.0,0.0,0.0,0.0,3821.355507547138,0.0,0.0,0.0
2014-06-14,0.636402,0.0,0.0,0.0,0.0,0.0,0.0,0.0,0.0,0.0,0.0,0.0,0.0,0.0,0.0,1768.918562888662,0.0,0.0,0.0,0.0,0.0
2014-06-21,0.46786,0.0,0.0,0.0,0.0,0.0,0.0,0.0,0.0,0.0,0.0,0.0,0.0,0.0,0.0,0.0,0.0,0.0,0.0,0.0,0.0
2014-06-28,0.715252,0.0,0.0,0.0,0.0,0.0,0.0,0.0,0.0,0.0,0.0,0.0,0.0,0.0,0.0,0.0,0.0,0.0,0.0,0.0,0.0
2014-07-05,0.304378,0.0,0.0,0.0,0.0,0.0,0.0,0.0,0.0,0.0,0.0,0.0,0.0,0.0,0.0,0.0,0.0,0.0,0.0,0.0,0.0
2014-07-12,0.485044,0.0,0.0,0.0,0.0,0.0,0.0,0.0,0.0,0.0,0.0,0.0,0.0,0.0,0.0,0.0,0.0,0.0,0.0,0.0,0.0
2014-07-19,0.426605,0.0,0.0,0.0,0.0,0.0,0.0,0.0,0.0,0.0,0.0,0.0,0.0,0.0,0.0,0.0,0.0,0.0,0.0,0.0,0.0
2014-07-26,0.720034,0.0,0.0,2755.215547544393,0.0,0.0,0.0,0.0,0.0,0.0,0.0,0.0,0.0,0.0,0.0,0.0,0.0,0.0,0.0,0.0,0.0
2014-08-02,0.538933,0.0,0.0,0.0,0.0,0.0,0.0,0.0,0.0,0.0,0.0,0.0,0.0,0.0,0.0,0.0,0.0,0.0,0.0,0.0,0.0
2014-08-09,0.61127,0.0,0.0,0.0,0.0,0.0,0.0,0.0,0.0,0.0,1816.8694641750728,0.0,0.0,0.0,0.0,0.0,0.0,0.0,0.0,0.0,0.0
2014-08-16,0.550426,1880.4004873834772,1880.4004873834767,0.0,0.0,0.0,0.0,0.0,0.0,0.0,0.0,0.0,0.0,0.0,0.0,0.0,0.0,2409.5404704316466,0.0,0.0,0.0
2014-08-23,0.61479,0.0,0.0,0.0,0.0,0.0,0.0,0.0,0.0,0.0,0.0,0.0,0.0,0.0,0.0,0.0,0.0,0.0,0.0,0.0,1897.5188039156808
2014-08-30,0.629746,0.0,0.0,0.0,0.0,0.0,0.0,0.0,0.0,0.0,0.0,0.0,0.0,0.0,0.0,0.0,0.0,0.0,0.0,0.0,0.0
2014-09-06,0.777568,0.0,0.0,0.0,0.0,0.0,0.0,0.0,0.0,0.0,2543.540760503144,0.0,0.0,0.0,0.0,0.0,0.0,0.0,0.0,0.0,0.0
2014-09-13,0.766363,0.0,0.0,0.0,0.0,0.0,0.0,0.0,0.0,0.0,0.0,0.0,0.0,0.0,0.0,0.0,0.0,1543.9553627293135,0.0,0.0,0.0
2014-09-20,0.668392,0.0,0.0,0.0,0.0,0.0,0.0,0.0,0.0,0.0,0.0,0.0,0.0,0.0,0.0,0.0,3485.644120065289,0.0,0.0,0.0,0.0
2014-09-27,0.729108,0.0,0.0,0.0,0.0,0.0,0.0,0.0,0.0,0.0,0.0,0.0,0.0,0.0,0.0,0.0,0.0,0.0,0.0,0.0,0.0
2014-10-04,0.820531,0.0,0.0,0.0,0.0,0.0,0.0,0.0,0.0,0.0,0.0,0.0,0.0,0.0,0.0,0.0,0.0,3741.2720608066215,0.0,0.0,0.0
2014-10-11,0.781793,0.0,0.0,0.0,0.0,0.0,0.0,0.0,0.0,0.0,0.0,0.0,0.0,0.0,0.0,0.0,0.0,1868.0981663587647,0.0,0.0,0.0
2014-10-18,0.844231,0.0,0.0,0.0,0.0,0.0,0.0,0.0,0.0,0.0,0.0,0.0,0.0,0.0,0.0,0.0,0.0,1600.0760450840892,0.0,0.0,0.0
2014-10-25,1.0968,0.0,0.0,0.0,0.0,0.0,0.0,0.0,0.0,0.0,0.0,0.0,0.0,0.0,0.0,0.0,0.0,2003.8191105743365,0.0,0.0,0.0
2014-11-01,0.70514,0.0,0.0,0.0,0.0,0.0,0.0,0.0,0.0,0.0,0.0,0.0,0.0,0.0,0.0,0.0,0.0,1877.8251670701263,0.0,0.0,0.0
2014-11-08,0.886767,1385.9398182084572,1385.9398182084574,0.0,0.0,0.0,0.0,0.0,0.0,0.0,1363.9393613431075,0.0,0.0,0.0,0.0,0.0,0.0,1598.2279173914703,0.0,0.0,0.0
2014-11-15,0.80292,0.0,0.0,0.0,0.0,0.0,0.0,0.0,0.0,0.0,0.0,0.0,0.0,0.0,0.0,0.0,0.0,0.0,0.0,0.0,0.0
2014-11-22,1.05989,0.0,0.0,0.0,0.0,0.0,0.0,0.0,0.0,1655.8211423483856,0.0,0.0,0.0,0.0,0.0,0.0,0.0,4238.902235045267,0.0,0.0,0.0
2014-11-29,0.988986,0.0,0.0,0.0,0.0,0.0,0.0,0.0,0.0,0.0,0.0,0.0,0.0,0.0,0.0,0.0,0.0,2307.448754077488,0.0,0.0,0.0
2014-12-06,0.865434,0.0,0.0,0.0,0.0,0.0,1443.6541462472096,0.0,0.0,0.0,0.0,1564.0511412367084,0.0,0.0,0.0,0.0,0.0,1426.961108093707,0.0,0.0,0.0
2014-12-13,1.4311,0.0,0.0,0.0,0.0,0.0,0.0,0.0,0.0,0.0,0.0,1349.125786585768,0.0,0.0,0.0,0.0,0.0,0.0,0.0,0.0,0.0
2014-12-20,1.84594,1810.3992782510088,1810.399278251008,0.0,1499.7051431354537,0.0,0.0,0.0,0.0,0.0,0.0,0.0,0.0,0.0,0.0,0.0,0.0,0.0,0.0,0.0,0.0
2014-12-27,3.01887,2724.4827954257817,2724.4827954257817,0.0,0.0,0.0,1984.1726658396176,0.0,0.0,0.0,0.0,0.0,1794.830595982053,0.0,1794.830595982053,0.0,0.0,2043.190702367572,0.0,0.0,0.0
2015-01-03,2.82456,7576.952630908117,7576.952630908117,4241.433219109113,0.0,2249.8770147366045,2273.6709799942514,0.0,0.0,0.0,2002.187975397484,0.0,0.0,0.0,0.0,0.0,1622.3682484935528,2153.822239544705,0.0,0.0,0.0
2015-01-10,2.52855,2526.2435575725053,2526.243557572505,2610.798945389396,1341.4216237393534,2322.6054291486253,2177.525670477123,0.0,0.0,0.0,0.0,0.0,0.0,0.0,0.0,0.0,1769.3758953015576,1519.9799560259169,0.0,0.0,0.0
2015-01-17,3.21231,5289.577728226871,5289.57772822687,4175.490558878717,1566.5328915761984,2678.947391010369,1308.3959779961274,0.0,0.0,0.0,0.0,0.0,0.0,0.0,0.0,1291.7788541534503,0.0,1601.5731044850595,0.0,0.0,0.0
2015-01-24,3.34881,4432.202283482262,4432.202283482263,4527.782947078845,0.0,1798.1820337702352,0.0,0.0,0.0,0.0,1307.209539240168,0.0,0.0,0.0,0.0,1784.1164663086497,0.0,1595.36105193076,0.0,0.0,0.0
2015-01-31,2.33674,3753.55250380153,3753.55250380153,2060.0658515071764,1555.607369833373,2832.0577719804483,1423.6900810678055,0.0,0.0,0.0,0.0,0.0,0.0,0.0,0.0,0.0,0.0,0.0,0.0,0.0,1431.9255592695258
2015-02-07,2.15794,0.0,0.0,0.0,0.0,0.0,0.0,0.0,0.0,0.0,1633.9086223962247,0.0,0.0,0.0,0.0,0.0,0.0,1944.5887437486583,0.0,0.0,0.0
2015-02-14,2.36007,0.0,0.0,1563.480546508039,0.0,0.0,0.0,0.0,0.0,0.0,0.0,0.0,0.0,0.0,0.0,0.0,0.0,1947.0148542497973,0.0,0.0,0.0
2015-02-21,1.87772,0.0,0.0,2105.948916671,1998.7671458848608,0.0,0.0,0.0,0.0,0.0,0.0,0.0,0.0,0.0,0.0,0.0,0.0,2407.8632739635927,0.0,0.0,0.0
2015-02-28,1.9298,0.0,0.0,1764.848940701266,2074.399402015047,1306.6629188543686,0.0,0.0,0.0,0.0,0.0,0.0,0.0,0.0,0.0,0.0,0.0,3965.182925314399,0.0,0.0,0.0
2015-03-07,1.68624,0.0,0.0,0.0,0.0,1733.1974110590063,0.0,0.0,0.0,0.0,2469.6624537697826,0.0,0.0,0.0,0.0,0.0,0.0,1817.6853635975228,0.0,0.0,0.0
2015-03-14,1.51797,0.0,0.0,0.0,0.0,0.0,0.0,0.0,0.0,0.0,2033.9067227389069,0.0,0.0,0.0,0.0,0.0,0.0,1833.64249439298,0.0,0.0,0.0
2015-03-21,1.13311,0.0,0.0,0.0,0.0,0.0,0.0,0.0,0.0,0.0,0.0,0.0,0.0,0.0,0.0,0.0,0.0,1403.9195361368077,0.0,0.0,0.0
2015-03-28,1.44533,0.0,0.0,0.0,0.0,0.0,0.0,0.0,0.0,0.0,0.0,0.0,0.0,0.0,0.0,0.0,0.0,2125.152096253171,0.0,0.0,0.0
2015-04-04,1.40903,0.0,0.0,0.0,0.0,0.0,0.0,0.0,0.0,0.0,0.0,0.0,0.0,0.0,0.0,0.0,0.0,0.0,0.0,0.0,0.0
2015-04-11,1.05526,0.0,0.0,0.0,0.0,0.0,1482.9611617706926,0.0,0.0,0.0,0.0,0.0,0.0,0.0,0.0,0.0,0.0,1845.4657398784257,0.0,0.0,0.0
2015-04-18,1.0287,0.0,0.0,0.0,0.0,0.0,0.0,0.0,0.0,0.0,0.0,0.0,0.0,0.0,0.0,0.0,0.0,0.0,0.0,0.0,0.0
2015-04-25,1.01868,0.0,0.0,0.0,0.0,0.0,0.0,0.0,0.0,0.0,0.0,0.0,0.0,0.0,0.0,0.0,0.0,0.0,0.0,0.0,0.0
2015-05-02,0.991005,0.0,0.0,0.0,0.0,0.0,0.0,0.0,0.0,0.0,0.0,0.0,0.0,0.0,0.0,0.0,0.0,2334.4579741822786,0.0,0.0,0.0
2015-05-09,0.630613,0.0,0.0,0.0,0.0,0.0,0.0,0.0,0.0,0.0,0.0,0.0,0.0,0.0,0.0,0.0,0.0,0.0,1643.1823425789726,1643.1823425789726,0.0
2015-05-16,0.548619,0.0,0.0,0.0,0.0,0.0,0.0,0.0,0.0,0.0,0.0,0.0,0.0,0.0,0.0,0.0,0.0,0.0,0.0,0.0,0.0
2015-05-23,0.589787,0.0,0.0,0.0,0.0,0.0,0.0,0.0,0.0,0.0,0.0,0.0,0.0,0.0,0.0,0.0,0.0,0.0,0.0,0.0,0.0
2015-05-30,0.506639,0.0,0.0,0.0,0.0,0.0,0.0,0.0,0.0,0.0,0.0,0.0,0.0,0.0,0.0,1807.54845435784,0.0,0.0,0.0,0.0,0.0
2015-06-06,0.707034,0.0,0.0,2090.5779487084587,0.0,0.0,0.0,0.0,0.0,0.0,0.0,0.0,0.0,0.0,0.0,0.0,0.0,0.0,0.0,0.0,0.0
2015-06-13,0.576959,0.0,0.0,0.0,0.0,0.0,0.0,0.0,0.0,0.0,0.0,0.0,0.0,0.0,0.0,0.0,0.0,0.0,0.0,0.0,0.0
2015-06-20,0.376614,0.0,0.0,0.0,0.0,0.0,0.0,0.0,0.0,0.0,0.0,0.0,0.0,0.0,0.0,0.0,0.0,0.0,0.0,0.0,0.0
2015-06-27,0.553097,0.0,0.0,0.0,0.0,0.0,0.0,0.0,0.0,0.0,0.0,0.0,0.0,0.0,0.0,0.0,0.0,0.0,0.0,0.0,0.0
2015-07-04,0.977836,0.0,0.0,0.0,0.0,0.0,0.0,0.0,0.0,0.0,0.0,0.0,0.0,0.0,0.0,0.0,0.0,2003.4460900819524,0.0,0.0,0.0
2015-07-11,0.578574,0.0,0.0,0.0,0.0,0.0,0.0,0.0,0.0,0.0,0.0,0.0,0.0,0.0,0.0,0.0,0.0,0.0,0.0,0.0,0.0
2015-07-18,0.653717,0.0,0.0,0.0,0.0,0.0,0.0,0.0,0.0,0.0,0.0,0.0,0.0,0.0,0.0,0.0,0.0,3709.259575983468,0.0,0.0,0.0
2015-07-25,0.576488,0.0,0.0,0.0,0.0,0.0,0.0,0.0,0.0,0.0,0.0,0.0,0.0,0.0,0.0,0.0,0.0,0.0,0.0,0.0,0.0
2015-08-01,0.520729,0.0,0.0,0.0,0.0,0.0,0.0,0.0,0.0,0.0,0.0,0.0,0.0,0.0,0.0,0.0,0.0,0.0,0.0,0.0,0.0
2015-08-08,0.525465,0.0,0.0,0.0,0.0,0.0,0.0,0.0,0.0,0.0,0.0,0.0,0.0,0.0,0.0,0.0,0.0,0.0,0.0,0.0,0.0
2015-08-15,0.568855,0.0,0.0,0.0,0.0,0.0,0.0,0.0,0.0,0.0,0.0,0.0,0.0,0.0,0.0,0.0,0.0,0.0,0.0,0.0,0.0
2015-08-22,0.541176,0.0,0.0,0.0,0.0,0.0,0.0,0.0,0.0,0.0,0.0,0.0,0.0,0.0,0.0,0.0,0.0,1804.6859742860504,0.0,0.0,0.0
2015-08-29,0.892374,0.0,0.0,0.0,0.0,0.0,0.0,0.0,0.0,0.0,0.0,0.0,0.0,0.0,0.0,0.0,0.0,0.0,0.0,0.0,0.0
2015-09-05,0.601464,0.0,0.0,0.0,0.0,0.0,0.0,0.0,0.0,0.0,0.0,0.0,0.0,0.0,0.0,0.0,0.0,0.0,0.0,0.0,0.0
2015-09-12,0.816565,0.0,0.0,0.0,0.0,0.0,0.0,0.0,0.0,0.0,0.0,0.0,0.0,0.0,0.0,0.0,0.0,0.0,0.0,0.0,0.0
2015-09-19,0.584795,0.0,0.0,0.0,0.0,0.0,0.0,0.0,0.0,0.0,0.0,0.0,0.0,0.0,0.0,0.0,0.0,1984.551461198788,0.0,0.0,0.0
2015-09-26,0.204082,0.0,0.0,0.0,0.0,0.0,0.0,0.0,0.0,0.0,0.0,0.0,0.0,0.0,0.0,0.0,0.0,1477.9900462411424,0.0,0.0,0.0
2015-10-03,0.34662,0.0,0.0,0.0,0.0,0.0,0.0,0.0,0.0,0.0,0.0,0.0,0.0,0.0,0.0,0.0,0.0,0.0,0.0,0.0,0.0
2015-10-10,0.981962,0.0,0.0,0.0,0.0,0.0,0.0,0.0,0.0,0.0,0.0,0.0,0.0,0.0,0.0,0.0,0.0,1528.3984312738276,0.0,0.0,0.0
2015-10-17,0.928495,0.0,0.0,0.0,0.0,0.0,0.0,0.0,0.0,0.0,0.0,0.0,0.0,0.0,0.0,0.0,0.0,0.0,0.0,0.0,0.0
2015-10-24,0.818172,0.0,0.0,0.0,0.0,0.0,0.0,0.0,0.0,0.0,0.0,0.0,0.0,0.0,0.0,0.0,0.0,1917.5223566060488,0.0,0.0,0.0
2015-10-31,1.01793,0.0,0.0,0.0,0.0,0.0,0.0,0.0,0.0,0.0,1556.679351149682,0.0,0.0,0.0,0.0,0.0,0.0,0.0,0.0,0.0,0.0
2015-11-07,1.20166,0.0,0.0,0.0,0.0,0.0,0.0,0.0,0.0,0.0,0.0,0.0,0.0,0.0,0.0,0.0,0.0,2953.7949738051598,0.0,0.0,0.0
2015-11-14,1.09203,0.0,0.0,0.0,0.0,0.0,0.0,0.0,0.0,0.0,0.0,0.0,0.0,0.0,0.0,0.0,0.0,0.0,0.0,0.0,0.0
2015-11-21,1.05796,0.0,0.0,0.0,0.0,0.0,0.0,0.0,0.0,0.0,0.0,0.0,0.0,0.0,0.0,1283.0206281281069,0.0,1658.179802788,0.0,0.0,0.0
2015-11-28,1.50154,1505.5415070855504,1505.5415070855504,0.0,0.0,0.0,0.0,0.0,0.0,0.0,0.0,0.0,0.0,1738.6198100599368,0.0,0.0,0.0,0.0,0.0,0.0,0.0
2015-12-05,1.21327,0.0,0.0,0.0,0.0,0.0,0.0,0.0,0.0,0.0,0.0,0.0,0.0,0.0,0.0,0.0,0.0,2750.6755778563597,0.0,0.0,0.0
2015-12-12,1.22345,0.0,0.0,0.0,0.0,0.0,0.0,0.0,0.0,0.0,0.0,0.0,0.0,0.0,0.0,0.0,1387.9424163371411,0.0,0.0,0.0,0.0
2015-12-19,1.36701,0.0,0.0,0.0,0.0,0.0,0.0,0.0,0.0,0.0,0.0,0.0,0.0,0.0,0.0,0.0,0.0,0.0,0.0,0.0,0.0
2015-12-26,1.75747,0.0,0.0,0.0,0.0,0.0,0.0,0.0,0.0,0.0,0.0,0.0,0.0,0.0,0.0,0.0,1834.9356220619468,0.0,0.0,0.0,0.0
2016-01-02,1.4567,0.0,0.0,0.0,0.0,0.0,0.0,0.0,0.0,0.0,0.0,0.0,0.0,0.0,0.0,0.0,0.0,0.0,0.0,0.0,0.0
2016-01-09,1.50217,0.0,0.0,0.0,0.0,916.9768882882568,0.0,0.0,0.0,0.0,0.0,0.0,0.0,877.5101161462652,0.0,0.0,0.0,979.1300883594896,0.0,0.0,0.0
2016-01-16,1.5884,0.0,0.0,0.0,0.0,0.0,0.0,0.0,0.0,0.0,0.0,0.0,0.0,0.0,0.0,0.0,0.0,1288.206308669738,0.0,0.0,0.0
2016-01-23,1.84008,989.8811498797515,989.8811498797515,0.0,3019.0652062644285,0.0,0.0,0.0,0.0,0.0,0.0,0.0,0.0,0.0,0.0,1002.906001456358,0.0,2156.299904893981,0.0,0.0,0.0
2016-01-30,1.59929,0.0,0.0,0.0,2101.018022477208,0.0,0.0,0.0,0.0,0.0,0.0,0.0,0.0,0.0,0.0,0.0,0.0,0.0,0.0,0.0,0.0
2016-02-06,2.06847,0.0,0.0,0.0,1104.1494408895717,0.0,0.0,0.0,0.0,0.0,0.0,0.0,0.0,0.0,0.0,0.0,0.0,0.0,0.0,0.0,0.0
2016-02-13,2.9212,0.0,0.0,0.0,0.0,0.0,0.0,0.0,0.0,0.0,0.0,0.0,0.0,0.0,0.0,0.0,1740.1075897040632,1049.065800914457,0.0,0.0,0.0
2016-02-20,2.56379,0.0,0.0,0.0,2079.2187365194964,0.0,0.0,0.0,0.0,0.0,0.0,0.0,0.0,0.0,0.0,0.0,0.0,2065.785172635503,0.0,0.0,0.0
2016-02-27,2.42168,0.0,0.0,0.0,1698.2702674623952,0.0,0.0,0.0,0.0,0.0,0.0,0.0,0.0,0.0,0.0,0.0,0.0,1884.3531232744945,0.0,0.0,0.0
2016-03-05,2.11684,0.0,0.0,0.0,1853.7476020094543,0.0,0.0,0.0,0.0,0.0,1800.4882336253663,0.0,0.0,0.0,0.0,0.0,0.0,0.0,0.0,0.0,0.0
2016-03-12,2.49142,0.0,0.0,0.0,1979.178050005201,0.0,0.0,0.0,0.0,0.0,1830.333449813165,0.0,0.0,0.0,0.0,0.0,0.0,1288.1822916473805,0.0,0.0,0.0
2016-03-19,1.92438,1588.6854502287408,1588.6854502287406,0.0,0.0,0.0,0.0,0.0,0.0,0.0,0.0,0.0,0.0,0.0,0.0,0.0,0.0,2357.999028840023,0.0,0.0,0.0
2016-03-26,2.1174,0.0,0.0,1128.1557066181626,0.0,0.0,0.0,0.0,0.0,0.0,1592.4683821446013,0.0,0.0,0.0,0.0,0.0,0.0,1382.6885697860894,0.0,0.0,0.0
2016-04-02,1.78571,1086.9171724039002,1086.9171724039002,0.0,0.0,0.0,0.0,0.0,0.0,0.0,0.0,0.0,0.0,0.0,0.0,0.0,0.0,0.0,0.0,0.0,0.0
2016-04-09,1.69799,0.0,0.0,0.0,0.0,0.0,0.0,0.0,0.0,0.0,0.0,0.0,0.0,0.0,0.0,0.0,0.0,1316.7172156826716,0.0,0.0,0.0
2016-04-16,1.66091,0.0,0.0,0.0,0.0,0.0,0.0,0.0,0.0,0.0,0.0,0.0,0.0,0.0,0.0,0.0,0.0,1492.9504768279269,0.0,0.0,0.0
2016-04-23,1.41355,0.0,0.0,0.0,0.0,0.0,0.0,0.0,0.0,0.0,0.0,0.0,0.0,0.0,0.0,0.0,0.0,1261.701988008699,0.0,0.0,0.0
2016-04-30,1.17495,0.0,0.0,0.0,0.0,0.0,0.0,0.0,0.0,0.0,0.0,0.0,0.0,0.0,0.0,0.0,0.0,0.0,0.0,0.0,0.0
2016-05-07,1.11691,0.0,0.0,0.0,0.0,0.0,0.0,0.0,0.0,0.0,0.0,0.0,0.0,0.0,0.0,1696.9921879028311,0.0,0.0,0.0,0.0,0.0
2016-05-14,1.00658,0.0,0.0,0.0,0.0,0.0,0.0,0.0,0.0,0.0,0.0,0.0,0.0,0.0,0.0,0.0,0.0,0.0,0.0,0.0,0.0
2016-05-21,1.17338,0.0,0.0,0.0,0.0,0.0,0.0,0.0,0.0,0.0,0.0,0.0,0.0,0.0,0.0,0.0,0.0,0.0,1369.1707861621908,1369.1707861621908,0.0
2016-05-28,1.15304,0.0,0.0,0.0,0.0,0.0,0.0,0.0,0.0,0.0,0.0,0.0,0.0,0.0,0.0,0.0,0.0,1551.5279568285932,0.0,0.0,0.0
2016-06-04,1.2607,0.0,0.0,0.0,0.0,0.0,0.0,0.0,0.0,0.0,0.0,0.0,0.0,0.0,0.0,0.0,0.0,1584.7650939522714,0.0,0.0,0.0
2016-06-11,0.8581,0.0,0.0,0.0,0.0,0.0,0.0,1272.5106279942036,1272.5106279942036,0.0,0.0,0.0,0.0,0.0,0.0,0.0,0.0,0.0,0.0,0.0,0.0
2016-06-18,0.808566,0.0,0.0,0.0,0.0,0.0,0.0,0.0,0.0,0.0,0.0,0.0,0.0,0.0,0.0,0.0,0.0,0.0,0.0,0.0,0.0
2016-06-25,0.60733,0.0,0.0,0.0,0.0,0.0,0.0,0.0,0.0,0.0,0.0,0.0,0.0,0.0,0.0,0.0,0.0,0.0,0.0,0.0,0.0
2016-07-02,0.724977,0.0,0.0,0.0,0.0,0.0,0.0,0.0,0.0,0.0,0.0,0.0,0.0,0.0,0.0,0.0,0.0,0.0,0.0,0.0,0.0
2016-07-09,1.10858,0.0,0.0,0.0,0.0,0.0,0.0,0.0,0.0,0.0,0.0,0.0,0.0,0.0,0.0,0.0,0.0,0.0,0.0,0.0,0.0
2016-07-16,0.583303,0.0,0.0,0.0,0.0,0.0,0.0,0.0,0.0,0.0,0.0,0.0,0.0,0.0,0.0,0.0,0.0,0.0,0.0,0.0,0.0
2016-07-23,0.599377,0.0,0.0,0.0,0.0,0.0,0.0,0.0,0.0,0.0,0.0,0.0,0.0,0.0,0.0,0.0,0.0,0.0,0.0,0.0,0.0
2016-07-30,0.677679,0.0,0.0,0.0,0.0,0.0,0.0,0.0,0.0,0.0,0.0,0.0,0.0,0.0,0.0,0.0,0.0,0.0,0.0,0.0,0.0
2016-08-06,0.450635,0.0,0.0,0.0,0.0,0.0,0.0,0.0,0.0,0.0,0.0,0.0,0.0,0.0,0.0,0.0,0.0,2047.619800018467,0.0,0.0,0.0
2016-08-13,0.582969,0.0,0.0,0.0,0.0,0.0,0.0,0.0,0.0,0.0,0.0,0.0,0.0,0.0,0.0,0.0,0.0,0.0,0.0,0.0,0.0
2016-08-20,0.649351,0.0,0.0,0.0,0.0,0.0,0.0,0.0,0.0,0.0,0.0,0.0,0.0,0.0,0.0,0.0,0.0,0.0,0.0,0.0,0.0
2016-08-27,0.889068,0.0,0.0,0.0,0.0,0.0,0.0,0.0,0.0,0.0,0.0,0.0,0.0,0.0,0.0,0.0,0.0,1221.3856465481972,0.0,0.0,0.0
2016-09-03,0.524299,0.0,0.0,0.0,0.0,0.0,0.0,0.0,0.0,0.0,0.0,0.0,0.0,0.0,0.0,0.0,0.0,1387.555380176277,0.0,0.0,0.0
2016-09-10,0.91721,0.0,0.0,0.0,0.0,0.0,0.0,0.0,0.0,0.0,0.0,0.0,0.0,0.0,0.0,0.0,0.0,0.0,0.0,0.0,0.0
2016-09-17,0.864232,0.0,0.0,0.0,0.0,0.0,0.0,0.0,0.0,0.0,0.0,0.0,0.0,0.0,0.0,0.0,0.0,2321.21121558293,0.0,0.0,0.0
2016-09-24,1.09503,0.0,0.0,0.0,0.0,0.0,0.0,1077.7200565103274,1077.7200565103276,0.0,1766.4869924634738,0.0,0.0,0.0,0.0,0.0,0.0,1769.3291924641023,0.0,0.0,0.0
2016-10-01,1.04486,0.0,0.0,0.0,0.0,0.0,0.0,0.0,0.0,0.0,0.0,0.0,0.0,0.0,0.0,0.0,0.0,0.0,0.0,0.0,0.0
2016-10-08,0.90833,0.0,0.0,0.0,0.0,1196.0922655256472,0.0,0.0,0.0,0.0,0.0,0.0,0.0,0.0,0.0,0.0,0.0,0.0,0.0,0.0,0.0
2016-10-15,1.04034,0.0,0.0,0.0,0.0,0.0,0.0,0.0,0.0,0.0,1549.325162611635,0.0,0.0,0.0,0.0,0.0,2357.217760906273,1436.3076726091397,0.0,0.0,0.0
2016-10-22,0.826166,0.0,0.0,0.0,0.0,1626.1325696897218,0.0,0.0,0.0,0.0,0.0,0.0,0.0,0.0,0.0,0.0,0.0,1868.5499287216485,0.0,0.0,0.0
2016-10-29,1.11313,0.0,0.0,0.0,0.0,1120.361380039384,0.0,0.0,0.0,0.0,0.0,0.0,0.0,0.0,0.0,0.0,0.0,1492.0018342292103,0.0,0.0,0.0
2016-11-05,0.981892,0.0,0.0,0.0,0.0,0.0,0.0,0.0,0.0,0.0,0.0,0.0,0.0,0.0,0.0,0.0,0.0,1564.0808667783551,0.0,0.0,0.0
2016-11-12,1.08992,0.0,0.0,0.0,0.0,1223.6526315935191,0.0,0.0,0.0,0.0,0.0,0.0,0.0,0.0,0.0,0.0,0.0,1383.6305834029886,0.0,0.0,0.0
2016-11-19,1.37518,0.0,0.0,0.0,0.0,0.0,0.0,0.0,0.0,0.0,0.0,0.0,0.0,0.0,0.0,0.0,0.0,1544.3966896147424,0.0,0.0,1023.014607785927
2016-11-26,1.2646,0.0,0.0,0.0,0.0,0.0,0.0,0.0,0.0,0.0,0.0,0.0,0.0,0.0,0.0,0.0,0.0,1576.194130216625,1454.2816040585749,1454.2816040585749,0.0
2016-12-03,1.25928,0.0,0.0,0.0,0.0,0.0,0.0,0.0,0.0,0.0,0.0,0.0,0.0,0.0,0.0,0.0,0.0,0.0,0.0,0.0,0.0
2016-12-10,0.993339,0.0,0.0,0.0,1226.7313720602697,0.0,0.0,0.0,0.0,0.0,0.0,0.0,0.0,0.0,0.0,1211.6880660270187,0.0,1348.2551307850954,0.0,0.0,0.0
2016-12-17,1.05459,0.0,0.0,0.0,0.0,0.0,0.0,0.0,0.0,0.0,0.0,0.0,0.0,0.0,0.0,0.0,0.0,1277.355267709764,0.0,0.0,0.0
2016-12-24,1.35915,0.0,0.0,0.0,0.0,0.0,0.0,0.0,0.0,0.0,1199.2466071959104,0.0,0.0,0.0,0.0,0.0,0.0,1443.6166498751918,0.0,0.0,0.0
2016-12-31,1.41151,0.0,0.0,0.0,0.0,2453.4840449204216,0.0,0.0,0.0,0.0,0.0,0.0,0.0,0.0,0.0,0.0,0.0,2752.581896653005,0.0,0.0,0.0
2017-01-07,1.69849,0.0,0.0,0.0,1018.36753007339,1441.2416782277635,0.0,0.0,0.0,0.0,1413.9842374725963,0.0,0.0,0.0,0.0,0.0,0.0,2777.685989811856,0.0,0.0,0.0
2017-01-14,1.88282,0.0,0.0,0.0,0.0,0.0,0.0,0.0,0.0,0.0,1723.7941946192238,0.0,0.0,1957.1686371182168,0.0,1186.63414907651,0.0,0.0,0.0,0.0,0.0
2017-01-21,2.57515,2604.948351816973,2604.9483518169723,1144.5828019049077,1996.3343959956148,1254.5590079219637,0.0,0.0,0.0,0.0,1499.347477218843,0.0,0.0,0.0,0.0,1261.2238576387797,1528.7746851982215,1751.186931173435,0.0,0.0,0.0
2017-01-28,3.25399,2399.5746583471573,2399.5746583471573,1111.6106518404956,2076.8932945282336,0.0,0.0,0.0,0.0,0.0,1391.6769106676572,1527.3200700280695,0.0,0.0,0.0,0.0,0.0,1598.5670372932236,0.0,0.0,0.0
2017-02-04,4.05593,4117.602707529092,4117.602707529092,1477.843248934032,1715.6466112516152,0.0,989.1943056517512,0.0,0.0,0.0,0.0,0.0,0.0,0.0,0.0,0.0,0.0,1472.5439253825982,0.0,0.0,0.0
2017-02-11,4.90407,4421.100973755421,4421.100973755421,2730.661297263879,1764.868955323491,2254.613085337662,1317.8442096308286,0.0,0.0,0.0,0.0,0.0,0.0,949.926796133489,0.0,0.0,0.0,1628.2097621618066,0.0,0.0,0.0
2017-02-18,4.54676,3214.933299094103,3214.9332990941034,1924.8590214159185,1937.6957917727416,1819.739681068636,1348.1567301094517,0.0,0.0,0.0,1165.8044386471693,0.0,0.0,0.0,0.0,0.0,0.0,1074.164465928246,0.0,0.0,1335.33497258626
2017-02-25,3.39673,3426.193267787512,3426.193267787512,1737.565879780344,1698.4358080320685,1196.980308521736,0.0,0.0,0.0,0.0,1024.2428693731908,0.0,0.0,0.0,0.0,0.0,1133.4682586321544,1923.3511648311303,0.0,0.0,0.0
2017-03-04,2.58154,1518.3235478409972,1518.3235478409974,910.2341397263534,1365.3671208708909,1016.418666186896,0.0,0.0,0.0,0.0,0.0,0.0,0.0,0.0,0.0,1139.2608939649574,0.0,1917.9102296975427,0.0,0.0,0.0
2017-03-11,2.47416,2416.957581674108,2416.9575816741085,1096.897735286531,0.0,1370.562127858533,969.6093042149676,0.0,0.0,0.0,0.0,0.0,0.0,0.0,0.0,0.0,0.0,1493.8679368181988,0.0,0.0,0.0
2017-03-18,2.65565,1232.5225934162784,1232.5225934162784,0.0,0.0,2288.83708418744,0.0,0.0,0.0,0.0,0.0,0.0,0.0,0.0,0.0,0.0,967.263033669241,1424.4902288848991,0.0,0.0,0.0
2017-03-25,1.9214,1509.0555081485672,1509.055508148567,1418.4769906134045,1245.6324744061517,0.0,0.0,0.0,0.0,0.0,0.0,0.0,0.0,0.0,0.0,0.0,0.0,1256.648549374336,0.0,0.0,0.0
2017-04-01,1.79856,0.0,0.0,0.0,0.0,1193.3636038297732,0.0,0.0,0.0,0.0,0.0,0.0,0.0,0.0,0.0,0.0,0.0,1976.223927455514,0.0,0.0,0.0
2017-04-08,1.73496,0.0,0.0,0.0,0.0,0.0,0.0,0.0,0.0,0.0,0.0,0.0,0.0,0.0,0.0,1209.1874632069066,0.0,1631.6121104492331,0.0,0.0,0.0
2017-04-15,1.45349,0.0,0.0,0.0,0.0,0.0,0.0,0.0,0.0,0.0,0.0,0.0,0.0,1124.7555105818983,0.0,1190.429007900207,0.0,975.7776757232508,0.0,0.0,0.0
2017-04-22,1.02898,0.0,0.0,0.0,0.0,0.0,0.0,1589.876040687573,1589.876040687573,0.0,1415.007853431257,0.0,0.0,0.0,0.0,0.0,0.0,1663.736373801838,0.0,0.0,988.6282270865032
2017-04-29,0.976727,0.0,0.0,0.0,0.0,0.0,0.0,0.0,0.0,0.0,0.0,0.0,0.0,0.0,0.0,0.0,0.0,1037.7573049187197,0.0,0.0,0.0
2017-05-06,0.867161,0.0,0.0,0.0,0.0,0.0,0.0,0.0,0.0,0.0,0.0,0.0,0.0,0.0,0.0,0.0,0.0,0.0,0.0,0.0,0.0
2017-05-13,1.00455,0.0,0.0,0.0,0.0,0.0,0.0,0.0,0.0,0.0,0.0,0.0,0.0,0.0,0.0,0.0,0.0,1616.8619298441922,0.0,0.0,0.0
2017-05-20,0.648193,0.0,0.0,0.0,0.0,0.0,0.0,0.0,0.0,0.0,0.0,0.0,0.0,0.0,0.0,0.0,0.0,0.0,0.0,0.0,0.0
2017-05-27,0.874891,0.0,0.0,0.0,0.0,0.0,0.0,0.0,0.0,0.0,0.0,0.0,0.0,0.0,0.0,0.0,0.0,1350.6836750672308,0.0,0.0,0.0
2017-06-03,0.390286,0.0,0.0,0.0,0.0,0.0,0.0,0.0,0.0,0.0,0.0,0.0,0.0,0.0,0.0,0.0,0.0,0.0,0.0,0.0,0.0
2017-06-10,0.447467,0.0,0.0,0.0,0.0,0.0,0.0,0.0,0.0,0.0,0.0,0.0,0.0,0.0,0.0,0.0,0.0,1348.8675975703186,0.0,0.0,0.0
2017-06-17,0.250815,0.0,0.0,0.0,0.0,0.0,0.0,0.0,0.0,0.0,0.0,0.0,0.0,0.0,0.0,0.0,0.0,0.0,0.0,0.0,0.0
2017-06-24,0.38743,1447.9131859642755,1447.9131859642753,0.0,0.0,0.0,0.0,0.0,0.0,0.0,0.0,0.0,0.0,0.0,0.0,0.0,0.0,0.0,0.0,0.0,0.0
2017-07-01,0.380791,0.0,0.0,0.0,0.0,0.0,0.0,0.0,0.0,0.0,0.0,0.0,0.0,0.0,0.0,0.0,0.0,1636.9895489438486,0.0,0.0,0.0
2017-07-08,0.657895,0.0,0.0,0.0,0.0,0.0,0.0,0.0,0.0,0.0,0.0,0.0,0.0,0.0,0.0,0.0,0.0,0.0,0.0,0.0,0.0
2017-07-15,0.699004,0.0,0.0,0.0,1275.779909885818,0.0,0.0,0.0,0.0,0.0,0.0,0.0,0.0,0.0,0.0,0.0,0.0,0.0,0.0,0.0,0.0
2017-07-22,0.560617,0.0,0.0,0.0,0.0,0.0,0.0,0.0,0.0,0.0,0.0,0.0,0.0,0.0,0.0,0.0,0.0,1504.1290238213548,0.0,0.0,0.0
2017-07-29,0.500751,0.0,0.0,0.0,0.0,0.0,0.0,0.0,0.0,0.0,0.0,0.0,0.0,0.0,0.0,0.0,0.0,0.0,0.0,0.0,0.0
2017-08-05,0.444714,0.0,0.0,0.0,0.0,0.0,0.0,0.0,0.0,0.0,1185.9020700190908,0.0,0.0,0.0,0.0,0.0,0.0,0.0,0.0,0.0,0.0
2017-08-12,0.339127,0.0,0.0,0.0,0.0,0.0,0.0,0.0,0.0,0.0,0.0,0.0,0.0,0.0,0.0,0.0,0.0,0.0,0.0,0.0,0.0
2017-08-19,0.557692,0.0,0.0,0.0,0.0,0.0,0.0,0.0,0.0,0.0,1717.1087069843595,0.0,0.0,0.0,0.0,0.0,0.0,0.0,0.0,0.0,0.0
2017-08-26,0.509205,0.0,0.0,0.0,0.0,0.0,0.0,0.0,0.0,0.0,0.0,0.0,0.0,0.0,0.0,0.0,0.0,0.0,0.0,0.0,0.0
2017-09-02,0.87277,0.0,0.0,0.0,0.0,0.0,0.0,0.0,0.0,0.0,0.0,0.0,0.0,0.0,0.0,0.0,0.0,0.0,0.0,0.0,0.0
2017-09-09,0.745426,0.0,0.0,0.0,0.0,0.0,0.0,0.0,0.0,0.0,0.0,0.0,0.0,0.0,0.0,0.0,0.0,0.0,0.0,0.0,0.0
2017-09-16,0.922292,0.0,0.0,0.0,0.0,0.0,0.0,0.0,0.0,0.0,0.0,0.0,0.0,0.0,0.0,0.0,0.0,1212.387144058889,0.0,0.0,0.0
2017-09-23,0.700679,0.0,0.0,0.0,0.0,0.0,0.0,0.0,0.0,0.0,0.0,0.0,0.0,0.0,0.0,0.0,0.0,0.0,0.0,0.0,0.0
2017-09-30,0.947772,0.0,0.0,0.0,0.0,1583.9866802094386,0.0,0.0,0.0,0.0,0.0,0.0,1143.0464082782112,0.0,1143.0464082782114,0.0,0.0,1549.0409960862423,0.0,0.0,0.0
2017-10-07,1.322,0.0,0.0,0.0,0.0,0.0,0.0,0.0,0.0,0.0,0.0,0.0,0.0,0.0,0.0,0.0,0.0,0.0,0.0,0.0,0.0
2017-10-14,1.42037,0.0,0.0,0.0,0.0,0.0,0.0,0.0,0.0,0.0,955.4377074287628,0.0,0.0,0.0,0.0,0.0,0.0,1701.852262924642,0.0,0.0,0.0
2017-10-21,1.59663,0.0,0.0,0.0,0.0,1453.0465242502096,0.0,0.0,0.0,0.0,0.0,0.0,0.0,0.0,0.0,0.0,1760.4375762788825,1531.7805042327502,0.0,0.0,0.0
2017-10-28,1.85647,0.0,0.0,0.0,0.0,1485.2901503044666,0.0,0.0,0.0,0.0,1095.6850231421847,0.0,0.0,0.0,0.0,0.0,0.0,0.0,0.0,0.0,927.8209740883708
2017-11-04,1.87634,0.0,0.0,0.0,0.0,1000.467250799544,0.0,0.0,0.0,0.0,0.0,0.0,0.0,1194.5707600452029,0.0,0.0,0.0,1223.6235233116113,0.0,0.0,0.0
2017-11-11,2.30755,0.0,0.0,0.0,903.7776122775888,0.0,1234.5344905944244,0.0,0.0,0.0,0.0,0.0,0.0,0.0,0.0,0.0,0.0,1460.6731082334209,0.0,0.0,0.0
2017-11-18,2.72443,0.0,0.0,0.0,0.0,0.0,0.0,0.0,0.0,0.0,0.0,0.0,0.0,0.0,0.0,0.0,0.0,2582.129473689592,0.0,0.0,0.0
2017-11-25,2.2076,0.0,0.0,0.0,0.0,1800.7677228050009,0.0,0.0,0.0,0.0,1148.9669387709357,0.0,0.0,0.0,0.0,0.0,0.0,1913.466753030724,0.0,0.0,0.0
2017-12-02,2.13715,0.0,0.0,0.0,0.0,0.0,0.0,0.0,0.0,0.0,1827.592419728448,0.0,0.0,0.0,0.0,0.0,0.0,1504.817738436933,0.0,0.0,0.0
2017-12-09,2.11987,0.0,0.0,0.0,0.0,0.0,0.0,0.0,0.0,0.0,0.0,0.0,0.0,0.0,0.0,0.0,0.0,1643.575300432637,0.0,0.0,0.0
2017-12-16,2.09188,905.276730975737,905.2767309757372,0.0,0.0,1575.0013210817042,993.0010665057696,0.0,0.0,0.0,0.0,0.0,0.0,0.0,0.0,922.4303059833704,0.0,1846.8097415242848,0.0,0.0,0.0
2017-12-23,2.53222,1171.5298961934311,1171.529896193431,1156.6757210984013,0.0,1058.0065605504146,0.0,0.0,0.0,0.0,0.0,0.0,0.0,0.0,0.0,0.0,0.0,1693.9240995458515,0.0,0.0,0.0
2017-12-30,3.45696,2303.978378746649,2303.978378746649,0.0,1045.069828011836,1346.954490386292,0.0,0.0,0.0,0.0,0.0,0.0,0.0,0.0,0.0,0.0,0.0,1233.4227043880414,0.0,0.0,0.0
2018-01-06,3.01451,1484.728238661378,1484.728238661378,1305.5483986752372,1062.1201698048544,0.0,0.0,0.0,0.0,0.0,0.0,0.0,0.0,0.0,0.0,0.0,0.0,2190.0874304639865,0.0,0.0,0.0
2018-01-13,3.28689,1805.1196521286176,1805.1196521286176,0.0,0.0,1638.0549244331162,865.812027547338,0.0,0.0,0.0,0.0,1158.6446175589192,0.0,0.0,0.0,0.0,0.0,2169.7190430079013,0.0,0.0,0.0
2018-01-20,4.09751,2694.190193793758,2694.190193793758,2119.138836923438,1460.4187685190525,2391.474281719982,2377.2652923721744,0.0,0.0,0.0,0.0,0.0,0.0,0.0,0.0,899.8011664020934,1394.828213087144,2451.038915285523,0.0,0.0,0.0
2018-01-27,4.74987,2706.461116356235,2706.461116356235,2577.73823574172,1061.6938085910554,3204.7530604291564,2755.7803465371576,0.0,0.0,0.0,920.758114434312,0.0,0.0,0.0,0.0,928.9741963118554,1444.3511092297051,1411.627098762381,0.0,0.0,0.0
2018-02-03,5.38455,3717.417080969937,3717.4170809699367,2837.770595711456,2447.064704324831,3693.534976640239,3373.299925899072,1067.4058705141158,1067.4058705141158,0.0,0.0,0.0,0.0,0.0,0.0,0.0,1681.4562160553912,2596.496841037225,0.0,0.0,0.0
2018-02-10,4.8319,2645.8560666202,2645.8560666202,1599.9828169112177,2622.477104079638,3739.59717078438,2369.6544630126104,0.0,0.0,1410.6550734798618,0.0,0.0,0.0,0.0,0.0,891.6383344347814,0.0,2680.806793503953,0.0,0.0,0.0
2018-02-17,4.70993,1957.904444814835,1957.9044448148352,1584.4071323719418,1448.198987168279,4046.879463612405,2672.731954150044,882.4202670985943,882.4202670985943,1623.7084826424732,1665.7576373253742,0.0,0.0,0.0,0.0,0.0,0.0,3074.6545924527186,0.0,0.0,0.0
2018-02-24,4.40492,1459.1144685145214,1459.1144685145214,1661.762604493038,1121.205318565895,1126.070500311199,0.0,0.0,0.0,0.0,0.0,0.0,0.0,0.0,0.0,0.0,0.0,2429.087413945599,0.0,0.0,983.7234001470352
2018-03-03,3.86657,1011.5082019216744,1011.5082019216744,1263.64469367968,1902.532398844637,1482.9075572762265,0.0,0.0,0.0,0.0,0.0,0.0,0.0,1444.810847824297,0.0,0.0,0.0,2446.9230204205733,0.0,0.0,0.0
2018-03-10,3.61589,1235.748434256191,1235.748434256191,0.0,0.0,1204.3709884399584,1504.9183352799394,0.0,0.0,0.0,0.0,0.0,0.0,0.0,0.0,1028.1247511641238,0.0,0.0,0.0,0.0,0.0
2018-03-17,3.33457,1127.768771150668,1127.768771150668,1180.3965128756563,0.0,2208.827707445145,0.0,0.0,0.0,0.0,934.5680426133072,0.0,0.0,0.0,0.0,1266.223229121958,0.0,1425.807078669121,0.0,0.0,0.0
2018-03-24,2.93481,1210.229673560199,1210.229673560199,949.5433694776004,982.1467597551224,991.8941141391456,0.0,0.0,0.0,0.0,0.0,0.0,0.0,910.1187590077008,0.0,0.0,0.0,1678.9001327546364,0.0,0.0,0.0
2018-03-31,2.59128,0.0,0.0,0.0,0.0,1121.6252631791,0.0,0.0,0.0,0.0,0.0,0.0,0.0,0.0,0.0,947.0587383264044,0.0,1989.0173639975656,0.0,0.0,0.0
2018-04-07,1.6481,0.0,0.0,0.0,0.0,0.0,0.0,0.0,0.0,0.0,0.0,0.0,0.0,0.0,0.0,938.5498675089502,0.0,1161.6957984024623,0.0,0.0,0.0
2018-04-14,2.63945,0.0,0.0,0.0,0.0,0.0,0.0,0.0,0.0,0.0,0.0,0.0,0.0,0.0,0.0,0.0,0.0,1941.4723231485884,0.0,0.0,0.0
2018-04-21,1.03513,0.0,0.0,0.0,0.0,0.0,0.0,0.0,0.0,0.0,0.0,0.0,0.0,0.0,0.0,1030.229834688624,0.0,0.0,0.0,0.0,0.0
2018-04-28,1.33567,0.0,0.0,1053.0935966869597,0.0,0.0,0.0,0.0,0.0,0.0,0.0,0.0,0.0,0.0,0.0,0.0,0.0,934.588119981019,0.0,0.0,0.0
2018-05-05,1.0263,0.0,0.0,0.0,1318.1558103643,0.0,0.0,0.0,0.0,0.0,0.0,0.0,0.0,0.0,0.0,0.0,0.0,1099.2709379510586,0.0,0.0,0.0
2018-05-12,0.747065,0.0,0.0,0.0,0.0,0.0,0.0,0.0,0.0,0.0,0.0,0.0,0.0,0.0,0.0,0.0,0.0,1445.9964448889766,0.0,0.0,0.0
2018-05-19,0.93277,0.0,0.0,0.0,0.0,0.0,0.0,0.0,0.0,0.0,0.0,0.0,1239.8600214515268,0.0,1239.860021451527,0.0,0.0,0.0,0.0,0.0,0.0
2018-05-26,0.956938,0.0,0.0,0.0,0.0,0.0,0.0,0.0,0.0,0.0,0.0,0.0,0.0,0.0,0.0,0.0,0.0,0.0,0.0,0.0,0.0
2018-06-02,0.658843,0.0,0.0,0.0,0.0,0.0,0.0,0.0,0.0,0.0,0.0,0.0,0.0,0.0,0.0,0.0,0.0,1087.874226690741,0.0,0.0,0.0
2018-06-09,0.48772,0.0,0.0,0.0,0.0,0.0,0.0,0.0,0.0,0.0,1634.8957976057618,0.0,0.0,0.0,0.0,0.0,0.0,0.0,0.0,0.0,0.0
2018-06-16,0.672116,0.0,0.0,0.0,0.0,0.0,0.0,0.0,0.0,0.0,0.0,0.0,0.0,0.0,0.0,0.0,0.0,1433.6643373770503,0.0,0.0,0.0
2018-06-23,0.559493,0.0,0.0,0.0,0.0,0.0,0.0,0.0,0.0,0.0,0.0,0.0,0.0,0.0,0.0,0.0,0.0,0.0,0.0,0.0,0.0
2018-06-30,0.660345,0.0,0.0,0.0,0.0,0.0,0.0,0.0,0.0,0.0,0.0,0.0,0.0,0.0,0.0,0.0,0.0,1256.461406450773,0.0,0.0,0.0
2018-07-07,0.682382,0.0,0.0,0.0,0.0,0.0,0.0,0.0,0.0,0.0,0.0,0.0,0.0,0.0,0.0,0.0,0.0,0.0,0.0,0.0,0.0
2018-07-14,0.339586,0.0,0.0,0.0,0.0,0.0,0.0,0.0,0.0,0.0,0.0,0.0,0.0,0.0,0.0,0.0,0.0,1290.1036741466285,0.0,0.0,0.0
2018-07-21,0.434084,0.0,0.0,0.0,0.0,0.0,0.0,0.0,0.0,0.0,0.0,0.0,0.0,0.0,0.0,0.0,0.0,2166.55031725118,0.0,0.0,0.0
2018-07-28,0.644538,0.0,0.0,0.0,0.0,0.0,0.0,0.0,0.0,0.0,0.0,0.0,0.0,0.0,0.0,0.0,0.0,1115.0326765951268,0.0,0.0,0.0
2018-08-04,0.28576,0.0,0.0,0.0,0.0,0.0,0.0,0.0,0.0,0.0,0.0,0.0,0.0,0.0,0.0,0.0,0.0,1078.8383258430367,0.0,0.0,0.0
2018-08-11,0.495841,0.0,0.0,0.0,0.0,0.0,0.0,0.0,0.0,0.0,0.0,0.0,0.0,0.0,0.0,0.0,0.0,1455.4154084985346,0.0,0.0,0.0
2018-08-18,0.48353,0.0,0.0,0.0,0.0,0.0,0.0,0.0,0.0,0.0,0.0,0.0,0.0,0.0,0.0,0.0,0.0,0.0,0.0,0.0,0.0
2018-08-25,0.627897,0.0,0.0,0.0,0.0,0.0,0.0,0.0,0.0,0.0,0.0,0.0,0.0,0.0,0.0,0.0,0.0,0.0,0.0,0.0,0.0
2018-09-01,0.688705,0.0,0.0,0.0,0.0,0.0,0.0,0.0,0.0,0.0,0.0,0.0,0.0,0.0,0.0,0.0,0.0,0.0,0.0,0.0,0.0
2018-09-08,0.914685,0.0,0.0,0.0,0.0,0.0,0.0,0.0,0.0,0.0,0.0,0.0,0.0,0.0,0.0,0.0,0.0,1465.333920883912,0.0,0.0,0.0
2018-09-15,0.947026,0.0,0.0,0.0,0.0,0.0,0.0,0.0,0.0,0.0,0.0,0.0,0.0,0.0,0.0,0.0,0.0,1774.6101589970574,0.0,0.0,0.0
2018-09-22,0.7945,0.0,0.0,0.0,0.0,891.2794901648065,0.0,1559.9048356550416,1559.9048356550416,0.0,1345.7926232220295,0.0,0.0,0.0,0.0,0.0,0.0,995.8955334722392,0.0,0.0,0.0
2018-09-29,1.18708,0.0,0.0,0.0,0.0,0.0,0.0,0.0,0.0,0.0,934.87087972015,0.0,0.0,0.0,0.0,0.0,0.0,1643.862219770983,0.0,0.0,0.0
2018-10-06,0.944063,0.0,0.0,0.0,0.0,0.0,0.0,0.0,0.0,0.0,1555.7849047549698,0.0,0.0,0.0,0.0,0.0,0.0,2519.3032164604056,0.0,0.0,0.0
2018-10-13,0.787648,0.0,0.0,0.0,0.0,1230.9607773175496,0.0,0.0,0.0,0.0,0.0,0.0,0.0,0.0,0.0,0.0,1137.841156899224,1706.2428110820642,0.0,0.0,0.0
2018-10-20,0.883799,0.0,0.0,0.0,0.0,1402.5288671751127,0.0,0.0,0.0,0.0,0.0,0.0,0.0,0.0,0.0,923.2082206337886,0.0,2675.1531427618384,0.0,0.0,0.0
2018-10-27,0.853253,0.0,0.0,0.0,0.0,1068.9278188775247,0.0,0.0,0.0,0.0,0.0,0.0,0.0,0.0,0.0,0.0,0.0,1602.5466188978553,0.0,0.0,0.0
2018-11-03,0.972398,0.0,0.0,0.0,0.0,0.0,0.0,0.0,0.0,0.0,0.0,0.0,0.0,0.0,0.0,0.0,0.0,1423.2914014009834,0.0,0.0,0.0
2018-11-10,0.91149,0.0,0.0,0.0,0.0,0.0,0.0,0.0,0.0,0.0,1196.381883056862,0.0,0.0,0.0,0.0,0.0,0.0,2444.216074453142,0.0,0.0,0.0
2018-11-17,0.433239,0.0,0.0,0.0,0.0,1228.8036303480055,0.0,0.0,0.0,0.0,0.0,0.0,0.0,0.0,0.0,0.0,0.0,2619.031217296719,0.0,0.0,0.0
2018-11-24,1.14909,0.0,0.0,0.0,0.0,0.0,0.0,0.0,0.0,0.0,1123.9901977985826,0.0,0.0,0.0,0.0,0.0,0.0,2281.239268105988,0.0,0.0,0.0
2018-12-01,0.986423,0.0,0.0,0.0,0.0,910.4484283567332,0.0,0.0,0.0,0.0,1521.4137133940824,0.0,0.0,0.0,0.0,0.0,0.0,2706.726026255245,0.0,0.0,0.0
2018-12-08,0.93426,0.0,0.0,0.0,0.0,910.7752493093822,0.0,0.0,0.0,0.0,0.0,1460.2128715922393,940.6156384714068,0.0,940.6156384714068,1021.4080557276204,0.0,1382.2705417417556,0.0,0.0,0.0
2018-12-15,0.596073,0.0,0.0,0.0,0.0,0.0,0.0,0.0,0.0,0.0,1668.0872145692665,0.0,0.0,0.0,0.0,0.0,0.0,2046.8781203278968,0.0,0.0,0.0
2018-12-22,0.646595,1805.6110228454177,1805.6110228454172,0.0,0.0,0.0,1129.1685998203252,0.0,0.0,0.0,1570.5336556015216,0.0,0.0,0.0,0.0,0.0,1004.2936343865344,2016.4607096665984,0.0,0.0,0.0
2018-12-29,1.48418,0.0,0.0,0.0,0.0,2341.907902495784,0.0,0.0,0.0,0.0,1133.4146502285707,0.0,0.0,0.0,0.0,2060.7374274529234,0.0,2170.091325189429,0.0,0.0,0.0
2019-01-05,1.67304,0.0,0.0,0.0,0.0,0.0,0.0,0.0,0.0,0.0,1399.4589586871332,0.0,0.0,0.0,0.0,0.0,0.0,1398.674894587976,0.0,0.0,0.0
2019-01-12,1.30657,0.0,0.0,0.0,0.0,1625.3165557631594,0.0,0.0,0.0,0.0,0.0,0.0,0.0,0.0,0.0,0.0,0.0,1823.817660831318,0.0,0.0,0.0
2019-01-19,1.78311,0.0,0.0,0.0,2224.743102109437,1764.0853184108432,0.0,0.0,0.0,0.0,0.0,0.0,0.0,0.0,0.0,1250.629254272455,0.0,2133.1646705323788,0.0,0.0,0.0
2019-01-26,2.2846,2326.968368413354,2326.968368413354,1733.4842735857171,2559.630814464667,1627.3925677845605,1144.911031193407,0.0,0.0,0.0,956.035965661531,0.0,0.0,0.0,0.0,0.0,0.0,1942.4099107070897,0.0,0.0,0.0
2019-02-02,2.4032,2737.04830173641,2737.0483017364104,1491.2560288213062,2429.123596761889,1583.3996475504423,0.0,0.0,0.0,0.0,0.0,0.0,0.0,864.9503006654087,0.0,0.0,850.7391200997978,2634.847827104065,0.0,0.0,0.0
2019-02-09,2.2739,3530.390267255329,3530.390267255329,1407.634580597257,1460.265234306621,1580.411099806044,0.0,1013.0519091875816,1013.0519091875816,0.0,1228.9319903813791,0.0,0.0,1033.206642081264,0.0,0.0,0.0,1529.644784073062,0.0,0.0,0.0
2019-02-16,2.52834,3286.2676740915213,3286.2676740915213,1782.699467637385,0.0,1091.945204854297,1281.498262251782,0.0,0.0,0.0,0.0,0.0,0.0,874.2217719262876,0.0,0.0,0.0,2467.2857382424213,0.0,0.0,0.0
2019-02-23,2.63651,4320.111845014756,4320.111845014755,2148.938660153809,1095.480099461641,2092.644468646658,976.35955968348,0.0,0.0,0.0,2020.9524390997967,0.0,0.0,0.0,0.0,0.0,0.0,2742.093327541732,0.0,0.0,0.0
2019-03-02,2.0677,3196.146062799837,3196.1460627998363,1790.1950674277805,1323.0649877788137,2169.7558715065147,1288.389695219216,0.0,0.0,0.0,0.0,0.0,0.0,0.0,0.0,0.0,0.0,1649.2431341607034,0.0,0.0,0.0
2019-03-09,2.82282,3583.252229921862,3583.252229921862,0.0,1365.0903069924832,0.0,944.7786652268904,0.0,0.0,0.0,0.0,906.9762396857182,0.0,0.0,0.0,0.0,0.0,2053.1510750806283,0.0,0.0,0.0
2019-03-16,2.00902,0.0,0.0,1351.4153134952687,1387.110567530428,1073.4335432433556,0.0,1221.896431897612,1221.896431897612,0.0,0.0,0.0,0.0,0.0,0.0,0.0,0.0,2107.972830604482,0.0,0.0,0.0
2019-03-23,1.35503,1155.734451501984,1155.734451501984,1553.97886204882,1343.623053921854,1334.9878588009758,0.0,0.0,0.0,0.0,0.0,0.0,0.0,0.0,0.0,1307.0970924299806,0.0,1250.651690647156,0.0,0.0,0.0
2019-03-30,1.39237,1199.2858637711013,1199.2858637711013,0.0,0.0,0.0,0.0,0.0,0.0,0.0,0.0,0.0,0.0,0.0,0.0,0.0,0.0,1464.0090490031764,0.0,0.0,0.0
2019-04-06,1.21089,946.3194083587088,946.3194083587088,0.0,1024.3958318784644,0.0,0.0,0.0,0.0,0.0,0.0,0.0,0.0,945.2043621048732,0.0,0.0,977.6708306452076,1850.1062632684675,0.0,0.0,0.0
2019-04-13,0.870133,0.0,0.0,0.0,926.2142959504724,0.0,0.0,0.0,0.0,0.0,0.0,0.0,0.0,0.0,0.0,0.0,0.0,1318.97173849553,0.0,0.0,0.0
2019-04-20,0.962503,0.0,0.0,0.0,0.0,0.0,0.0,0.0,0.0,0.0,0.0,0.0,0.0,0.0,0.0,0.0,0.0,1768.414425244883,0.0,0.0,0.0
2019-04-27,0.798122,0.0,0.0,0.0,0.0,1929.163569421024,0.0,0.0,0.0,0.0,0.0,0.0,0.0,0.0,0.0,1237.6595931736952,0.0,0.0,0.0,0.0,0.0
2019-05-04,0.658073,0.0,0.0,0.0,0.0,0.0,0.0,0.0,0.0,0.0,0.0,0.0,0.0,0.0,0.0,0.0,0.0,1655.2621551319892,0.0,0.0,0.0
2019-05-11,0.651997,0.0,0.0,0.0,0.0,0.0,0.0,0.0,0.0,0.0,0.0,0.0,0.0,0.0,0.0,0.0,0.0,1864.746898447984,0.0,0.0,0.0
2019-05-18,0.520999,0.0,0.0,0.0,0.0,0.0,0.0,0.0,0.0,0.0,0.0,0.0,0.0,0.0,0.0,0.0,0.0,1133.8490202779808,0.0,0.0,0.0
2019-05-25,0.708676,0.0,0.0,0.0,0.0,0.0,0.0,0.0,0.0,0.0,0.0,0.0,0.0,0.0,0.0,0.0,0.0,1161.2833310636363,0.0,0.0,0.0
2019-06-01,0.0,0.0,0.0,0.0,0.0,1258.8535553294616,0.0,1155.2252985762625,1155.2252985762625,0.0,0.0,0.0,0.0,0.0,0.0,0.0,0.0,0.0,0.0,0.0,0.0
2019-06-08,0.66717,0.0,0.0,0.0,0.0,0.0,0.0,0.0,0.0,0.0,0.0,0.0,0.0,0.0,0.0,0.0,0.0,0.0,0.0,0.0,0.0
2019-06-15,0.394452,0.0,0.0,0.0,0.0,0.0,0.0,0.0,0.0,0.0,0.0,0.0,0.0,0.0,0.0,0.0,0.0,0.0,0.0,0.0,0.0
2019-06-22,0.431063,0.0,0.0,0.0,0.0,0.0,0.0,0.0,0.0,0.0,0.0,0.0,0.0,0.0,0.0,1056.4308512007665,0.0,0.0,0.0,0.0,0.0
2019-06-29,0.443234,0.0,0.0,0.0,0.0,0.0,0.0,0.0,0.0,0.0,0.0,0.0,0.0,0.0,0.0,0.0,0.0,0.0,0.0,0.0,0.0
2019-07-06,0.360427,0.0,0.0,0.0,0.0,0.0,0.0,0.0,0.0,0.0,0.0,0.0,0.0,0.0,0.0,0.0,0.0,995.2012714383238,0.0,0.0,0.0
2019-07-13,0.50396,0.0,0.0,0.0,0.0,0.0,0.0,0.0,0.0,0.0,0.0,0.0,0.0,0.0,0.0,0.0,0.0,0.0,0.0,0.0,0.0
2019-07-20,0.368135,0.0,0.0,0.0,0.0,0.0,0.0,0.0,0.0,0.0,0.0,0.0,0.0,0.0,0.0,0.0,0.0,0.0,0.0,0.0,0.0
2019-07-27,0.316957,0.0,0.0,0.0,0.0,0.0,0.0,0.0,0.0,0.0,0.0,0.0,0.0,0.0,0.0,0.0,0.0,1108.1883225377703,0.0,0.0,0.0
2019-08-03,0.379057,0.0,0.0,0.0,0.0,0.0,0.0,0.0,0.0,0.0,0.0,0.0,0.0,0.0,0.0,0.0,0.0,1379.2782196236924,0.0,0.0,0.0
2019-08-10,0.335591,0.0,0.0,0.0,0.0,0.0,0.0,0.0,0.0,0.0,0.0,0.0,0.0,0.0,0.0,0.0,0.0,1619.7781673592046,0.0,0.0,0.0
2019-08-17,0.318399,0.0,0.0,0.0,0.0,0.0,0.0,0.0,0.0,0.0,936.4363965536336,0.0,0.0,0.0,0.0,0.0,0.0,1059.435320204082,0.0,0.0,0.0
2019-08-24,0.46868,0.0,0.0,0.0,0.0,0.0,0.0,0.0,0.0,0.0,0.0,0.0,0.0,0.0,0.0,0.0,0.0,0.0,0.0,0.0,0.0
2019-08-31,0.495685,0.0,0.0,0.0,0.0,0.0,0.0,0.0,0.0,0.0,0.0,0.0,0.0,0.0,0.0,0.0,0.0,1645.607889780567,0.0,0.0,0.0
2019-09-07,0.688073,0.0,0.0,0.0,0.0,1119.624086407951,0.0,0.0,0.0,0.0,0.0,0.0,0.0,0.0,0.0,0.0,0.0,1588.28799217726,0.0,0.0,0.0
2019-09-14,0.549547,0.0,0.0,0.0,0.0,1072.1489750796095,0.0,0.0,0.0,0.0,0.0,0.0,0.0,0.0,0.0,0.0,0.0,939.9479320622106,0.0,0.0,0.0
2019-09-21,0.635456,0.0,0.0,0.0,0.0,0.0,0.0,0.0,0.0,0.0,0.0,0.0,0.0,0.0,0.0,0.0,0.0,2559.981434770429,0.0,0.0,1069.4838747886567
2019-09-28,0.71736,0.0,0.0,0.0,0.0,0.0,0.0,0.0,0.0,0.0,0.0,0.0,0.0,0.0,0.0,0.0,0.0,1493.8326213770822,0.0,0.0,0.0
2019-10-05,0.665014,0.0,0.0,0.0,911.9920589429942,0.0,0.0,0.0,0.0,0.0,0.0,0.0,0.0,0.0,0.0,0.0,0.0,2406.590300634941,0.0,0.0,0.0
2019-10-12,0.596352,0.0,0.0,0.0,0.0,1806.110847384361,0.0,891.8552417158317,891.8552417158317,0.0,0.0,0.0,0.0,0.0,0.0,0.0,851.5762245475948,2241.4156374593595,0.0,0.0,0.0
2019-10-19,0.694369,0.0,0.0,0.0,0.0,1700.5210118382597,960.8006995804524,0.0,0.0,0.0,1610.579409331095,0.0,0.0,0.0,0.0,930.1057562265856,0.0,2074.451664232262,0.0,0.0,0.0
2019-10-26,0.724848,0.0,0.0,0.0,0.0,0.0,0.0,0.0,0.0,0.0,0.0,0.0,0.0,0.0,0.0,0.0,977.3874022482806,2505.567028935271,819.3038022917942,819.3038022917942,0.0
2019-11-02,0.782453,0.0,0.0,0.0,0.0,1187.4940557741102,0.0,0.0,0.0,0.0,0.0,0.0,1117.739271417786,0.0,1117.739271417786,0.0,1239.7529789484986,1627.5554887290757,0.0,0.0,0.0
2019-11-09,0.804734,0.0,0.0,0.0,0.0,0.0,0.0,0.0,0.0,0.0,1222.1924825956123,0.0,0.0,0.0,0.0,0.0,0.0,1556.8204202963475,0.0,0.0,0.0
2019-11-16,1.17585,0.0,0.0,0.0,0.0,1539.3502338648627,0.0,0.0,0.0,0.0,0.0,0.0,0.0,1316.6407690244455,0.0,0.0,0.0,2378.5991117305407,0.0,0.0,0.0
2019-11-23,1.65146,0.0,0.0,0.0,1329.776520241007,0.0,0.0,0.0,0.0,0.0,1030.1273057637875,0.0,0.0,0.0,0.0,0.0,0.0,1971.880160235038,0.0,0.0,0.0
2019-11-30,1.55816,0.0,0.0,0.0,1136.032173183978,927.5446462402106,0.0,0.0,0.0,0.0,0.0,0.0,0.0,0.0,0.0,874.6910195701354,0.0,1865.513880791142,0.0,0.0,0.0
2019-12-07,1.69157,0.0,0.0,0.0,1374.8109002107683,0.0,0.0,0.0,0.0,0.0,887.6682696858808,0.0,0.0,0.0,0.0,0.0,0.0,1936.2930248075224,0.0,0.0,0.0
2019-12-14,1.66225,0.0,0.0,0.0,2738.2794137194246,0.0,0.0,0.0,0.0,0.0,0.0,0.0,0.0,991.5410197873188,0.0,0.0,0.0,1375.287048444527,0.0,0.0,0.0
2019-12-21,2.14892,0.0,0.0,0.0,2600.439090923377,1207.7637866304965,0.0,0.0,0.0,0.0,0.0,0.0,0.0,0.0,0.0,0.0,0.0,1436.3265486486853,0.0,0.0,0.0
2019-12-28,2.76218,0.0,0.0,1027.268536104105,2428.1449222410665,987.8575741616876,0.0,0.0,0.0,0.0,1099.1484673206176,0.0,0.0,0.0,0.0,0.0,1272.8421040560966,2201.5766668395186,0.0,0.0,0.0
2020-01-04,2.7731,0.0,0.0,0.0,1887.843087271064,1467.5075335786948,1177.6853922484574,0.0,0.0,0.0,1570.9201372301318,0.0,0.0,0.0,0.0,1228.555631284336,0.0,1702.6516345295163,839.5161471785676,839.5161471785676,0.0
2020-01-11,2.67944,0.0,0.0,959.9521406605307,3084.984998010835,1643.4309042084228,1305.477831400152,795.301883581246,795.301883581246,0.0,847.663751109887,0.0,0.0,0.0,0.0,0.0,0.0,1526.9957824762823,0.0,0.0,0.0
2020-01-18,3.15686,1625.1548689589042,1625.154868958904,1242.629425231088,2120.1295773298966,2558.720895802805,785.05754840867,0.0,0.0,1053.8051789591054,1265.9482335563514,0.0,0.0,0.0,0.0,0.0,0.0,2280.733781308741,0.0,0.0,0.0
2020-01-25,3.63602,1879.2052169153865,1879.2052169153865,2135.3556202419168,1661.4729587875097,2422.3833663118967,1270.3162425004214,0.0,0.0,842.7583168052997,1332.1802695376437,857.1339381871036,0.0,0.0,0.0,0.0,0.0,2005.7589856590123,0.0,0.0,0.0
2020-02-01,3.7881,2738.078889818038,2738.078889818038,2410.672740740227,1077.9937986619211,2196.160278185262,1585.348462921201,0.0,0.0,0.0,829.9491307546061,0.0,0.0,871.9809558636182,0.0,0.0,902.3430527337944,1413.979122605299,0.0,0.0,0.0
2020-02-08,4.05405,2268.7498589141624,2268.749858914163,1708.7078122094345,1014.336212539974,3557.794100870025,1350.6036045520266,0.0,0.0,0.0,0.0,0.0,0.0,951.233014980454,0.0,0.0,1185.1183893339862,1821.5325499101732,0.0,0.0,0.0
2020-02-15,4.11494,2953.443307986088,2953.443307986087,1451.816420942493,892.5568466430726,2130.2902716321973,0.0,0.0,0.0,0.0,1323.2085160825304,0.0,0.0,0.0,0.0,0.0,0.0,2064.684782827111,0.0,0.0,0.0
2020-02-22,3.38791,3926.7454499543833,3926.7454499543833,3074.9329329481134,0.0,3411.2734447035264,1179.9126638777418,1362.7035754493531,1362.7035754493534,0.0,0.0,0.0,0.0,0.0,0.0,0.0,1416.3060493695198,2526.713172777564,0.0,0.0,0.0
2020-02-29,3.36495,2553.819026246339,2553.819026246339,1776.0512329329867,0.0,3852.126423251346,1043.82060344383,0.0,0.0,0.0,1140.8926559661952,0.0,0.0,0.0,0.0,0.0,1641.3702661082557,2338.543046277653,0.0,0.0,0.0
2020-03-07,3.40055,2531.806169667273,2531.806169667273,1564.1974378955542,889.2585988465719,4282.756211377096,1415.7504917814954,1117.7002275612456,1117.7002275612456,0.0,0.0,0.0,0.0,0.0,0.0,0.0,1466.8909024879558,2314.975515812547,0.0,0.0,0.0
2020-03-14,3.2967,3231.431656526,3231.431656526,2446.5827942151745,0.0,9732.644823462871,2236.0132296612114,0.0,0.0,0.0,1038.5319831728889,0.0,777.4911156512811,731.7455382277137,777.491115651281,0.0,1434.4857008213903,4546.484792030908,0.0,0.0,0.0
2020-03-21,3.27397,2253.819907742339,2253.819907742339,1224.5116088890152,789.7133694219203,4275.771971475318,0.0,1447.6747341582086,1447.674734158208,0.0,827.7405301547905,0.0,895.7363780915484,0.0,895.7363780915484,0.0,1319.0026662443645,2949.512689104935,0.0,0.0,0.0
2020-03-28,1.77778,0.0,0.0,0.0,688.1446614756729,4277.421959844257,840.0059512433987,0.0,0.0,0.0,0.0,0.0,0.0,0.0,0.0,0.0,0.0,2923.630464438755,0.0,0.0,0.0
2020-04-04,1.55703,0.0,0.0,0.0,0.0,3944.863403734678,0.0,0.0,0.0,0.0,885.0516175043581,0.0,0.0,686.5463864734337,0.0,0.0,0.0,1184.1661993570356,0.0,0.0,0.0
2020-04-11,0.759144,0.0,0.0,0.0,0.0,3496.747372828503,0.0,0.0,0.0,0.0,0.0,0.0,0.0,0.0,0.0,0.0,862.3833411603472,2446.5281099690656,0.0,0.0,0.0
2020-04-18,0.581745,1217.4942070389718,1217.494207038972,0.0,0.0,2580.1423732036187,783.5177698042946,0.0,0.0,0.0,0.0,0.0,0.0,0.0,0.0,0.0,765.7942198989598,1301.3177340766297,0.0,0.0,0.0
2020-04-25,0.438276,0.0,0.0,0.0,0.0,2286.0527024660737,0.0,0.0,0.0,0.0,0.0,0.0,0.0,0.0,0.0,0.0,0.0,1183.6656770764348,0.0,0.0,0.0
2020-05-02,0.224875,0.0,0.0,0.0,0.0,1643.323161821985,0.0,0.0,0.0,0.0,0.0,0.0,0.0,0.0,0.0,0.0,0.0,1028.4241101317764,0.0,0.0,0.0
2020-05-09,0.447168,800.2361665105255,800.2361665105257,0.0,0.0,1785.6394111492427,0.0,0.0,0.0,0.0,0.0,0.0,0.0,0.0,0.0,0.0,0.0,1051.3132888578405,0.0,0.0,0.0
2020-05-16,0.457938,0.0,0.0,0.0,0.0,2102.993851217448,0.0,0.0,0.0,0.0,0.0,0.0,0.0,0.0,0.0,0.0,760.92933601085,0.0,0.0,0.0,0.0
2020-05-23,0.353357,0.0,0.0,0.0,0.0,900.0833453157038,0.0,0.0,0.0,0.0,0.0,0.0,0.0,0.0,0.0,0.0,0.0,1198.732190605154,0.0,0.0,0.0
2020-05-30,0.486066,0.0,0.0,0.0,0.0,1498.6062705643617,0.0,0.0,0.0,0.0,0.0,0.0,0.0,0.0,0.0,0.0,0.0,914.1442869172956,0.0,0.0,0.0
2020-06-06,0.374324,0.0,0.0,0.0,0.0,0.0,0.0,0.0,0.0,0.0,0.0,0.0,0.0,0.0,0.0,0.0,0.0,0.0,0.0,0.0,0.0
2020-06-13,0.24359,0.0,0.0,0.0,0.0,0.0,0.0,0.0,0.0,0.0,0.0,0.0,0.0,0.0,0.0,0.0,0.0,0.0,0.0,0.0,0.0
2020-06-20,0.395101,0.0,0.0,0.0,0.0,0.0,0.0,0.0,0.0,0.0,0.0,0.0,0.0,0.0,0.0,0.0,0.0,0.0,0.0,0.0,0.0
2020-06-27,0.467999,0.0,0.0,0.0,0.0,0.0,945.900793336298,0.0,0.0,0.0,0.0,0.0,0.0,0.0,0.0,0.0,0.0,0.0,0.0,0.0,0.0
