date,Vermont,flu symptoms,the flu,how long flu,flu how long,symptoms of flu,influenza a,bronchitis,the flu symptoms,contagious flu,a influenza,rsv,flu cold,flu contagious,stomach flu,flu a,pneumonia,flu fever,fever flu,how long does flu last,sinus
2010-10-09,1.47641,0.0,0.0,0.0,0.0,0.0,0.0,0.0,0.0,0.0,0.0,0.0,0.0,0.0,0.0,0.0,0.0,0.0,0.0,0.0,0.0
2010-10-16,1.35777,0.0,0.0,0.0,0.0,0.0,0.0,0.0,0.0,0.0,0.0,0.0,0.0,0.0,0.0,1544.8617128504472,0.0,0.0,0.0,0.0,0.0
2010-10-23,1.48221,0.0,0.0,0.0,0.0,0.0,0.0,0.0,0.0,0.0,0.0,0.0,0.0,0.0,0.0,0.0,0.0,0.0,0.0,0.0,0.0
2010-10-30,1.44393,0.0,0.0,0.0,0.0,0.0,0.0,0.0,0.0,0.0,0.0,0.0,0.0,0.0,0.0,0.0,0.0,0.0,0.0,0.0,2407.7814252494177
2010-11-06,1.25276,0.0,0.0,0.0,0.0,0.0,0.0,0.0,0.0,0.0,0.0,0.0,0.0,0.0,0.0,0.0,0.0,0.0,0.0,0.0,0.0
2010-11-13,1.12705,0.0,0.0,0.0,0.0,0.0,0.0,0.0,0.0,0.0,0.0,0.0,0.0,0.0,0.0,0.0,2806.377673775066,0.0,0.0,0.0,0.0
2010-11-20,1.79054,0.0,0.0,0.0,0.0,0.0,0.0,0.0,0.0,0.0,0.0,0.0,0.0,0.0,0.0,0.0,0.0,0.0,0.0,0.0,0.0
2010-11-27,1.94011,0.0,0.0,0.0,0.0,0.0,0.0,0.0,0.0,0.0,0.0,0.0,0.0,0.0,0.0,0.0,0.0,0.0,0.0,0.0,0.0
2010-12-04,1.57528,0.0,0.0,0.0,0.0,0.0,0.0,0.0,0.0,0.0,0.0,0.0,0.0,0.0,0.0,0.0,0.0,0.0,0.0,0.0,0.0
2010-12-11,1.15663,2020.385775167136,0.0,0.0,0.0,0.0,0.0,0.0,0.0,0.0,0.0,0.0,2452.975768458207,0.0,0.0,0.0,0.0,0.0,0.0,0.0,2235.0479227596293
2010-12-18,1.34553,0.0,0.0,0.0,0.0,0.0,0.0,0.0,0.0,0.0,0.0,0.0,0.0,0.0,0.0,0.0,0.0,0.0,0.0,0.0,0.0
2010-12-25,1.51873,0.0,0.0,0.0,0.0,0.0,0.0,0.0,0.0,0.0,0.0,0.0,0.0,0.0,0.0,0.0,0.0,0.0,3175.517177715408,0.0,0.0
2011-01-01,1.81087,0.0,0.0,0.0,0.0,0.0,0.0,0.0,0.0,0.0,0.0,0.0,0.0,0.0,0.0,0.0,0.0,0.0,0.0,0.0,2366.352416343305
2011-01-08,1.77179,0.0,0.0,0.0,0.0,0.0,0.0,0.0,0.0,0.0,0.0,0.0,0.0,0.0,2358.307342359433,0.0,0.0,0.0,0.0,0.0,0.0
2011-01-15,1.48631,0.0,0.0,0.0,0.0,0.0,0.0,0.0,0.0,0.0,0.0,0.0,0.0,0.0,0.0,0.0,3286.093372885098,0.0,0.0,0.0,2634.715490686845
2011-01-22,1.74683,0.0,0.0,0.0,0.0,0.0,0.0,0.0,0.0,0.0,0.0,0.0,0.0,0.0,0.0,0.0,0.0,0.0,0.0,0.0,0.0
2011-01-29,2.17977,2101.762121673853,0.0,0.0,0.0,0.0,0.0,0.0,0.0,0.0,0.0,0.0,0.0,0.0,0.0,0.0,2081.367259686337,0.0,0.0,0.0,0.0
2011-02-05,2.47765,0.0,0.0,0.0,0.0,0.0,0.0,0.0,0.0,0.0,0.0,0.0,0.0,0.0,0.0,0.0,0.0,0.0,0.0,0.0,2122.206068147575
2011-02-12,2.73263,2094.543649460347,0.0,0.0,0.0,0.0,0.0,0.0,0.0,0.0,0.0,0.0,0.0,0.0,0.0,0.0,0.0,0.0,0.0,2379.4640389657075,0.0
2011-02-19,3.43809,0.0,0.0,0.0,0.0,0.0,0.0,0.0,0.0,0.0,0.0,0.0,0.0,0.0,0.0,0.0,0.0,0.0,0.0,0.0,0.0
2011-02-26,2.53743,0.0,0.0,0.0,0.0,0.0,0.0,0.0,0.0,0.0,0.0,0.0,0.0,0.0,0.0,0.0,2754.072201603479,0.0,0.0,0.0,0.0
2011-03-05,2.28095,0.0,0.0,0.0,0.0,0.0,0.0,1910.2020299901417,0.0,0.0,0.0,0.0,0.0,0.0,0.0,0.0,2557.750332914918,0.0,0.0,0.0,0.0
2011-03-12,2.74522,0.0,0.0,0.0,0.0,0.0,0.0,0.0,0.0,0.0,0.0,0.0,0.0,0.0,0.0,0.0,0.0,0.0,0.0,0.0,0.0
2011-03-19,2.12912,0.0,0.0,0.0,0.0,0.0,0.0,3432.022215454213,0.0,0.0,0.0,2339.834099217327,0.0,0.0,2324.4367076834083,0.0,0.0,0.0,0.0,0.0,0.0
2011-03-26,1.53347,0.0,0.0,0.0,0.0,0.0,0.0,0.0,0.0,0.0,0.0,0.0,0.0,0.0,0.0,0.0,0.0,0.0,0.0,0.0,0.0
2011-04-02,1.67224,1896.5281496640685,0.0,0.0,0.0,0.0,0.0,0.0,0.0,0.0,0.0,0.0,0.0,0.0,0.0,0.0,0.0,0.0,0.0,0.0,0.0
2011-04-09,1.83993,0.0,0.0,0.0,0.0,0.0,0.0,0.0,0.0,0.0,0.0,0.0,0.0,0.0,0.0,0.0,0.0,0.0,0.0,0.0,2134.6303779568607
2011-04-16,2.00573,0.0,0.0,0.0,0.0,0.0,0.0,0.0,0.0,0.0,0.0,2571.716402347224,0.0,0.0,0.0,0.0,2045.4314376644952,0.0,0.0,0.0,2090.511097171097
2011-04-23,1.43522,0.0,0.0,0.0,0.0,0.0,0.0,0.0,0.0,0.0,0.0,0.0,0.0,0.0,0.0,0.0,0.0,0.0,0.0,0.0,0.0
2011-04-30,1.32743,0.0,0.0,0.0,0.0,0.0,0.0,0.0,0.0,0.0,0.0,0.0,0.0,0.0,0.0,0.0,0.0,0.0,0.0,0.0,0.0
2011-05-07,1.514,0.0,0.0,0.0,0.0,0.0,0.0,0.0,0.0,0.0,0.0,0.0,0.0,0.0,0.0,0.0,0.0,0.0,0.0,0.0,0.0
2011-05-14,1.96672,0.0,0.0,0.0,0.0,0.0,0.0,0.0,0.0,0.0,0.0,0.0,0.0,0.0,0.0,0.0,0.0,0.0,0.0,0.0,0.0
2011-05-21,1.4565,0.0,0.0,0.0,0.0,0.0,0.0,0.0,0.0,0.0,0.0,0.0,0.0,0.0,0.0,0.0,0.0,0.0,0.0,0.0,0.0
2011-05-28,1.1976,2144.559410497207,0.0,0.0,0.0,0.0,0.0,0.0,0.0,0.0,0.0,0.0,0.0,0.0,0.0,0.0,0.0,0.0,0.0,0.0,0.0
2011-06-04,1.12641,0.0,0.0,0.0,0.0,0.0,0.0,0.0,0.0,0.0,0.0,0.0,0.0,0.0,0.0,0.0,0.0,0.0,0.0,0.0,0.0
2011-06-11,1.06724,0.0,0.0,0.0,0.0,0.0,0.0,0.0,0.0,0.0,0.0,0.0,0.0,0.0,0.0,0.0,0.0,0.0,0.0,0.0,0.0
2011-06-18,0.586166,0.0,0.0,0.0,0.0,0.0,0.0,0.0,2382.2956775832386,0.0,0.0,0.0,0.0,0.0,0.0,0.0,0.0,0.0,2855.6929660154283,0.0,2607.8753814277343
2011-06-25,1.18765,0.0,0.0,0.0,0.0,0.0,0.0,0.0,0.0,2426.879257500324,0.0,0.0,0.0,0.0,0.0,0.0,0.0,0.0,0.0,0.0,0.0
2011-07-02,0.645919,0.0,0.0,0.0,0.0,0.0,0.0,0.0,0.0,0.0,0.0,0.0,0.0,0.0,0.0,0.0,0.0,0.0,0.0,0.0,0.0
2011-07-09,0.759975,0.0,0.0,0.0,0.0,0.0,0.0,0.0,0.0,2626.524604176745,0.0,0.0,0.0,0.0,0.0,0.0,0.0,0.0,0.0,0.0,0.0
2011-07-16,0.711322,0.0,0.0,0.0,0.0,0.0,0.0,0.0,0.0,0.0,0.0,0.0,0.0,0.0,0.0,0.0,0.0,0.0,0.0,0.0,0.0
2011-07-23,0.8329,0.0,0.0,0.0,0.0,0.0,0.0,0.0,0.0,0.0,0.0,0.0,0.0,0.0,0.0,0.0,0.0,0.0,0.0,0.0,0.0
2011-07-30,1.0981,0.0,0.0,0.0,0.0,0.0,0.0,0.0,0.0,0.0,0.0,0.0,0.0,0.0,0.0,0.0,0.0,0.0,0.0,0.0,2403.0096778564757
2011-08-06,1.01083,0.0,0.0,0.0,0.0,0.0,0.0,0.0,0.0,0.0,0.0,0.0,0.0,0.0,0.0,0.0,0.0,0.0,0.0,0.0,0.0
2011-08-13,0.996016,0.0,0.0,0.0,0.0,0.0,0.0,0.0,0.0,0.0,0.0,0.0,0.0,0.0,0.0,0.0,0.0,0.0,0.0,0.0,0.0
2011-08-20,1.81818,0.0,0.0,0.0,0.0,0.0,0.0,0.0,0.0,0.0,0.0,0.0,0.0,0.0,0.0,0.0,0.0,0.0,0.0,0.0,0.0
2011-08-27,1.49254,0.0,0.0,0.0,0.0,0.0,0.0,0.0,0.0,0.0,0.0,0.0,0.0,0.0,0.0,0.0,0.0,2271.473901384876,0.0,0.0,2326.517875551377
2011-09-03,1.45202,2311.1394583867987,0.0,0.0,0.0,0.0,0.0,0.0,0.0,0.0,0.0,0.0,0.0,0.0,0.0,0.0,3090.155639184058,0.0,0.0,0.0,2577.8354927278506
2011-09-10,2.0202,0.0,0.0,0.0,0.0,0.0,0.0,0.0,0.0,0.0,0.0,0.0,0.0,0.0,0.0,0.0,2192.624364890878,0.0,0.0,0.0,0.0
2011-09-17,2.17391,0.0,0.0,0.0,0.0,0.0,0.0,0.0,0.0,0.0,0.0,0.0,0.0,0.0,0.0,0.0,0.0,0.0,0.0,0.0,0.0
2011-09-24,1.10926,0.0,0.0,0.0,0.0,0.0,0.0,0.0,0.0,0.0,0.0,0.0,0.0,0.0,0.0,0.0,0.0,0.0,0.0,0.0,2048.4514627281173
2011-10-01,1.27728,0.0,0.0,0.0,0.0,0.0,0.0,0.0,0.0,0.0,0.0,0.0,0.0,0.0,0.0,0.0,2063.351776497759,0.0,0.0,0.0,0.0
2011-10-08,1.43991,0.0,0.0,0.0,0.0,0.0,0.0,0.0,0.0,0.0,0.0,0.0,0.0,0.0,0.0,0.0,0.0,0.0,0.0,0.0,0.0
2011-10-15,1.52211,0.0,0.0,0.0,0.0,0.0,0.0,0.0,0.0,0.0,0.0,0.0,0.0,0.0,0.0,0.0,0.0,0.0,0.0,0.0,1758.555149411943
2011-10-22,1.06132,0.0,0.0,0.0,0.0,0.0,0.0,0.0,0.0,0.0,0.0,0.0,0.0,0.0,0.0,0.0,0.0,0.0,0.0,0.0,1995.6816885950036
2011-10-29,1.23529,0.0,0.0,0.0,0.0,0.0,0.0,0.0,0.0,0.0,0.0,0.0,0.0,0.0,0.0,0.0,2047.1978129795305,0.0,0.0,0.0,0.0
2011-11-05,1.66756,0.0,0.0,0.0,0.0,0.0,0.0,0.0,0.0,0.0,0.0,0.0,0.0,0.0,0.0,0.0,0.0,0.0,0.0,0.0,0.0
2011-11-12,1.29151,0.0,0.0,0.0,0.0,0.0,0.0,0.0,0.0,0.0,0.0,0.0,0.0,0.0,0.0,0.0,1713.6011018644854,0.0,0.0,0.0,0.0
2011-11-19,1.10277,0.0,2123.4965055121597,0.0,0.0,0.0,0.0,0.0,0.0,0.0,0.0,0.0,0.0,0.0,0.0,0.0,0.0,0.0,0.0,0.0,1782.040328089034
2011-11-26,2.11538,0.0,0.0,0.0,0.0,0.0,0.0,0.0,0.0,0.0,0.0,0.0,0.0,0.0,0.0,0.0,0.0,0.0,0.0,0.0,0.0
2011-12-03,1.84139,0.0,0.0,0.0,0.0,0.0,0.0,0.0,0.0,0.0,0.0,0.0,0.0,0.0,0.0,0.0,0.0,0.0,0.0,0.0,0.0
2011-12-10,1.60576,0.0,0.0,0.0,0.0,0.0,0.0,0.0,0.0,0.0,0.0,0.0,0.0,0.0,0.0,0.0,1693.4053545939576,0.0,0.0,0.0,0.0
2011-12-17,1.58254,0.0,2395.738484691618,0.0,0.0,0.0,0.0,0.0,0.0,0.0,0.0,0.0,0.0,0.0,0.0,0.0,0.0,0.0,0.0,0.0,0.0
2011-12-24,2.23263,0.0,0.0,0.0,0.0,0.0,0.0,0.0,0.0,0.0,0.0,0.0,0.0,0.0,0.0,0.0,0.0,0.0,0.0,0.0,2696.557741747209
2011-12-31,2.79251,0.0,0.0,0.0,0.0,0.0,0.0,0.0,0.0,0.0,0.0,0.0,0.0,0.0,0.0,0.0,0.0,0.0,0.0,0.0,0.0
2012-01-07,2.18978,0.0,0.0,0.0,0.0,0.0,0.0,0.0,0.0,0.0,0.0,0.0,0.0,0.0,2128.205158444701,0.0,3542.5336539658306,0.0,0.0,0.0,0.0
2012-01-14,2.66864,0.0,0.0,0.0,0.0,0.0,0.0,0.0,0.0,0.0,0.0,0.0,0.0,0.0,0.0,0.0,0.0,0.0,0.0,0.0,0.0
2012-01-21,2.09581,0.0,0.0,0.0,0.0,0.0,0.0,0.0,1616.6780892403572,0.0,0.0,0.0,0.0,0.0,0.0,0.0,1806.4076650823888,0.0,0.0,0.0,0.0
2012-01-28,1.97239,0.0,0.0,0.0,0.0,0.0,0.0,0.0,0.0,0.0,0.0,1653.7499921804604,0.0,0.0,0.0,0.0,0.0,0.0,0.0,0.0,1838.893389418365
2012-02-04,1.82735,0.0,0.0,0.0,0.0,0.0,0.0,1705.212612800229,0.0,0.0,0.0,0.0,0.0,0.0,0.0,0.0,0.0,0.0,0.0,0.0,1916.6222020708049
2012-02-11,2.17941,0.0,0.0,0.0,0.0,0.0,0.0,0.0,0.0,0.0,0.0,1732.0010341862649,0.0,0.0,0.0,0.0,1664.3110878138862,0.0,0.0,0.0,0.0
2012-02-18,1.73134,0.0,1635.556707169777,0.0,0.0,0.0,0.0,2737.023858215516,0.0,0.0,0.0,0.0,0.0,0.0,0.0,0.0,0.0,0.0,0.0,0.0,1739.1599786584638
2012-02-25,2.30133,0.0,0.0,0.0,0.0,0.0,0.0,0.0,0.0,0.0,0.0,2762.449385538247,1651.835939700047,0.0,0.0,0.0,1898.3804391699969,0.0,0.0,0.0,0.0
2012-03-03,1.99024,0.0,0.0,0.0,0.0,0.0,0.0,0.0,0.0,0.0,0.0,0.0,0.0,0.0,0.0,0.0,0.0,0.0,0.0,0.0,1941.812702404972
2012-03-10,1.89179,0.0,0.0,0.0,0.0,2710.3438767745342,0.0,0.0,0.0,0.0,0.0,0.0,0.0,0.0,0.0,1690.5220623125836,0.0,0.0,0.0,0.0,2320.161728408663
2012-03-17,2.68362,0.0,0.0,0.0,0.0,0.0,0.0,0.0,0.0,0.0,0.0,0.0,0.0,0.0,0.0,0.0,0.0,0.0,0.0,0.0,0.0
2012-03-24,2.87338,0.0,0.0,0.0,0.0,0.0,0.0,0.0,0.0,0.0,0.0,0.0,0.0,0.0,0.0,0.0,0.0,0.0,0.0,0.0,0.0
2012-03-31,3.0589,0.0,2600.960834106874,0.0,0.0,0.0,0.0,0.0,0.0,0.0,0.0,0.0,0.0,0.0,3230.6517153377704,0.0,0.0,0.0,0.0,0.0,0.0
2012-04-07,2.89421,0.0,0.0,0.0,0.0,0.0,0.0,0.0,0.0,0.0,0.0,0.0,0.0,0.0,0.0,0.0,0.0,0.0,0.0,0.0,1630.8459285372971
2012-04-14,2.58732,0.0,2290.499751795084,0.0,0.0,0.0,0.0,0.0,0.0,0.0,0.0,0.0,0.0,0.0,0.0,0.0,0.0,0.0,0.0,0.0,2540.699575313361
2012-04-21,2.7515,0.0,1724.8694039147497,0.0,0.0,0.0,0.0,0.0,0.0,0.0,0.0,0.0,0.0,0.0,0.0,0.0,0.0,0.0,0.0,0.0,0.0
2012-04-28,2.55958,0.0,0.0,0.0,0.0,0.0,0.0,0.0,0.0,0.0,0.0,0.0,0.0,0.0,0.0,0.0,0.0,0.0,0.0,0.0,0.0
2012-05-05,1.90194,0.0,0.0,0.0,0.0,0.0,0.0,0.0,0.0,0.0,0.0,0.0,0.0,0.0,0.0,0.0,2064.497605257863,0.0,0.0,0.0,0.0
2012-05-12,2.09489,0.0,0.0,0.0,0.0,0.0,0.0,0.0,0.0,0.0,0.0,0.0,0.0,0.0,0.0,0.0,0.0,0.0,0.0,0.0,0.0
2012-05-19,1.84697,0.0,0.0,0.0,0.0,0.0,0.0,0.0,0.0,0.0,0.0,0.0,0.0,0.0,0.0,0.0,0.0,0.0,0.0,0.0,0.0
2012-05-26,1.97548,0.0,0.0,0.0,0.0,0.0,0.0,0.0,0.0,0.0,0.0,0.0,0.0,0.0,0.0,0.0,0.0,2418.3551941631654,0.0,0.0,0.0
2012-06-02,1.84758,0.0,0.0,0.0,0.0,0.0,0.0,0.0,0.0,0.0,0.0,0.0,0.0,0.0,0.0,0.0,0.0,2170.9076417828364,0.0,0.0,0.0
2012-06-09,1.65111,1751.8726841588496,0.0,0.0,0.0,0.0,0.0,0.0,0.0,0.0,0.0,0.0,0.0,0.0,0.0,0.0,0.0,0.0,0.0,0.0,0.0
2012-06-16,1.14796,0.0,0.0,0.0,0.0,0.0,0.0,0.0,0.0,0.0,0.0,0.0,0.0,0.0,0.0,0.0,0.0,0.0,0.0,0.0,0.0
2012-06-23,1.31034,0.0,0.0,0.0,0.0,0.0,0.0,0.0,0.0,0.0,0.0,0.0,0.0,0.0,0.0,0.0,2038.083888521528,0.0,0.0,0.0,0.0
2012-06-30,1.25698,0.0,1958.9054399231911,0.0,0.0,0.0,0.0,0.0,0.0,0.0,1783.426169847883,0.0,0.0,0.0,0.0,0.0,0.0,0.0,0.0,0.0,2004.9906166189849
2012-07-07,1.11199,0.0,0.0,0.0,0.0,0.0,0.0,0.0,0.0,0.0,0.0,0.0,0.0,0.0,0.0,0.0,0.0,0.0,0.0,0.0,0.0
2012-07-14,0.96401,0.0,0.0,0.0,0.0,0.0,1918.4639193317587,0.0,0.0,0.0,0.0,0.0,0.0,0.0,0.0,0.0,0.0,0.0,0.0,0.0,0.0
2012-07-21,1.14204,0.0,0.0,0.0,0.0,0.0,0.0,0.0,0.0,0.0,0.0,0.0,0.0,0.0,0.0,0.0,0.0,0.0,0.0,0.0,0.0
2012-07-28,1.14094,0.0,0.0,0.0,0.0,0.0,0.0,0.0,0.0,0.0,0.0,0.0,0.0,0.0,0.0,0.0,0.0,0.0,0.0,0.0,0.0
2012-08-04,1.08992,0.0,0.0,0.0,0.0,0.0,0.0,2298.543953038539,0.0,0.0,0.0,0.0,0.0,0.0,0.0,0.0,0.0,0.0,0.0,0.0,0.0
2012-08-11,1.17647,0.0,0.0,0.0,0.0,0.0,0.0,0.0,0.0,2919.004932762748,0.0,0.0,0.0,0.0,0.0,0.0,0.0,0.0,0.0,0.0,0.0
2012-08-18,1.44928,0.0,0.0,0.0,0.0,0.0,0.0,0.0,0.0,0.0,0.0,0.0,0.0,0.0,0.0,0.0,0.0,0.0,0.0,0.0,0.0
2012-08-25,1.71674,0.0,0.0,3076.805701461777,3076.8057014617766,0.0,0.0,0.0,0.0,0.0,0.0,0.0,0.0,0.0,0.0,0.0,0.0,0.0,0.0,0.0,0.0
2012-09-01,1.16891,3376.048954733528,0.0,0.0,0.0,0.0,0.0,0.0,0.0,0.0,0.0,0.0,0.0,0.0,1968.1410604625853,0.0,0.0,0.0,0.0,0.0,0.0
2012-09-08,1.60668,0.0,0.0,0.0,0.0,0.0,0.0,0.0,0.0,0.0,0.0,0.0,0.0,0.0,0.0,0.0,0.0,0.0,0.0,0.0,0.0
2012-09-15,1.24183,0.0,0.0,0.0,0.0,0.0,0.0,0.0,0.0,0.0,0.0,0.0,0.0,0.0,0.0,0.0,0.0,0.0,0.0,0.0,0.0
2012-09-22,1.95707,0.0,0.0,0.0,0.0,0.0,0.0,0.0,0.0,0.0,0.0,0.0,0.0,0.0,0.0,0.0,0.0,0.0,0.0,0.0,3391.472993020419
2012-09-29,1.69306,0.0,0.0,0.0,0.0,0.0,0.0,1957.91504838172,0.0,0.0,0.0,0.0,0.0,0.0,0.0,0.0,0.0,0.0,0.0,0.0,0.0
2012-10-06,1.31105,0.0,0.0,0.0,0.0,0.0,0.0,0.0,0.0,0.0,0.0,0.0,0.0,0.0,0.0,0.0,1710.1768903030256,0.0,0.0,0.0,2911.783019414534
2012-10-13,1.24633,0.0,0.0,0.0,0.0,0.0,0.0,0.0,0.0,0.0,0.0,0.0,0.0,0.0,0.0,0.0,0.0,0.0,0.0,0.0,0.0
2012-10-20,1.29636,1839.650485309332,0.0,0.0,0.0,0.0,0.0,0.0,0.0,0.0,0.0,0.0,0.0,0.0,0.0,0.0,1523.4834141386805,0.0,0.0,0.0,0.0
2012-10-27,1.09117,0.0,0.0,0.0,0.0,0.0,0.0,0.0,0.0,0.0,0.0,0.0,0.0,0.0,0.0,0.0,0.0,0.0,0.0,0.0,0.0
2012-11-03,0.993861,0.0,0.0,0.0,0.0,0.0,0.0,0.0,0.0,0.0,0.0,0.0,0.0,0.0,0.0,0.0,0.0,0.0,0.0,0.0,0.0
2012-11-10,1.03469,2244.2450568086924,1758.9644227531844,0.0,0.0,0.0,0.0,0.0,0.0,0.0,0.0,0.0,0.0,0.0,0.0,0.0,0.0,0.0,0.0,0.0,0.0
2012-11-17,0.983021,0.0,0.0,0.0,0.0,0.0,0.0,0.0,0.0,0.0,0.0,1690.1397193169494,0.0,0.0,0.0,0.0,0.0,0.0,0.0,0.0,1641.4592287544608
2012-11-24,1.13895,0.0,0.0,0.0,0.0,0.0,0.0,0.0,0.0,0.0,0.0,0.0,0.0,0.0,0.0,0.0,0.0,0.0,0.0,0.0,0.0
2012-12-01,1.30719,0.0,0.0,0.0,0.0,0.0,0.0,0.0,0.0,0.0,0.0,0.0,0.0,0.0,0.0,0.0,0.0,0.0,0.0,0.0,0.0
2012-12-08,1.30946,0.0,0.0,0.0,0.0,0.0,0.0,0.0,0.0,0.0,0.0,0.0,0.0,0.0,0.0,0.0,0.0,0.0,0.0,0.0,1455.618802634791
2012-12-15,2.59634,0.0,0.0,0.0,0.0,0.0,0.0,0.0,0.0,0.0,0.0,0.0,0.0,0.0,0.0,0.0,0.0,0.0,0.0,0.0,0.0
2012-12-22,3.46636,0.0,0.0,0.0,0.0,0.0,0.0,0.0,0.0,0.0,0.0,0.0,0.0,0.0,0.0,0.0,0.0,0.0,0.0,0.0,2207.466725693109
2012-12-29,5.20878,0.0,0.0,0.0,0.0,0.0,0.0,3580.12726396939,0.0,0.0,0.0,0.0,0.0,0.0,0.0,0.0,0.0,0.0,0.0,0.0,0.0
2013-01-05,4.49438,0.0,0.0,0.0,0.0,0.0,0.0,0.0,0.0,0.0,0.0,0.0,0.0,0.0,0.0,0.0,0.0,0.0,0.0,0.0,2982.484087769153
2013-01-12,5.14139,3486.7555421571733,4628.459242020766,0.0,0.0,0.0,0.0,0.0,0.0,0.0,0.0,0.0,0.0,0.0,0.0,2163.493321737522,0.0,0.0,2950.5092915867563,0.0,0.0
2013-01-19,5.1005,3156.9676466267483,4314.036555403933,0.0,0.0,2374.1820414262097,0.0,0.0,0.0,0.0,0.0,0.0,0.0,0.0,0.0,0.0,0.0,0.0,0.0,0.0,2077.171436088429
2013-01-26,5.39638,2153.703520873802,2077.408161262098,0.0,0.0,0.0,0.0,0.0,0.0,0.0,0.0,0.0,0.0,0.0,0.0,0.0,0.0,0.0,0.0,0.0,0.0
2013-02-02,5.94282,1430.2234773540222,0.0,0.0,0.0,0.0,0.0,0.0,0.0,0.0,0.0,0.0,0.0,0.0,0.0,0.0,0.0,0.0,0.0,0.0,1853.23079272786
2013-02-09,5.43727,0.0,0.0,0.0,0.0,0.0,0.0,0.0,0.0,0.0,0.0,0.0,0.0,0.0,0.0,0.0,0.0,0.0,0.0,0.0,0.0
2013-02-16,5.07663,0.0,0.0,0.0,0.0,0.0,0.0,1429.6282541284256,0.0,0.0,0.0,0.0,0.0,0.0,0.0,0.0,1682.9358847374456,0.0,0.0,0.0,0.0
2013-02-23,3.04601,0.0,0.0,0.0,0.0,0.0,0.0,0.0,0.0,0.0,0.0,0.0,0.0,0.0,0.0,0.0,2501.213066898255,0.0,0.0,0.0,0.0
2013-03-02,3.56564,0.0,0.0,0.0,0.0,0.0,0.0,0.0,0.0,0.0,0.0,0.0,0.0,0.0,0.0,0.0,1521.841448399557,0.0,0.0,0.0,0.0
2013-03-09,3.25477,0.0,0.0,0.0,0.0,0.0,0.0,0.0,0.0,1765.8903550533917,0.0,0.0,0.0,0.0,0.0,0.0,0.0,0.0,0.0,0.0,0.0
2013-03-16,2.13793,0.0,0.0,0.0,0.0,0.0,0.0,0.0,0.0,0.0,0.0,0.0,0.0,0.0,0.0,0.0,0.0,0.0,0.0,0.0,2090.825932898234
2013-03-23,1.85185,0.0,0.0,0.0,0.0,0.0,0.0,0.0,0.0,0.0,0.0,0.0,0.0,0.0,0.0,0.0,2196.8884524868795,0.0,0.0,0.0,1857.7916731198536
2013-03-30,2.69293,0.0,0.0,0.0,0.0,0.0,1669.5210530638944,0.0,0.0,0.0,0.0,0.0,0.0,0.0,0.0,0.0,0.0,0.0,0.0,0.0,2123.325072805437
2013-04-06,3.38673,0.0,0.0,0.0,0.0,0.0,0.0,0.0,0.0,0.0,0.0,0.0,0.0,0.0,0.0,0.0,1384.8102810443336,0.0,0.0,0.0,0.0
2013-04-13,3.79356,0.0,0.0,0.0,0.0,0.0,0.0,0.0,0.0,0.0,0.0,0.0,2001.75410614652,0.0,0.0,0.0,0.0,0.0,0.0,0.0,0.0
2013-04-20,3.40541,0.0,0.0,0.0,0.0,0.0,0.0,1465.1790037192384,0.0,0.0,0.0,0.0,0.0,0.0,0.0,0.0,1403.0475402640532,2083.5020170437047,0.0,0.0,1692.0209380834665
2013-04-27,2.08828,0.0,0.0,0.0,0.0,0.0,0.0,0.0,0.0,0.0,0.0,0.0,0.0,0.0,0.0,0.0,0.0,0.0,0.0,0.0,2265.377523963008
2013-05-04,2.31701,0.0,0.0,0.0,0.0,0.0,0.0,0.0,0.0,0.0,0.0,0.0,0.0,0.0,0.0,0.0,0.0,0.0,0.0,0.0,0.0
2013-05-11,1.75791,0.0,0.0,0.0,0.0,0.0,0.0,0.0,0.0,0.0,0.0,0.0,0.0,0.0,0.0,0.0,0.0,0.0,0.0,0.0,3051.8682102844264
2013-05-18,1.88383,0.0,0.0,0.0,0.0,0.0,0.0,0.0,0.0,0.0,0.0,0.0,0.0,0.0,0.0,0.0,0.0,0.0,0.0,0.0,1491.2263821900408
2013-05-25,2.23011,0.0,0.0,0.0,0.0,0.0,0.0,0.0,0.0,0.0,0.0,0.0,0.0,0.0,0.0,0.0,0.0,0.0,0.0,0.0,0.0
2013-06-01,1.95599,0.0,0.0,0.0,0.0,0.0,2296.750098690735,0.0,0.0,0.0,0.0,0.0,0.0,0.0,0.0,0.0,0.0,0.0,0.0,0.0,0.0
2013-06-08,2.14435,0.0,0.0,0.0,0.0,0.0,0.0,0.0,0.0,0.0,0.0,0.0,0.0,0.0,0.0,0.0,0.0,0.0,0.0,0.0,0.0
2013-06-15,1.8797,0.0,0.0,0.0,0.0,0.0,0.0,0.0,0.0,0.0,0.0,0.0,0.0,0.0,0.0,0.0,0.0,0.0,0.0,0.0,0.0
2013-06-22,1.17048,0.0,0.0,0.0,0.0,0.0,0.0,0.0,0.0,0.0,0.0,2463.798594868935,0.0,0.0,0.0,2002.6203100674877,0.0,0.0,0.0,1622.9096977880793,0.0
2013-06-29,1.75038,0.0,0.0,0.0,0.0,0.0,0.0,0.0,0.0,0.0,0.0,0.0,0.0,1723.4718766334092,0.0,0.0,0.0,0.0,0.0,0.0,0.0
2013-07-06,1.27005,0.0,0.0,0.0,0.0,1952.605055011748,0.0,0.0,0.0,0.0,0.0,0.0,0.0,0.0,0.0,0.0,0.0,0.0,0.0,0.0,0.0
2013-07-13,1.44175,0.0,0.0,0.0,0.0,0.0,0.0,0.0,0.0,0.0,0.0,0.0,0.0,0.0,0.0,0.0,0.0,0.0,0.0,0.0,0.0
2013-07-20,1.15607,0.0,0.0,0.0,0.0,0.0,0.0,0.0,0.0,0.0,0.0,0.0,0.0,0.0,0.0,0.0,0.0,0.0,0.0,0.0,0.0
2013-07-27,1.92308,0.0,0.0,0.0,0.0,0.0,0.0,0.0,2108.602406053273,0.0,0.0,0.0,0.0,0.0,0.0,0.0,0.0,0.0,0.0,0.0,0.0
2013-08-03,1.46972,0.0,0.0,0.0,0.0,0.0,0.0,0.0,0.0,0.0,0.0,0.0,0.0,0.0,0.0,0.0,0.0,0.0,0.0,0.0,0.0
2013-08-10,1.34977,0.0,0.0,0.0,0.0,0.0,0.0,0.0,0.0,0.0,0.0,0.0,0.0,0.0,0.0,0.0,0.0,0.0,0.0,0.0,0.0
2013-08-17,1.71395,0.0,0.0,0.0,0.0,0.0,0.0,0.0,0.0,0.0,0.0,0.0,0.0,0.0,0.0,0.0,0.0,0.0,0.0,0.0,0.0
2013-08-24,1.35922,0.0,0.0,0.0,0.0,0.0,0.0,0.0,0.0,0.0,0.0,0.0,0.0,0.0,0.0,0.0,0.0,2274.552919838663,0.0,0.0,0.0
2013-08-31,2.2695,0.0,0.0,0.0,0.0,0.0,0.0,0.0,0.0,0.0,0.0,0.0,0.0,0.0,0.0,0.0,0.0,0.0,0.0,0.0,0.0
2013-09-07,1.64722,0.0,0.0,0.0,0.0,0.0,0.0,0.0,0.0,0.0,0.0,2173.5328250809143,0.0,0.0,0.0,0.0,0.0,0.0,0.0,0.0,0.0
2013-09-14,1.67504,0.0,0.0,0.0,0.0,0.0,0.0,0.0,0.0,0.0,0.0,0.0,0.0,0.0,0.0,0.0,0.0,0.0,0.0,0.0,0.0
2013-09-21,2.22482,0.0,0.0,0.0,0.0,0.0,0.0,0.0,0.0,0.0,0.0,0.0,0.0,0.0,0.0,0.0,0.0,0.0,0.0,0.0,1555.238564227216
2013-09-28,3.54191,0.0,0.0,0.0,0.0,0.0,0.0,0.0,0.0,0.0,0.0,0.0,0.0,0.0,0.0,0.0,1384.3494826975214,0.0,0.0,0.0,1412.450341507497
2013-10-05,1.77116,0.0,0.0,0.0,0.0,0.0,0.0,0.0,0.0,0.0,1392.5392435815395,0.0,0.0,0.0,0.0,0.0,1464.8816074501606,0.0,0.0,0.0,0.0
2013-10-12,1.84513,0.0,0.0,0.0,0.0,0.0,1856.398465477938,0.0,0.0,0.0,0.0,0.0,0.0,0.0,0.0,0.0,0.0,0.0,0.0,0.0,2308.877044696976
2013-10-19,1.4652,0.0,0.0,0.0,0.0,0.0,0.0,0.0,0.0,0.0,0.0,0.0,0.0,0.0,0.0,0.0,0.0,0.0,0.0,0.0,1892.149847534277
2013-10-26,1.56829,0.0,0.0,0.0,0.0,0.0,0.0,0.0,0.0,0.0,0.0,0.0,0.0,0.0,0.0,0.0,0.0,0.0,0.0,0.0,2060.5493754046897
2013-11-02,1.31212,0.0,0.0,0.0,0.0,0.0,0.0,0.0,0.0,0.0,0.0,0.0,0.0,0.0,0.0,0.0,0.0,0.0,0.0,0.0,0.0
2013-11-09,1.86391,0.0,0.0,0.0,0.0,0.0,0.0,0.0,0.0,0.0,0.0,0.0,0.0,0.0,0.0,0.0,0.0,0.0,0.0,0.0,0.0
2013-11-16,1.87949,0.0,0.0,0.0,0.0,0.0,0.0,0.0,0.0,0.0,0.0,0.0,0.0,0.0,0.0,0.0,2238.4477452864385,0.0,0.0,0.0,1587.4875958659252
2013-11-23,1.89911,0.0,0.0,0.0,0.0,0.0,0.0,0.0,0.0,0.0,0.0,0.0,0.0,0.0,0.0,1828.9234380251864,0.0,0.0,0.0,0.0,0.0
2013-11-30,1.79453,0.0,0.0,0.0,0.0,0.0,0.0,0.0,0.0,0.0,0.0,0.0,0.0,0.0,0.0,0.0,2118.810857567093,0.0,0.0,0.0,0.0
2013-12-07,2.4369,0.0,0.0,0.0,0.0,0.0,2208.491651206769,0.0,0.0,0.0,0.0,0.0,0.0,0.0,0.0,0.0,0.0,0.0,0.0,0.0,0.0
2013-12-14,1.88046,0.0,0.0,0.0,0.0,0.0,0.0,1586.650392764531,0.0,0.0,0.0,0.0,0.0,0.0,0.0,0.0,0.0,0.0,0.0,0.0,0.0
2013-12-21,3.07294,0.0,0.0,0.0,0.0,0.0,0.0,0.0,0.0,0.0,0.0,0.0,0.0,0.0,0.0,0.0,0.0,0.0,0.0,0.0,0.0
2013-12-28,4.66445,0.0,0.0,0.0,0.0,0.0,0.0,0.0,0.0,0.0,0.0,0.0,0.0,0.0,0.0,2159.909271386231,0.0,0.0,0.0,0.0,0.0
2014-01-04,4.38635,0.0,0.0,0.0,0.0,0.0,0.0,0.0,0.0,0.0,0.0,0.0,0.0,0.0,0.0,0.0,0.0,0.0,0.0,0.0,2130.4803589846533
2014-01-11,4.19244,0.0,1598.1340001200426,0.0,0.0,0.0,0.0,0.0,0.0,0.0,0.0,0.0,0.0,0.0,0.0,0.0,0.0,0.0,0.0,0.0,2306.907247868004
2014-01-18,3.0185,1547.4795869539314,1473.0806567513987,0.0,0.0,0.0,0.0,0.0,0.0,0.0,0.0,0.0,0.0,0.0,0.0,0.0,1557.2172328121665,0.0,0.0,1489.5868721894462,1529.7351307505342
2014-01-25,5.33255,0.0,1171.7692852952528,0.0,0.0,0.0,0.0,0.0,0.0,0.0,0.0,0.0,0.0,0.0,0.0,0.0,0.0,0.0,0.0,0.0,1394.0761700021608
2014-02-01,4.62777,0.0,1822.6952610430012,0.0,0.0,0.0,0.0,0.0,0.0,0.0,0.0,0.0,0.0,0.0,0.0,0.0,1584.312212740518,0.0,0.0,0.0,1308.4441173475072
2014-02-08,3.84845,0.0,1439.312567417984,0.0,0.0,0.0,0.0,0.0,0.0,0.0,0.0,0.0,0.0,0.0,0.0,0.0,0.0,0.0,0.0,0.0,1579.917897359323
2014-02-15,3.48042,1794.5386082810896,0.0,0.0,0.0,0.0,0.0,1554.135527836188,0.0,0.0,0.0,1234.2977086874266,0.0,0.0,0.0,0.0,2205.337479123294,0.0,0.0,0.0,1324.8452369657134
2014-02-22,2.76364,1242.560992285096,0.0,0.0,0.0,0.0,0.0,0.0,0.0,0.0,1170.3695754073838,0.0,0.0,0.0,0.0,0.0,1658.6117434953514,0.0,0.0,0.0,0.0
2014-03-01,3.46691,0.0,0.0,0.0,0.0,0.0,2055.0677018031106,0.0,0.0,0.0,0.0,1465.9075914645434,0.0,0.0,0.0,0.0,1288.0467429000155,0.0,0.0,0.0,1294.1452318501545
2014-03-08,2.78364,0.0,1499.5401546676294,0.0,0.0,0.0,0.0,1756.9684134454458,0.0,0.0,0.0,0.0,0.0,0.0,1393.2216381397784,0.0,1756.899216342458,0.0,0.0,0.0,0.0
2014-03-15,2.98651,1932.6774061398307,0.0,0.0,0.0,0.0,0.0,0.0,0.0,0.0,0.0,0.0,0.0,0.0,0.0,0.0,0.0,0.0,0.0,1580.7724877686253,1130.683475228595
2014-03-22,2.89179,0.0,0.0,0.0,0.0,0.0,0.0,0.0,0.0,0.0,0.0,0.0,0.0,0.0,0.0,0.0,1237.9068093070332,0.0,0.0,0.0,1246.0428703209247
2014-03-29,2.69331,0.0,1506.841129993323,0.0,0.0,0.0,0.0,0.0,0.0,0.0,0.0,0.0,0.0,0.0,0.0,0.0,0.0,0.0,0.0,0.0,1438.575301138468
2014-04-05,3.49026,0.0,0.0,0.0,0.0,0.0,0.0,0.0,0.0,0.0,0.0,0.0,0.0,0.0,0.0,0.0,0.0,0.0,0.0,0.0,1670.9944720708472
2014-04-12,3.26409,0.0,0.0,0.0,0.0,0.0,0.0,0.0,0.0,0.0,0.0,0.0,1365.9691146455116,0.0,0.0,0.0,2120.57550847855,0.0,0.0,0.0,0.0
2014-04-19,3.20042,0.0,0.0,0.0,0.0,0.0,0.0,0.0,0.0,0.0,0.0,0.0,0.0,0.0,0.0,0.0,0.0,0.0,0.0,0.0,1863.580792982932
2014-04-26,2.16573,0.0,0.0,0.0,0.0,0.0,0.0,0.0,0.0,1461.7247009886562,0.0,0.0,0.0,0.0,0.0,0.0,0.0,0.0,0.0,0.0,0.0
2014-05-03,1.52156,0.0,0.0,0.0,0.0,0.0,0.0,0.0,0.0,0.0,0.0,0.0,0.0,0.0,0.0,0.0,0.0,0.0,0.0,0.0,0.0
2014-05-10,1.57993,0.0,0.0,0.0,0.0,0.0,0.0,0.0,0.0,0.0,0.0,0.0,0.0,0.0,0.0,0.0,1388.7504789047855,0.0,0.0,0.0,3356.881596915844
2014-05-17,1.76152,0.0,0.0,0.0,0.0,0.0,0.0,0.0,0.0,0.0,0.0,0.0,0.0,0.0,0.0,0.0,0.0,0.0,0.0,0.0,0.0
2014-05-24,2.01064,0.0,0.0,0.0,0.0,0.0,0.0,0.0,0.0,0.0,0.0,0.0,0.0,0.0,0.0,0.0,0.0,0.0,0.0,0.0,1935.840619923318
2014-05-31,1.87919,0.0,0.0,0.0,0.0,2265.352784851675,0.0,0.0,0.0,0.0,0.0,0.0,0.0,0.0,0.0,0.0,0.0,0.0,0.0,0.0,0.0
2014-06-07,2.30608,0.0,0.0,0.0,0.0,0.0,0.0,0.0,0.0,0.0,0.0,0.0,2121.7897428447354,0.0,0.0,0.0,2539.132847075378,0.0,0.0,0.0,0.0
2014-06-14,1.34328,0.0,1589.7859590617827,0.0,0.0,0.0,0.0,0.0,0.0,0.0,0.0,0.0,0.0,0.0,0.0,0.0,0.0,0.0,0.0,0.0,0.0
2014-06-21,1.73913,0.0,0.0,0.0,0.0,0.0,0.0,0.0,0.0,0.0,0.0,0.0,0.0,0.0,0.0,0.0,0.0,0.0,0.0,0.0,0.0
2014-06-28,1.29252,0.0,0.0,0.0,0.0,0.0,0.0,0.0,0.0,0.0,0.0,0.0,0.0,0.0,0.0,0.0,0.0,0.0,0.0,0.0,1832.034247348813
2014-07-05,1.59151,0.0,0.0,0.0,0.0,0.0,0.0,0.0,1773.3646200093826,0.0,0.0,0.0,0.0,0.0,0.0,0.0,0.0,0.0,0.0,0.0,0.0
2014-07-12,1.04322,0.0,0.0,0.0,0.0,0.0,0.0,0.0,0.0,0.0,0.0,0.0,0.0,0.0,0.0,0.0,0.0,0.0,0.0,0.0,0.0
2014-07-19,2.26876,0.0,0.0,0.0,0.0,0.0,0.0,0.0,0.0,0.0,0.0,0.0,0.0,0.0,0.0,0.0,0.0,0.0,0.0,0.0,0.0
2014-07-26,1.51954,0.0,0.0,0.0,0.0,0.0,0.0,0.0,0.0,0.0,0.0,0.0,0.0,0.0,0.0,0.0,0.0,0.0,0.0,0.0,0.0
2014-08-02,1.85328,0.0,0.0,0.0,0.0,0.0,0.0,0.0,0.0,0.0,0.0,0.0,0.0,0.0,0.0,0.0,0.0,0.0,0.0,0.0,0.0
2014-08-09,1.49589,0.0,0.0,0.0,0.0,0.0,0.0,0.0,0.0,0.0,0.0,0.0,0.0,0.0,0.0,0.0,0.0,0.0,0.0,0.0,0.0
2014-08-16,1.9154,0.0,0.0,0.0,0.0,0.0,2105.11074235353,0.0,0.0,0.0,0.0,0.0,0.0,0.0,0.0,0.0,0.0,0.0,0.0,0.0,0.0
2014-08-23,1.46951,0.0,0.0,0.0,0.0,0.0,0.0,0.0,0.0,0.0,0.0,0.0,0.0,0.0,1864.9311324183811,0.0,0.0,0.0,0.0,0.0,0.0
2014-08-30,1.12882,0.0,0.0,0.0,0.0,0.0,0.0,0.0,0.0,0.0,1618.9773627056693,0.0,0.0,0.0,0.0,0.0,0.0,0.0,0.0,0.0,0.0
2014-09-06,1.43198,0.0,0.0,0.0,0.0,0.0,0.0,0.0,0.0,0.0,0.0,0.0,0.0,0.0,0.0,0.0,0.0,0.0,0.0,0.0,0.0
2014-09-13,1.88925,0.0,0.0,0.0,0.0,0.0,0.0,0.0,0.0,0.0,0.0,0.0,0.0,0.0,0.0,0.0,0.0,0.0,0.0,0.0,1601.825148382871
2014-09-20,2.3622,0.0,0.0,0.0,0.0,0.0,0.0,0.0,0.0,0.0,0.0,0.0,0.0,0.0,0.0,0.0,1417.1302295818368,0.0,0.0,0.0,2731.0066283588662
2014-09-27,1.77134,0.0,0.0,0.0,0.0,0.0,0.0,0.0,0.0,1719.6059822637326,0.0,0.0,0.0,0.0,0.0,0.0,2434.740890900296,0.0,0.0,0.0,0.0
2014-10-04,1.33929,0.0,0.0,0.0,0.0,0.0,0.0,0.0,0.0,0.0,0.0,0.0,0.0,0.0,0.0,0.0,0.0,0.0,0.0,0.0,0.0
2014-10-11,1.06727,0.0,0.0,0.0,0.0,0.0,0.0,0.0,0.0,0.0,0.0,0.0,0.0,0.0,0.0,0.0,1824.870063884838,0.0,0.0,0.0,2119.834071189699
2014-10-18,1.30826,0.0,0.0,0.0,0.0,0.0,0.0,0.0,0.0,0.0,0.0,0.0,0.0,0.0,0.0,0.0,0.0,0.0,0.0,0.0,0.0
2014-10-25,1.06242,0.0,1355.3769361311577,0.0,0.0,0.0,0.0,0.0,0.0,0.0,0.0,0.0,0.0,0.0,0.0,0.0,0.0,0.0,0.0,0.0,0.0
2014-11-01,1.37312,0.0,0.0,0.0,0.0,0.0,1499.7036522042183,0.0,0.0,0.0,0.0,0.0,0.0,0.0,0.0,0.0,0.0,0.0,0.0,0.0,0.0
2014-11-08,1.1477,0.0,0.0,0.0,0.0,0.0,0.0,0.0,0.0,0.0,0.0,0.0,0.0,0.0,0.0,0.0,0.0,0.0,0.0,0.0,1638.617582020613
2014-11-15,0.953576,0.0,0.0,0.0,0.0,0.0,0.0,0.0,2640.8517661645246,2656.295048803399,0.0,0.0,0.0,0.0,0.0,0.0,0.0,0.0,0.0,0.0,2236.8550858936533
2014-11-22,1.24668,0.0,0.0,0.0,0.0,0.0,0.0,0.0,0.0,0.0,0.0,0.0,0.0,0.0,0.0,0.0,1537.4245052847966,0.0,0.0,0.0,0.0
2014-11-29,1.82879,0.0,0.0,0.0,0.0,0.0,0.0,0.0,0.0,0.0,0.0,0.0,0.0,0.0,0.0,0.0,0.0,0.0,0.0,0.0,0.0
2014-12-06,1.62238,0.0,0.0,1369.5335678794374,1369.5335678794372,0.0,0.0,0.0,0.0,0.0,1645.985926211526,0.0,0.0,0.0,0.0,0.0,1777.621190311301,0.0,0.0,0.0,0.0
2014-12-13,2.01527,0.0,1347.2935255848358,0.0,0.0,0.0,0.0,0.0,0.0,0.0,0.0,0.0,0.0,0.0,0.0,2315.8392693470405,1212.374796137162,0.0,0.0,0.0,0.0
2014-12-20,2.18712,0.0,0.0,0.0,0.0,0.0,0.0,0.0,0.0,0.0,0.0,0.0,0.0,0.0,0.0,0.0,0.0,0.0,0.0,0.0,0.0
2014-12-27,2.79379,0.0,2042.064792882672,0.0,0.0,0.0,0.0,0.0,0.0,0.0,0.0,0.0,0.0,0.0,0.0,0.0,1599.2307389037414,0.0,0.0,0.0,0.0
2015-01-03,5.03401,2108.43481260852,2326.498801320301,0.0,0.0,0.0,0.0,0.0,0.0,0.0,0.0,0.0,0.0,1543.357867271299,0.0,0.0,1458.745000847921,0.0,0.0,0.0,1940.578523333035
2015-01-10,3.10345,0.0,0.0,0.0,0.0,1496.8235750297683,0.0,0.0,0.0,0.0,0.0,0.0,1741.5883979101914,0.0,0.0,0.0,1739.92781552738,0.0,0.0,0.0,1567.5018170413916
2015-01-17,3.9726,1975.5862939367555,0.0,0.0,0.0,0.0,0.0,0.0,0.0,0.0,0.0,0.0,0.0,0.0,0.0,0.0,0.0,0.0,0.0,0.0,0.0
2015-01-24,6.78543,1901.6228462036515,2696.3871162232545,0.0,0.0,0.0,0.0,0.0,0.0,0.0,0.0,0.0,0.0,0.0,0.0,0.0,2493.307481276024,0.0,0.0,0.0,1297.5540519317296
2015-01-31,5.62334,0.0,2479.4845259851218,0.0,0.0,0.0,0.0,1190.3496806801488,0.0,0.0,0.0,1187.9769159218822,0.0,0.0,0.0,0.0,2015.0557229526837,0.0,0.0,0.0,2152.640601993109
2015-02-07,6.05428,0.0,2107.380903749653,0.0,0.0,0.0,0.0,1209.977366466984,0.0,0.0,0.0,0.0,0.0,0.0,0.0,0.0,1559.4934778659267,0.0,0.0,0.0,3731.455306892356
2015-02-14,5.58511,1247.8790957563938,0.0,0.0,0.0,0.0,0.0,2583.03206936557,0.0,0.0,0.0,0.0,0.0,0.0,0.0,0.0,1260.023578879434,0.0,0.0,0.0,1256.251221204906
2015-02-21,4.63245,0.0,0.0,0.0,0.0,0.0,0.0,1225.8848749987822,0.0,0.0,0.0,0.0,0.0,0.0,0.0,0.0,1361.9514135728434,0.0,0.0,0.0,0.0
2015-02-28,3.44637,0.0,0.0,0.0,0.0,0.0,0.0,0.0,0.0,0.0,0.0,0.0,0.0,0.0,0.0,0.0,0.0,0.0,0.0,0.0,2637.4454977077094
2015-03-07,3.08229,0.0,0.0,0.0,0.0,0.0,0.0,0.0,0.0,0.0,0.0,0.0,0.0,0.0,0.0,1175.3680338766758,1913.6018627898704,0.0,0.0,0.0,2158.8235013622293
2015-03-14,2.20796,0.0,1176.9085132306063,0.0,0.0,0.0,0.0,1473.039702253678,0.0,0.0,0.0,0.0,0.0,0.0,0.0,0.0,2253.4324434200034,0.0,0.0,0.0,1622.8053480449337
2015-03-21,2.33352,0.0,1163.2960215241255,0.0,0.0,1407.703024218041,0.0,1176.003589851612,0.0,0.0,0.0,0.0,0.0,0.0,0.0,0.0,0.0,0.0,0.0,0.0,1556.5292772043472
2015-03-28,2.14936,0.0,0.0,0.0,0.0,0.0,0.0,0.0,0.0,0.0,0.0,0.0,0.0,0.0,0.0,0.0,0.0,0.0,0.0,0.0,1350.0365913485796
2015-04-04,3.23268,0.0,0.0,0.0,0.0,0.0,0.0,0.0,0.0,0.0,0.0,1319.5527032570774,0.0,0.0,0.0,1237.817219754356,0.0,0.0,0.0,0.0,1764.8274214593946
2015-04-11,2.5641,0.0,0.0,0.0,0.0,0.0,0.0,0.0,0.0,0.0,0.0,0.0,0.0,0.0,0.0,0.0,2131.900467812977,0.0,0.0,0.0,0.0
2015-04-18,2.07156,0.0,0.0,0.0,0.0,0.0,0.0,0.0,0.0,0.0,0.0,0.0,0.0,0.0,0.0,0.0,0.0,0.0,0.0,0.0,2231.987899697028
2015-04-25,1.33874,0.0,0.0,0.0,0.0,0.0,0.0,0.0,0.0,0.0,0.0,0.0,0.0,0.0,0.0,0.0,0.0,0.0,0.0,0.0,1426.150349203114
2015-05-02,1.35542,0.0,0.0,0.0,0.0,0.0,0.0,0.0,0.0,0.0,0.0,0.0,0.0,0.0,0.0,0.0,0.0,0.0,0.0,0.0,1286.5332942100088
2015-05-09,1.4863,0.0,0.0,0.0,0.0,0.0,0.0,0.0,0.0,0.0,0.0,1475.5640407328597,0.0,0.0,0.0,0.0,1466.3768353858734,0.0,0.0,0.0,3634.095841864269
2015-05-16,1.04167,0.0,0.0,0.0,0.0,0.0,0.0,0.0,0.0,0.0,0.0,0.0,0.0,0.0,0.0,0.0,1403.935295780219,0.0,0.0,0.0,1588.2608928007598
2015-05-23,0.881834,0.0,0.0,0.0,0.0,0.0,0.0,0.0,0.0,0.0,0.0,0.0,0.0,0.0,0.0,0.0,0.0,0.0,0.0,0.0,0.0
2015-05-30,0.826446,0.0,0.0,0.0,0.0,0.0,0.0,0.0,0.0,0.0,0.0,0.0,0.0,0.0,0.0,0.0,2108.9753762844707,0.0,0.0,0.0,0.0
2015-06-06,0.810373,0.0,0.0,0.0,0.0,0.0,0.0,0.0,0.0,0.0,0.0,0.0,0.0,0.0,0.0,0.0,0.0,0.0,1911.2298835442275,0.0,0.0
2015-06-13,0.415512,0.0,0.0,0.0,0.0,0.0,0.0,0.0,0.0,0.0,0.0,0.0,0.0,0.0,0.0,0.0,0.0,0.0,0.0,0.0,0.0
2015-06-20,0.157729,0.0,0.0,0.0,0.0,0.0,0.0,0.0,0.0,0.0,0.0,0.0,0.0,0.0,0.0,0.0,0.0,0.0,0.0,0.0,0.0
2015-06-27,0.174216,0.0,0.0,0.0,0.0,0.0,0.0,0.0,0.0,0.0,0.0,0.0,0.0,0.0,0.0,0.0,0.0,0.0,0.0,0.0,0.0
2015-07-04,0.37594,0.0,0.0,0.0,0.0,0.0,0.0,0.0,0.0,0.0,0.0,0.0,0.0,0.0,0.0,0.0,0.0,0.0,0.0,0.0,0.0
2015-07-11,0.0,0.0,0.0,0.0,0.0,0.0,0.0,0.0,0.0,0.0,0.0,0.0,0.0,0.0,0.0,0.0,0.0,0.0,0.0,0.0,0.0
2015-07-18,0.0,0.0,0.0,0.0,0.0,0.0,0.0,0.0,0.0,0.0,0.0,0.0,0.0,0.0,0.0,0.0,0.0,0.0,0.0,0.0,0.0
2015-07-25,0.561272,0.0,0.0,0.0,0.0,0.0,0.0,0.0,0.0,0.0,0.0,2095.925388295772,0.0,0.0,0.0,0.0,0.0,0.0,0.0,0.0,0.0
2015-08-01,0.686106,0.0,0.0,0.0,0.0,0.0,0.0,0.0,0.0,0.0,0.0,0.0,0.0,0.0,1896.8460678724969,0.0,0.0,0.0,0.0,0.0,0.0
2015-08-08,0.44603,0.0,0.0,0.0,0.0,0.0,0.0,0.0,0.0,0.0,0.0,0.0,0.0,0.0,0.0,0.0,0.0,0.0,0.0,0.0,0.0
2015-08-15,0.57971,0.0,0.0,0.0,0.0,0.0,0.0,0.0,0.0,0.0,0.0,0.0,0.0,0.0,0.0,0.0,0.0,0.0,0.0,0.0,0.0
2015-08-22,0.694444,0.0,0.0,0.0,0.0,0.0,0.0,0.0,0.0,0.0,0.0,0.0,0.0,0.0,0.0,0.0,0.0,0.0,0.0,0.0,0.0
2015-08-29,0.776197,0.0,0.0,0.0,0.0,0.0,0.0,0.0,0.0,0.0,0.0,0.0,0.0,0.0,0.0,0.0,0.0,0.0,0.0,0.0,0.0
2015-09-05,0.398406,0.0,0.0,0.0,0.0,3671.6031368496688,0.0,0.0,0.0,0.0,0.0,0.0,0.0,0.0,0.0,0.0,1987.043285745264,0.0,0.0,0.0,0.0
2015-09-12,0.616523,0.0,0.0,0.0,0.0,0.0,0.0,0.0,0.0,0.0,1540.928258078285,0.0,0.0,0.0,0.0,0.0,0.0,0.0,0.0,0.0,0.0
2015-09-19,1.25945,0.0,0.0,0.0,0.0,0.0,0.0,0.0,0.0,0.0,0.0,0.0,0.0,0.0,0.0,0.0,0.0,0.0,0.0,0.0,0.0
2015-09-26,0.701262,0.0,0.0,0.0,0.0,0.0,0.0,0.0,0.0,0.0,0.0,0.0,0.0,0.0,0.0,0.0,0.0,0.0,0.0,0.0,0.0
2015-10-03,0.806452,0.0,0.0,0.0,0.0,0.0,0.0,0.0,0.0,0.0,0.0,0.0,0.0,0.0,0.0,0.0,3600.2565747951207,0.0,0.0,0.0,0.0
2015-10-10,0.222519,0.0,0.0,0.0,0.0,0.0,0.0,0.0,0.0,0.0,0.0,0.0,0.0,0.0,0.0,0.0,1430.5915735670794,0.0,0.0,0.0,0.0
2015-10-17,0.295334,0.0,0.0,0.0,0.0,0.0,0.0,0.0,0.0,0.0,0.0,0.0,0.0,0.0,0.0,0.0,1616.562208710918,0.0,0.0,0.0,0.0
2015-10-24,0.486174,0.0,0.0,0.0,0.0,2513.9414995402262,0.0,0.0,0.0,0.0,0.0,0.0,0.0,0.0,0.0,0.0,0.0,0.0,0.0,0.0,0.0
2015-10-31,0.445633,0.0,0.0,0.0,0.0,0.0,0.0,0.0,1859.4415183243736,0.0,0.0,0.0,0.0,0.0,0.0,0.0,1779.439624845442,0.0,0.0,0.0,0.0
2015-11-07,0.891651,0.0,0.0,0.0,0.0,0.0,0.0,0.0,0.0,0.0,0.0,0.0,0.0,0.0,0.0,0.0,1915.4827521681332,0.0,0.0,0.0,1691.089698969456
2015-11-14,0.925926,0.0,0.0,0.0,0.0,0.0,0.0,1786.2271213090055,0.0,0.0,0.0,0.0,0.0,0.0,0.0,0.0,1429.4220541689392,0.0,0.0,0.0,0.0
2015-11-21,0.764818,0.0,0.0,0.0,0.0,0.0,0.0,0.0,0.0,0.0,0.0,0.0,0.0,0.0,0.0,0.0,2046.658745091388,0.0,0.0,0.0,0.0
2015-11-28,1.22599,0.0,0.0,0.0,0.0,0.0,0.0,0.0,0.0,0.0,0.0,0.0,0.0,0.0,0.0,0.0,0.0,0.0,0.0,0.0,0.0
2015-12-05,1.30409,0.0,0.0,0.0,0.0,0.0,0.0,0.0,0.0,0.0,0.0,0.0,0.0,0.0,0.0,0.0,0.0,0.0,0.0,0.0,0.0
2015-12-12,0.828984,0.0,0.0,0.0,0.0,0.0,0.0,0.0,0.0,0.0,0.0,0.0,0.0,0.0,0.0,0.0,0.0,0.0,1576.2340831410993,0.0,0.0
2015-12-19,1.29916,0.0,1587.3078967040938,0.0,0.0,0.0,0.0,0.0,0.0,0.0,0.0,0.0,0.0,0.0,0.0,0.0,1892.7247672087883,0.0,0.0,0.0,0.0
2015-12-26,1.38272,0.0,0.0,0.0,0.0,0.0,0.0,0.0,0.0,0.0,0.0,0.0,0.0,0.0,0.0,2529.348547675924,0.0,0.0,0.0,0.0,1774.8871765625388
2016-01-02,1.93258,1638.1945860167134,0.0,0.0,0.0,0.0,0.0,2042.1892262833856,0.0,0.0,0.0,0.0,0.0,0.0,0.0,0.0,2001.2257231468611,0.0,0.0,0.0,1797.4268037612014
2016-01-09,1.50082,0.0,0.0,0.0,0.0,0.0,0.0,0.0,0.0,0.0,0.0,0.0,0.0,0.0,0.0,0.0,0.0,0.0,0.0,0.0,3513.959938554962
2016-01-16,1.35501,0.0,0.0,0.0,0.0,0.0,0.0,0.0,0.0,0.0,0.0,0.0,0.0,0.0,0.0,0.0,0.0,0.0,0.0,0.0,1379.715047715065
2016-01-23,1.52561,0.0,0.0,0.0,0.0,0.0,0.0,0.0,0.0,0.0,0.0,0.0,0.0,0.0,0.0,0.0,1721.1443434651578,0.0,0.0,0.0,2008.0721939751888
2016-01-30,1.80208,0.0,0.0,0.0,0.0,0.0,0.0,0.0,0.0,0.0,0.0,0.0,0.0,0.0,0.0,0.0,1172.6125939125802,0.0,0.0,0.0,1535.7214180050987
2016-02-06,1.06446,0.0,0.0,0.0,0.0,0.0,0.0,0.0,0.0,0.0,0.0,0.0,0.0,0.0,0.0,0.0,0.0,0.0,0.0,0.0,1330.873962572423
2016-02-13,1.7097,0.0,0.0,0.0,0.0,0.0,0.0,0.0,0.0,0.0,0.0,0.0,0.0,0.0,0.0,0.0,1666.290716491341,0.0,0.0,0.0,1989.37831845026
2016-02-20,2.73022,0.0,0.0,0.0,0.0,0.0,0.0,1345.965082524365,0.0,0.0,0.0,0.0,0.0,0.0,0.0,1190.31698249543,1864.0438887939413,0.0,0.0,0.0,1486.0141823849576
2016-02-27,1.53653,0.0,1285.830386215942,0.0,0.0,0.0,0.0,0.0,0.0,0.0,0.0,0.0,0.0,0.0,0.0,0.0,1846.0008676713296,0.0,0.0,0.0,1331.8772860417664
2016-03-05,2.19161,0.0,0.0,0.0,0.0,0.0,0.0,0.0,0.0,0.0,0.0,0.0,0.0,0.0,0.0,0.0,0.0,0.0,0.0,0.0,1172.4928164490989
2016-03-12,2.58802,1114.8324128061536,0.0,0.0,0.0,0.0,0.0,0.0,0.0,1707.8721643313509,0.0,0.0,0.0,0.0,0.0,0.0,1962.9021477843207,0.0,0.0,0.0,2073.848868288549
2016-03-19,2.64741,0.0,2090.3240601082293,0.0,0.0,0.0,0.0,0.0,0.0,0.0,0.0,0.0,0.0,0.0,0.0,0.0,2113.1980346070263,0.0,0.0,0.0,0.0
2016-03-26,2.20632,0.0,1604.2501907348233,0.0,0.0,0.0,0.0,0.0,0.0,0.0,0.0,0.0,0.0,0.0,0.0,0.0,1428.2995610208384,0.0,0.0,0.0,0.0
2016-04-02,2.23059,0.0,0.0,0.0,0.0,0.0,0.0,0.0,0.0,0.0,0.0,0.0,0.0,0.0,0.0,0.0,1900.9394046549733,0.0,0.0,0.0,2393.094588948715
2016-04-09,2.23684,0.0,0.0,0.0,0.0,0.0,0.0,0.0,0.0,0.0,0.0,1246.9429728178116,0.0,1174.3110808522777,0.0,0.0,2057.6357714415494,0.0,0.0,0.0,1194.1104780376324
2016-04-16,1.43455,0.0,0.0,0.0,0.0,0.0,0.0,0.0,0.0,0.0,0.0,0.0,0.0,0.0,0.0,0.0,1564.1042824282197,0.0,0.0,0.0,2094.870134145644
2016-04-23,1.58983,0.0,0.0,0.0,0.0,0.0,0.0,1419.3334467878285,0.0,0.0,0.0,0.0,0.0,0.0,0.0,1270.806798602513,0.0,0.0,0.0,1887.668698481886,1635.7590045222871
2016-04-30,1.62272,0.0,0.0,0.0,0.0,0.0,0.0,0.0,0.0,0.0,0.0,0.0,0.0,0.0,0.0,0.0,1619.787950482504,0.0,0.0,0.0,1890.215100449858
2016-05-07,1.03704,0.0,0.0,0.0,0.0,1198.0893130676693,0.0,0.0,0.0,0.0,0.0,0.0,0.0,0.0,0.0,0.0,1337.0106275852688,0.0,0.0,0.0,1601.1351475636243
2016-05-14,0.928594,0.0,0.0,0.0,0.0,0.0,0.0,0.0,0.0,0.0,0.0,0.0,0.0,2346.883776253159,0.0,0.0,0.0,0.0,0.0,0.0,1184.5412804074813
2016-05-21,0.572005,0.0,0.0,0.0,0.0,0.0,0.0,0.0,0.0,0.0,0.0,0.0,0.0,0.0,1318.7026969570593,0.0,1865.0494239119405,0.0,0.0,0.0,1323.0493565977215
2016-05-28,1.12597,0.0,0.0,0.0,0.0,0.0,0.0,2697.106122204056,0.0,0.0,0.0,0.0,0.0,0.0,0.0,2229.8465632851744,1241.7687152457036,0.0,0.0,0.0,0.0
2016-06-04,0.970874,0.0,0.0,0.0,0.0,0.0,0.0,0.0,0.0,0.0,0.0,0.0,0.0,0.0,0.0,0.0,1838.0787068839825,0.0,0.0,0.0,0.0
2016-06-11,0.499688,0.0,0.0,0.0,0.0,0.0,0.0,0.0,0.0,0.0,0.0,0.0,0.0,0.0,0.0,0.0,1384.4038783199612,0.0,0.0,0.0,0.0
2016-06-18,0.542169,0.0,0.0,0.0,0.0,0.0,0.0,0.0,0.0,0.0,0.0,0.0,0.0,0.0,0.0,0.0,0.0,0.0,0.0,0.0,0.0
2016-06-25,0.454841,0.0,0.0,0.0,0.0,0.0,0.0,1550.648369277286,0.0,0.0,0.0,0.0,0.0,0.0,0.0,0.0,0.0,0.0,0.0,0.0,1830.762741471404
2016-07-02,0.454545,0.0,0.0,0.0,0.0,0.0,0.0,0.0,0.0,0.0,0.0,0.0,0.0,0.0,0.0,0.0,0.0,0.0,0.0,0.0,0.0
2016-07-09,0.469484,0.0,0.0,0.0,0.0,0.0,0.0,0.0,0.0,0.0,0.0,0.0,0.0,0.0,0.0,0.0,0.0,0.0,0.0,0.0,0.0
2016-07-16,0.819062,0.0,0.0,0.0,0.0,0.0,0.0,0.0,0.0,0.0,0.0,0.0,0.0,0.0,0.0,0.0,0.0,0.0,0.0,0.0,1636.2462488821925
2016-07-23,0.759878,0.0,0.0,0.0,0.0,0.0,0.0,0.0,0.0,0.0,0.0,0.0,0.0,0.0,0.0,0.0,0.0,0.0,0.0,0.0,0.0
2016-07-30,0.443459,0.0,0.0,0.0,0.0,0.0,0.0,0.0,0.0,0.0,1779.935150704022,0.0,0.0,0.0,0.0,0.0,0.0,0.0,0.0,0.0,0.0
2016-08-06,1.05541,1433.384558050957,0.0,0.0,0.0,0.0,0.0,0.0,0.0,0.0,0.0,0.0,0.0,0.0,0.0,0.0,0.0,0.0,0.0,0.0,0.0
2016-08-13,0.913838,0.0,0.0,0.0,0.0,0.0,0.0,0.0,0.0,0.0,0.0,0.0,0.0,0.0,0.0,0.0,0.0,0.0,0.0,0.0,0.0
2016-08-20,0.531915,0.0,0.0,0.0,0.0,0.0,0.0,0.0,0.0,0.0,0.0,0.0,0.0,0.0,0.0,0.0,0.0,0.0,0.0,0.0,0.0
2016-08-27,1.13208,0.0,0.0,0.0,0.0,0.0,0.0,0.0,0.0,0.0,0.0,0.0,0.0,0.0,0.0,0.0,0.0,0.0,0.0,0.0,0.0
2016-09-03,1.44928,0.0,0.0,0.0,0.0,0.0,0.0,0.0,0.0,0.0,0.0,0.0,0.0,0.0,0.0,0.0,1929.2427845085851,0.0,0.0,0.0,0.0
2016-09-10,1.1734,0.0,0.0,0.0,0.0,0.0,0.0,1788.314650310337,0.0,0.0,0.0,0.0,0.0,0.0,0.0,0.0,0.0,0.0,0.0,0.0,1640.804810655263
2016-09-17,1.69935,0.0,0.0,0.0,0.0,0.0,0.0,0.0,0.0,0.0,0.0,0.0,0.0,0.0,0.0,0.0,4190.66969738658,0.0,0.0,0.0,2236.660540377637
2016-09-24,0.956284,0.0,0.0,0.0,0.0,0.0,0.0,1984.6730197335016,0.0,0.0,0.0,0.0,1321.1859292581676,0.0,0.0,0.0,1937.621946910989,0.0,0.0,0.0,1577.6686367427178
2016-10-01,1.81564,0.0,0.0,0.0,0.0,0.0,0.0,1738.9560077129393,0.0,0.0,0.0,0.0,0.0,0.0,0.0,0.0,2684.9786879377784,0.0,0.0,0.0,0.0
2016-10-08,0.777202,0.0,0.0,0.0,0.0,0.0,0.0,0.0,0.0,0.0,0.0,0.0,0.0,0.0,0.0,0.0,1470.0398060295308,0.0,0.0,0.0,0.0
2016-10-15,0.848593,0.0,0.0,0.0,0.0,0.0,0.0,0.0,0.0,0.0,0.0,0.0,1600.9585180288614,0.0,0.0,1813.528899733856,1720.225037815646,0.0,0.0,0.0,1653.9815048384562
2016-10-22,0.551315,0.0,0.0,0.0,0.0,0.0,0.0,0.0,0.0,0.0,0.0,0.0,0.0,0.0,0.0,0.0,1869.024840241918,0.0,0.0,0.0,1632.7114729390246
2016-10-29,0.377992,0.0,0.0,0.0,0.0,0.0,0.0,1344.7153522152494,0.0,0.0,0.0,0.0,0.0,0.0,0.0,1418.3530642385335,0.0,0.0,0.0,0.0,0.0
2016-11-05,0.228102,0.0,0.0,0.0,0.0,0.0,0.0,0.0,0.0,0.0,0.0,0.0,0.0,0.0,0.0,0.0,0.0,0.0,0.0,0.0,1590.5123291624932
2016-11-12,0.209293,0.0,1183.1644103847132,1761.5905466354488,1761.590546635449,0.0,0.0,0.0,0.0,0.0,0.0,0.0,0.0,0.0,0.0,1202.191611802633,1225.4339818029678,0.0,0.0,0.0,0.0
2016-11-19,0.30843,0.0,0.0,0.0,0.0,0.0,0.0,1306.93086117909,0.0,0.0,0.0,0.0,0.0,0.0,0.0,0.0,0.0,0.0,0.0,0.0,0.0
2016-11-26,0.500751,0.0,0.0,0.0,0.0,0.0,0.0,0.0,0.0,0.0,0.0,0.0,0.0,0.0,0.0,0.0,2004.295684934806,0.0,0.0,0.0,2006.3571942442268
2016-12-03,0.616861,0.0,0.0,0.0,0.0,0.0,0.0,0.0,0.0,0.0,0.0,0.0,0.0,0.0,0.0,0.0,1251.8841192801358,0.0,0.0,0.0,1309.4121951254792
2016-12-10,0.401875,0.0,1698.3842019687047,0.0,0.0,0.0,0.0,0.0,0.0,0.0,0.0,0.0,0.0,0.0,0.0,0.0,1163.8292890570217,0.0,0.0,0.0,0.0
2016-12-17,0.562852,0.0,0.0,0.0,0.0,0.0,0.0,0.0,0.0,0.0,1349.5747992196532,0.0,0.0,0.0,0.0,0.0,1569.320889867635,0.0,0.0,0.0,1960.5629216700595
2016-12-24,0.958606,0.0,0.0,0.0,0.0,0.0,0.0,0.0,0.0,0.0,0.0,0.0,0.0,0.0,0.0,0.0,0.0,0.0,0.0,0.0,1546.1969057368503
2016-12-31,0.964957,0.0,0.0,0.0,0.0,0.0,0.0,0.0,0.0,0.0,0.0,1681.0269991591488,0.0,0.0,0.0,0.0,1635.796411163372,0.0,0.0,0.0,0.0
2017-01-07,0.976909,0.0,0.0,1189.6599195740778,1189.6599195740775,0.0,0.0,0.0,0.0,0.0,0.0,0.0,0.0,0.0,0.0,0.0,1421.5788335170628,0.0,0.0,0.0,2562.3726410160198
2017-01-14,1.17499,0.0,0.0,0.0,0.0,0.0,0.0,0.0,0.0,0.0,0.0,1115.5876682105093,0.0,0.0,0.0,0.0,2186.46186219246,0.0,0.0,0.0,2346.1910946794483
2017-01-21,1.1658,0.0,0.0,0.0,0.0,0.0,0.0,1070.6850011676054,0.0,0.0,0.0,0.0,0.0,0.0,0.0,0.0,2227.8055837128923,0.0,0.0,0.0,1714.2723632368825
2017-01-28,1.4435,0.0,1261.6262827333956,0.0,0.0,0.0,0.0,0.0,0.0,0.0,0.0,0.0,0.0,0.0,0.0,0.0,0.0,0.0,0.0,0.0,1157.2692985452477
2017-02-04,1.91404,0.0,0.0,0.0,0.0,0.0,0.0,0.0,0.0,0.0,0.0,0.0,0.0,0.0,0.0,0.0,2293.648868351396,0.0,0.0,0.0,3333.296261791659
2017-02-11,1.28205,0.0,1431.9563860006829,0.0,0.0,0.0,0.0,0.0,0.0,0.0,0.0,0.0,0.0,0.0,1159.4069622305758,0.0,1254.1261007784592,0.0,1145.5956241873905,0.0,1573.1476184371722
2017-02-18,1.07602,1187.8504219234903,1158.4107347268427,0.0,0.0,0.0,0.0,1258.4582258899131,0.0,0.0,0.0,2198.658343997272,0.0,0.0,0.0,0.0,2394.475170566839,0.0,0.0,0.0,1068.6647825683883
2017-02-25,1.75254,0.0,0.0,0.0,0.0,0.0,0.0,0.0,1366.0108905802788,0.0,0.0,1230.4836329866916,0.0,0.0,0.0,0.0,0.0,0.0,0.0,0.0,1755.8724995843036
2017-03-04,1.80403,0.0,0.0,0.0,0.0,0.0,0.0,1499.718773060844,0.0,0.0,0.0,0.0,0.0,0.0,0.0,0.0,1215.6220608108574,0.0,0.0,0.0,2013.476468188114
2017-03-11,1.99492,0.0,1217.9298595595278,0.0,0.0,0.0,0.0,0.0,0.0,0.0,0.0,0.0,2190.8306105548395,0.0,0.0,0.0,1861.8830214265283,0.0,0.0,0.0,2961.2852258744733
2017-03-18,1.61962,1035.7247790851904,0.0,0.0,0.0,0.0,0.0,0.0,0.0,0.0,0.0,0.0,0.0,0.0,0.0,1190.099746682428,0.0,0.0,0.0,0.0,3014.593722326243
2017-03-25,1.48831,0.0,0.0,0.0,0.0,0.0,0.0,1435.7614304015713,0.0,0.0,0.0,0.0,0.0,0.0,0.0,0.0,0.0,0.0,0.0,0.0,1526.7625766813514
2017-04-01,1.42248,0.0,1226.693993895428,0.0,0.0,0.0,0.0,0.0,0.0,0.0,0.0,0.0,0.0,0.0,0.0,0.0,1755.4333445676498,0.0,0.0,0.0,1065.9270025675492
2017-04-08,1.44538,0.0,0.0,0.0,0.0,0.0,0.0,1441.553333267479,0.0,0.0,0.0,0.0,0.0,0.0,0.0,0.0,0.0,0.0,0.0,0.0,1940.7739327621025
2017-04-15,1.49254,1587.5057989375375,0.0,0.0,0.0,0.0,0.0,1153.2634756009354,0.0,0.0,0.0,0.0,0.0,0.0,0.0,0.0,0.0,0.0,0.0,0.0,1186.3826210130503
2017-04-22,1.18421,0.0,0.0,0.0,0.0,0.0,0.0,2401.7818657809544,0.0,0.0,0.0,0.0,0.0,0.0,0.0,0.0,1794.6421878230856,0.0,0.0,0.0,1432.980987959961
2017-04-29,0.815101,0.0,0.0,0.0,0.0,1719.1085387532814,0.0,0.0,0.0,0.0,0.0,0.0,0.0,0.0,0.0,0.0,0.0,0.0,0.0,0.0,1137.6788613610788
2017-05-06,1.35617,0.0,0.0,0.0,0.0,0.0,0.0,0.0,0.0,0.0,0.0,0.0,0.0,0.0,0.0,0.0,1592.8357678922337,0.0,0.0,0.0,1632.311184110343
2017-05-13,0.645919,0.0,0.0,0.0,0.0,0.0,0.0,0.0,0.0,0.0,0.0,0.0,0.0,0.0,0.0,0.0,0.0,0.0,0.0,0.0,0.0
2017-05-20,1.11111,0.0,0.0,0.0,0.0,0.0,0.0,0.0,0.0,0.0,0.0,0.0,0.0,0.0,0.0,0.0,0.0,0.0,0.0,0.0,0.0
2017-05-27,0.521999,0.0,0.0,0.0,0.0,0.0,0.0,0.0,0.0,0.0,0.0,0.0,0.0,0.0,0.0,0.0,1624.6057522065892,0.0,0.0,0.0,0.0
2017-06-03,1.57546,0.0,0.0,0.0,0.0,0.0,0.0,0.0,0.0,0.0,0.0,0.0,0.0,0.0,0.0,0.0,1438.583126162298,0.0,0.0,0.0,0.0
2017-06-10,1.2021,0.0,0.0,0.0,0.0,0.0,0.0,0.0,0.0,0.0,0.0,0.0,0.0,0.0,0.0,0.0,0.0,0.0,0.0,0.0,0.0
2017-06-17,0.602864,0.0,0.0,0.0,0.0,0.0,0.0,0.0,0.0,0.0,0.0,0.0,0.0,0.0,0.0,0.0,0.0,0.0,0.0,0.0,1318.261384852495
2017-06-24,0.673077,0.0,0.0,0.0,0.0,0.0,0.0,0.0,0.0,0.0,0.0,0.0,0.0,0.0,0.0,0.0,1266.1737484806483,0.0,0.0,0.0,0.0
2017-07-01,0.753296,0.0,0.0,0.0,0.0,0.0,0.0,0.0,0.0,0.0,1361.9531725136137,0.0,0.0,0.0,0.0,0.0,0.0,0.0,0.0,2198.441446878859,0.0
2017-07-08,0.855513,0.0,0.0,0.0,0.0,0.0,0.0,0.0,0.0,0.0,0.0,0.0,0.0,0.0,0.0,0.0,0.0,0.0,0.0,0.0,0.0
2017-07-15,0.865052,0.0,0.0,0.0,0.0,0.0,0.0,0.0,0.0,0.0,0.0,0.0,0.0,0.0,0.0,0.0,1945.2760428010736,0.0,0.0,0.0,0.0
2017-07-22,0.792254,0.0,0.0,0.0,0.0,0.0,0.0,0.0,0.0,0.0,0.0,0.0,0.0,0.0,0.0,0.0,1275.7496245467828,0.0,0.0,0.0,2282.237075342046
2017-07-29,0.740741,0.0,0.0,0.0,0.0,0.0,0.0,0.0,0.0,0.0,0.0,0.0,0.0,0.0,0.0,1790.7740342834868,0.0,0.0,0.0,0.0,1880.1584542426608
2017-08-05,0.8867,0.0,0.0,0.0,0.0,0.0,0.0,0.0,0.0,0.0,0.0,0.0,0.0,0.0,0.0,0.0,0.0,0.0,0.0,0.0,1378.9485340277906
2017-08-12,0.26738,0.0,0.0,0.0,0.0,0.0,0.0,0.0,0.0,0.0,0.0,0.0,0.0,0.0,0.0,0.0,0.0,0.0,0.0,0.0,0.0
2017-08-19,0.717489,0.0,0.0,0.0,0.0,0.0,0.0,0.0,0.0,0.0,0.0,0.0,0.0,0.0,0.0,0.0,0.0,0.0,0.0,0.0,0.0
2017-08-26,0.893655,0.0,0.0,0.0,0.0,0.0,0.0,1672.3014813024024,0.0,0.0,0.0,0.0,0.0,0.0,0.0,0.0,0.0,0.0,0.0,0.0,0.0
2017-09-02,1.02516,0.0,0.0,0.0,0.0,0.0,0.0,1304.6550762460874,0.0,0.0,0.0,0.0,0.0,0.0,0.0,0.0,0.0,1365.589986649981,0.0,0.0,0.0
2017-09-09,0.95511,0.0,0.0,0.0,0.0,0.0,0.0,0.0,0.0,0.0,0.0,0.0,0.0,0.0,0.0,0.0,1989.1764578188177,0.0,0.0,0.0,1428.0163727774404
2017-09-16,0.773196,0.0,0.0,0.0,0.0,0.0,0.0,0.0,0.0,0.0,0.0,0.0,0.0,0.0,0.0,0.0,1340.7119015431213,0.0,0.0,0.0,1528.8216602211448
2017-09-23,0.918197,0.0,0.0,0.0,0.0,0.0,2149.6046994643443,0.0,0.0,0.0,0.0,0.0,0.0,0.0,0.0,0.0,1195.747117553938,0.0,0.0,0.0,2044.351634089358
2017-09-30,0.561167,0.0,0.0,0.0,0.0,0.0,0.0,0.0,0.0,0.0,0.0,0.0,0.0,0.0,0.0,0.0,1228.1590960609176,0.0,0.0,0.0,1366.5552293840003
2017-10-07,0.711427,0.0,0.0,0.0,0.0,0.0,0.0,0.0,0.0,0.0,0.0,0.0,0.0,0.0,0.0,0.0,0.0,0.0,0.0,0.0,1230.9617400081852
2017-10-14,0.617708,0.0,0.0,0.0,0.0,0.0,0.0,0.0,0.0,0.0,0.0,0.0,0.0,0.0,0.0,0.0,1117.7791249059617,0.0,0.0,0.0,1457.14773540846
2017-10-21,0.383275,0.0,0.0,0.0,0.0,0.0,0.0,0.0,0.0,0.0,0.0,0.0,0.0,0.0,0.0,0.0,0.0,0.0,0.0,0.0,1664.8452992627233
2017-10-28,0.630601,0.0,1414.0943178763248,1400.9191081148217,1400.9191081148217,0.0,0.0,1439.061416973521,0.0,0.0,0.0,0.0,0.0,0.0,0.0,0.0,1719.9417713164278,0.0,0.0,0.0,0.0
2017-11-04,0.492091,0.0,0.0,0.0,0.0,2203.440082657778,0.0,2240.420549175956,0.0,0.0,0.0,0.0,0.0,0.0,0.0,0.0,0.0,0.0,0.0,0.0,2235.382606089967
2017-11-11,0.580084,0.0,0.0,0.0,0.0,1178.8585475886705,0.0,0.0,0.0,0.0,0.0,0.0,0.0,0.0,0.0,0.0,1095.1880741422028,0.0,0.0,0.0,1743.930510646948
2017-11-18,0.737265,0.0,0.0,0.0,0.0,0.0,0.0,0.0,0.0,0.0,0.0,0.0,0.0,0.0,0.0,0.0,1820.0506928096029,0.0,0.0,0.0,1218.1954496365756
2017-11-25,1.10608,0.0,0.0,0.0,0.0,0.0,0.0,1877.2820372134784,0.0,0.0,0.0,0.0,0.0,0.0,0.0,0.0,1435.8702492159823,0.0,0.0,0.0,1581.286701922215
2017-12-02,0.988749,0.0,0.0,0.0,0.0,0.0,0.0,1144.4298884815926,0.0,0.0,0.0,0.0,0.0,0.0,0.0,0.0,1043.484026533585,0.0,0.0,0.0,1827.0473597684488
2017-12-09,1.02459,0.0,0.0,0.0,0.0,0.0,0.0,0.0,0.0,0.0,0.0,0.0,0.0,0.0,0.0,0.0,0.0,0.0,0.0,0.0,0.0
2017-12-16,2.03443,0.0,0.0,0.0,0.0,0.0,0.0,0.0,0.0,0.0,0.0,0.0,0.0,0.0,0.0,0.0,1920.3144190896464,0.0,0.0,0.0,1367.751115108893
2017-12-23,1.00305,0.0,0.0,0.0,0.0,0.0,0.0,0.0,0.0,0.0,0.0,1306.6117818605762,0.0,0.0,0.0,0.0,1566.1167623014865,0.0,0.0,0.0,1648.6051470155403
2017-12-30,1.79671,0.0,1133.7159995696975,0.0,0.0,0.0,0.0,0.0,0.0,0.0,0.0,0.0,0.0,0.0,0.0,0.0,2398.598198090765,0.0,0.0,0.0,1670.9736774994783
2018-01-06,2.67592,0.0,1801.734342259589,959.7004811568188,959.7004811568188,0.0,0.0,2065.2406475105154,0.0,0.0,0.0,0.0,0.0,0.0,1279.099452510211,0.0,1575.8369959166023,0.0,0.0,0.0,1828.087820670777
2018-01-13,2.45739,2405.0203343876447,2499.019468383784,991.9502269498132,991.9502269498132,0.0,0.0,1411.538587295487,0.0,0.0,0.0,0.0,0.0,0.0,0.0,0.0,2015.3355942683263,0.0,0.0,0.0,0.0
2018-01-20,3.25805,3367.28652684846,4952.188475111646,0.0,0.0,0.0,0.0,1605.0255048119095,0.0,0.0,1023.9261157901992,1232.5340551336712,0.0,0.0,0.0,1319.8015784531683,2348.373709930596,0.0,1188.5589591070434,0.0,1632.028749325267
2018-01-27,3.99306,4762.468166219099,3304.087981944514,977.527385393784,977.527385393784,0.0,0.0,998.8580963473104,0.0,0.0,0.0,1847.286658196588,1266.5444534357157,0.0,0.0,1154.1430812259066,1457.743740831393,0.0,0.0,0.0,2207.7972205510328
2018-02-03,4.5929,3858.245107336298,7268.055773787687,2007.426057821932,2007.426057821932,0.0,0.0,1399.8720313309952,0.0,0.0,0.0,1431.840027390111,1383.371018963014,1043.8128014218844,0.0,1928.9154034211265,2432.455469385037,1043.176912404443,0.0,0.0,2574.5991520840275
2018-02-10,5.64516,3244.5899591230527,5869.105977029043,1091.8352261364455,1091.835226136445,0.0,0.0,1247.992167074091,0.0,0.0,0.0,1323.42124021454,1164.784661701229,0.0,0.0,1742.8473075796069,2211.7131522437658,0.0,0.0,0.0,2834.773384749345
2018-02-17,4.47761,3652.918751700333,3618.2310296603023,1366.276701057953,1366.276701057953,0.0,0.0,0.0,0.0,0.0,0.0,0.0,1789.0145762759632,0.0,0.0,1556.6614724157944,1800.066647590084,0.0,0.0,0.0,1935.830606738344
2018-02-24,3.80984,3114.7061440427638,3104.868856812303,0.0,0.0,0.0,0.0,0.0,0.0,0.0,951.1114764832492,0.0,1098.56558974881,0.0,0.0,0.0,1538.835162361059,0.0,0.0,0.0,2259.786896671139
2018-03-03,3.82343,2689.2554082070424,1875.9912565657276,0.0,0.0,0.0,0.0,0.0,0.0,0.0,0.0,0.0,0.0,0.0,1021.656976387729,0.0,1932.1983693059544,0.0,0.0,0.0,2512.1820293055425
2018-03-10,3.40605,1599.3728438798378,1031.6314704952406,0.0,0.0,0.0,0.0,0.0,0.0,0.0,0.0,1008.644292381864,0.0,0.0,0.0,0.0,1977.219356537228,0.0,0.0,0.0,1105.2191931908176
2018-03-17,2.28252,1150.620652931309,985.882555243684,0.0,0.0,0.0,0.0,0.0,0.0,0.0,0.0,0.0,0.0,0.0,0.0,0.0,1767.9103987740466,0.0,0.0,0.0,1278.2492918853095
2018-03-24,2.69513,1002.015346229648,0.0,0.0,0.0,0.0,0.0,0.0,0.0,0.0,0.0,0.0,0.0,0.0,0.0,0.0,1732.4411628664348,0.0,0.0,0.0,1657.4957826412374
2018-03-31,2.98669,0.0,0.0,0.0,0.0,0.0,0.0,1015.6102796180332,0.0,0.0,0.0,0.0,0.0,0.0,0.0,0.0,1177.921184882367,0.0,0.0,0.0,1692.386549957682
2018-04-07,2.82365,0.0,1329.1459994160875,0.0,0.0,0.0,0.0,0.0,0.0,0.0,0.0,0.0,0.0,0.0,0.0,0.0,1181.034246358042,0.0,0.0,0.0,1383.4769331617167
2018-04-14,2.33288,0.0,1835.6128754767192,0.0,0.0,0.0,0.0,1096.5257480972034,0.0,0.0,0.0,0.0,0.0,0.0,0.0,0.0,1346.1385547054706,0.0,0.0,0.0,1543.318371089782
2018-04-21,2.6087,0.0,1341.4577036659175,0.0,0.0,0.0,0.0,0.0,0.0,0.0,0.0,0.0,0.0,0.0,0.0,0.0,0.0,0.0,0.0,0.0,0.0
2018-04-28,2.59918,0.0,0.0,0.0,0.0,0.0,0.0,0.0,0.0,0.0,0.0,0.0,0.0,0.0,0.0,0.0,1899.2932731610424,0.0,0.0,0.0,1740.4287953899782
2018-05-05,1.80563,0.0,0.0,0.0,0.0,0.0,0.0,0.0,0.0,0.0,0.0,0.0,0.0,0.0,0.0,0.0,1291.4588619200044,0.0,0.0,0.0,0.0
2018-05-12,1.84244,0.0,0.0,0.0,0.0,0.0,0.0,0.0,0.0,0.0,0.0,0.0,1237.6041144244268,0.0,0.0,0.0,1147.7609419779153,0.0,0.0,0.0,0.0
2018-05-19,1.61491,0.0,0.0,0.0,0.0,0.0,0.0,0.0,0.0,0.0,0.0,0.0,0.0,0.0,0.0,0.0,0.0,0.0,0.0,0.0,1276.998496957538
2018-05-26,1.11206,0.0,0.0,0.0,0.0,0.0,0.0,0.0,0.0,0.0,0.0,0.0,0.0,0.0,0.0,0.0,0.0,0.0,0.0,0.0,1420.7765844107453
2018-06-02,1.30261,0.0,1320.789722001802,0.0,0.0,0.0,0.0,1565.8501160233186,0.0,0.0,0.0,0.0,0.0,0.0,0.0,0.0,0.0,0.0,0.0,0.0,1523.4890304162982
2018-06-09,2.0,0.0,0.0,0.0,0.0,0.0,0.0,0.0,0.0,0.0,0.0,0.0,0.0,0.0,0.0,0.0,0.0,0.0,0.0,0.0,1346.9447332098582
2018-06-16,1.57068,0.0,0.0,0.0,0.0,0.0,0.0,0.0,0.0,0.0,0.0,0.0,0.0,0.0,0.0,0.0,0.0,0.0,0.0,0.0,0.0
2018-06-23,1.27551,0.0,0.0,0.0,0.0,0.0,0.0,0.0,0.0,0.0,0.0,0.0,0.0,0.0,0.0,0.0,1489.9270027585824,0.0,0.0,0.0,2340.9806707155
2018-06-30,1.67598,0.0,0.0,0.0,0.0,0.0,0.0,0.0,0.0,0.0,0.0,0.0,0.0,0.0,0.0,0.0,0.0,0.0,0.0,0.0,1475.6328095352958
2018-07-07,1.65138,0.0,0.0,0.0,0.0,0.0,0.0,0.0,0.0,0.0,0.0,0.0,0.0,0.0,0.0,0.0,1146.4615653203205,0.0,0.0,0.0,0.0
2018-07-14,1.1535,0.0,0.0,0.0,0.0,0.0,0.0,0.0,0.0,0.0,0.0,0.0,0.0,0.0,0.0,0.0,0.0,0.0,0.0,0.0,1105.990658076426
2018-07-21,1.42857,0.0,0.0,0.0,0.0,0.0,0.0,0.0,0.0,0.0,0.0,0.0,0.0,0.0,0.0,1501.0728359266589,0.0,0.0,0.0,0.0,0.0
2018-07-28,1.1396,0.0,0.0,0.0,0.0,0.0,0.0,0.0,0.0,0.0,0.0,0.0,0.0,0.0,0.0,0.0,0.0,0.0,0.0,0.0,0.0
2018-08-04,1.43541,0.0,0.0,0.0,0.0,0.0,0.0,0.0,0.0,0.0,0.0,0.0,0.0,0.0,0.0,0.0,0.0,0.0,0.0,0.0,0.0
2018-08-11,1.64093,0.0,0.0,0.0,0.0,0.0,0.0,0.0,0.0,0.0,0.0,0.0,0.0,0.0,0.0,0.0,1724.188630216759,0.0,0.0,0.0,0.0
2018-08-18,0.959024,0.0,0.0,0.0,0.0,0.0,0.0,0.0,0.0,0.0,0.0,0.0,0.0,0.0,0.0,0.0,1260.1253378656927,0.0,0.0,2045.8130246231856,0.0
2018-08-25,1.46277,0.0,0.0,0.0,0.0,0.0,0.0,0.0,0.0,0.0,0.0,0.0,0.0,0.0,0.0,0.0,0.0,0.0,0.0,0.0,0.0
2018-09-01,1.95258,0.0,0.0,0.0,0.0,0.0,0.0,0.0,0.0,0.0,0.0,0.0,0.0,0.0,0.0,0.0,1176.7015975733443,0.0,1149.5894058118447,0.0,0.0
2018-09-08,2.50696,1700.1446942754071,0.0,0.0,0.0,0.0,0.0,0.0,0.0,0.0,0.0,0.0,0.0,1361.0618938115874,0.0,0.0,0.0,0.0,0.0,0.0,0.0
2018-09-15,1.96629,0.0,0.0,0.0,0.0,0.0,2019.3898056622663,0.0,0.0,0.0,0.0,0.0,0.0,0.0,0.0,0.0,1154.2370273296126,0.0,0.0,0.0,1309.3588638650865
2018-09-22,1.4531,0.0,1867.8424315095097,0.0,0.0,0.0,0.0,1028.0202210572832,0.0,0.0,0.0,0.0,0.0,0.0,0.0,0.0,0.0,0.0,0.0,0.0,1554.2624166558112
2018-09-29,2.54351,0.0,1061.8051421402615,0.0,0.0,0.0,0.0,0.0,0.0,0.0,0.0,0.0,0.0,0.0,0.0,0.0,1222.4617334896727,0.0,0.0,0.0,0.0
2018-10-06,1.06898,0.0,0.0,0.0,0.0,0.0,0.0,0.0,0.0,0.0,0.0,0.0,0.0,0.0,0.0,0.0,1154.463954906253,0.0,0.0,0.0,1351.281442048151
2018-10-13,1.0993,0.0,0.0,0.0,0.0,0.0,0.0,0.0,0.0,0.0,0.0,0.0,0.0,0.0,0.0,0.0,1356.64335564182,0.0,1123.980992571131,0.0,1033.440579483795
2018-10-20,1.12488,0.0,0.0,0.0,0.0,0.0,0.0,0.0,0.0,0.0,0.0,0.0,0.0,0.0,0.0,1044.2730629866408,1196.7655612972485,0.0,0.0,0.0,1552.22157792371
2018-10-27,1.42456,0.0,0.0,0.0,0.0,0.0,0.0,0.0,0.0,0.0,0.0,0.0,0.0,0.0,0.0,1196.850226108615,1408.173393269064,0.0,0.0,0.0,1551.4777405114487
2018-11-03,1.16677,0.0,1275.9102003942596,0.0,0.0,0.0,0.0,0.0,0.0,0.0,0.0,0.0,0.0,0.0,0.0,0.0,0.0,0.0,0.0,0.0,1243.9417839054645
2018-11-10,0.89695,1065.5778059596971,1032.026111264909,0.0,0.0,0.0,1005.8416951066192,0.0,1654.7012598189883,0.0,0.0,0.0,0.0,0.0,0.0,1871.6545712030052,0.0,0.0,0.0,0.0,1522.0021951395086
2018-11-17,1.13384,0.0,0.0,0.0,0.0,0.0,0.0,2263.326345625163,0.0,0.0,0.0,0.0,0.0,0.0,0.0,0.0,1887.2384728675208,0.0,0.0,0.0,1356.0794264295178
2018-11-24,0.763151,0.0,2320.661164380728,0.0,0.0,0.0,0.0,0.0,0.0,0.0,0.0,0.0,0.0,0.0,0.0,0.0,0.0,0.0,0.0,1417.6267636601513,0.0
2018-12-01,0.93551,0.0,0.0,0.0,0.0,0.0,0.0,0.0,0.0,0.0,0.0,0.0,0.0,0.0,0.0,0.0,1585.8030219137438,0.0,0.0,0.0,1789.8030336934614
2018-12-08,1.29148,0.0,1737.8322118676724,0.0,0.0,0.0,0.0,0.0,0.0,0.0,0.0,0.0,0.0,0.0,0.0,1169.73056323649,0.0,0.0,0.0,0.0,1505.4481013008058
2018-12-15,2.08899,0.0,0.0,0.0,0.0,0.0,0.0,0.0,0.0,0.0,0.0,1420.7104328910732,0.0,0.0,0.0,0.0,2283.8844842392537,0.0,0.0,0.0,1581.3869281615182
2018-12-22,1.85324,0.0,0.0,0.0,0.0,0.0,0.0,0.0,0.0,0.0,0.0,0.0,0.0,0.0,0.0,0.0,1195.960018661067,0.0,0.0,0.0,0.0
2018-12-29,3.19773,0.0,0.0,0.0,0.0,0.0,0.0,0.0,0.0,0.0,0.0,0.0,0.0,0.0,0.0,0.0,1332.135234016473,0.0,0.0,0.0,2060.6128295251247
2019-01-05,2.61241,1477.0908315575489,1985.7637246276645,0.0,0.0,0.0,0.0,2310.612882533001,0.0,0.0,0.0,0.0,0.0,0.0,0.0,0.0,1364.917153287863,0.0,0.0,0.0,2515.717244500689
2019-01-12,3.36988,1218.41825588408,1119.969164610127,0.0,0.0,0.0,0.0,0.0,0.0,0.0,0.0,0.0,0.0,0.0,0.0,1395.9426502714869,1562.8739178817011,0.0,0.0,0.0,2047.760867396809
2019-01-19,3.69641,0.0,1568.4740642407944,0.0,0.0,0.0,0.0,1564.732941967745,0.0,0.0,0.0,0.0,0.0,0.0,0.0,0.0,0.0,0.0,0.0,0.0,1389.000690712019
2019-01-26,4.26533,2186.2989735429583,0.0,990.0241188475572,990.0241188475572,0.0,0.0,1545.7502889113482,1029.7189060475312,0.0,0.0,1085.9180862039857,0.0,0.0,0.0,0.0,983.034009967854,0.0,0.0,0.0,2049.9537821445883
2019-02-02,4.19684,0.0,3283.007702871897,0.0,0.0,0.0,0.0,0.0,0.0,0.0,0.0,0.0,0.0,0.0,1301.050026720782,996.4811976543124,1904.79355313318,0.0,0.0,0.0,1603.8815284479406
2019-02-09,3.10186,2321.661643948937,1482.752264789149,0.0,0.0,0.0,0.0,0.0,0.0,0.0,0.0,0.0,0.0,0.0,0.0,1198.7156683778703,0.0,0.0,0.0,0.0,977.2953189692436
2019-02-16,3.9679,1566.008815236822,1824.246490227468,1244.8255573426518,1244.825557342651,0.0,0.0,0.0,0.0,0.0,0.0,0.0,0.0,0.0,0.0,0.0,1465.6753908799194,0.0,0.0,0.0,2774.076016206744
2019-02-23,3.7409,0.0,2143.2262785722905,0.0,0.0,0.0,1031.575218387488,0.0,0.0,0.0,0.0,0.0,0.0,0.0,0.0,1450.3791765378485,1013.766998701382,0.0,0.0,1126.2946924903808,2089.3207998729363
2019-03-02,2.96093,0.0,0.0,0.0,0.0,0.0,0.0,0.0,0.0,0.0,0.0,2639.557852761749,0.0,0.0,0.0,1233.121830083761,2609.1726691389777,0.0,0.0,0.0,2812.010549465803
2019-03-09,3.15853,0.0,1194.9469405867778,0.0,0.0,0.0,0.0,1079.3207142059607,0.0,0.0,0.0,1231.4940271957803,0.0,0.0,0.0,0.0,1336.393868630303,0.0,0.0,0.0,1047.085616749627
2019-03-16,2.78866,0.0,0.0,0.0,0.0,0.0,0.0,0.0,0.0,0.0,0.0,0.0,0.0,0.0,0.0,0.0,1935.6340983287607,0.0,0.0,0.0,2228.96900308163
2019-03-23,3.19274,2206.4534117932544,1471.4482476440055,0.0,0.0,1292.7227770962695,0.0,0.0,0.0,0.0,0.0,0.0,0.0,0.0,0.0,0.0,2546.7554902524566,0.0,0.0,0.0,0.0
2019-03-30,2.07367,0.0,1617.3445607891522,0.0,0.0,0.0,0.0,1033.995158640789,0.0,0.0,0.0,0.0,0.0,0.0,0.0,0.0,1541.3755316337183,0.0,0.0,0.0,2175.4971084193976
2019-04-06,2.14785,0.0,0.0,0.0,0.0,0.0,0.0,0.0,0.0,0.0,0.0,0.0,0.0,0.0,0.0,0.0,1702.7696517214622,0.0,0.0,0.0,2251.137721630446
2019-04-13,1.95526,0.0,0.0,0.0,0.0,0.0,0.0,0.0,0.0,0.0,0.0,0.0,0.0,0.0,0.0,0.0,1767.224398571988,0.0,0.0,0.0,0.0
2019-04-20,1.62958,0.0,0.0,0.0,0.0,0.0,0.0,0.0,0.0,0.0,0.0,0.0,0.0,0.0,0.0,0.0,1689.5009131629158,0.0,0.0,0.0,0.0
2019-04-27,0.902778,0.0,0.0,0.0,0.0,0.0,0.0,0.0,0.0,0.0,0.0,0.0,0.0,0.0,1323.743637631215,0.0,0.0,0.0,0.0,0.0,1912.7709829443024
2019-05-04,0.930641,0.0,0.0,0.0,0.0,0.0,0.0,0.0,0.0,0.0,0.0,0.0,0.0,0.0,0.0,0.0,0.0,1556.77294815048,0.0,0.0,0.0
2019-05-11,1.04722,0.0,0.0,0.0,0.0,0.0,0.0,0.0,0.0,0.0,0.0,0.0,0.0,0.0,0.0,0.0,0.0,0.0,0.0,0.0,1742.9205925526974
2019-05-18,1.08485,0.0,0.0,0.0,0.0,0.0,0.0,0.0,0.0,0.0,0.0,0.0,0.0,0.0,0.0,0.0,0.0,0.0,0.0,0.0,2173.508960760153
2019-05-25,0.982511,0.0,0.0,0.0,0.0,0.0,0.0,0.0,0.0,0.0,0.0,0.0,0.0,0.0,0.0,0.0,1282.977375530331,0.0,0.0,0.0,1815.26650946424
2019-06-01,0.987167,0.0,0.0,0.0,0.0,0.0,0.0,0.0,0.0,0.0,0.0,0.0,0.0,0.0,0.0,1478.0034923837177,1302.180144035514,0.0,0.0,0.0,1634.0536219731364
2019-06-08,0.907835,0.0,0.0,0.0,0.0,0.0,1257.55187559526,0.0,0.0,0.0,0.0,0.0,0.0,0.0,0.0,0.0,1404.851284581266,0.0,0.0,0.0,2781.229511766608
2019-06-15,0.989899,0.0,0.0,0.0,0.0,0.0,0.0,0.0,0.0,0.0,0.0,0.0,0.0,0.0,0.0,0.0,2292.752010361528,0.0,0.0,0.0,1538.9493868596076
2019-06-22,0.823293,0.0,0.0,0.0,0.0,0.0,0.0,0.0,0.0,0.0,0.0,0.0,0.0,0.0,0.0,0.0,1321.6730310316466,0.0,0.0,0.0,1494.3131838676325
2019-06-29,0.510304,0.0,0.0,0.0,0.0,0.0,0.0,0.0,0.0,0.0,0.0,0.0,0.0,0.0,0.0,0.0,0.0,0.0,0.0,0.0,1116.5017622622224
2019-07-06,0.65803,0.0,0.0,0.0,0.0,0.0,0.0,0.0,0.0,0.0,0.0,0.0,0.0,0.0,0.0,0.0,0.0,0.0,0.0,0.0,0.0
2019-07-13,0.523455,0.0,0.0,0.0,0.0,0.0,0.0,0.0,0.0,0.0,0.0,0.0,0.0,0.0,0.0,0.0,0.0,0.0,0.0,0.0,1456.738970357891
2019-07-20,0.429097,0.0,0.0,0.0,0.0,0.0,0.0,0.0,0.0,0.0,0.0,0.0,0.0,0.0,0.0,0.0,0.0,0.0,0.0,0.0,0.0
2019-07-27,0.556128,0.0,0.0,0.0,0.0,0.0,0.0,0.0,0.0,0.0,0.0,0.0,0.0,0.0,0.0,0.0,0.0,0.0,0.0,0.0,0.0
2019-08-03,0.766363,0.0,0.0,0.0,0.0,0.0,0.0,0.0,0.0,0.0,0.0,0.0,0.0,0.0,0.0,0.0,0.0,2097.501470025835,0.0,0.0,1483.4761780165086
2019-08-10,0.396563,0.0,0.0,0.0,0.0,0.0,0.0,0.0,0.0,0.0,0.0,0.0,0.0,0.0,0.0,0.0,0.0,0.0,0.0,0.0,0.0
2019-08-17,0.348985,0.0,0.0,0.0,0.0,0.0,0.0,0.0,0.0,0.0,0.0,0.0,0.0,0.0,1674.805580521574,0.0,1419.8673389132923,0.0,0.0,0.0,0.0
2019-08-24,0.499334,0.0,0.0,0.0,0.0,0.0,0.0,0.0,0.0,0.0,0.0,0.0,0.0,0.0,0.0,0.0,0.0,0.0,0.0,0.0,1354.643569812803
2019-08-31,0.431433,0.0,0.0,0.0,0.0,0.0,0.0,0.0,0.0,0.0,0.0,0.0,0.0,0.0,0.0,0.0,1692.819688508891,0.0,0.0,0.0,0.0
2019-09-07,0.621311,0.0,0.0,0.0,0.0,0.0,0.0,0.0,0.0,0.0,0.0,0.0,0.0,0.0,0.0,0.0,0.0,0.0,0.0,0.0,0.0
2019-09-14,0.522916,0.0,0.0,0.0,0.0,0.0,0.0,0.0,1022.24671609908,0.0,0.0,0.0,0.0,0.0,0.0,0.0,0.0,0.0,0.0,0.0,1275.6123507662464
2019-09-21,0.795522,0.0,0.0,0.0,0.0,0.0,0.0,0.0,0.0,0.0,0.0,0.0,0.0,0.0,0.0,1452.1418876045177,0.0,0.0,0.0,0.0,1960.6224476860775
2019-09-28,0.893655,0.0,0.0,0.0,0.0,0.0,0.0,0.0,0.0,0.0,0.0,0.0,0.0,0.0,0.0,0.0,1117.7875518633696,0.0,0.0,0.0,1602.9142815714067
2019-10-05,0.867052,0.0,1391.0090506542415,0.0,0.0,0.0,0.0,0.0,0.0,0.0,0.0,0.0,0.0,0.0,0.0,0.0,1071.568986310649,0.0,0.0,0.0,1304.871111154764
2019-10-12,0.65842,0.0,0.0,0.0,0.0,0.0,0.0,0.0,0.0,0.0,0.0,0.0,0.0,0.0,0.0,1096.4185648402308,1226.7711106834695,0.0,0.0,0.0,1197.8877455733373
2019-10-19,1.03608,0.0,1262.2230334891285,0.0,0.0,0.0,0.0,0.0,0.0,1091.9508790013958,0.0,0.0,0.0,0.0,0.0,1240.730533704836,1547.474768690502,0.0,0.0,0.0,998.9380773962432
2019-10-26,0.871755,0.0,1180.7849187540362,0.0,0.0,0.0,0.0,0.0,0.0,0.0,0.0,0.0,0.0,0.0,0.0,0.0,0.0,0.0,0.0,0.0,2233.9874431247904
2019-11-02,0.955005,0.0,1298.326805285251,0.0,0.0,0.0,0.0,1930.3162779325455,0.0,1228.869523863727,0.0,1162.4721423295705,0.0,0.0,0.0,0.0,1549.1602364681764,0.0,0.0,0.0,1645.0810124296634
2019-11-09,1.18386,0.0,0.0,0.0,0.0,0.0,0.0,1311.9838182022345,0.0,0.0,0.0,0.0,0.0,0.0,0.0,0.0,1072.994859389847,0.0,0.0,0.0,1845.312178756075
2019-11-16,1.12664,0.0,1024.103171873362,0.0,0.0,0.0,0.0,0.0,0.0,0.0,0.0,0.0,0.0,0.0,0.0,0.0,1532.9691013589015,0.0,0.0,0.0,2070.360757093876
2019-11-23,0.872211,0.0,0.0,0.0,0.0,0.0,0.0,0.0,0.0,0.0,0.0,0.0,0.0,0.0,0.0,966.4284083826196,2027.283352162248,0.0,0.0,0.0,2279.073371672509
2019-11-30,1.37931,0.0,0.0,0.0,0.0,0.0,0.0,2017.984096016629,0.0,0.0,0.0,0.0,0.0,0.0,0.0,0.0,1469.9116806159566,0.0,0.0,0.0,1789.3364147058016
2019-12-07,1.31819,0.0,0.0,0.0,0.0,0.0,0.0,1001.041022816912,0.0,0.0,0.0,0.0,0.0,0.0,976.8987919973242,0.0,1308.020072768836,0.0,0.0,0.0,1486.2193286611528
2019-12-14,1.54067,0.0,0.0,0.0,0.0,0.0,0.0,1217.485885306832,0.0,0.0,0.0,1091.9466595138135,0.0,0.0,0.0,0.0,0.0,0.0,0.0,0.0,1118.8994486341542
2019-12-21,2.02293,1187.994004001104,1130.2302153947105,0.0,0.0,0.0,0.0,0.0,0.0,0.0,0.0,0.0,0.0,0.0,0.0,0.0,0.0,0.0,0.0,0.0,1154.0916553437646
2019-12-28,2.67696,1457.1589597068603,0.0,0.0,0.0,0.0,0.0,0.0,0.0,0.0,0.0,1046.4956764919325,0.0,0.0,0.0,1084.0384870197558,1961.512390739022,0.0,0.0,0.0,2292.5243242137394
2020-01-04,2.29962,1640.42334826944,1993.056788538909,0.0,0.0,0.0,0.0,0.0,0.0,0.0,0.0,1356.9621037881996,0.0,0.0,0.0,0.0,1551.694792062599,0.0,0.0,0.0,2971.7795748542926
2020-01-11,2.14477,1501.971541808966,1214.6355846487486,0.0,0.0,2494.65705517816,0.0,0.0,0.0,0.0,0.0,0.0,0.0,0.0,0.0,0.0,1299.2824353004114,0.0,0.0,0.0,1333.0593264630293
2020-01-18,2.73859,2329.0902641712805,1473.4713122656958,0.0,0.0,0.0,0.0,1087.1676799203617,0.0,0.0,0.0,1442.5645716181502,0.0,0.0,0.0,0.0,0.0,0.0,0.0,0.0,1336.7326993282254
2020-01-25,3.34334,1753.9010294938937,2532.409773254498,1021.6047154951814,1021.6047154951816,0.0,0.0,1485.896596812176,0.0,0.0,0.0,1733.400340616443,1237.5449867165771,0.0,0.0,1317.8111199373268,2314.3518003213585,0.0,0.0,0.0,0.0
2020-02-01,5.40744,2226.1415302236064,4402.724558024408,2099.8301763776053,2099.8301763776053,0.0,1087.5645050707624,0.0,0.0,0.0,0.0,0.0,0.0,1036.1651601445874,0.0,2417.5827899461306,2409.906261966672,0.0,0.0,0.0,2142.1057689574045
2020-02-08,5.22403,1888.785972765714,4206.585900379537,0.0,0.0,0.0,938.166453945094,1629.7788037694768,0.0,0.0,0.0,1534.0023473925446,0.0,0.0,0.0,1829.1656741336212,1625.3361976272415,0.0,0.0,0.0,1665.91597887589
2020-02-15,5.07813,2828.2765045181254,4340.997281018744,0.0,0.0,0.0,948.3937931274238,0.0,0.0,998.3491768206018,1250.6034046150385,1541.0761629283925,0.0,0.0,0.0,1672.2882335536938,1392.405275829591,0.0,0.0,0.0,1873.4223484844683
2020-02-22,4.29665,1182.6644057966932,2730.2132795945104,0.0,0.0,0.0,0.0,927.414403276736,0.0,0.0,0.0,0.0,0.0,0.0,0.0,1902.17751204162,2655.8321239678294,0.0,0.0,0.0,1443.192421963593
2020-02-29,3.85285,2242.030526133928,5721.408970215492,0.0,0.0,0.0,0.0,0.0,0.0,0.0,0.0,1335.1129734801304,0.0,0.0,0.0,0.0,2094.524537536872,0.0,0.0,0.0,1767.8980252297854
2020-03-07,3.89315,1787.9192870626546,6995.2215902052185,0.0,0.0,1119.113697566649,0.0,0.0,0.0,942.1490386986408,0.0,1206.2701141091002,0.0,879.8254633818507,0.0,1005.8606659380908,2103.779961808393,0.0,0.0,0.0,2774.167988758053
2020-03-14,4.28068,3415.3617412196986,10574.05758509916,1352.3686597880817,1352.3686597880817,1056.7761946021196,0.0,1675.8111616317806,1084.176056714276,0.0,0.0,1388.073269084302,1102.5934549767023,0.0,0.0,3134.757306482136,3464.520809322051,0.0,0.0,0.0,1895.4415174796904
2020-03-21,4.81125,2306.6361709693097,9084.624135085538,2125.8970792172327,2125.8970792172327,0.0,0.0,1094.0844024395965,0.0,0.0,0.0,991.5364361535078,1094.761919218868,0.0,0.0,1870.6446143362243,3875.3831505717776,0.0,0.0,0.0,1156.2844580985682
2020-03-28,4.79233,922.4140400554104,6557.67470336878,0.0,0.0,0.0,0.0,1059.5090118724656,0.0,0.0,0.0,0.0,0.0,0.0,0.0,1743.3366523594173,2839.2188778969617,0.0,0.0,0.0,2414.860591359832
2020-04-04,4.24045,0.0,3269.5164956139115,0.0,0.0,0.0,0.0,0.0,0.0,0.0,0.0,0.0,0.0,849.7126443410941,0.0,1249.3587801400968,2185.502807731626,0.0,0.0,0.0,1284.5509507430008
2020-04-11,2.64011,0.0,4026.1769751449897,0.0,0.0,0.0,775.2286445515111,922.4194550900628,0.0,0.0,0.0,0.0,0.0,0.0,1397.3427710494489,1049.5343895570534,1805.36321816376,0.0,0.0,0.0,1066.987352400016
2020-04-18,1.97269,0.0,2459.236018333205,0.0,0.0,0.0,0.0,0.0,0.0,0.0,0.0,1050.6639535929685,0.0,0.0,0.0,0.0,1535.3350068509249,0.0,0.0,0.0,0.0
2020-04-25,1.01095,0.0,3355.887571015984,0.0,0.0,0.0,0.0,0.0,0.0,0.0,0.0,0.0,0.0,0.0,0.0,0.0,1008.1285691371312,0.0,0.0,0.0,892.9569600863266
2020-05-02,1.44578,0.0,2228.059116735666,0.0,0.0,0.0,0.0,1402.12216338933,0.0,0.0,0.0,0.0,0.0,0.0,0.0,0.0,0.0,0.0,0.0,0.0,0.0
2020-05-09,1.26404,0.0,2711.311758382657,0.0,0.0,0.0,0.0,0.0,0.0,0.0,0.0,0.0,0.0,0.0,0.0,0.0,0.0,0.0,0.0,0.0,0.0
2020-05-16,1.4789,0.0,3031.849771544708,0.0,0.0,0.0,0.0,0.0,0.0,0.0,0.0,0.0,0.0,0.0,0.0,0.0,1144.777769781193,0.0,0.0,0.0,993.6166531751596
2020-05-23,0.908403,0.0,2651.7145432534007,0.0,0.0,0.0,0.0,0.0,0.0,0.0,0.0,927.6571523892952,0.0,0.0,0.0,0.0,0.0,0.0,0.0,0.0,923.6982700845044
2020-05-30,0.393983,0.0,2025.326049446179,0.0,0.0,0.0,0.0,0.0,0.0,0.0,0.0,0.0,0.0,0.0,938.8797813876035,0.0,858.153504022853,0.0,0.0,0.0,876.3940063947016
2020-06-06,0.795455,0.0,0.0,0.0,0.0,0.0,0.0,0.0,0.0,0.0,0.0,0.0,0.0,0.0,0.0,0.0,0.0,0.0,0.0,0.0,0.0
2020-06-13,0.623269,0.0,0.0,1158.4974962090976,1158.4974962090976,0.0,0.0,0.0,0.0,0.0,0.0,0.0,0.0,0.0,0.0,0.0,0.0,0.0,0.0,0.0,0.0
2020-06-20,0.366667,0.0,0.0,0.0,0.0,0.0,0.0,0.0,1385.760005259109,0.0,0.0,0.0,0.0,0.0,0.0,0.0,0.0,0.0,0.0,0.0,0.0
2020-06-27,0.686275,0.0,1319.997764644986,0.0,0.0,0.0,0.0,0.0,0.0,0.0,0.0,0.0,0.0,0.0,0.0,0.0,0.0,0.0,0.0,0.0,0.0
