date,West Virginia,the flu,flu symptoms,flu a,flu how long,symptoms of flu,the flu symptoms,how long flu,rsv,contagious flu,influenza a,bronchitis,a influenza,flu cold,flu contagious,stomach flu,pneumonia,flu fever,fever flu,how long does flu last,sinus
2010-10-09,1.59741,0.0,0.0,0.0,0.0,0.0,0.0,0.0,0.0,0.0,0.0,0.0,0.0,0.0,0.0,0.0,0.0,0.0,0.0,0.0,0.0
2010-10-16,1.58968,0.0,0.0,0.0,0.0,0.0,0.0,0.0,0.0,0.0,0.0,0.0,0.0,0.0,0.0,0.0,0.0,0.0,0.0,0.0,0.0
2010-10-23,1.52672,0.0,0.0,0.0,0.0,0.0,0.0,0.0,0.0,0.0,0.0,0.0,0.0,0.0,0.0,0.0,0.0,0.0,0.0,0.0,0.0
2010-10-30,1.81171,0.0,0.0,0.0,0.0,0.0,0.0,0.0,0.0,0.0,0.0,0.0,0.0,0.0,0.0,0.0,0.0,0.0,0.0,0.0,0.0
2010-11-06,1.83986,0.0,0.0,0.0,0.0,0.0,0.0,0.0,0.0,0.0,0.0,0.0,0.0,0.0,0.0,0.0,0.0,0.0,0.0,0.0,0.0
2010-11-13,2.06875,0.0,0.0,0.0,5123.550715202283,0.0,0.0,0.0,0.0,0.0,0.0,0.0,0.0,0.0,0.0,0.0,0.0,0.0,0.0,0.0,0.0
2010-11-20,1.99804,0.0,0.0,0.0,0.0,0.0,0.0,0.0,0.0,0.0,0.0,0.0,0.0,0.0,0.0,0.0,0.0,0.0,0.0,4010.973570285005,0.0
2010-11-27,1.68525,0.0,0.0,0.0,0.0,0.0,0.0,0.0,0.0,6211.975151998384,0.0,0.0,0.0,0.0,0.0,0.0,0.0,0.0,0.0,0.0,0.0
2010-12-04,1.39059,0.0,0.0,0.0,0.0,0.0,0.0,0.0,0.0,0.0,0.0,0.0,0.0,3346.1584363384104,0.0,0.0,0.0,0.0,0.0,0.0,0.0
2010-12-11,1.58682,0.0,0.0,0.0,0.0,0.0,0.0,0.0,0.0,0.0,0.0,0.0,0.0,0.0,0.0,0.0,0.0,0.0,0.0,0.0,0.0
2010-12-18,1.41603,0.0,0.0,0.0,0.0,0.0,0.0,0.0,0.0,0.0,0.0,0.0,0.0,0.0,0.0,0.0,0.0,0.0,0.0,0.0,0.0
2010-12-25,1.19637,0.0,0.0,0.0,0.0,0.0,0.0,0.0,0.0,0.0,0.0,0.0,0.0,0.0,0.0,0.0,0.0,0.0,0.0,0.0,0.0
2011-01-01,1.41386,0.0,0.0,0.0,0.0,0.0,0.0,0.0,0.0,0.0,0.0,0.0,0.0,0.0,0.0,0.0,0.0,0.0,0.0,0.0,0.0
2011-01-08,1.24516,1282.925446413429,0.0,0.0,0.0,0.0,0.0,0.0,0.0,0.0,0.0,0.0,0.0,0.0,0.0,0.0,0.0,0.0,0.0,0.0,2521.863387600114
2011-01-15,1.2586,0.0,0.0,0.0,0.0,0.0,0.0,0.0,0.0,0.0,0.0,0.0,0.0,0.0,0.0,0.0,0.0,0.0,0.0,0.0,2138.1186516924818
2011-01-22,1.92201,0.0,0.0,0.0,0.0,0.0,0.0,0.0,0.0,0.0,0.0,0.0,0.0,0.0,0.0,0.0,1632.7431799416636,0.0,0.0,0.0,2651.331653514908
2011-01-29,2.88373,1186.482480417743,0.0,0.0,0.0,0.0,0.0,0.0,1114.8604438708503,0.0,0.0,0.0,0.0,0.0,0.0,0.0,1686.6823828205825,0.0,0.0,0.0,1841.9108313721656
2011-02-05,3.47316,0.0,0.0,0.0,0.0,0.0,0.0,0.0,0.0,0.0,0.0,1016.2341354388938,0.0,0.0,0.0,0.0,1588.5811097639578,0.0,0.0,0.0,1477.6504788649795
2011-02-12,3.98661,1084.959479163868,0.0,0.0,0.0,0.0,0.0,0.0,1387.1501190228316,0.0,0.0,0.0,0.0,0.0,0.0,0.0,2531.7576440993275,0.0,0.0,0.0,2707.5091969525934
2011-02-19,5.12116,0.0,0.0,0.0,0.0,0.0,0.0,0.0,1648.547151377372,0.0,0.0,2017.0195159564369,0.0,0.0,0.0,0.0,2060.5104573387016,0.0,0.0,0.0,1938.080406467235
2011-02-26,5.45299,1534.5108419718038,0.0,0.0,0.0,0.0,0.0,0.0,1229.704579988213,0.0,0.0,0.0,0.0,0.0,0.0,0.0,1171.7205456868132,0.0,0.0,1394.6798423031728,2507.894582808718
2011-03-05,4.32385,1075.9737089827631,1095.0517651649277,0.0,0.0,0.0,1121.9186272679106,0.0,1388.7398481626294,0.0,0.0,0.0,0.0,1488.7366505638254,0.0,0.0,1191.3479843484624,0.0,0.0,0.0,1898.062191559587
2011-03-12,2.60933,2350.189286970181,0.0,0.0,0.0,0.0,0.0,0.0,1469.6243205482454,0.0,0.0,0.0,0.0,0.0,0.0,0.0,1139.325099413281,0.0,0.0,0.0,1707.1905246579702
2011-03-19,2.589,0.0,0.0,0.0,0.0,0.0,0.0,0.0,1363.1785489534498,0.0,0.0,1129.653916109302,0.0,0.0,0.0,0.0,0.0,0.0,0.0,0.0,0.0
2011-03-26,1.354,0.0,1230.450829249893,0.0,0.0,1239.572119983525,0.0,0.0,1513.2169619967842,0.0,0.0,0.0,0.0,0.0,0.0,0.0,1577.9631743707266,0.0,0.0,0.0,1237.1807406218893
2011-04-02,1.27412,0.0,0.0,0.0,0.0,0.0,0.0,0.0,0.0,0.0,1095.0523898927322,0.0,1095.0523898927322,0.0,0.0,0.0,0.0,0.0,0.0,0.0,1926.7621028500944
2011-04-09,0.940983,1190.191315538545,0.0,0.0,0.0,0.0,0.0,0.0,0.0,0.0,0.0,0.0,0.0,0.0,1286.26641842337,1108.687289846092,1251.8254387437614,0.0,0.0,0.0,2429.1415272818926
2011-04-16,0.704424,0.0,0.0,0.0,0.0,0.0,0.0,0.0,0.0,0.0,0.0,0.0,0.0,0.0,0.0,0.0,1169.7481214382035,0.0,0.0,0.0,1863.512619291649
2011-04-23,0.719499,0.0,0.0,0.0,0.0,0.0,0.0,0.0,0.0,0.0,0.0,2088.013857379246,0.0,0.0,0.0,0.0,0.0,0.0,0.0,0.0,0.0
2011-04-30,0.635055,0.0,1895.9959470162448,0.0,0.0,0.0,0.0,0.0,0.0,0.0,1309.8599679992049,1181.422788190435,1309.8599679992049,0.0,0.0,0.0,1464.3546545155789,0.0,0.0,0.0,1426.498495897055
2011-05-07,0.414612,0.0,0.0,0.0,0.0,0.0,0.0,0.0,0.0,0.0,0.0,0.0,0.0,0.0,0.0,0.0,0.0,0.0,0.0,0.0,2215.8044400273848
2011-05-14,0.387755,0.0,0.0,0.0,0.0,0.0,0.0,0.0,0.0,0.0,0.0,0.0,0.0,0.0,0.0,0.0,0.0,0.0,0.0,0.0,0.0
2011-05-21,0.335802,0.0,0.0,0.0,0.0,0.0,0.0,0.0,0.0,0.0,0.0,0.0,0.0,0.0,0.0,0.0,0.0,0.0,0.0,0.0,1850.971006514265
2011-05-28,0.40349,0.0,0.0,0.0,0.0,0.0,0.0,0.0,0.0,0.0,0.0,0.0,0.0,0.0,0.0,0.0,0.0,0.0,0.0,0.0,0.0
2011-06-04,0.411061,0.0,0.0,0.0,0.0,0.0,0.0,0.0,0.0,0.0,0.0,0.0,0.0,0.0,0.0,0.0,2603.670840771177,0.0,0.0,0.0,0.0
2011-06-11,0.367069,0.0,0.0,0.0,0.0,0.0,0.0,0.0,0.0,0.0,0.0,0.0,0.0,0.0,0.0,0.0,0.0,0.0,0.0,0.0,0.0
2011-06-18,0.470527,0.0,0.0,0.0,0.0,0.0,0.0,0.0,0.0,0.0,0.0,0.0,0.0,0.0,0.0,0.0,2338.872239094911,0.0,0.0,0.0,0.0
2011-06-25,0.186111,0.0,0.0,0.0,0.0,0.0,0.0,0.0,0.0,0.0,0.0,0.0,0.0,0.0,0.0,0.0,0.0,0.0,0.0,0.0,1672.0784431857967
2011-07-02,0.222338,0.0,0.0,0.0,0.0,0.0,0.0,0.0,0.0,0.0,0.0,0.0,0.0,0.0,0.0,0.0,0.0,0.0,0.0,0.0,1650.1444727974213
2011-07-09,0.337781,0.0,0.0,0.0,0.0,0.0,0.0,0.0,0.0,0.0,0.0,0.0,0.0,0.0,0.0,0.0,0.0,0.0,0.0,0.0,0.0
2011-07-16,0.184623,0.0,0.0,0.0,0.0,0.0,0.0,0.0,0.0,0.0,0.0,0.0,0.0,0.0,0.0,0.0,0.0,0.0,0.0,0.0,0.0
2011-07-23,0.0858369,0.0,0.0,0.0,0.0,0.0,0.0,0.0,0.0,0.0,0.0,0.0,0.0,0.0,0.0,0.0,0.0,0.0,0.0,0.0,0.0
2011-07-30,0.128995,0.0,0.0,0.0,0.0,0.0,0.0,0.0,1392.8296154971872,0.0,0.0,0.0,0.0,0.0,0.0,0.0,0.0,0.0,0.0,0.0,0.0
2011-08-06,0.0747384,0.0,0.0,0.0,0.0,0.0,0.0,0.0,0.0,0.0,0.0,0.0,0.0,0.0,0.0,0.0,0.0,0.0,0.0,0.0,3242.6428376820827
2011-08-13,0.118501,0.0,0.0,0.0,0.0,0.0,0.0,0.0,0.0,0.0,0.0,0.0,0.0,0.0,0.0,0.0,0.0,0.0,0.0,0.0,1466.7291351219085
2011-08-20,0.18372,0.0,0.0,0.0,0.0,0.0,0.0,0.0,0.0,0.0,0.0,0.0,0.0,0.0,0.0,0.0,0.0,0.0,0.0,0.0,1890.24613250097
2011-08-27,0.429693,0.0,0.0,0.0,0.0,0.0,0.0,0.0,0.0,0.0,0.0,0.0,0.0,0.0,0.0,0.0,0.0,0.0,0.0,0.0,0.0
2011-09-03,0.38625,0.0,0.0,0.0,0.0,0.0,0.0,0.0,0.0,0.0,0.0,0.0,0.0,0.0,0.0,0.0,0.0,0.0,0.0,0.0,0.0
2011-09-10,0.347267,0.0,0.0,0.0,0.0,0.0,0.0,0.0,0.0,0.0,0.0,0.0,0.0,0.0,0.0,0.0,0.0,0.0,0.0,0.0,0.0
2011-09-17,0.624311,0.0,0.0,0.0,0.0,0.0,0.0,0.0,0.0,0.0,0.0,0.0,0.0,0.0,0.0,0.0,0.0,0.0,0.0,0.0,0.0
2011-09-24,0.879205,0.0,0.0,0.0,0.0,1405.2081697420615,0.0,0.0,0.0,0.0,0.0,0.0,0.0,0.0,0.0,0.0,0.0,0.0,0.0,0.0,0.0
2011-10-01,0.694281,0.0,0.0,1358.5646021795844,0.0,0.0,0.0,0.0,0.0,0.0,0.0,0.0,0.0,0.0,0.0,0.0,1206.3734051706222,0.0,0.0,0.0,1630.553394527976
2011-10-08,0.653872,0.0,0.0,0.0,0.0,0.0,0.0,0.0,0.0,0.0,0.0,0.0,0.0,1235.2379299403465,0.0,0.0,1989.4895586721984,0.0,0.0,0.0,1864.5691600614443
2011-10-15,0.746719,0.0,1149.351573311808,0.0,0.0,0.0,0.0,0.0,0.0,0.0,0.0,0.0,0.0,0.0,0.0,0.0,0.0,0.0,0.0,0.0,1318.1114267141545
2011-10-22,0.713054,0.0,0.0,0.0,0.0,0.0,0.0,0.0,0.0,0.0,0.0,0.0,0.0,0.0,0.0,0.0,1561.5911717313809,0.0,0.0,0.0,1726.7152074497712
2011-10-29,0.848182,1115.3746123621834,0.0,0.0,0.0,0.0,0.0,0.0,0.0,0.0,0.0,0.0,0.0,0.0,0.0,0.0,1307.7332716724063,0.0,0.0,0.0,1203.0375534903353
2011-11-05,0.982112,0.0,0.0,0.0,0.0,0.0,0.0,0.0,0.0,0.0,0.0,0.0,0.0,0.0,0.0,0.0,2066.038323572979,0.0,0.0,0.0,1305.808484444873
2011-11-12,0.942546,0.0,0.0,2662.112661212969,0.0,0.0,0.0,0.0,0.0,0.0,0.0,0.0,0.0,0.0,0.0,0.0,2734.978715198316,0.0,0.0,0.0,2430.060942664261
2011-11-19,0.780672,0.0,0.0,0.0,0.0,0.0,0.0,0.0,0.0,0.0,0.0,0.0,0.0,0.0,0.0,0.0,2281.9520425748688,0.0,0.0,0.0,2536.4395901254657
2011-11-26,0.825147,0.0,0.0,0.0,0.0,0.0,0.0,0.0,0.0,0.0,0.0,0.0,0.0,0.0,0.0,0.0,1308.4655555738834,0.0,0.0,0.0,0.0
2011-12-03,0.726871,0.0,0.0,0.0,0.0,0.0,0.0,0.0,0.0,0.0,0.0,0.0,0.0,0.0,0.0,0.0,1346.0174480148123,0.0,0.0,0.0,0.0
2011-12-10,0.660194,0.0,0.0,0.0,0.0,0.0,0.0,0.0,0.0,0.0,0.0,0.0,0.0,0.0,0.0,0.0,1429.5850796689267,0.0,0.0,0.0,2403.2679434326683
2011-12-17,0.588411,0.0,0.0,0.0,0.0,0.0,0.0,0.0,0.0,0.0,0.0,0.0,0.0,0.0,0.0,0.0,2674.884727070462,0.0,0.0,0.0,1449.6113090294273
2011-12-24,0.768115,0.0,0.0,0.0,0.0,0.0,0.0,0.0,0.0,0.0,0.0,1520.592026942446,0.0,0.0,0.0,0.0,0.0,0.0,0.0,0.0,0.0
2011-12-31,0.943396,0.0,0.0,1235.5866730576556,0.0,0.0,0.0,0.0,0.0,0.0,0.0,0.0,0.0,0.0,0.0,0.0,1849.279532218818,0.0,0.0,0.0,2826.3881011563108
2012-01-07,0.627296,0.0,0.0,0.0,0.0,0.0,0.0,0.0,1281.602520689214,0.0,0.0,1654.7446883004343,0.0,0.0,0.0,0.0,0.0,0.0,0.0,0.0,1939.2920827288265
2012-01-14,0.722047,0.0,0.0,0.0,0.0,0.0,0.0,0.0,0.0,0.0,0.0,0.0,0.0,0.0,0.0,0.0,1674.7516805109956,0.0,0.0,961.0425333115844,983.2640641949588
2012-01-21,0.605288,0.0,0.0,0.0,0.0,0.0,0.0,0.0,0.0,0.0,0.0,0.0,0.0,0.0,0.0,0.0,1268.4582368947388,0.0,0.0,0.0,1803.930052249787
2012-01-28,0.667241,0.0,0.0,0.0,0.0,0.0,0.0,0.0,0.0,0.0,0.0,0.0,0.0,0.0,0.0,0.0,1400.8576670665568,0.0,0.0,0.0,1820.807485624858
2012-02-04,0.811204,0.0,0.0,0.0,0.0,0.0,0.0,0.0,0.0,0.0,0.0,0.0,0.0,0.0,0.0,0.0,2000.2904988497496,0.0,0.0,0.0,1599.4132082958115
2012-02-11,0.586049,1013.6351682743466,0.0,0.0,0.0,0.0,0.0,0.0,983.5875258670628,0.0,0.0,0.0,0.0,0.0,0.0,0.0,1208.883501216388,0.0,0.0,0.0,0.0
2012-02-18,0.765156,0.0,0.0,0.0,1341.1991681523834,0.0,0.0,0.0,0.0,0.0,0.0,0.0,0.0,0.0,0.0,0.0,2261.0227073819296,0.0,0.0,0.0,2325.528381632929
2012-02-25,0.797015,1383.6752153996692,0.0,0.0,0.0,0.0,0.0,0.0,1173.9043166349925,0.0,0.0,0.0,0.0,0.0,0.0,0.0,2192.2204944265527,0.0,0.0,0.0,1748.1336450718054
2012-03-03,0.695854,1241.1216641707854,0.0,0.0,0.0,0.0,0.0,0.0,1072.9494848300594,0.0,0.0,1073.04465442959,0.0,0.0,0.0,0.0,1792.102298737732,0.0,0.0,0.0,1605.3811537464992
2012-03-10,0.938617,0.0,0.0,0.0,0.0,0.0,0.0,0.0,0.0,0.0,0.0,1128.535004728384,0.0,0.0,0.0,0.0,1583.1961841640737,0.0,0.0,0.0,1806.5873000389072
2012-03-17,0.728348,0.0,0.0,0.0,0.0,0.0,0.0,0.0,1143.9580312175028,0.0,0.0,0.0,0.0,0.0,0.0,0.0,2359.773172280986,0.0,0.0,0.0,1857.048761500109
2012-03-24,1.14986,0.0,0.0,1058.697279458716,0.0,0.0,0.0,0.0,0.0,0.0,0.0,0.0,0.0,0.0,0.0,0.0,1375.9690969503724,0.0,0.0,0.0,1838.0915821816209
2012-03-31,0.892578,0.0,0.0,0.0,0.0,0.0,0.0,0.0,0.0,0.0,0.0,0.0,0.0,0.0,0.0,0.0,1496.1492384474666,0.0,0.0,0.0,1767.4563918933177
2012-04-07,0.744485,1419.7347482949256,0.0,0.0,1115.977798278588,0.0,0.0,0.0,0.0,0.0,1472.2551928322707,0.0,1472.2551928322712,0.0,0.0,0.0,1461.8693272022576,0.0,0.0,0.0,1860.3389782288668
2012-04-14,0.522126,0.0,0.0,0.0,0.0,0.0,0.0,0.0,0.0,0.0,0.0,0.0,0.0,0.0,0.0,0.0,1955.5545181113891,0.0,0.0,0.0,1933.8821907916852
2012-04-21,0.595649,0.0,0.0,0.0,0.0,0.0,0.0,1259.8183653293067,0.0,0.0,0.0,1095.940068898859,0.0,0.0,0.0,0.0,0.0,0.0,0.0,0.0,1325.4545604815803
2012-04-28,0.459846,0.0,0.0,0.0,0.0,0.0,0.0,0.0,0.0,0.0,0.0,0.0,0.0,0.0,0.0,0.0,0.0,0.0,0.0,0.0,2075.40439927393
2012-05-05,0.423924,0.0,0.0,0.0,0.0,0.0,0.0,0.0,0.0,0.0,0.0,0.0,0.0,0.0,0.0,0.0,1316.2544630626282,0.0,0.0,0.0,1451.498900353572
2012-05-12,0.427594,0.0,0.0,0.0,0.0,0.0,0.0,0.0,0.0,0.0,0.0,0.0,0.0,0.0,0.0,0.0,0.0,0.0,0.0,0.0,1849.5152425155245
2012-05-19,0.424652,0.0,0.0,0.0,0.0,0.0,0.0,0.0,0.0,0.0,0.0,0.0,0.0,0.0,0.0,0.0,0.0,0.0,0.0,0.0,1127.0896341193943
2012-05-26,0.26738,0.0,1913.5534091273105,0.0,0.0,0.0,0.0,0.0,0.0,0.0,0.0,0.0,0.0,0.0,0.0,0.0,0.0,0.0,0.0,0.0,1180.096691217969
2012-06-02,0.161993,0.0,0.0,0.0,0.0,0.0,0.0,0.0,0.0,0.0,0.0,0.0,0.0,0.0,0.0,0.0,0.0,0.0,0.0,0.0,2195.451004583292
2012-06-09,0.230584,0.0,0.0,0.0,0.0,0.0,0.0,0.0,0.0,0.0,0.0,0.0,0.0,0.0,0.0,0.0,0.0,0.0,0.0,0.0,0.0
2012-06-16,0.211037,0.0,0.0,0.0,0.0,0.0,0.0,0.0,0.0,0.0,0.0,0.0,0.0,0.0,0.0,0.0,0.0,0.0,0.0,0.0,1923.166884926946
2012-06-23,0.233372,0.0,0.0,0.0,0.0,0.0,0.0,0.0,0.0,0.0,0.0,0.0,0.0,0.0,0.0,0.0,0.0,0.0,0.0,0.0,0.0
2012-06-30,0.134622,0.0,0.0,0.0,0.0,0.0,0.0,0.0,0.0,0.0,0.0,0.0,0.0,0.0,0.0,0.0,1176.60564608028,0.0,0.0,0.0,0.0
2012-07-07,0.118064,0.0,0.0,0.0,0.0,0.0,0.0,0.0,0.0,0.0,0.0,0.0,0.0,0.0,0.0,0.0,0.0,1635.3938225867037,1635.393822586704,0.0,2707.665137253879
2012-07-14,0.173273,0.0,0.0,0.0,0.0,0.0,0.0,0.0,0.0,0.0,0.0,0.0,0.0,0.0,0.0,0.0,0.0,0.0,0.0,0.0,0.0
2012-07-21,0.110339,0.0,0.0,0.0,0.0,0.0,0.0,0.0,0.0,0.0,0.0,0.0,0.0,0.0,0.0,0.0,1521.5998133195246,0.0,0.0,0.0,0.0
2012-07-28,0.149566,0.0,0.0,0.0,0.0,0.0,0.0,0.0,0.0,0.0,0.0,0.0,0.0,0.0,0.0,0.0,0.0,0.0,0.0,0.0,0.0
2012-08-04,0.134939,0.0,0.0,0.0,0.0,0.0,0.0,0.0,0.0,0.0,0.0,0.0,0.0,0.0,0.0,0.0,0.0,0.0,0.0,0.0,0.0
2012-08-11,0.245124,0.0,0.0,0.0,0.0,0.0,0.0,0.0,0.0,0.0,0.0,0.0,0.0,0.0,0.0,0.0,0.0,0.0,0.0,0.0,1526.0359101077722
2012-08-18,0.286094,0.0,0.0,0.0,0.0,0.0,0.0,0.0,0.0,0.0,0.0,0.0,0.0,0.0,0.0,0.0,0.0,0.0,0.0,0.0,0.0
2012-08-25,0.269316,0.0,0.0,0.0,0.0,0.0,0.0,0.0,0.0,0.0,0.0,1185.794218605624,0.0,0.0,0.0,0.0,1337.295643331678,0.0,0.0,0.0,2710.849465793099
2012-09-01,0.608886,0.0,0.0,0.0,0.0,0.0,1023.6096502018484,0.0,0.0,0.0,0.0,0.0,0.0,0.0,0.0,0.0,993.5215634485188,0.0,0.0,0.0,1297.429430745948
2012-09-08,0.318501,0.0,0.0,0.0,0.0,0.0,0.0,0.0,0.0,0.0,0.0,0.0,0.0,0.0,0.0,0.0,1316.7488680202855,0.0,0.0,0.0,3151.3051676433465
2012-09-15,0.545703,0.0,0.0,1162.5761423396525,0.0,0.0,0.0,0.0,0.0,0.0,0.0,1103.180060369242,0.0,0.0,0.0,0.0,1499.0868349580303,0.0,0.0,0.0,1756.5570471799174
2012-09-22,0.452125,0.0,0.0,0.0,0.0,0.0,0.0,0.0,0.0,0.0,0.0,0.0,0.0,0.0,0.0,0.0,1660.8438264220483,0.0,0.0,0.0,2208.2837653066345
2012-09-29,0.515362,0.0,0.0,0.0,0.0,0.0,0.0,0.0,0.0,0.0,0.0,1245.0037688598804,0.0,0.0,0.0,1353.4364393178932,1325.7231507381566,0.0,0.0,0.0,1569.4666412690883
2012-10-06,0.358171,1009.0416010646682,0.0,0.0,0.0,0.0,997.798094787817,0.0,0.0,0.0,0.0,0.0,0.0,0.0,0.0,0.0,1317.5612268121668,0.0,0.0,0.0,1866.5914196423023
2012-10-13,0.505306,1094.2141100108925,0.0,0.0,0.0,1484.963860185119,0.0,0.0,0.0,0.0,0.0,1211.5377314314494,0.0,0.0,0.0,0.0,1417.8137187781117,0.0,0.0,849.4625986029082,1874.9242407149184
2012-10-20,0.569095,0.0,0.0,0.0,0.0,0.0,0.0,0.0,0.0,0.0,0.0,1223.4459973944122,0.0,0.0,0.0,0.0,1187.5567156846744,0.0,0.0,0.0,1219.8993807898323
2012-10-27,0.453899,0.0,0.0,0.0,0.0,0.0,0.0,0.0,0.0,0.0,0.0,1589.4448163427674,0.0,0.0,0.0,1135.6846762841328,1283.000364903554,960.981106497819,960.9811064978188,0.0,2083.333800745333
2012-11-03,0.474842,0.0,0.0,0.0,0.0,0.0,0.0,0.0,0.0,0.0,0.0,0.0,0.0,0.0,0.0,0.0,1473.0864558780015,0.0,0.0,0.0,1757.149421674641
2012-11-10,0.484779,0.0,0.0,0.0,0.0,0.0,0.0,995.1113652088778,0.0,0.0,0.0,0.0,0.0,0.0,0.0,0.0,1174.8035400368892,0.0,0.0,0.0,2105.8021095744634
2012-11-17,0.358075,0.0,0.0,0.0,0.0,0.0,0.0,0.0,0.0,0.0,0.0,0.0,0.0,0.0,0.0,0.0,2271.807004924249,0.0,0.0,0.0,1059.7323080567835
2012-11-24,0.488446,0.0,0.0,0.0,0.0,0.0,0.0,0.0,0.0,0.0,0.0,0.0,0.0,0.0,0.0,0.0,0.0,0.0,0.0,0.0,1271.3558531438634
2012-12-01,0.606314,0.0,0.0,0.0,0.0,0.0,0.0,0.0,0.0,0.0,0.0,1345.052334337786,0.0,0.0,0.0,0.0,1706.47531401984,0.0,0.0,0.0,1473.765004746935
2012-12-08,1.56973,1404.601024022003,944.44847098795,1229.3967057065995,0.0,0.0,0.0,0.0,929.8117469684704,0.0,0.0,0.0,0.0,0.0,0.0,0.0,1385.0907140317847,0.0,0.0,0.0,1502.5982492480475
2012-12-15,2.40738,919.5583278638696,1415.0460687845698,0.0,0.0,0.0,0.0,0.0,1125.5640797168996,0.0,0.0,977.0028290125164,0.0,0.0,0.0,0.0,1623.835361221823,0.0,0.0,0.0,1557.2972195843977
2012-12-22,3.02656,0.0,2014.1730242900169,0.0,0.0,0.0,0.0,0.0,0.0,0.0,0.0,1036.889804532175,0.0,0.0,0.0,0.0,1059.8014091042587,0.0,0.0,0.0,2145.65858507048
2012-12-29,5.07039,1594.2065241491898,0.0,1116.1152796074048,0.0,0.0,0.0,0.0,0.0,0.0,0.0,1341.4874411712185,0.0,0.0,0.0,0.0,0.0,0.0,0.0,0.0,2426.690744999699
2013-01-05,4.21592,1892.7924522736864,2049.3222764099514,0.0,0.0,0.0,0.0,0.0,1159.6358378287575,0.0,0.0,1122.6574884741774,0.0,0.0,0.0,0.0,3869.687733031663,0.0,0.0,0.0,2512.368580246757
2013-01-12,4.31387,2751.141640921427,4127.737513133639,1156.9555162019535,0.0,0.0,0.0,0.0,0.0,0.0,0.0,912.9305549297072,0.0,1416.0744973313613,0.0,0.0,1331.5649486492491,0.0,0.0,0.0,2557.218650853218
2013-01-19,5.22459,4459.792205770638,4140.355087289585,2153.913735734533,1085.2725026311969,0.0,972.3808193659314,1314.6795488199054,1072.066720597442,0.0,0.0,1390.428934720634,0.0,0.0,0.0,0.0,1384.5899075198045,0.0,0.0,0.0,2676.828211253883
2013-01-26,3.72481,1661.5491897848833,1653.737508352502,1869.1609267740696,0.0,0.0,0.0,0.0,1434.0926898476978,0.0,0.0,0.0,0.0,0.0,0.0,0.0,2018.89497797461,0.0,0.0,0.0,2321.9757603728726
2013-02-02,2.94601,968.8048790492276,867.0504532112659,0.0,0.0,0.0,0.0,0.0,0.0,0.0,0.0,1117.2831072008669,0.0,0.0,0.0,0.0,2290.0973375238477,0.0,0.0,0.0,2177.014055205591
2013-02-09,1.60149,1258.7097059698938,0.0,0.0,0.0,0.0,0.0,0.0,0.0,0.0,0.0,1757.8377033057195,0.0,0.0,0.0,0.0,904.0095031308956,0.0,0.0,0.0,1529.818696308315
2013-02-16,1.46835,1015.1004459572596,963.9682089227578,0.0,0.0,0.0,0.0,0.0,1444.5649565180402,0.0,0.0,0.0,0.0,0.0,1103.4578696238195,0.0,1109.1653900194908,0.0,0.0,0.0,2081.027835770644
2013-02-23,1.69818,1216.5660627564116,904.744604144121,0.0,948.3610406967026,0.0,0.0,0.0,0.0,0.0,0.0,977.4087205398084,0.0,0.0,0.0,0.0,2264.4446353422413,0.0,0.0,0.0,2337.377004646517
2013-03-02,1.42651,905.5512388447398,0.0,0.0,1000.8540455640416,0.0,0.0,0.0,0.0,0.0,0.0,0.0,0.0,0.0,0.0,0.0,1328.848555447271,0.0,0.0,0.0,2011.6174676482915
2013-03-09,1.67641,997.9474685301636,0.0,0.0,0.0,0.0,0.0,0.0,0.0,0.0,0.0,1132.6121853917205,0.0,0.0,0.0,0.0,1279.2097496633185,0.0,0.0,0.0,2905.1373575475477
2013-03-16,1.62389,0.0,0.0,0.0,0.0,0.0,0.0,0.0,0.0,0.0,0.0,1388.225595745257,0.0,0.0,0.0,0.0,920.604172426472,0.0,0.0,0.0,2677.189863019145
2013-03-23,1.38982,968.9667210944052,899.167883171056,0.0,0.0,0.0,0.0,0.0,883.6934208471067,0.0,0.0,1192.968638779225,0.0,0.0,908.916763227082,0.0,2184.661910021882,0.0,0.0,0.0,2014.6710203706189
2013-03-30,1.77413,0.0,1771.067860796348,0.0,0.0,0.0,0.0,0.0,0.0,0.0,0.0,0.0,0.0,0.0,0.0,0.0,954.2874805417142,0.0,0.0,0.0,3104.375131446127
2013-04-06,1.12368,0.0,0.0,0.0,0.0,0.0,0.0,0.0,0.0,0.0,0.0,1244.506487962742,0.0,0.0,0.0,0.0,890.3485444342134,0.0,0.0,0.0,2003.902666284412
2013-04-13,0.863825,0.0,0.0,0.0,0.0,0.0,1440.2874755833193,0.0,0.0,0.0,0.0,0.0,0.0,0.0,0.0,0.0,928.3062374019202,0.0,0.0,0.0,1892.76877081218
2013-04-20,0.449787,1009.6887260770272,0.0,0.0,0.0,0.0,0.0,0.0,0.0,0.0,0.0,0.0,0.0,0.0,0.0,0.0,844.5845318987023,0.0,0.0,0.0,1833.1025188877595
2013-04-27,0.383848,0.0,0.0,0.0,0.0,0.0,0.0,0.0,0.0,0.0,0.0,0.0,0.0,0.0,0.0,0.0,0.0,0.0,0.0,0.0,2076.395813651312
2013-05-04,0.279864,0.0,0.0,0.0,0.0,0.0,0.0,0.0,0.0,0.0,0.0,0.0,0.0,0.0,0.0,0.0,891.868759005878,0.0,0.0,0.0,2008.9865858082565
2013-05-11,0.239408,0.0,0.0,0.0,0.0,0.0,0.0,0.0,0.0,0.0,0.0,0.0,0.0,0.0,0.0,0.0,0.0,0.0,0.0,0.0,1549.0887360852294
2013-05-18,0.274637,0.0,0.0,0.0,0.0,0.0,0.0,0.0,0.0,0.0,0.0,0.0,0.0,0.0,0.0,0.0,0.0,0.0,0.0,0.0,1198.180220534393
2013-05-25,0.209784,899.5596676512707,0.0,0.0,0.0,0.0,0.0,0.0,0.0,0.0,0.0,0.0,0.0,0.0,0.0,0.0,0.0,0.0,0.0,0.0,1755.7096837445913
2013-06-01,0.185914,0.0,0.0,0.0,0.0,0.0,0.0,0.0,0.0,0.0,0.0,1146.4489197715473,0.0,0.0,0.0,0.0,0.0,0.0,0.0,0.0,1961.3236275917309
2013-06-08,0.190638,0.0,0.0,0.0,0.0,0.0,0.0,0.0,0.0,0.0,961.6759415754505,0.0,961.6759415754502,0.0,0.0,0.0,0.0,0.0,0.0,0.0,0.0
2013-06-15,0.191778,0.0,0.0,0.0,0.0,0.0,0.0,0.0,0.0,0.0,0.0,0.0,0.0,0.0,0.0,0.0,0.0,0.0,0.0,0.0,1149.6763779530147
2013-06-22,0.151976,0.0,0.0,1103.8305295331495,0.0,0.0,0.0,0.0,0.0,0.0,0.0,0.0,0.0,0.0,0.0,0.0,0.0,0.0,0.0,0.0,0.0
2013-06-29,0.104254,0.0,0.0,0.0,0.0,0.0,0.0,0.0,0.0,0.0,0.0,0.0,0.0,0.0,0.0,0.0,1386.132848649908,0.0,0.0,0.0,0.0
2013-07-06,0.13044,0.0,0.0,0.0,0.0,0.0,0.0,0.0,0.0,0.0,0.0,0.0,0.0,0.0,0.0,0.0,1620.0401398113152,0.0,0.0,2334.628059578712,1218.853482579099
2013-07-13,0.0619003,0.0,0.0,0.0,0.0,0.0,0.0,0.0,0.0,0.0,0.0,0.0,0.0,0.0,0.0,0.0,0.0,0.0,0.0,1150.2562802018722,0.0
2013-07-20,0.144733,0.0,0.0,0.0,0.0,0.0,0.0,0.0,0.0,0.0,0.0,0.0,0.0,0.0,0.0,0.0,1704.0366127862403,0.0,0.0,0.0,1296.5471570780248
2013-07-27,0.178309,0.0,0.0,0.0,0.0,0.0,0.0,0.0,0.0,0.0,0.0,0.0,0.0,0.0,0.0,0.0,0.0,0.0,0.0,0.0,0.0
2013-08-03,0.116723,0.0,0.0,0.0,0.0,0.0,0.0,0.0,0.0,0.0,0.0,0.0,0.0,0.0,0.0,0.0,0.0,0.0,0.0,0.0,1123.1674369811842
2013-08-10,0.175593,0.0,0.0,0.0,932.0401404137738,0.0,0.0,0.0,0.0,0.0,0.0,0.0,0.0,0.0,0.0,1004.79849590161,0.0,0.0,0.0,0.0,2148.325980407852
2013-08-17,0.193109,0.0,0.0,1035.9424869470115,0.0,0.0,0.0,0.0,0.0,1767.5060956405148,0.0,0.0,0.0,0.0,0.0,0.0,0.0,0.0,0.0,0.0,1487.5961386659253
2013-08-24,0.0998814,0.0,0.0,980.560788973662,0.0,0.0,0.0,0.0,0.0,0.0,0.0,0.0,0.0,0.0,0.0,0.0,0.0,0.0,0.0,0.0,1856.851021079069
2013-08-31,0.23888,0.0,893.4501690019154,0.0,0.0,0.0,0.0,0.0,0.0,0.0,0.0,0.0,0.0,0.0,0.0,0.0,889.2403634944866,0.0,0.0,0.0,1685.4761127279755
2013-09-07,0.285068,937.8261880386816,0.0,0.0,0.0,0.0,0.0,0.0,0.0,0.0,0.0,0.0,0.0,0.0,0.0,0.0,1313.673111038287,0.0,0.0,0.0,1250.448692569189
2013-09-14,0.394207,0.0,0.0,0.0,0.0,0.0,0.0,0.0,0.0,0.0,0.0,0.0,0.0,0.0,0.0,0.0,1103.872771636083,0.0,0.0,0.0,1062.8431287379933
2013-09-21,0.346605,0.0,0.0,0.0,0.0,0.0,0.0,0.0,0.0,0.0,0.0,0.0,0.0,0.0,0.0,0.0,0.0,0.0,0.0,0.0,1180.8292694451422
2013-09-28,0.597693,0.0,0.0,0.0,0.0,0.0,0.0,0.0,0.0,0.0,0.0,0.0,0.0,0.0,0.0,0.0,1300.514322045855,0.0,0.0,0.0,0.0
2013-10-05,0.425137,0.0,0.0,0.0,981.5964884385724,0.0,0.0,0.0,0.0,0.0,0.0,1245.7173550995522,0.0,0.0,0.0,0.0,1523.7255428799397,0.0,0.0,0.0,1748.054896337351
2013-10-12,0.600144,0.0,0.0,817.193429573127,0.0,0.0,0.0,0.0,0.0,0.0,0.0,0.0,0.0,0.0,0.0,0.0,1797.2380265075442,0.0,0.0,0.0,1751.9958993173163
2013-10-19,0.450942,0.0,854.5310747741075,0.0,0.0,0.0,0.0,0.0,0.0,0.0,0.0,0.0,0.0,0.0,0.0,0.0,1989.3808961663956,0.0,0.0,0.0,1142.9257516422467
2013-10-26,0.63305,0.0,0.0,1060.6321798540898,0.0,0.0,0.0,1431.786276722326,0.0,0.0,0.0,0.0,0.0,0.0,0.0,0.0,929.9071199509632,0.0,0.0,0.0,2001.596739707306
2013-11-02,0.578331,1050.9482643057836,774.303687393488,730.4304247664454,0.0,0.0,0.0,0.0,0.0,0.0,0.0,0.0,0.0,854.3075270795872,0.0,0.0,1201.26300866476,0.0,0.0,0.0,1368.5373438631284
2013-11-09,0.714434,1652.9874546961034,0.0,785.1899016192805,0.0,0.0,0.0,0.0,0.0,0.0,0.0,0.0,0.0,0.0,0.0,0.0,1173.1341907983651,0.0,0.0,0.0,2862.977691226121
2013-11-16,0.906949,0.0,0.0,0.0,0.0,0.0,0.0,0.0,0.0,0.0,0.0,0.0,0.0,0.0,671.0465073930022,0.0,1772.2029579562268,0.0,0.0,0.0,1775.8998951726917
2013-11-23,0.650195,0.0,650.5831108628522,0.0,0.0,0.0,0.0,0.0,0.0,0.0,0.0,765.9634565797461,0.0,0.0,0.0,0.0,1296.5375616163906,0.0,0.0,0.0,1444.8197379903263
2013-11-30,1.15874,0.0,799.8952021128807,0.0,0.0,0.0,0.0,0.0,952.3055409581648,0.0,0.0,0.0,0.0,0.0,0.0,0.0,808.3299901439439,0.0,0.0,0.0,1622.5972516046932
2013-12-07,1.02495,1155.3052333872386,0.0,0.0,0.0,0.0,0.0,0.0,0.0,0.0,0.0,0.0,0.0,0.0,0.0,0.0,981.0920248616084,0.0,0.0,0.0,1656.131782711125
2013-12-14,0.926539,1196.3969083257014,0.0,0.0,0.0,768.4156092819533,0.0,0.0,0.0,0.0,0.0,0.0,0.0,0.0,0.0,0.0,1196.2026096472937,0.0,0.0,0.0,1966.1106085155616
2013-12-21,1.24187,0.0,0.0,0.0,860.4749200312466,0.0,0.0,0.0,0.0,0.0,0.0,1206.8838931200485,0.0,819.778953697413,0.0,0.0,1432.9292947878928,0.0,0.0,0.0,1756.7912649391226
2013-12-28,1.9583,1280.38622939274,1055.951591438178,0.0,1064.6669307596674,0.0,0.0,0.0,0.0,0.0,0.0,1076.55500616746,0.0,0.0,0.0,0.0,1440.6828876294942,0.0,0.0,0.0,2595.326080273413
2014-01-04,3.02139,1407.4632281437964,1185.3891401102665,0.0,856.4124498738921,0.0,0.0,0.0,0.0,0.0,835.2260632102922,996.2347062465642,835.2260632102924,0.0,894.0266114910632,0.0,1646.569157655155,0.0,0.0,0.0,1976.8188819576312
2014-01-11,3.49505,1539.5589857031828,839.4219209808875,0.0,0.0,0.0,0.0,0.0,907.2201266634112,0.0,0.0,0.0,0.0,0.0,0.0,0.0,1772.3164544978172,0.0,0.0,0.0,1966.9419469995064
2014-01-18,4.12063,1768.139775700505,1550.5705652458405,0.0,0.0,0.0,0.0,0.0,0.0,0.0,0.0,720.6788323740523,0.0,0.0,0.0,0.0,1247.3049435734372,0.0,0.0,0.0,1653.9468665211334
2014-01-25,4.54972,1768.0153221552027,935.8933067216605,966.8178179356051,754.8746383537604,0.0,0.0,667.1597001902892,0.0,0.0,0.0,0.0,0.0,1360.327742436629,0.0,0.0,1037.9039206400057,593.2211245366918,593.2211245366918,0.0,1860.1767118362848
2014-02-01,2.78674,1124.4745716576265,0.0,0.0,0.0,0.0,0.0,0.0,677.6017836091735,0.0,0.0,0.0,0.0,0.0,0.0,0.0,1891.667737349696,0.0,0.0,0.0,2567.291211647448
2014-02-08,2.10362,990.2000479193964,0.0,0.0,0.0,0.0,0.0,0.0,730.5237271588355,0.0,0.0,935.5428269009564,0.0,0.0,0.0,0.0,1529.703661545226,0.0,0.0,0.0,1082.9470468332286
2014-02-15,2.19595,1292.1735883659442,1548.852523771738,0.0,0.0,932.7741658825928,0.0,0.0,0.0,0.0,0.0,1158.7584474627065,0.0,0.0,0.0,0.0,1168.5322892744025,0.0,0.0,0.0,1523.7010245497545
2014-02-22,1.78596,0.0,1017.7882779409048,0.0,0.0,0.0,0.0,0.0,0.0,0.0,687.4904436838211,0.0,687.490443683821,0.0,0.0,0.0,1407.0138277856568,0.0,0.0,0.0,2442.0022871351407
2014-03-01,1.4445,0.0,1072.861480610277,0.0,0.0,0.0,0.0,0.0,0.0,0.0,0.0,0.0,0.0,0.0,823.7398993786592,786.170970184337,2036.841783855462,0.0,0.0,0.0,1973.2976284673628
2014-03-08,1.24209,698.0023923773085,666.5871534508906,0.0,0.0,0.0,0.0,0.0,782.4517214296831,0.0,0.0,0.0,0.0,0.0,0.0,680.9668968495864,0.0,0.0,0.0,0.0,2282.606511136028
2014-03-15,0.838142,1306.221234708595,0.0,0.0,0.0,0.0,0.0,0.0,0.0,0.0,0.0,800.4631243682641,0.0,0.0,0.0,0.0,1499.8325035840894,0.0,0.0,0.0,2393.918222479693
2014-03-22,0.799777,0.0,0.0,0.0,0.0,0.0,0.0,0.0,844.0276595638513,0.0,0.0,0.0,0.0,0.0,0.0,808.2137818229302,1653.541470548832,0.0,0.0,0.0,1269.8850008222305
2014-03-29,0.530326,0.0,0.0,0.0,0.0,0.0,0.0,0.0,0.0,0.0,0.0,0.0,0.0,0.0,0.0,0.0,1812.699934519454,0.0,0.0,0.0,2027.9337386003524
2014-04-05,0.66636,779.8424932682462,0.0,0.0,0.0,0.0,0.0,0.0,0.0,0.0,0.0,0.0,0.0,0.0,0.0,0.0,1371.403372451277,0.0,0.0,0.0,1338.1015823954388
2014-04-12,0.679701,0.0,0.0,0.0,0.0,0.0,0.0,0.0,0.0,0.0,0.0,822.922852293251,0.0,0.0,0.0,0.0,1777.6961964074223,0.0,0.0,0.0,1766.9766018393575
2014-04-19,0.45928,0.0,0.0,0.0,0.0,0.0,0.0,0.0,0.0,0.0,0.0,835.5746683121055,0.0,0.0,0.0,0.0,949.4000542380688,0.0,0.0,0.0,1680.1675520083818
2014-04-26,0.49596,956.2292993675812,0.0,0.0,0.0,0.0,0.0,0.0,0.0,0.0,0.0,848.8572518525278,0.0,0.0,0.0,0.0,1274.9437049765331,0.0,0.0,0.0,2055.6357806119363
2014-05-03,0.550064,0.0,0.0,0.0,0.0,0.0,0.0,0.0,0.0,0.0,0.0,0.0,0.0,0.0,718.8577388335198,0.0,0.0,0.0,0.0,0.0,1469.881472731052
2014-05-10,0.366335,0.0,0.0,0.0,0.0,0.0,0.0,0.0,0.0,0.0,0.0,676.6047563014968,0.0,0.0,0.0,0.0,868.9493294701957,0.0,0.0,0.0,1237.738420594018
2014-05-17,0.389105,0.0,0.0,0.0,0.0,0.0,0.0,0.0,0.0,0.0,0.0,824.9272950269153,0.0,0.0,0.0,0.0,1285.3104440643497,0.0,0.0,0.0,1437.7221591603643
2014-05-24,0.336595,0.0,0.0,0.0,0.0,0.0,0.0,0.0,0.0,0.0,0.0,0.0,0.0,0.0,0.0,0.0,1071.108672726976,0.0,0.0,0.0,1446.6032425273015
2014-05-31,0.249591,0.0,0.0,0.0,773.3850241028115,0.0,0.0,0.0,0.0,0.0,0.0,888.0138110209847,0.0,0.0,0.0,0.0,1061.144587243998,0.0,0.0,0.0,1834.2909663300493
2014-06-07,0.154748,0.0,0.0,0.0,0.0,0.0,0.0,0.0,0.0,0.0,0.0,0.0,0.0,0.0,0.0,0.0,855.9787062434001,0.0,0.0,0.0,1137.121875707572
2014-06-14,0.205727,0.0,0.0,0.0,0.0,0.0,0.0,0.0,0.0,0.0,0.0,0.0,0.0,0.0,0.0,0.0,991.35294194715,0.0,0.0,0.0,1546.586201204271
2014-06-21,0.307842,0.0,0.0,0.0,0.0,0.0,0.0,0.0,0.0,0.0,0.0,0.0,0.0,0.0,0.0,0.0,1172.1293828176867,0.0,0.0,0.0,1245.3534184099944
2014-06-28,0.216676,0.0,0.0,0.0,0.0,0.0,0.0,0.0,0.0,0.0,0.0,0.0,0.0,0.0,0.0,0.0,987.2712884781384,0.0,0.0,0.0,1642.548218570018
2014-07-05,0.256739,0.0,0.0,0.0,0.0,0.0,0.0,0.0,0.0,0.0,0.0,0.0,0.0,0.0,0.0,0.0,0.0,0.0,0.0,0.0,1573.8988717119137
2014-07-12,0.140819,0.0,0.0,0.0,0.0,0.0,1214.1103330965498,0.0,0.0,0.0,0.0,0.0,0.0,0.0,0.0,0.0,0.0,0.0,0.0,0.0,1259.1426499909185
2014-07-19,0.248542,0.0,0.0,0.0,0.0,0.0,0.0,0.0,0.0,0.0,0.0,0.0,0.0,0.0,0.0,0.0,0.0,0.0,0.0,0.0,939.013244504524
2014-07-26,0.179051,0.0,0.0,0.0,0.0,0.0,0.0,0.0,0.0,0.0,0.0,0.0,0.0,0.0,0.0,0.0,0.0,0.0,0.0,0.0,1280.4365020942632
2014-08-02,0.115631,0.0,0.0,0.0,0.0,0.0,0.0,0.0,0.0,0.0,0.0,0.0,0.0,0.0,0.0,0.0,893.1956105678721,0.0,0.0,0.0,0.0
2014-08-09,0.156082,0.0,0.0,0.0,0.0,0.0,0.0,0.0,0.0,0.0,0.0,0.0,0.0,0.0,0.0,0.0,0.0,0.0,0.0,0.0,1687.0731105314685
2014-08-16,0.238459,0.0,0.0,0.0,0.0,0.0,904.0614689235296,0.0,0.0,0.0,0.0,0.0,0.0,0.0,0.0,0.0,0.0,0.0,0.0,0.0,1345.3879016402364
2014-08-23,0.255822,836.7200731995306,0.0,0.0,0.0,0.0,0.0,0.0,0.0,0.0,0.0,1305.938939197857,0.0,0.0,0.0,0.0,0.0,0.0,0.0,0.0,1465.2125853032935
2014-08-30,0.371106,0.0,0.0,0.0,0.0,0.0,0.0,0.0,1073.2404845038425,0.0,0.0,871.7237631874949,0.0,0.0,0.0,0.0,1222.1954204298174,0.0,0.0,0.0,1830.1709801022137
2014-09-06,0.512438,0.0,0.0,0.0,0.0,0.0,0.0,0.0,0.0,0.0,0.0,0.0,0.0,0.0,0.0,888.1399022197446,1000.1788883940726,0.0,0.0,0.0,1938.229204129355
2014-09-13,0.618632,0.0,904.778858747878,0.0,0.0,771.091790137374,0.0,0.0,0.0,0.0,0.0,1027.627153571138,0.0,0.0,0.0,0.0,1068.5545615484066,0.0,0.0,0.0,2654.327813958909
2014-09-20,0.508187,0.0,0.0,0.0,0.0,909.7792493062674,0.0,0.0,0.0,0.0,0.0,0.0,0.0,0.0,0.0,0.0,1704.0780689660355,0.0,0.0,0.0,1864.7180872671595
2014-09-27,0.498453,0.0,0.0,0.0,0.0,0.0,0.0,0.0,0.0,0.0,0.0,939.9364643302252,0.0,0.0,0.0,848.995525474574,1648.1219488393488,0.0,0.0,0.0,1781.5742973893273
2014-10-04,0.913293,767.230316767616,0.0,0.0,0.0,0.0,0.0,0.0,0.0,0.0,0.0,0.0,0.0,0.0,0.0,0.0,2040.990504129407,0.0,0.0,0.0,0.0
2014-10-11,1.09747,944.9441397153236,0.0,0.0,0.0,0.0,0.0,0.0,0.0,0.0,0.0,0.0,0.0,0.0,0.0,0.0,1807.260247930952,0.0,0.0,0.0,2319.379781712482
2014-10-18,0.965647,1437.6302004487766,0.0,1123.195721702471,0.0,0.0,0.0,0.0,792.7149665499816,0.0,0.0,0.0,0.0,0.0,0.0,1039.355668030975,1432.7385710934675,818.8564635147578,818.8564635147579,0.0,1685.258470293099
2014-10-25,1.08258,0.0,0.0,854.686258729945,0.0,0.0,0.0,0.0,0.0,0.0,0.0,0.0,0.0,0.0,0.0,0.0,1517.5121185440807,0.0,0.0,0.0,1335.4280342646894
2014-11-01,1.1051,893.367254203745,0.0,0.0,0.0,0.0,0.0,0.0,0.0,0.0,0.0,0.0,0.0,0.0,0.0,0.0,1681.5381149205373,0.0,0.0,0.0,2147.9474716770064
2014-11-08,1.05838,0.0,965.7451834497308,0.0,0.0,0.0,0.0,0.0,0.0,0.0,0.0,0.0,0.0,0.0,0.0,0.0,2093.724681150134,0.0,0.0,0.0,1378.7024646501225
2014-11-15,1.19482,861.2942559670162,0.0,877.9201310015972,0.0,0.0,0.0,0.0,0.0,0.0,0.0,0.0,0.0,0.0,0.0,0.0,1981.3249732793056,0.0,0.0,0.0,1478.3763122654932
2014-11-22,0.951195,0.0,0.0,0.0,0.0,0.0,0.0,0.0,0.0,0.0,0.0,0.0,0.0,0.0,0.0,0.0,2180.659810125308,0.0,0.0,0.0,2391.10717946189
2014-11-29,1.41531,1021.8318916505326,0.0,0.0,0.0,0.0,0.0,0.0,0.0,1148.818702058077,0.0,0.0,0.0,0.0,0.0,0.0,1329.8713806635724,0.0,0.0,0.0,2078.0828888950564
2014-12-06,1.65785,0.0,962.923700094459,881.0214936638528,0.0,0.0,0.0,0.0,0.0,0.0,0.0,785.7748790333806,0.0,0.0,0.0,0.0,1147.975330987605,0.0,0.0,0.0,1965.7200071052755
2014-12-13,2.04464,0.0,0.0,1183.408738639221,0.0,0.0,0.0,0.0,0.0,0.0,0.0,1132.6873599039295,0.0,0.0,0.0,0.0,1843.5282001924504,928.8293450212724,928.8293450212724,0.0,1119.286565462328
2014-12-20,4.00363,1268.0697277483969,1050.4530422930327,0.0,0.0,0.0,0.0,1207.61111236,0.0,0.0,0.0,1934.8429727152948,0.0,0.0,0.0,0.0,1952.110499313743,0.0,0.0,0.0,1748.2313760077463
2014-12-27,6.77623,2936.2086842262365,1699.902663998639,0.0,1703.0103668611346,0.0,0.0,0.0,0.0,1209.9860549916384,0.0,1701.991833438169,0.0,0.0,1298.0170165043844,0.0,3011.1912102286315,0.0,0.0,0.0,2063.968027968207
2015-01-03,7.37364,2594.7037019401123,3461.315125333391,1776.9634789957431,0.0,0.0,0.0,971.1043139914271,0.0,1881.2958103126427,0.0,1681.6192056255118,0.0,0.0,0.0,1154.8693228895122,2523.135065430757,0.0,0.0,0.0,3248.18655788115
2015-01-10,6.14404,2958.858740445455,2422.311977351505,1317.5729218623023,0.0,0.0,0.0,0.0,0.0,0.0,0.0,1021.677807824182,0.0,0.0,0.0,0.0,2215.66089214066,0.0,0.0,0.0,2633.637360636525
2015-01-17,5.2228,1971.1507841858877,3072.4043132628617,1423.334497714168,0.0,787.4749844995675,0.0,0.0,0.0,0.0,0.0,1494.2713296127458,0.0,0.0,0.0,0.0,1566.0588603117085,0.0,0.0,0.0,2506.742784626175
2015-01-24,6.23661,2616.349638452078,2982.3301548183454,1436.6271093995572,1078.6838799047068,794.4014583001648,790.1310130830786,0.0,0.0,0.0,0.0,1190.888050681223,0.0,0.0,0.0,0.0,1359.8857582559244,0.0,0.0,0.0,2211.069350563905
2015-01-31,6.54133,3057.4369863038523,1641.592975942889,1511.3714426948843,825.8598549013954,0.0,0.0,0.0,1683.8065660199463,0.0,0.0,1034.8595877352348,0.0,0.0,0.0,0.0,1359.21357085079,0.0,0.0,0.0,2063.209807520057
2015-02-07,5.15766,1603.49879092041,1379.858568409046,838.8576550507895,0.0,0.0,0.0,0.0,1229.973911361012,0.0,0.0,931.9164853654712,0.0,0.0,0.0,0.0,934.2611884091964,0.0,0.0,774.1095908501717,0.0
2015-02-14,4.70409,1838.8972803886331,747.6779918451917,0.0,0.0,0.0,0.0,0.0,0.0,0.0,0.0,0.0,0.0,0.0,0.0,0.0,2273.684606565419,0.0,0.0,0.0,2517.84993356919
2015-02-21,3.4363,1132.699805217488,1447.4262115621775,714.9335757246479,0.0,0.0,0.0,0.0,0.0,0.0,0.0,1236.880665538874,0.0,0.0,0.0,820.5374609087497,2314.376616834505,0.0,0.0,0.0,2748.918499421469
2015-02-28,1.94764,0.0,0.0,0.0,0.0,0.0,0.0,0.0,1040.6610953748966,0.0,0.0,0.0,0.0,0.0,0.0,0.0,1896.042320079252,0.0,0.0,0.0,2717.468599828645
2015-03-07,1.87354,787.9364450128286,0.0,0.0,0.0,0.0,0.0,0.0,0.0,0.0,0.0,1620.744845748593,0.0,0.0,0.0,0.0,1747.3242502268013,0.0,0.0,0.0,1868.1296673574009
2015-03-14,1.12277,0.0,0.0,0.0,0.0,0.0,0.0,0.0,0.0,0.0,0.0,748.9180407770538,0.0,0.0,0.0,0.0,1512.7469419906297,0.0,0.0,0.0,1880.305881691424
2015-03-21,1.41471,0.0,0.0,0.0,0.0,0.0,0.0,0.0,1596.4123075859045,0.0,0.0,0.0,0.0,0.0,0.0,884.7560875122921,1856.2758101343072,880.5657765541962,880.5657765541962,0.0,1856.5032846521085
2015-03-28,1.62009,0.0,0.0,0.0,0.0,0.0,0.0,0.0,0.0,0.0,0.0,0.0,0.0,0.0,0.0,1092.1267828487703,1388.8450787388376,0.0,0.0,0.0,2086.785362082363
2015-04-04,1.52172,0.0,1521.0093876603855,0.0,0.0,0.0,0.0,0.0,0.0,0.0,0.0,0.0,0.0,0.0,0.0,0.0,1304.7436178861158,0.0,0.0,0.0,1884.007625079992
2015-04-11,1.71516,0.0,0.0,0.0,0.0,0.0,0.0,0.0,0.0,0.0,0.0,0.0,0.0,0.0,0.0,0.0,1172.0966001263373,0.0,0.0,0.0,1833.9838630061013
2015-04-18,1.26955,0.0,913.399715824168,0.0,0.0,0.0,0.0,0.0,0.0,0.0,0.0,1125.7493070463008,0.0,0.0,0.0,0.0,1753.5810070905427,0.0,0.0,0.0,953.8034253435724
2015-04-25,1.15489,858.1115122224556,0.0,0.0,0.0,0.0,0.0,0.0,0.0,0.0,0.0,0.0,0.0,0.0,0.0,0.0,1349.8733920481022,0.0,0.0,0.0,2420.9011616406965
2015-05-02,1.39819,2024.3299595638853,0.0,0.0,0.0,0.0,0.0,0.0,1115.5668409598702,0.0,0.0,0.0,0.0,0.0,0.0,0.0,1371.7935122530432,0.0,0.0,0.0,2303.239739809826
2015-05-09,1.26234,0.0,0.0,0.0,0.0,0.0,0.0,0.0,0.0,0.0,0.0,0.0,0.0,0.0,0.0,0.0,0.0,0.0,0.0,0.0,1613.8949709474398
2015-05-16,0.749335,0.0,0.0,0.0,0.0,0.0,0.0,0.0,0.0,0.0,0.0,1507.4011959815994,0.0,0.0,0.0,0.0,0.0,0.0,0.0,0.0,2681.5234161663066
2015-05-23,0.617127,0.0,0.0,0.0,0.0,0.0,0.0,0.0,0.0,0.0,0.0,0.0,0.0,0.0,0.0,0.0,0.0,0.0,0.0,0.0,1924.7138973058
2015-05-30,0.7369,0.0,0.0,0.0,0.0,0.0,0.0,0.0,0.0,0.0,0.0,1004.7284892105548,0.0,0.0,0.0,0.0,1095.1792787457211,0.0,0.0,0.0,1446.118821322896
2015-06-06,0.753721,0.0,0.0,0.0,0.0,0.0,0.0,0.0,0.0,0.0,0.0,0.0,0.0,0.0,0.0,0.0,1099.8762521400538,0.0,0.0,0.0,1292.7756115930288
2015-06-13,0.459306,1785.4217482838678,0.0,0.0,0.0,1009.908347773582,0.0,0.0,0.0,0.0,0.0,0.0,0.0,0.0,0.0,0.0,1265.8874272487644,0.0,0.0,0.0,0.0
2015-06-20,0.561848,0.0,0.0,0.0,0.0,0.0,0.0,0.0,0.0,0.0,0.0,0.0,0.0,0.0,0.0,0.0,1221.5150871505382,0.0,0.0,0.0,1618.3119047658588
2015-06-27,0.340301,0.0,0.0,0.0,0.0,0.0,0.0,0.0,0.0,0.0,0.0,0.0,0.0,0.0,0.0,0.0,0.0,0.0,0.0,0.0,1131.6296994604656
2015-07-04,0.4726,0.0,0.0,0.0,0.0,0.0,0.0,0.0,0.0,0.0,0.0,0.0,0.0,0.0,0.0,0.0,1317.0945966293204,0.0,0.0,0.0,1610.9455642160278
2015-07-11,0.283311,0.0,0.0,0.0,0.0,0.0,0.0,0.0,0.0,0.0,0.0,0.0,0.0,0.0,0.0,0.0,1665.0596702704806,0.0,0.0,0.0,1296.1571898680843
2015-07-18,0.354372,0.0,0.0,0.0,0.0,0.0,0.0,0.0,0.0,0.0,0.0,0.0,0.0,0.0,0.0,0.0,0.0,0.0,0.0,0.0,1225.5100155362486
2015-07-25,0.320241,0.0,0.0,0.0,0.0,0.0,0.0,0.0,0.0,0.0,0.0,0.0,0.0,0.0,0.0,0.0,2012.5923097206503,0.0,0.0,0.0,1206.9606779597684
2015-08-01,0.318701,0.0,0.0,0.0,0.0,0.0,0.0,0.0,0.0,0.0,0.0,0.0,0.0,0.0,0.0,0.0,1448.0316391391648,0.0,0.0,0.0,1806.6805515298463
2015-08-08,0.356224,0.0,0.0,0.0,0.0,0.0,0.0,0.0,0.0,0.0,0.0,0.0,0.0,0.0,0.0,0.0,885.0839588599412,0.0,0.0,0.0,1114.2596109588114
2015-08-15,0.273895,0.0,0.0,0.0,0.0,0.0,0.0,0.0,0.0,0.0,0.0,1490.8250798127267,0.0,0.0,0.0,0.0,1046.1062928920717,0.0,0.0,0.0,1054.2264686970973
2015-08-22,0.351419,0.0,0.0,0.0,0.0,0.0,0.0,0.0,0.0,0.0,0.0,0.0,0.0,0.0,0.0,0.0,797.8962861525573,0.0,0.0,0.0,1428.549299145169
2015-08-29,0.518533,0.0,0.0,0.0,0.0,0.0,0.0,0.0,0.0,0.0,0.0,0.0,0.0,0.0,0.0,0.0,1373.9223228109868,0.0,0.0,0.0,0.0
2015-09-05,0.677201,0.0,0.0,0.0,0.0,0.0,0.0,0.0,0.0,0.0,0.0,0.0,0.0,0.0,0.0,0.0,1052.102479020956,0.0,0.0,0.0,2193.016985374398
2015-09-12,0.614425,0.0,0.0,0.0,0.0,1262.2351855187471,0.0,0.0,0.0,0.0,0.0,0.0,0.0,0.0,0.0,0.0,1077.5369448687832,0.0,0.0,0.0,1469.3676091375185
2015-09-19,0.656374,0.0,0.0,0.0,0.0,0.0,0.0,0.0,0.0,0.0,0.0,0.0,0.0,0.0,0.0,0.0,1386.9198653976423,0.0,0.0,0.0,2081.3944148005103
2015-09-26,0.766479,1269.93659379193,0.0,0.0,0.0,0.0,0.0,0.0,0.0,0.0,0.0,1721.6414382986911,0.0,0.0,0.0,0.0,1816.0933127599924,0.0,0.0,0.0,1177.524914464046
2015-10-03,0.771431,0.0,0.0,0.0,0.0,0.0,0.0,0.0,0.0,0.0,0.0,1751.0155065904803,0.0,0.0,0.0,0.0,1339.963697152811,0.0,0.0,0.0,2237.4881237927407
2015-10-10,1.02553,0.0,0.0,1331.8112844121663,0.0,0.0,0.0,0.0,0.0,0.0,0.0,1071.6801784939955,0.0,0.0,0.0,0.0,1769.6035248607338,0.0,0.0,0.0,1485.090029335679
2015-10-17,0.978325,0.0,0.0,842.6390717680309,0.0,1136.669998504543,0.0,0.0,0.0,0.0,0.0,1150.706836015982,0.0,0.0,0.0,0.0,1924.8740308280585,0.0,0.0,0.0,2251.1428076596426
2015-10-24,1.31689,0.0,0.0,0.0,0.0,0.0,0.0,0.0,0.0,0.0,0.0,1448.8786289644995,0.0,0.0,0.0,0.0,1343.8508174607812,0.0,0.0,0.0,2187.442168487847
2015-10-31,1.07118,1119.0308331377612,0.0,0.0,0.0,0.0,0.0,0.0,0.0,0.0,0.0,0.0,0.0,0.0,0.0,964.5549782205452,1831.780921846779,0.0,0.0,0.0,2227.4627936441
2015-11-07,1.41249,1149.294055160506,747.856343303354,0.0,0.0,0.0,0.0,0.0,729.6824884883949,0.0,0.0,0.0,0.0,0.0,0.0,0.0,2482.709685981072,0.0,0.0,0.0,1548.3522698232766
2015-11-14,1.44617,0.0,0.0,0.0,0.0,0.0,0.0,0.0,0.0,0.0,0.0,0.0,0.0,0.0,0.0,0.0,861.3873312648901,0.0,0.0,0.0,1993.3347896172909
2015-11-21,1.01986,768.1439371002718,739.9400077977701,0.0,0.0,0.0,0.0,0.0,0.0,0.0,0.0,0.0,0.0,0.0,0.0,0.0,1882.9760925449168,0.0,0.0,0.0,2347.530488224415
2015-11-28,1.24273,0.0,1386.5071214725233,0.0,0.0,0.0,0.0,0.0,0.0,0.0,0.0,991.421060486397,0.0,0.0,0.0,0.0,1816.1890255709416,0.0,0.0,0.0,2793.9488511031
2015-12-05,1.30868,0.0,0.0,0.0,0.0,0.0,0.0,0.0,0.0,0.0,0.0,945.1633542333346,0.0,0.0,0.0,0.0,2165.031053006761,0.0,0.0,0.0,2055.14952233789
2015-12-12,1.27957,746.4157736606014,888.6799062183325,842.6993100634462,0.0,0.0,760.28392471663,0.0,0.0,0.0,0.0,820.2831550749705,0.0,0.0,0.0,0.0,2201.791808955602,0.0,0.0,0.0,3145.901110955918
2015-12-19,1.78188,866.1401313780531,1189.5805070431363,0.0,0.0,773.5754363540674,0.0,0.0,814.054818354411,0.0,0.0,966.317731547342,0.0,0.0,0.0,0.0,2098.642262459759,0.0,0.0,0.0,1983.6284303281404
2015-12-26,1.52858,0.0,0.0,0.0,811.3357639278075,0.0,0.0,0.0,0.0,0.0,0.0,1170.3534743947366,0.0,0.0,0.0,0.0,1435.048217734922,0.0,0.0,0.0,2081.771451687402
2016-01-02,1.65355,0.0,902.6365482545258,0.0,0.0,0.0,0.0,0.0,1414.2897331406618,0.0,0.0,880.709803945766,0.0,0.0,0.0,1475.4206131884396,1993.3102277254936,0.0,0.0,0.0,2889.8745128455143
2016-01-09,1.24065,0.0,0.0,0.0,0.0,0.0,0.0,0.0,0.0,0.0,0.0,615.3468507597412,0.0,0.0,0.0,0.0,1281.1348850514091,0.0,0.0,0.0,3262.777585956577
2016-01-16,1.21729,0.0,889.875727835914,0.0,0.0,651.0197266517715,0.0,0.0,0.0,0.0,0.0,773.7912735523056,0.0,0.0,0.0,0.0,1978.386215149771,0.0,0.0,0.0,2220.5200068626023
2016-01-23,1.32488,0.0,0.0,0.0,0.0,0.0,0.0,0.0,733.3944232884,0.0,0.0,1084.167371347557,0.0,0.0,0.0,0.0,2257.916705486208,0.0,0.0,0.0,2242.0312824314155
2016-01-30,1.47666,0.0,0.0,0.0,0.0,0.0,0.0,0.0,1023.5985326469596,0.0,0.0,791.23910003191,0.0,0.0,0.0,0.0,1886.626215217824,0.0,0.0,0.0,2276.516913669208
2016-02-06,1.13276,0.0,0.0,0.0,0.0,0.0,0.0,0.0,953.4699730512386,0.0,0.0,1256.4606545491567,0.0,556.6189486533822,0.0,0.0,1755.8112897357323,0.0,0.0,0.0,1916.0581739950392
2016-02-13,1.81735,0.0,0.0,0.0,0.0,0.0,0.0,0.0,1049.0103489394353,0.0,0.0,0.0,0.0,0.0,0.0,0.0,1589.2715858496272,0.0,0.0,0.0,1709.6623048169934
2016-02-20,1.74266,903.5501662162396,0.0,594.2417636289541,0.0,0.0,0.0,0.0,1220.453699593616,0.0,0.0,0.0,0.0,573.4323826900204,0.0,0.0,2595.6478608947123,565.4133414464342,565.4133414464342,0.0,2434.215256742178
2016-02-27,2.69257,807.6666784214437,745.9459060355568,639.3859088888235,0.0,0.0,0.0,0.0,1006.3730238844904,0.0,0.0,1034.953016923031,0.0,0.0,0.0,0.0,1524.5528295132235,0.0,0.0,0.0,2857.760956354264
2016-03-05,2.71718,745.0241011328422,715.3620386714794,562.7356129554669,0.0,0.0,0.0,0.0,940.937136292242,0.0,0.0,1265.703984122107,0.0,0.0,0.0,0.0,1156.8474098142422,0.0,0.0,0.0,1479.6478681108554
2016-03-12,3.104,709.6005530556454,1117.6098396923992,904.8818271127168,0.0,0.0,0.0,0.0,994.027771494752,0.0,0.0,988.4868746965552,0.0,0.0,0.0,0.0,1911.5757878804875,0.0,0.0,0.0,2288.3615247253583
2016-03-19,2.38769,1530.7457279422947,956.4623682956518,0.0,639.1055607515958,0.0,0.0,0.0,0.0,0.0,0.0,1264.5776678559089,0.0,0.0,0.0,0.0,2077.353377949157,776.1218031055012,776.1218031055012,0.0,1902.070499103686
2016-03-26,2.28422,1407.7119549265578,0.0,788.1813850007345,0.0,0.0,0.0,0.0,0.0,0.0,0.0,861.4287569353742,0.0,0.0,0.0,0.0,1382.0968302292688,0.0,0.0,0.0,1913.078475537358
2016-04-02,2.69803,706.8950288418013,1178.031401260651,0.0,0.0,0.0,0.0,0.0,0.0,0.0,0.0,1074.3555812874397,0.0,0.0,0.0,865.3414728269114,1529.2390499234773,0.0,0.0,0.0,1834.525713115408
2016-04-09,2.26966,1124.848878476647,565.3203823038825,0.0,0.0,0.0,0.0,0.0,0.0,0.0,0.0,890.4533422272219,0.0,0.0,0.0,0.0,1219.5749883804815,0.0,0.0,0.0,2031.761111608661
2016-04-16,2.45104,1170.2506817759,800.6240728241876,0.0,0.0,0.0,0.0,0.0,0.0,0.0,0.0,0.0,0.0,0.0,0.0,0.0,1195.040653312937,0.0,0.0,0.0,2464.569386142492
2016-04-23,2.43372,950.942498788976,682.307074029267,662.6919497554939,0.0,0.0,0.0,0.0,0.0,0.0,0.0,0.0,0.0,0.0,0.0,852.1259642731135,2101.0168244833617,0.0,0.0,0.0,1263.0575103998503
2016-04-30,2.47711,986.1827264338034,0.0,0.0,0.0,0.0,0.0,0.0,0.0,0.0,0.0,0.0,0.0,0.0,0.0,0.0,1129.0392389821338,0.0,0.0,0.0,1048.2654748016275
2016-05-07,1.32095,732.740796971157,0.0,0.0,0.0,0.0,0.0,0.0,0.0,0.0,0.0,0.0,0.0,0.0,0.0,0.0,1318.213539510201,0.0,0.0,0.0,1496.211964027886
2016-05-14,1.23154,0.0,0.0,0.0,0.0,0.0,0.0,0.0,0.0,0.0,0.0,1053.1800881722008,0.0,0.0,0.0,0.0,914.831973888489,0.0,0.0,0.0,2438.6370956230503
2016-05-21,1.16541,809.3392959584633,0.0,0.0,0.0,682.7326800813202,0.0,0.0,0.0,0.0,0.0,653.0416986619033,0.0,629.5236040865467,0.0,0.0,0.0,0.0,0.0,0.0,1781.8424705198852
2016-05-28,1.34412,632.1043423795651,0.0,1195.3557937299522,0.0,0.0,0.0,0.0,0.0,0.0,0.0,1134.462459902374,0.0,0.0,0.0,0.0,0.0,0.0,0.0,0.0,2013.1804870909505
2016-06-04,0.975107,0.0,0.0,0.0,0.0,0.0,0.0,0.0,0.0,0.0,0.0,0.0,0.0,0.0,0.0,0.0,2177.9989454554407,0.0,0.0,0.0,1909.03078128167
2016-06-11,0.577954,0.0,0.0,0.0,0.0,0.0,0.0,0.0,0.0,0.0,0.0,0.0,0.0,956.020961209607,0.0,0.0,633.6823909339257,641.8286444602986,641.8286444602987,814.555902515415,1541.1902501123204
2016-06-18,0.65882,646.2431422721871,0.0,0.0,0.0,0.0,0.0,0.0,0.0,0.0,0.0,0.0,0.0,0.0,0.0,0.0,832.4270303343651,0.0,0.0,0.0,1157.079993032118
2016-06-25,0.454908,0.0,0.0,0.0,0.0,0.0,883.9947437827067,0.0,0.0,0.0,0.0,0.0,0.0,0.0,0.0,0.0,993.855288972875,0.0,0.0,0.0,1558.7166463082626
2016-07-02,0.524052,0.0,0.0,0.0,0.0,0.0,0.0,0.0,0.0,0.0,0.0,981.0742578126034,0.0,0.0,0.0,0.0,1425.743541249876,0.0,0.0,0.0,1220.1115791635782
2016-07-09,0.522784,0.0,0.0,0.0,0.0,0.0,0.0,0.0,0.0,0.0,0.0,0.0,0.0,0.0,0.0,0.0,1122.1176705923467,0.0,0.0,0.0,1053.7096089745987
2016-07-16,0.358852,0.0,0.0,0.0,0.0,0.0,0.0,0.0,0.0,0.0,0.0,0.0,0.0,0.0,0.0,0.0,0.0,0.0,0.0,0.0,1198.6813146270676
2016-07-23,0.406012,0.0,0.0,0.0,0.0,0.0,0.0,0.0,0.0,0.0,0.0,0.0,0.0,0.0,0.0,716.166564632551,841.8971105238687,0.0,0.0,0.0,1294.297070059247
2016-07-30,0.474236,0.0,0.0,0.0,0.0,0.0,0.0,0.0,0.0,0.0,0.0,0.0,0.0,0.0,0.0,643.7013254723757,905.8964347707029,0.0,0.0,0.0,1082.8733947527835
2016-08-06,0.611143,0.0,0.0,0.0,0.0,0.0,0.0,0.0,0.0,0.0,0.0,0.0,0.0,0.0,0.0,0.0,1221.4495622045808,0.0,0.0,0.0,2071.499111403042
2016-08-13,0.434605,0.0,0.0,0.0,0.0,0.0,0.0,0.0,0.0,0.0,0.0,0.0,0.0,0.0,0.0,0.0,824.2205175864208,0.0,0.0,0.0,1488.753830701652
2016-08-20,0.523706,0.0,0.0,0.0,0.0,0.0,0.0,0.0,0.0,0.0,0.0,0.0,0.0,0.0,0.0,0.0,0.0,0.0,0.0,0.0,1344.4065230274982
2016-08-27,0.941645,0.0,0.0,0.0,0.0,0.0,0.0,0.0,682.5543905602628,0.0,0.0,0.0,0.0,0.0,0.0,0.0,1241.2945814132663,0.0,0.0,0.0,1761.6677072202865
2016-09-03,1.23722,597.0502174756131,0.0,0.0,0.0,691.761493207367,0.0,0.0,0.0,0.0,0.0,728.2795035737009,0.0,591.9697999622636,0.0,0.0,1741.0409900794082,0.0,0.0,0.0,1839.414942418684
2016-09-10,0.857609,0.0,0.0,0.0,0.0,0.0,0.0,0.0,0.0,0.0,0.0,1058.1064210509885,0.0,0.0,0.0,0.0,991.9432075741432,0.0,0.0,677.6022179838781,1253.8758446049271
2016-09-17,1.1296,0.0,0.0,1100.9273140302578,0.0,0.0,0.0,0.0,0.0,0.0,0.0,847.8960670272413,0.0,0.0,0.0,0.0,3332.395142712459,0.0,0.0,0.0,1701.1469566468484
2016-09-24,1.04214,0.0,0.0,0.0,0.0,0.0,0.0,0.0,0.0,0.0,0.0,0.0,0.0,0.0,0.0,0.0,1636.764880058935,0.0,0.0,0.0,1684.4132753896924
2016-10-01,0.865301,750.7006463949328,601.3333440505154,0.0,0.0,0.0,0.0,0.0,0.0,0.0,0.0,0.0,0.0,0.0,0.0,0.0,1773.2732721192758,0.0,0.0,0.0,2201.8733602932107
2016-10-08,1.15475,602.348407659505,829.2165685265062,0.0,0.0,0.0,0.0,0.0,0.0,0.0,0.0,654.6755021899571,0.0,0.0,0.0,0.0,1748.2554164471408,0.0,0.0,0.0,1719.9370763807956
2016-10-15,1.21442,1058.5026117900054,0.0,0.0,0.0,0.0,0.0,0.0,0.0,0.0,0.0,762.7486496891628,0.0,0.0,0.0,0.0,1661.794248099151,0.0,0.0,0.0,1289.6409599974472
2016-10-22,0.49896,0.0,0.0,0.0,0.0,0.0,0.0,0.0,0.0,0.0,0.0,634.5733470302243,0.0,0.0,0.0,0.0,1682.758997265924,0.0,0.0,0.0,1588.3555966544416
2016-10-29,0.558143,878.7568531871809,682.1428686769556,0.0,0.0,0.0,0.0,0.0,0.0,0.0,0.0,885.3622446817412,0.0,0.0,0.0,0.0,1736.3509757932095,0.0,0.0,0.0,1878.183199788478
2016-11-05,0.696323,742.783059398766,734.6353498013171,777.4572217823335,0.0,0.0,0.0,0.0,716.2742894973824,0.0,0.0,1005.0388384885074,0.0,0.0,0.0,0.0,1242.753056206589,0.0,0.0,0.0,1943.4325952558968
2016-11-12,0.696646,0.0,0.0,0.0,0.0,0.0,0.0,0.0,0.0,0.0,0.0,1372.0197212368007,0.0,0.0,0.0,0.0,1662.896742372751,0.0,0.0,0.0,2026.3943818898772
2016-11-19,0.997899,0.0,0.0,0.0,0.0,0.0,0.0,0.0,0.0,0.0,0.0,1264.7338633935633,0.0,0.0,0.0,0.0,1831.6097292461625,0.0,0.0,0.0,2055.4145619784176
2016-11-26,1.12828,767.4867486061161,0.0,0.0,0.0,0.0,0.0,0.0,624.3084260051573,0.0,0.0,1014.4529917810896,0.0,0.0,0.0,0.0,1329.1476600047886,0.0,0.0,0.0,1984.663406678109
2016-12-03,0.952956,0.0,0.0,521.9385668890976,0.0,0.0,0.0,0.0,1010.8290459456952,0.0,0.0,860.1645944206022,0.0,0.0,0.0,591.0627002632631,1582.2881810050517,0.0,0.0,0.0,2337.7783853759106
2016-12-10,1.19682,561.2202010754372,0.0,0.0,0.0,0.0,0.0,0.0,921.8925954602792,0.0,0.0,849.849804184898,0.0,0.0,0.0,639.5173523170524,1366.9942746551576,0.0,0.0,0.0,1516.927254636519
2016-12-17,1.32006,0.0,616.1862369238446,0.0,0.0,0.0,0.0,0.0,0.0,0.0,0.0,1286.2346573115292,0.0,0.0,0.0,0.0,1319.2745624062784,0.0,0.0,0.0,2073.567246739519
2016-12-24,1.49617,1115.2081726385593,693.2520897951729,804.7867240197776,0.0,0.0,0.0,0.0,1875.715510828824,0.0,0.0,1493.3941618792956,0.0,0.0,0.0,0.0,1272.3955651428323,0.0,0.0,0.0,2984.570729712894
2016-12-31,2.44053,1153.876369624409,1948.699820944274,561.1292831849308,756.6787017738985,0.0,0.0,0.0,1450.102628268584,0.0,0.0,1299.2214153549485,0.0,962.3127039947992,0.0,1391.446186574943,2363.180686953413,0.0,0.0,0.0,2596.8805705046098
2017-01-07,1.79407,1376.400805486326,1410.1899213350102,0.0,0.0,0.0,0.0,588.6137036155737,1704.5056771788754,0.0,0.0,1344.1871636348974,0.0,0.0,0.0,833.0019168969484,2610.157477649092,829.5791522920492,829.5791522920492,0.0,3259.4883281516404
2017-01-14,1.78158,805.2535104827072,0.0,723.3210743071402,0.0,0.0,0.0,0.0,1490.8917796370547,0.0,615.4754301985154,1310.029513945365,615.4754301985154,0.0,0.0,557.8635187652943,1558.907531867193,0.0,0.0,0.0,2333.839048787305
2017-01-21,2.64722,1581.5416289469465,1659.0995879088266,624.346442859647,0.0,601.274877545681,0.0,0.0,1257.848461802034,0.0,0.0,942.482759357752,0.0,0.0,0.0,0.0,2017.8576855598328,503.6178885440983,503.6178885440984,0.0,2976.9511742311483
2017-01-28,2.56329,1249.1388441049694,1437.6993846852745,0.0,0.0,0.0,0.0,0.0,1438.2249783197055,0.0,0.0,1165.079327966324,0.0,501.9666363739895,0.0,0.0,1764.1346110603831,0.0,0.0,0.0,2017.896582797437
2017-02-04,2.89023,0.0,1201.5352676889463,0.0,0.0,0.0,0.0,0.0,1870.219475869454,0.0,587.1546390095348,946.5332044801625,587.1546390095347,0.0,0.0,490.1920092979818,2427.839533891913,0.0,0.0,0.0,2885.321726195679
2017-02-11,2.86889,1977.4270425174163,2052.437926416268,830.7765191820394,729.300859549748,689.575665248306,0.0,537.0695496003002,1621.7545077478624,0.0,0.0,1351.0102466561214,0.0,694.6167537624824,0.0,1470.4513404701668,1692.972952897269,0.0,0.0,0.0,2398.001750286679
2017-02-18,3.61845,2040.362424902104,2127.984960834768,973.6260042558152,0.0,0.0,0.0,648.1354305932168,965.0528934888046,0.0,0.0,714.5427841760468,0.0,0.0,0.0,0.0,1923.8782965295115,557.7995240611075,557.7995240611074,0.0,2633.400871403184
2017-02-25,3.53901,2895.4224856052697,1597.4800534952506,2195.24406454328,878.7491661943972,0.0,0.0,1073.0476669241036,976.0219764888258,609.2047143414015,0.0,0.0,0.0,0.0,0.0,0.0,2208.614725716492,0.0,0.0,0.0,2578.51963210731
2017-03-04,3.37181,2341.222266909626,1379.4239352265308,637.4207221116749,0.0,0.0,0.0,0.0,1226.0702380557125,0.0,0.0,944.1937738829108,0.0,0.0,0.0,593.4508603291607,2110.404539463691,0.0,0.0,0.0,2457.963831145772
2017-03-11,3.13655,1411.9056100595546,1005.4140020818472,829.0542637328907,0.0,0.0,0.0,0.0,667.139638848174,0.0,741.0745369129837,632.6180500785009,741.0745369129838,0.0,0.0,0.0,1874.9454699032049,530.910098703378,530.9100987033779,0.0,2031.171124241784
2017-03-18,3.32656,1937.7342776388296,1546.0906548382084,840.1832400993962,737.7365282251344,512.5677599580355,511.6114328667491,737.4448825542266,662.4869080924122,0.0,0.0,922.5529263780642,0.0,0.0,488.8423616824391,0.0,1891.7658384335075,0.0,0.0,0.0,2227.2421243386584
2017-03-25,2.95147,2741.951450060128,2121.090520129929,1018.653168538378,1314.3048271014202,930.0546684988952,605.7796672878848,922.1934831931984,0.0,0.0,0.0,1471.667409768549,0.0,0.0,0.0,0.0,2063.8657600088923,547.8711152849662,547.8711152849661,542.9996701531397,2090.5099217225643
2017-04-01,2.73346,1589.2348795658902,618.2011874490088,1055.6850438042686,0.0,525.5144223371104,0.0,0.0,0.0,0.0,0.0,984.4385846612876,0.0,0.0,922.0321702831932,0.0,1783.324055123876,0.0,0.0,0.0,2733.422975783111
2017-04-08,1.44829,692.5057853351034,698.7399220764272,0.0,0.0,0.0,0.0,0.0,0.0,0.0,0.0,717.7734383239218,0.0,0.0,0.0,0.0,1796.372196264063,0.0,0.0,0.0,1130.0187826346687
2017-04-15,0.962907,0.0,0.0,0.0,0.0,0.0,0.0,961.052782580592,0.0,0.0,0.0,723.0527329450804,0.0,0.0,0.0,0.0,971.459972609686,0.0,0.0,0.0,2443.109100879844
2017-04-22,0.663663,598.4783457955043,0.0,0.0,0.0,0.0,0.0,0.0,0.0,0.0,0.0,0.0,0.0,0.0,0.0,0.0,1204.6278165750243,0.0,0.0,0.0,1524.534540577204
2017-04-29,0.396825,0.0,0.0,0.0,0.0,0.0,0.0,0.0,0.0,0.0,0.0,908.4135273096884,0.0,0.0,0.0,0.0,1650.901701849236,0.0,0.0,0.0,1335.219139916445
2017-05-06,0.392473,576.9580847051814,0.0,0.0,0.0,0.0,0.0,0.0,0.0,0.0,0.0,726.528390814738,0.0,541.6302241600742,0.0,0.0,925.2914842977544,0.0,0.0,0.0,1630.8807416669324
2017-05-13,0.309695,609.9075913199347,0.0,0.0,0.0,0.0,0.0,0.0,0.0,0.0,0.0,1258.8592116780692,0.0,0.0,0.0,0.0,1015.0714713849408,0.0,0.0,0.0,1293.8273287681243
2017-05-20,0.235899,0.0,0.0,0.0,0.0,0.0,0.0,0.0,0.0,0.0,0.0,0.0,0.0,0.0,0.0,0.0,1312.5080435366633,0.0,0.0,0.0,1593.458099242535
2017-05-27,0.292143,0.0,0.0,0.0,0.0,0.0,0.0,0.0,0.0,0.0,0.0,718.8663752768289,0.0,0.0,0.0,0.0,691.9527039695691,0.0,0.0,0.0,1689.658017471427
2017-06-03,0.359178,0.0,0.0,0.0,0.0,0.0,0.0,0.0,0.0,0.0,853.7617857921541,0.0,853.761785792154,0.0,0.0,0.0,0.0,0.0,0.0,0.0,1782.3637410326587
2017-06-10,0.154151,0.0,0.0,0.0,0.0,0.0,0.0,0.0,0.0,0.0,0.0,0.0,0.0,0.0,0.0,0.0,972.790147988144,0.0,0.0,0.0,1593.9586651636882
2017-06-17,0.179684,0.0,0.0,0.0,0.0,0.0,0.0,0.0,694.3272539438401,0.0,0.0,0.0,0.0,0.0,0.0,0.0,1039.5252431505608,0.0,0.0,0.0,2113.846131606997
2017-06-24,0.223214,0.0,0.0,0.0,0.0,0.0,0.0,0.0,0.0,0.0,0.0,0.0,0.0,0.0,0.0,0.0,1257.0491930386645,0.0,0.0,0.0,1457.214445696133
2017-07-01,0.193143,0.0,0.0,0.0,0.0,0.0,0.0,0.0,0.0,0.0,0.0,0.0,0.0,0.0,0.0,0.0,722.0758603823222,0.0,0.0,0.0,1032.947061235539
2017-07-08,0.127259,0.0,0.0,0.0,0.0,0.0,0.0,777.3192998648528,906.8137510038532,0.0,0.0,0.0,0.0,0.0,0.0,0.0,0.0,0.0,0.0,0.0,1356.2515990090951
2017-07-15,0.239671,0.0,0.0,0.0,0.0,0.0,0.0,0.0,0.0,0.0,0.0,0.0,0.0,0.0,0.0,0.0,0.0,0.0,0.0,0.0,1446.421941709197
2017-07-22,0.0903036,0.0,0.0,0.0,0.0,0.0,0.0,877.2375882902166,0.0,0.0,0.0,0.0,0.0,0.0,0.0,0.0,0.0,0.0,0.0,0.0,1039.980128129975
2017-07-29,0.0245881,0.0,0.0,0.0,0.0,0.0,0.0,0.0,0.0,0.0,0.0,612.8514710626246,0.0,0.0,0.0,0.0,910.656342472997,0.0,0.0,0.0,995.4557988153194
2017-08-05,0.0366703,0.0,0.0,0.0,0.0,0.0,0.0,0.0,0.0,0.0,0.0,0.0,0.0,0.0,0.0,0.0,0.0,0.0,0.0,0.0,1997.8245776283263
2017-08-12,0.0947269,0.0,0.0,0.0,0.0,0.0,0.0,0.0,0.0,0.0,0.0,0.0,0.0,0.0,0.0,0.0,871.9336711083463,0.0,0.0,0.0,1387.3671719729143
2017-08-19,0.0637105,0.0,0.0,0.0,0.0,0.0,0.0,0.0,0.0,0.0,0.0,0.0,0.0,0.0,0.0,0.0,1734.7561359939723,0.0,0.0,0.0,1785.5597247790013
2017-08-26,0.071736,0.0,0.0,682.8015208618093,0.0,0.0,0.0,0.0,0.0,0.0,0.0,0.0,0.0,0.0,0.0,0.0,956.7059979100222,0.0,0.0,0.0,1380.6819395105065
2017-09-02,0.231737,0.0,0.0,0.0,0.0,0.0,0.0,0.0,0.0,0.0,0.0,828.620244952526,0.0,0.0,0.0,0.0,1281.8844100755475,0.0,0.0,0.0,1888.2889860070024
2017-09-09,0.364109,606.372812417245,0.0,0.0,0.0,0.0,0.0,0.0,0.0,0.0,0.0,923.1835503483222,0.0,0.0,0.0,0.0,980.3754869579038,0.0,0.0,0.0,2514.2906463579484
2017-09-16,0.383498,716.2134754654882,683.4658710692265,0.0,0.0,0.0,0.0,0.0,0.0,0.0,0.0,776.2338252128088,0.0,0.0,0.0,0.0,1795.6572091355288,0.0,0.0,0.0,2596.3959995169616
2017-09-23,0.526039,593.064962203582,0.0,688.3877151883612,0.0,0.0,0.0,0.0,0.0,0.0,0.0,896.5454740683997,0.0,0.0,0.0,0.0,1061.2923501089303,0.0,0.0,0.0,2834.6231494426074
2017-09-30,0.481471,594.668384890063,838.9467582007832,542.1261548186253,0.0,0.0,0.0,0.0,0.0,0.0,0.0,837.5080050043421,0.0,620.5267870110538,0.0,0.0,1941.912355585299,0.0,0.0,0.0,1809.705123253271
2017-10-07,0.945554,653.605110385695,0.0,1349.3276984436366,0.0,0.0,0.0,0.0,615.1864833577249,0.0,0.0,719.7772278120341,0.0,0.0,0.0,0.0,2281.842992977852,0.0,0.0,0.0,2060.3651961853834
2017-10-14,0.876033,762.6734433722231,0.0,506.18785985952985,0.0,0.0,0.0,0.0,0.0,0.0,0.0,1367.6822572719009,0.0,0.0,0.0,0.0,2125.6044377003977,0.0,0.0,0.0,1780.4990942220868
2017-10-21,0.693255,710.1777174073914,0.0,591.9814449429393,0.0,0.0,0.0,0.0,0.0,0.0,0.0,640.0854397683308,0.0,0.0,0.0,0.0,1180.1298146837323,0.0,0.0,0.0,1781.6571844310204
2017-10-28,0.790368,848.7338733204921,0.0,639.0019580720488,0.0,0.0,0.0,0.0,0.0,0.0,0.0,695.2927822922949,0.0,0.0,0.0,555.5343930962207,1827.942615578552,0.0,0.0,0.0,1837.4143940976403
2017-11-04,0.808548,986.8094076046798,660.7958512341341,599.7476705683408,0.0,0.0,0.0,555.7504063916787,0.0,0.0,0.0,0.0,0.0,627.1133548737777,0.0,0.0,1522.7854653016982,0.0,0.0,0.0,1801.9729974268148
2017-11-11,0.685746,716.8409230894844,848.1404270961933,743.1656538600888,0.0,0.0,0.0,0.0,0.0,0.0,0.0,1103.856769086191,0.0,0.0,0.0,0.0,1983.7204847460796,0.0,0.0,0.0,2210.780009647565
2017-11-18,0.81079,832.9341958800605,780.0884132006529,0.0,0.0,0.0,0.0,0.0,0.0,0.0,0.0,1427.226624064181,0.0,0.0,0.0,0.0,2208.152750317969,0.0,0.0,0.0,2949.1534753252263
2017-11-25,1.67966,567.4400269021439,0.0,0.0,0.0,0.0,0.0,0.0,0.0,0.0,0.0,698.3628309234846,0.0,0.0,0.0,0.0,1571.7710946093384,573.2085977886117,573.2085977886118,0.0,1745.3722187024816
2017-12-02,1.18158,0.0,611.2209363980861,0.0,544.3414258243289,0.0,0.0,0.0,0.0,0.0,0.0,957.0782040077796,0.0,0.0,0.0,0.0,2416.750360386586,715.5661282066704,715.5661282066703,0.0,2287.9321189366096
2017-12-09,1.2359,467.0055806160715,778.8363801259262,805.980880668246,0.0,0.0,0.0,0.0,0.0,0.0,0.0,680.4672078990642,0.0,0.0,0.0,0.0,1759.988131196745,0.0,0.0,0.0,2276.658867173757
2017-12-16,2.40449,1605.4827536744317,969.0936156314208,1022.8605230652412,0.0,582.515870139967,0.0,0.0,663.0542946912481,0.0,0.0,1051.4879687653968,0.0,0.0,0.0,0.0,2563.4348225548747,0.0,0.0,0.0,2385.821708881512
2017-12-23,3.85153,2330.8222783902947,2015.9615758659131,1830.6495840734765,1348.1071557685498,1207.5821395270889,0.0,0.0,1372.0235642760863,517.7054654278232,0.0,1634.556406351565,0.0,0.0,0.0,559.3351294423824,1832.074348104192,0.0,0.0,0.0,3379.995064851835
2017-12-30,5.98074,3325.629870831904,2829.689819902731,2793.2517775567626,1377.8883660667193,647.3571531144794,904.2589842562552,1052.7960823755104,1384.961896696598,0.0,641.9468621019948,1479.1252746891705,641.9468621019948,1081.6459378103516,550.8661418925099,1210.2624360243456,3256.155002239954,986.9044412627894,986.9044412627894,0.0,3165.272761562524
2018-01-06,5.53746,4354.296516437831,3249.367013293584,2486.1874371954623,1264.0524972879416,624.597106138736,513.9281557594912,748.5910071455158,1308.7681349524987,721.970245060961,477.3357987803229,1098.2392492988442,477.3357987803228,698.95907952497,0.0,910.6185366411784,2645.5761957823493,0.0,0.0,571.021286243216,3341.852339734733
2018-01-13,5.99083,4388.112242963695,4067.977353386997,1658.3257303046282,1294.1823526996675,1094.5168665943122,626.83860243359,1217.120815445761,889.6121841836074,769.4568878228046,0.0,1161.9449400643748,0.0,1028.2801002578174,762.2679412531944,670.3387588134237,3113.513993467225,0.0,0.0,511.83929450829737,2206.149503860373
2018-01-20,6.35359,4825.724975168239,4650.2240430346255,2277.9568970506884,1476.8264412266587,536.5900307540554,731.2512431944283,1418.9507202031252,1278.1430944621015,806.2809353556612,0.0,0.0,0.0,886.7923500045,563.2143616984487,1003.35129463205,2524.4393052786727,490.6861536863225,490.6861536863225,593.5941123327292,2533.94579287801
2018-01-27,6.40561,9143.016687484063,5292.243485207682,3249.592773361885,1813.749849618261,1312.192604076383,1090.9699903928422,1759.71027755395,1092.304651992585,1035.5588208053805,960.3939102698264,1026.9060275304498,960.3939102698264,0.0,855.8899592489934,824.6490696072289,2815.8547375572725,467.8741025237604,467.8741025237603,0.0,2639.453836082946
2018-02-03,5.70849,8008.176933801228,6290.434018399163,3395.4791192034813,1800.9434606046875,1802.869002155083,1323.445358676163,1644.7254938685155,1285.1642385504954,846.32940595817,0.0,489.31550354114,0.0,1010.4807575920864,684.0060664514203,524.1478347132622,3672.2869797073695,823.7266961303088,823.7266961303088,614.8163952750393,1938.1656439834303
2018-02-10,6.63894,5920.766690317823,5662.132911053352,3470.688179106537,848.5775893531861,1698.8609583636628,1063.525101486533,688.9836931398747,1363.056638410654,488.5412503028466,0.0,686.472715360197,0.0,977.0493528669812,920.4444552175368,0.0,1840.4779169746407,574.3590294956358,574.3590294956358,0.0,2564.9315480022938
2018-02-17,6.33742,4717.57119178268,5253.974860737491,2276.5288978969475,1253.1098578387032,1270.610280281252,606.7398108561265,1016.2056019069177,1531.9390648929116,763.2734073558767,0.0,1126.8121628584277,0.0,0.0,0.0,762.1677311800487,2165.878588033222,0.0,0.0,0.0,2586.7256459471228
2018-02-24,4.0533,3078.8767739514456,1869.585515880292,1298.218623230921,781.1667453357749,820.7920189072884,0.0,912.2886589869016,1000.8536964227492,0.0,0.0,1315.3230420056154,0.0,506.0068289580105,0.0,704.7100172298494,2050.0428865204835,0.0,0.0,0.0,2295.258174862573
2018-03-03,2.57644,1720.2487387843962,1264.4122313721684,668.4441519222155,666.1234509429207,0.0,0.0,676.7829320834101,874.8200365130516,0.0,0.0,1161.500347140646,0.0,901.3534922170934,0.0,0.0,2031.4529820384912,0.0,0.0,0.0,2635.1628948142966
2018-03-10,1.85889,1054.8694723474407,1133.0280845111326,746.1427745206671,0.0,0.0,0.0,0.0,814.8402888834279,0.0,0.0,719.9867858462035,0.0,0.0,0.0,0.0,1725.5968144707942,0.0,0.0,0.0,2696.1600694119297
2018-03-17,1.46249,1105.400983253984,899.9244960442282,0.0,824.7766802437535,0.0,0.0,0.0,622.3238934191729,0.0,0.0,1068.6207952551622,0.0,474.3855194369746,0.0,0.0,1558.6015809704538,0.0,0.0,0.0,2189.9393398508146
2018-03-24,1.54401,585.6805020751582,878.2912657970493,0.0,0.0,0.0,0.0,0.0,820.4811975028977,0.0,0.0,757.7439062553186,0.0,0.0,0.0,617.0208777766419,1316.4540267494317,0.0,0.0,0.0,1958.381502803371
2018-03-31,2.13081,1299.3179566827082,1305.8160090423387,697.8732333776231,620.0101112015932,0.0,0.0,624.6684486235995,534.7581970087456,0.0,0.0,493.90142361822456,0.0,0.0,0.0,0.0,1391.39214415161,0.0,0.0,0.0,2161.0541916934126
2018-04-07,2.31418,977.298400013775,510.0572740507556,0.0,0.0,0.0,0.0,0.0,938.6388896161355,0.0,0.0,1012.1578712197312,0.0,0.0,0.0,0.0,1222.8623311067176,0.0,0.0,0.0,2152.2539359606044
2018-04-14,2.26154,872.031814627666,0.0,0.0,708.4153860124826,0.0,0.0,0.0,523.5514058689027,0.0,0.0,0.0,0.0,0.0,0.0,0.0,1593.496856447908,704.367753332838,704.367753332838,0.0,1961.5621593937071
2018-04-21,1.29297,804.3621263378163,0.0,0.0,0.0,0.0,0.0,0.0,0.0,0.0,0.0,797.3246987330087,0.0,0.0,0.0,0.0,1363.5449858404006,0.0,0.0,0.0,1750.3928067463537
2018-04-28,1.24405,705.1446194264984,989.3800411261262,544.6427587725428,0.0,0.0,0.0,0.0,0.0,0.0,0.0,0.0,0.0,0.0,0.0,0.0,838.0329361912521,0.0,0.0,0.0,1953.7118946728112
2018-05-05,1.1413,553.2934079422837,697.2252630264786,0.0,0.0,0.0,0.0,0.0,0.0,0.0,0.0,675.3136632079369,0.0,678.7209685004427,0.0,0.0,1574.478346163882,0.0,0.0,0.0,1974.232359652876
2018-05-12,0.551958,0.0,0.0,0.0,0.0,0.0,0.0,0.0,0.0,0.0,0.0,724.6074352849907,0.0,0.0,0.0,0.0,1826.2690743881064,0.0,0.0,0.0,2057.679501888932
2018-05-19,0.562177,0.0,0.0,506.2697775625616,0.0,0.0,0.0,0.0,0.0,0.0,0.0,633.1188666659702,0.0,0.0,0.0,0.0,843.7422039676854,0.0,0.0,0.0,1689.5712523183563
2018-05-26,0.433495,0.0,579.5031201057643,0.0,0.0,0.0,0.0,0.0,0.0,0.0,0.0,963.3659988893558,0.0,0.0,0.0,0.0,1676.9700877277342,0.0,0.0,0.0,2162.795127965327
2018-06-02,0.272926,764.0777682428679,0.0,0.0,0.0,0.0,0.0,0.0,0.0,0.0,0.0,0.0,0.0,0.0,841.8621639261464,0.0,956.9368296026108,0.0,0.0,0.0,2118.874697420972
2018-06-09,0.132132,0.0,0.0,0.0,0.0,628.3875236175637,0.0,0.0,0.0,0.0,0.0,0.0,0.0,0.0,0.0,0.0,858.3103992334692,0.0,0.0,0.0,1576.167636725493
2018-06-16,0.210322,0.0,0.0,0.0,0.0,0.0,0.0,0.0,0.0,676.6535718058167,0.0,0.0,0.0,0.0,0.0,0.0,865.0768217823634,0.0,0.0,0.0,1889.8126378608565
2018-06-23,0.182788,579.0153599247777,0.0,0.0,0.0,0.0,0.0,0.0,0.0,0.0,0.0,0.0,0.0,0.0,0.0,0.0,1066.7382072047951,0.0,0.0,0.0,2243.885766599077
2018-06-30,0.1,0.0,0.0,0.0,0.0,0.0,0.0,0.0,0.0,0.0,0.0,775.6498254988306,0.0,0.0,0.0,0.0,1468.3435973606774,0.0,0.0,0.0,1173.299709687661
2018-07-07,0.276906,0.0,0.0,0.0,0.0,0.0,0.0,0.0,0.0,0.0,0.0,654.7534321225777,0.0,0.0,0.0,0.0,1192.720134860802,0.0,0.0,0.0,1191.7442771862711
2018-07-14,0.260945,0.0,521.5238755459029,0.0,0.0,0.0,0.0,0.0,0.0,0.0,0.0,0.0,0.0,0.0,0.0,0.0,1041.267500914062,0.0,0.0,0.0,1878.0345790833412
2018-07-21,0.127755,0.0,0.0,0.0,0.0,0.0,0.0,0.0,0.0,0.0,691.6557835053444,0.0,691.6557835053444,0.0,0.0,0.0,1214.7544047289011,0.0,0.0,0.0,1793.3878225289102
2018-07-28,0.0848656,0.0,0.0,0.0,0.0,0.0,0.0,580.1489627797052,0.0,0.0,0.0,0.0,0.0,0.0,0.0,837.0484498546059,1379.0899224172003,0.0,0.0,0.0,1757.165424381727
2018-08-04,0.164843,0.0,0.0,0.0,0.0,0.0,0.0,0.0,0.0,0.0,0.0,0.0,0.0,0.0,0.0,0.0,1176.2913611347465,0.0,0.0,0.0,1807.938342998723
2018-08-11,0.0645494,0.0,0.0,0.0,0.0,0.0,0.0,0.0,0.0,0.0,0.0,0.0,0.0,0.0,0.0,0.0,675.3782761660866,0.0,0.0,0.0,1169.915186912804
2018-08-18,0.102474,0.0,0.0,0.0,0.0,0.0,0.0,0.0,0.0,0.0,0.0,605.1473125266257,0.0,0.0,0.0,0.0,1291.2113757583904,0.0,0.0,0.0,1911.1176732200809
2018-08-25,0.0786658,0.0,0.0,0.0,0.0,0.0,0.0,0.0,0.0,0.0,0.0,0.0,0.0,0.0,0.0,0.0,1221.770076535296,0.0,0.0,0.0,2051.749339598834
2018-09-01,0.184445,0.0,0.0,0.0,0.0,0.0,0.0,0.0,621.2811214471398,0.0,0.0,921.5999854877532,0.0,0.0,0.0,0.0,1184.9795135675204,0.0,0.0,0.0,1349.6594436637283
2018-09-08,0.206356,847.071596771915,0.0,560.0230171422477,0.0,0.0,0.0,0.0,0.0,0.0,0.0,0.0,0.0,0.0,0.0,0.0,1812.485201292661,0.0,0.0,0.0,2100.026352285814
2018-09-15,0.390498,816.4073285191105,0.0,0.0,0.0,0.0,0.0,0.0,606.2391262850015,0.0,0.0,0.0,0.0,0.0,0.0,0.0,1598.0555171977028,0.0,0.0,0.0,2383.1410316282945
2018-09-22,0.646698,0.0,0.0,0.0,0.0,486.22099389035145,0.0,0.0,509.7568070915987,0.0,0.0,1264.2640331431558,0.0,0.0,0.0,0.0,2079.3837945421897,0.0,0.0,0.0,2295.196631339622
2018-09-29,0.71708,1115.6077779313807,660.8966367692923,956.6928839767744,0.0,0.0,604.142605518073,0.0,0.0,0.0,0.0,862.5479116931024,0.0,0.0,0.0,0.0,1873.6522256087192,0.0,0.0,0.0,2047.8182944107343
2018-10-06,0.80433,1161.91909921579,0.0,685.2681354516932,0.0,0.0,0.0,0.0,599.1331313215421,0.0,0.0,558.4395532185716,0.0,0.0,0.0,495.1172802197662,1708.7466758755695,0.0,0.0,0.0,1285.740672442693
2018-10-13,0.738967,1748.0706545711262,732.1469695080153,586.968113576489,0.0,0.0,0.0,556.0259241938736,494.8749319233481,0.0,0.0,1002.2450387354191,0.0,0.0,0.0,0.0,1596.7194873888852,0.0,0.0,0.0,1095.026760680335
2018-10-20,0.905644,1257.066870365,0.0,1048.2487765517535,0.0,0.0,0.0,0.0,523.9139387982765,0.0,0.0,0.0,0.0,0.0,0.0,0.0,1781.7396245242778,0.0,0.0,0.0,1254.8549087245617
2018-10-27,1.02533,845.6346781697571,501.68725764175895,1585.3851510318812,0.0,0.0,0.0,0.0,0.0,0.0,0.0,1368.767249049031,0.0,625.8254560357716,0.0,0.0,2342.4243392479348,0.0,0.0,0.0,2047.4161548278844
2018-11-03,1.02692,1420.0160790177915,759.046634586235,611.178778821403,0.0,0.0,0.0,0.0,525.7241150337709,0.0,784.0447013350881,856.5672273980709,784.0447013350881,0.0,0.0,0.0,1599.9645351162949,0.0,0.0,0.0,2486.108122357043
2018-11-10,1.04861,1206.7657497841822,1079.026604540257,671.435785955905,0.0,0.0,0.0,0.0,796.0438131833665,0.0,0.0,932.8359025366584,0.0,0.0,0.0,0.0,2132.3653611794834,487.9828767791703,487.9828767791703,0.0,2019.5164163936613
2018-11-17,1.10489,1094.9340172431152,768.8398561111055,703.0940164923405,0.0,0.0,0.0,0.0,506.1800659465336,0.0,0.0,782.3847742868126,0.0,0.0,0.0,0.0,2630.981628059058,0.0,0.0,0.0,2085.246872742029
2018-11-24,1.42249,0.0,629.5979889663782,0.0,0.0,0.0,0.0,0.0,713.0687220088281,0.0,0.0,0.0,0.0,0.0,0.0,0.0,1911.008842797334,0.0,0.0,0.0,1420.6076737893131
2018-12-01,1.30329,1181.4891247659818,548.5180751600126,463.2032570996844,0.0,0.0,0.0,0.0,449.54117365771526,0.0,0.0,1369.8938823334968,0.0,0.0,0.0,0.0,2002.4732174368332,0.0,0.0,0.0,2236.600999238624
2018-12-08,1.03127,483.2498498546281,0.0,0.0,0.0,0.0,0.0,0.0,1728.1219079998407,0.0,0.0,993.825388846124,0.0,682.1955899189531,0.0,0.0,2276.073454411478,0.0,0.0,0.0,1816.8266863356932
2018-12-15,1.6372,1030.9932211515277,0.0,905.6947047881162,485.32686596919297,0.0,0.0,0.0,505.1907303579944,0.0,0.0,930.083174532763,0.0,0.0,0.0,536.5791893583369,1337.881417919003,0.0,0.0,0.0,2874.42189942649
2018-12-22,1.65996,999.6498700264746,877.3228814166476,0.0,0.0,0.0,0.0,0.0,1093.4912068846968,0.0,0.0,561.2843180690264,0.0,0.0,520.4916146064782,972.6023180711994,1917.480677531692,0.0,0.0,559.2159134994588,2600.398040384005
2018-12-29,2.0346,2084.2235980392657,890.2128605708641,811.1776610944399,0.0,0.0,0.0,0.0,1372.9265405965104,0.0,0.0,744.7062842328612,0.0,0.0,0.0,653.4191515131375,2017.4414685772515,0.0,0.0,0.0,2877.1833906250667
2019-01-05,2.0164,1065.7439737360942,1121.0823728072842,1027.3605506979284,0.0,593.3564382235314,0.0,1566.7147842434429,1728.3418649883902,0.0,0.0,1540.7172670896905,0.0,710.0441632454792,0.0,0.0,1253.2625468788394,0.0,0.0,0.0,3195.10010183835
2019-01-12,2.1831,1320.4009202347097,1130.0861901492956,570.4692806451487,499.89931481897634,0.0,0.0,0.0,2212.216871245531,611.5743629606754,0.0,691.7743723789188,0.0,0.0,464.9828528918327,814.1521914934884,1837.6927457312945,0.0,0.0,0.0,2466.249816218194
2019-01-19,2.73159,1243.557669242503,1796.5999850316496,1273.044714330461,684.7097051318442,0.0,0.0,880.7136962932939,1128.4817444127236,0.0,0.0,1256.968099066165,0.0,0.0,0.0,745.3020872091545,1770.1964909356457,0.0,0.0,0.0,2544.757580319289
2019-01-26,3.25203,1365.1981216097215,1426.2865441279212,1320.236811908515,0.0,0.0,0.0,573.3659541780743,1367.3429703147758,0.0,0.0,799.6587790199184,0.0,0.0,0.0,747.5098250495093,1906.5287758935804,0.0,0.0,0.0,2608.8509538643534
2019-02-02,4.42055,1789.61344627814,2054.4777420439746,1430.955133726151,0.0,0.0,0.0,0.0,1271.0102990749815,0.0,0.0,946.9090296789636,0.0,0.0,0.0,676.0738847482475,2063.251036023094,561.1214354227434,561.1214354227434,0.0,2524.6643688113422
2019-02-09,3.86395,2029.96513952521,1226.2657321730192,1593.2941733245789,655.1809681104132,611.3179850406461,0.0,570.6745942132601,1210.8464155483475,476.2438723862901,0.0,507.6666605924308,0.0,471.34670393362944,0.0,0.0,2121.728183133379,0.0,0.0,0.0,3158.2440334677976
2019-02-16,5.09171,2794.380027976296,2578.7834442191474,2130.891447292017,877.068279438614,800.8046325186867,517.5910922479005,1030.8926884686318,1229.0328307549305,0.0,0.0,1123.3235847492458,0.0,0.0,0.0,643.6889585148606,2348.649137195144,619.0746768966677,619.0746768966676,0.0,3226.138228092947
2019-02-23,6.51604,3455.331504121791,1979.578631440324,2118.180924828479,775.952562754701,555.6812907174734,0.0,1294.63313389712,1156.4216722047029,819.4120175141146,483.4972658924002,1360.5935687596264,483.4972658924002,605.7779712961102,0.0,603.3115406974978,2808.326497587061,590.2337931585054,590.2337931585054,0.0,2587.2944107436533
2019-03-02,6.61162,3093.1146012441213,1673.4451474183943,1732.3935687084772,0.0,0.0,0.0,989.1464506179582,974.676313069267,477.79324906344425,455.0354790487985,1075.3608513099914,455.0354790487984,0.0,481.478832668372,0.0,2393.6499344950225,454.3266690316652,454.32666903166506,0.0,2098.4088012170696
2019-03-09,4.03993,2753.939998879882,2293.090306131676,2274.001176088428,466.537086405597,0.0,0.0,0.0,0.0,629.0273653748505,471.02781380688725,972.9317863395504,471.0278138068872,0.0,0.0,1209.5470052032845,2029.2574559628424,483.102313201277,483.10231320127696,0.0,3095.77427772488
2019-03-16,3.81303,2128.444898540127,2295.580443027716,1520.3664477298091,733.4920534172563,0.0,624.9349441780811,0.0,545.5208669652244,0.0,0.0,979.7245962096064,0.0,0.0,0.0,632.3540527546313,2565.1096443520737,752.9927353046104,752.9927353046104,0.0,3313.0467299392326
2019-03-23,2.81165,1713.2063907004956,1512.8905466526262,1523.2696369424689,562.8026859180718,0.0,0.0,785.7745323581632,0.0,0.0,0.0,1296.280778376699,0.0,0.0,0.0,754.3536311969639,1644.2739470995573,0.0,0.0,0.0,2939.796348545437
2019-03-30,2.57043,1118.9182904059105,1248.4152217777716,821.3841769094906,481.7592899796141,0.0,0.0,569.174508897183,0.0,0.0,0.0,577.1415304461439,0.0,0.0,0.0,0.0,1831.463298037492,0.0,0.0,0.0,3610.604231628631
2019-04-06,2.52263,1271.9668002886422,1358.6352138516268,1194.016984912207,0.0,0.0,0.0,0.0,483.562677940953,0.0,531.1793055067355,1572.0476587331182,531.1793055067355,0.0,497.8980332548103,618.5367808283909,2394.097770269995,0.0,0.0,0.0,2749.035288368967
2019-04-13,1.79142,1099.917550906951,1007.123809520618,1034.039019065922,0.0,0.0,0.0,0.0,503.9996880133426,0.0,0.0,857.7650675652446,0.0,0.0,0.0,0.0,1948.2832567513428,0.0,0.0,732.0689069981017,2376.1014205918445
2019-04-20,1.23406,1782.8903516806697,0.0,0.0,0.0,703.1263145065816,0.0,0.0,0.0,0.0,0.0,666.7972022635325,0.0,0.0,0.0,0.0,1134.0880126763618,0.0,0.0,0.0,2180.472157889588
2019-04-27,1.50646,0.0,672.8667860510674,0.0,0.0,0.0,0.0,0.0,0.0,517.1054192417862,0.0,1580.532694748246,0.0,0.0,0.0,0.0,1370.0151070589152,0.0,0.0,0.0,2204.074674886723
2019-05-04,0.675784,821.4753872294883,0.0,0.0,0.0,0.0,0.0,0.0,0.0,0.0,0.0,674.893614913994,0.0,0.0,0.0,0.0,1243.7382701322022,0.0,0.0,0.0,2052.448074988178
2019-05-11,0.607786,508.79897673124026,0.0,0.0,0.0,0.0,0.0,0.0,0.0,0.0,0.0,897.0155509365961,0.0,0.0,0.0,0.0,1158.2527469616848,0.0,0.0,0.0,2115.790207598276
2019-05-18,0.60306,786.4090740791767,0.0,0.0,0.0,0.0,0.0,0.0,0.0,0.0,0.0,747.0445074626194,0.0,0.0,0.0,0.0,927.7582667866352,0.0,0.0,0.0,2112.0163204868177
2019-05-25,0.56688,0.0,0.0,0.0,0.0,0.0,0.0,0.0,0.0,0.0,0.0,0.0,0.0,0.0,0.0,0.0,1206.0097968562136,0.0,0.0,0.0,1742.3080661557055
2019-06-01,0.522061,0.0,0.0,0.0,0.0,0.0,0.0,0.0,0.0,0.0,0.0,649.0313287677136,0.0,0.0,0.0,0.0,663.3563383022764,0.0,0.0,0.0,1605.7590043377843
2019-06-08,0.314347,0.0,0.0,538.644208863225,0.0,0.0,0.0,0.0,0.0,0.0,0.0,0.0,0.0,0.0,0.0,0.0,1425.891360987776,0.0,0.0,0.0,1882.9693601212343
2019-06-15,0.487329,0.0,0.0,0.0,0.0,0.0,0.0,0.0,796.0872287145966,0.0,0.0,0.0,0.0,0.0,0.0,523.9486764726314,1205.9660441275469,0.0,0.0,0.0,2025.8247333809272
2019-06-22,0.594091,0.0,0.0,0.0,0.0,0.0,0.0,0.0,0.0,0.0,0.0,943.6892410076626,0.0,0.0,0.0,0.0,1123.5598442192438,0.0,0.0,0.0,903.0920315823364
2019-06-29,0.592718,0.0,0.0,0.0,0.0,541.1723183716703,0.0,0.0,0.0,0.0,0.0,0.0,0.0,0.0,0.0,0.0,0.0,0.0,0.0,0.0,1796.886298352418
2019-07-06,0.493546,0.0,0.0,0.0,0.0,0.0,0.0,0.0,0.0,0.0,0.0,0.0,0.0,0.0,0.0,0.0,1096.376067377976,0.0,0.0,0.0,1441.8318275079105
2019-07-13,0.259488,0.0,0.0,0.0,0.0,0.0,0.0,0.0,0.0,0.0,0.0,0.0,0.0,0.0,0.0,0.0,1320.1057323219295,0.0,0.0,0.0,1294.908924610339
2019-07-20,0.44359,0.0,0.0,0.0,0.0,0.0,0.0,0.0,0.0,0.0,0.0,0.0,0.0,0.0,0.0,0.0,1254.844746153431,0.0,0.0,0.0,1785.620503598014
2019-07-27,0.181269,0.0,0.0,0.0,0.0,0.0,0.0,0.0,0.0,0.0,0.0,0.0,0.0,0.0,0.0,0.0,1123.4696775169475,0.0,0.0,0.0,1450.886638771351
2019-08-03,0.319149,0.0,0.0,0.0,0.0,774.7154868218514,893.6890574514279,0.0,0.0,0.0,0.0,517.0720551466554,0.0,0.0,0.0,0.0,1229.939597068702,0.0,0.0,0.0,1575.1457506079485
2019-08-10,0.366249,0.0,0.0,0.0,0.0,0.0,0.0,0.0,0.0,0.0,0.0,0.0,0.0,0.0,0.0,0.0,973.2021012870356,0.0,0.0,0.0,1928.574904992622
2019-08-17,0.414174,0.0,0.0,0.0,0.0,0.0,0.0,0.0,0.0,0.0,0.0,0.0,0.0,0.0,0.0,0.0,1027.2009616353216,0.0,0.0,781.999157135621,1380.559205816489
2019-08-24,0.159185,486.3763499762579,0.0,0.0,0.0,0.0,0.0,0.0,0.0,0.0,0.0,0.0,0.0,0.0,0.0,0.0,925.4616142803952,0.0,0.0,0.0,2214.317549485943
2019-08-31,0.156986,0.0,0.0,0.0,0.0,0.0,0.0,0.0,0.0,0.0,0.0,0.0,0.0,0.0,0.0,487.5107447941518,1801.10445739623,0.0,0.0,0.0,2278.715156170269
2019-09-07,0.381485,466.8842425671814,502.8507585792168,0.0,0.0,0.0,0.0,763.4329148600219,0.0,0.0,0.0,533.2260930521966,0.0,0.0,0.0,0.0,1844.5642638249697,0.0,0.0,0.0,2181.788260237516
2019-09-14,0.48287,793.5516079190087,0.0,0.0,0.0,0.0,0.0,0.0,0.0,0.0,0.0,491.35263266702185,0.0,0.0,0.0,662.8720692536984,1089.0247815038067,0.0,0.0,0.0,2561.949715553901
2019-09-21,0.302389,763.4476657904496,0.0,673.5109940595149,0.0,0.0,0.0,0.0,0.0,0.0,0.0,648.5586888025974,0.0,0.0,0.0,0.0,1444.2578304977592,0.0,0.0,0.0,2426.3522656198297
2019-09-28,0.370175,751.7601044883485,612.6947098518269,0.0,0.0,0.0,0.0,0.0,0.0,0.0,0.0,975.5083369760767,0.0,0.0,0.0,0.0,1910.0760149167247,0.0,0.0,0.0,1752.138608811291
2019-10-05,0.854292,733.4896421619651,0.0,736.8830339650409,0.0,0.0,0.0,1072.8390399993748,0.0,0.0,0.0,981.2576072281475,0.0,0.0,0.0,0.0,1846.0521814809767,0.0,0.0,0.0,1744.1576224330402
2019-10-12,0.986125,983.8044628977532,588.4376897551485,938.6125417831774,0.0,0.0,0.0,0.0,0.0,0.0,0.0,1117.3758055754954,0.0,0.0,0.0,0.0,1766.0713285359984,0.0,0.0,0.0,1161.9121789195867
2019-10-19,0.980278,1088.2850790970351,649.6520503466492,1348.709962801152,489.54717362417193,0.0,0.0,0.0,0.0,0.0,0.0,1015.9344073548664,0.0,0.0,0.0,0.0,1900.5507462042608,0.0,0.0,0.0,2574.108840837671
2019-10-26,1.24357,1248.7042140588435,0.0,477.058073149921,0.0,0.0,0.0,0.0,735.6474693042412,0.0,0.0,905.1285797712438,0.0,0.0,0.0,0.0,2068.54986871542,0.0,0.0,0.0,1857.406354990606
2019-11-02,1.22906,1167.061289337668,822.4179736846173,630.364098581201,0.0,0.0,0.0,0.0,0.0,0.0,0.0,985.9568260378718,0.0,480.90804685500143,563.8980922781462,0.0,2055.398602272346,0.0,0.0,0.0,1928.765301642884
2019-11-09,1.41958,1019.6769420930586,498.9565959005221,844.4985440429797,0.0,0.0,434.9077181440399,0.0,702.4823312580932,0.0,0.0,923.9552025533876,0.0,0.0,0.0,454.7989381102924,2095.6658709441417,0.0,0.0,459.2829018460816,2541.970154868471
2019-11-16,1.3422,1251.6530869576711,1035.98494916768,432.700928349997,0.0,0.0,0.0,0.0,863.5102063481662,0.0,0.0,1063.1257151720115,0.0,0.0,0.0,0.0,2167.282991839526,0.0,0.0,0.0,1792.949876839064
2019-11-23,1.24365,490.5713266954679,703.570068520724,1018.5246102897748,0.0,0.0,0.0,0.0,0.0,0.0,0.0,765.4241760661014,0.0,0.0,0.0,0.0,2080.945165904868,0.0,0.0,0.0,2264.001555053658
2019-11-30,1.21075,508.894189467312,655.5441261296211,746.479331188759,0.0,0.0,0.0,0.0,957.4322489670672,0.0,0.0,1326.188587100829,0.0,0.0,0.0,0.0,1296.240441533247,0.0,0.0,0.0,2244.527967739686
2019-12-07,1.25597,676.2948674192694,659.8085927084102,1354.358675965199,0.0,0.0,0.0,0.0,1047.0635189187092,0.0,0.0,1241.0995507667665,0.0,0.0,0.0,711.6771579022785,1399.2462411478562,0.0,0.0,0.0,2451.0581149578675
2019-12-14,1.18156,1170.5998988565716,778.4312567494784,474.4718975703049,544.4215482695776,0.0,0.0,0.0,1319.0199519850582,0.0,0.0,1464.1689980822189,0.0,0.0,0.0,734.9661847735504,1847.3835018868729,0.0,0.0,0.0,2571.839808853644
2019-12-21,2.71626,1719.5817921379448,1828.7158601785009,1100.9176182043375,880.8275905877297,0.0,0.0,0.0,1318.947257762758,0.0,0.0,1294.7775207105044,0.0,663.1521840852339,0.0,473.7571030368196,2201.86814032466,600.5545026907871,600.5545026907871,0.0,2504.466969110014
2019-12-28,4.87242,2053.721368752379,1744.27718462475,1234.0832072416763,613.0459428514065,546.9080566646285,0.0,0.0,2460.865839069452,0.0,0.0,1303.0321169471426,0.0,504.6092856875795,0.0,0.0,2717.6570033957964,0.0,0.0,0.0,2986.072031889702
2020-01-04,4.07286,4044.418986714992,2156.262116744409,1304.0653244268574,964.1367158175926,798.0919624750792,0.0,1026.906170130654,2526.5334142710526,0.0,0.0,1000.9390518078512,0.0,704.9339272099147,0.0,919.5033050649736,3052.389786685354,0.0,0.0,0.0,3394.878718983298
2020-01-11,3.33275,3105.0669079597656,1616.472894898514,1191.3867043125638,912.264840245082,420.8844021595404,554.59200644931,573.8835823932596,2907.7935618924234,0.0,0.0,1244.7435406956022,0.0,0.0,0.0,804.6601468708446,2181.0797556688726,0.0,0.0,0.0,2236.4248198979917
2020-01-18,3.97921,2964.162059484595,1964.076737322136,1710.3863222085647,419.3506540285003,416.7857950345077,0.0,763.4139678003621,1895.0265343493704,0.0,489.4932361244688,816.4092242720981,489.4932361244688,680.8604619712852,0.0,829.9246879893642,2252.756634818552,570.2589140108408,570.2589140108408,522.7223084601075,1860.2107100680792
2020-01-25,5.53995,4709.804685550832,2864.690057054218,2378.631909130032,717.3578502282488,857.3841299113673,713.2856900006328,1030.7503264907668,1899.7270408139675,0.0,0.0,615.6370762477476,0.0,521.3133580310185,0.0,0.0,2054.5241071049536,529.0526453681606,529.0526453681605,0.0,2375.746338440856
2020-02-01,8.15362,6719.34437201703,3528.5601185058026,4026.6877435836896,1056.8925093831476,1359.0600610974182,1060.8946359102813,1535.6014362561602,1640.5820510104695,530.9741784862081,598.933099963844,922.7884243878513,598.9330999638439,995.3501492048316,704.496591312921,1090.8379296605076,2075.7654871278755,1254.853648934694,1254.853648934694,0.0,2818.2886682766725
2020-02-08,8.20925,6466.456417214974,3796.766891908465,3525.7858080800083,1959.0939265316229,1264.9693528941907,0.0,1845.887684012632,1183.7086184669097,986.815356800413,616.3012146794792,1340.1474483473592,616.3012146794794,915.6920002495588,937.9732956764047,687.8789156777443,2678.990294737534,1130.5155837833015,1130.5155837833015,609.3459958273761,2463.9111286029924
2020-02-15,6.11674,6293.828937406742,4105.6933348828,3226.720567113495,1301.808596604976,779.1693389439376,887.6138910085203,1297.158753823352,993.976834745791,720.4916083686173,504.8518039697804,1193.386130859918,504.8518039697803,622.122155375048,511.8019532523125,400.9118780204432,2315.4135196236152,826.9889751174388,826.9889751174388,0.0,2343.4784032420544
2020-02-22,5.07737,4080.352844137072,2581.902433291388,2690.011765217474,1502.4939383246128,810.3283470619465,714.9204754172275,1570.8480085508927,1254.4806048035653,800.173058039812,948.0238492821336,1448.4900556743942,948.0238492821336,593.2550526795488,655.796465630064,0.0,2255.0387266912703,728.7620079042198,728.7620079042198,0.0,3870.7911030230334
2020-02-29,5.50628,5132.545652676746,2524.040269642637,2931.0480430890298,1365.3475199798336,0.0,452.1032142162586,1404.5492698682149,768.6788875446099,0.0,0.0,951.7642275699578,0.0,593.3241297052168,0.0,0.0,2822.105522853671,0.0,0.0,404.92948318157073,2461.2174280913805
2020-03-07,5.80928,6480.854836031675,3475.346822305374,3640.814718246205,1160.3213831770595,1273.8868217765676,956.2358139085816,1169.1005872932135,0.0,770.433702849264,0.0,1452.044741175014,0.0,477.2722320494993,743.3462446889157,451.4587627120781,2648.378537084162,567.3783406669316,567.3783406669316,0.0,3035.4587565092
2020-03-14,4.69691,12031.907151462085,3393.330887255117,3456.233656893103,1952.1830865087647,1335.4748293519804,768.7880149234388,2081.920638134951,1308.66326340134,1106.1486010630224,647.422001968027,1863.496808049832,647.422001968027,1071.7044293482325,1236.290659773023,427.8992714806874,3413.020188149692,458.410743964518,458.410743964518,475.8855201580491,2685.576770116439
2020-03-21,4.15271,8982.694790405021,2662.7363192011994,3471.464260069912,1212.156045139856,1125.4568423443927,769.3502477965895,1506.481125400172,607.3896331806249,621.7333135773617,0.0,988.4279425104784,0.0,607.3181384792696,481.07943972687536,602.2134211212776,3280.2401657461,529.6974480316874,529.6974480316874,0.0,2431.9429459197927
2020-03-28,2.91949,6072.995951928637,1533.213741842627,1655.3662442172738,1126.280661884309,580.8250900538922,0.0,624.2209117348514,0.0,0.0,429.5199312503675,943.4994296710956,429.5199312503675,0.0,0.0,0.0,2864.4675217483045,0.0,0.0,0.0,3119.4033376984144
2020-04-04,2.16261,4720.5681382108405,629.0919174404346,825.0468597599943,0.0,0.0,0.0,463.3637065699173,465.39612289285697,0.0,0.0,640.1393548477309,0.0,0.0,0.0,392.5549053046409,1868.077177423664,0.0,0.0,0.0,1709.5222382034017
2020-04-11,0.669116,3931.977708520537,387.4747752693629,851.9989707468185,540.1756512148264,0.0,0.0,0.0,0.0,0.0,0.0,855.809303937913,0.0,0.0,0.0,0.0,1980.2759903311287,0.0,0.0,0.0,1686.9350014713923
2020-04-18,0.394893,3286.952101842935,0.0,904.2525448196214,0.0,0.0,0.0,0.0,0.0,0.0,342.5648012152595,387.8137327060037,342.5648012152595,0.0,0.0,0.0,1076.1699275205483,0.0,0.0,0.0,1246.1117607765625
2020-04-25,0.512882,2644.8883930186885,418.5617775396445,462.6998968704047,0.0,0.0,0.0,0.0,0.0,0.0,0.0,0.0,0.0,0.0,0.0,0.0,922.77294053818,0.0,0.0,0.0,1984.3106093449912
2020-05-02,0.555818,2881.380340994778,0.0,675.6324328755628,0.0,0.0,0.0,0.0,0.0,0.0,0.0,0.0,0.0,0.0,0.0,0.0,1390.110193401099,0.0,0.0,0.0,1477.010393323147
2020-05-09,0.463619,1709.6995044442535,0.0,0.0,0.0,0.0,0.0,0.0,0.0,398.6560540642927,0.0,0.0,0.0,0.0,0.0,0.0,853.0901186985931,0.0,0.0,0.0,1468.1043798183653
2020-05-16,0.976563,1750.776991580691,0.0,454.66122503088826,0.0,395.0720102835772,0.0,0.0,0.0,0.0,0.0,0.0,0.0,0.0,0.0,0.0,692.1446458493433,0.0,0.0,0.0,1465.436222360736
2020-05-23,0.49867,1430.1050750889212,0.0,665.3779600640205,0.0,0.0,0.0,0.0,0.0,0.0,0.0,0.0,0.0,0.0,0.0,0.0,578.5969364023657,0.0,0.0,0.0,1373.4690995126507
2020-05-30,0.753197,1695.6657628402177,386.35988736410553,504.4939261330954,0.0,0.0,0.0,0.0,0.0,0.0,0.0,0.0,0.0,0.0,0.0,0.0,652.029255119463,0.0,0.0,0.0,773.348365903357
2020-06-06,0.438296,420.9145673810481,0.0,0.0,0.0,0.0,0.0,0.0,0.0,0.0,0.0,0.0,0.0,0.0,0.0,0.0,898.9726797978321,0.0,0.0,0.0,1076.8391605182817
2020-06-13,0.577558,837.9035964800229,577.6968207135495,0.0,0.0,0.0,0.0,0.0,0.0,0.0,0.0,0.0,0.0,0.0,0.0,0.0,413.9048286003903,0.0,0.0,567.0374675548582,1110.5573851576164
2020-06-20,0.637552,492.71784954853536,0.0,479.7164264398008,0.0,0.0,0.0,0.0,0.0,864.6924975330656,0.0,0.0,0.0,0.0,0.0,0.0,403.4294302164534,0.0,0.0,0.0,1083.3568418922223
2020-06-27,0.748789,1111.3872758023829,0.0,788.4005709412324,0.0,0.0,0.0,0.0,0.0,0.0,0.0,0.0,0.0,0.0,0.0,0.0,642.0083908452247,0.0,0.0,0.0,1051.7246419901146
