date,Wyoming,the flu,flu symptoms,how long flu,flu how long,symptoms of flu,influenza a,bronchitis,the flu symptoms,contagious flu,a influenza,rsv,flu cold,flu contagious,stomach flu,flu a,pneumonia,flu fever,fever flu,how long does flu last,sinus
2010-10-09,0.632911,0.0,0.0,0.0,0.0,0.0,0.0,0.0,0.0,0.0,0.0,0.0,0.0,0.0,0.0,0.0,0.0,0.0,0.0,0.0,0.0
2010-10-16,0.440621,0.0,0.0,0.0,0.0,0.0,0.0,0.0,0.0,0.0,0.0,0.0,0.0,0.0,0.0,0.0,0.0,0.0,0.0,0.0,0.0
2010-10-23,0.441798,0.0,0.0,0.0,0.0,0.0,0.0,0.0,0.0,0.0,0.0,0.0,0.0,0.0,0.0,0.0,0.0,0.0,0.0,0.0,0.0
2010-10-30,0.490305,0.0,0.0,4836.632870167554,4836.632870167554,0.0,0.0,0.0,0.0,0.0,0.0,0.0,0.0,0.0,0.0,0.0,0.0,0.0,0.0,0.0,0.0
2010-11-06,0.566636,0.0,0.0,0.0,0.0,0.0,0.0,0.0,0.0,0.0,0.0,0.0,0.0,0.0,0.0,0.0,0.0,0.0,0.0,0.0,0.0
2010-11-13,0.463336,0.0,0.0,0.0,0.0,0.0,0.0,0.0,0.0,0.0,0.0,0.0,0.0,0.0,0.0,0.0,0.0,0.0,0.0,0.0,0.0
2010-11-20,0.744725,0.0,6012.304550901147,0.0,0.0,0.0,0.0,0.0,3717.669246006364,0.0,0.0,0.0,0.0,0.0,0.0,0.0,0.0,0.0,0.0,0.0,0.0
2010-11-27,0.500147,0.0,0.0,0.0,0.0,0.0,0.0,0.0,0.0,0.0,0.0,0.0,0.0,0.0,0.0,0.0,0.0,0.0,0.0,0.0,0.0
2010-12-04,0.593776,0.0,0.0,0.0,0.0,0.0,0.0,0.0,0.0,0.0,0.0,0.0,0.0,0.0,0.0,3650.714850392867,0.0,0.0,0.0,0.0,0.0
2010-12-11,0.418323,3728.527063337253,0.0,0.0,0.0,0.0,0.0,0.0,0.0,0.0,0.0,0.0,0.0,0.0,0.0,0.0,0.0,0.0,0.0,0.0,0.0
2010-12-18,0.311785,0.0,0.0,0.0,0.0,3738.51147292196,0.0,0.0,0.0,0.0,0.0,0.0,0.0,0.0,0.0,0.0,0.0,0.0,0.0,0.0,0.0
2010-12-25,1.63244,0.0,0.0,0.0,0.0,0.0,0.0,0.0,0.0,0.0,0.0,0.0,0.0,0.0,0.0,0.0,0.0,0.0,0.0,5665.022283513119,0.0
2011-01-01,1.46377,0.0,0.0,0.0,0.0,0.0,0.0,0.0,0.0,0.0,0.0,0.0,0.0,0.0,0.0,0.0,0.0,0.0,0.0,0.0,0.0
2011-01-08,0.806285,0.0,0.0,0.0,0.0,0.0,0.0,0.0,0.0,0.0,0.0,0.0,0.0,0.0,0.0,0.0,0.0,0.0,0.0,0.0,0.0
2011-01-15,1.06561,0.0,0.0,0.0,0.0,0.0,0.0,0.0,0.0,0.0,0.0,0.0,0.0,0.0,0.0,0.0,0.0,0.0,0.0,0.0,5564.018484731012
2011-01-22,2.36327,0.0,0.0,4442.477019062553,4442.477019062553,0.0,0.0,0.0,0.0,0.0,0.0,0.0,0.0,0.0,0.0,0.0,0.0,0.0,0.0,0.0,0.0
2011-01-29,2.898,0.0,0.0,0.0,0.0,0.0,0.0,0.0,0.0,0.0,0.0,0.0,0.0,0.0,0.0,0.0,0.0,0.0,0.0,0.0,0.0
2011-02-05,2.92516,0.0,0.0,0.0,0.0,0.0,0.0,0.0,0.0,0.0,0.0,0.0,0.0,0.0,0.0,0.0,0.0,0.0,0.0,0.0,4254.049502947612
2011-02-12,3.37715,0.0,0.0,0.0,0.0,0.0,0.0,0.0,0.0,0.0,0.0,0.0,0.0,0.0,0.0,0.0,0.0,0.0,0.0,0.0,0.0
2011-02-19,2.60146,0.0,0.0,0.0,0.0,0.0,0.0,0.0,0.0,0.0,0.0,0.0,0.0,0.0,0.0,0.0,0.0,0.0,0.0,0.0,0.0
2011-02-26,2.36935,0.0,0.0,0.0,0.0,0.0,0.0,0.0,0.0,0.0,0.0,0.0,0.0,0.0,0.0,0.0,0.0,0.0,0.0,4700.847321430698,0.0
2011-03-05,2.28645,0.0,0.0,0.0,0.0,0.0,0.0,0.0,0.0,0.0,0.0,4680.987517123719,0.0,0.0,0.0,0.0,0.0,0.0,0.0,0.0,0.0
2011-03-12,1.53282,0.0,0.0,0.0,0.0,0.0,0.0,0.0,0.0,0.0,0.0,0.0,0.0,0.0,0.0,0.0,0.0,0.0,0.0,0.0,0.0
2011-03-19,1.10763,0.0,0.0,0.0,0.0,0.0,0.0,0.0,0.0,0.0,0.0,0.0,0.0,0.0,0.0,0.0,0.0,0.0,0.0,0.0,7888.079536323121
2011-03-26,0.770102,5238.606782787667,0.0,0.0,0.0,0.0,0.0,0.0,0.0,0.0,0.0,0.0,0.0,0.0,0.0,0.0,0.0,0.0,0.0,0.0,0.0
2011-04-02,1.11902,0.0,6932.491877541231,0.0,0.0,0.0,0.0,0.0,0.0,0.0,0.0,0.0,0.0,0.0,0.0,0.0,0.0,0.0,0.0,0.0,4012.876029538817
2011-04-09,0.837521,0.0,0.0,0.0,0.0,0.0,0.0,0.0,0.0,0.0,0.0,0.0,0.0,0.0,0.0,0.0,0.0,0.0,0.0,0.0,0.0
2011-04-16,0.515717,0.0,0.0,0.0,0.0,0.0,5391.028515375491,0.0,0.0,0.0,0.0,0.0,0.0,0.0,0.0,0.0,0.0,0.0,0.0,0.0,0.0
2011-04-23,0.575576,0.0,0.0,0.0,0.0,0.0,0.0,0.0,0.0,0.0,0.0,0.0,0.0,0.0,4770.915772868876,0.0,4536.384315069068,0.0,0.0,0.0,0.0
2011-04-30,0.347136,0.0,0.0,0.0,0.0,0.0,0.0,0.0,0.0,0.0,0.0,0.0,0.0,0.0,0.0,0.0,0.0,0.0,0.0,0.0,0.0
2011-05-07,0.252434,0.0,0.0,0.0,0.0,0.0,0.0,0.0,0.0,0.0,0.0,0.0,0.0,0.0,0.0,0.0,0.0,0.0,0.0,0.0,0.0
2011-05-14,0.692308,0.0,0.0,0.0,0.0,0.0,0.0,0.0,0.0,0.0,0.0,0.0,0.0,0.0,0.0,0.0,0.0,0.0,0.0,0.0,0.0
2011-05-21,0.424809,0.0,0.0,0.0,0.0,0.0,0.0,0.0,0.0,0.0,0.0,0.0,0.0,0.0,0.0,0.0,0.0,0.0,0.0,0.0,0.0
2011-05-28,0.166875,0.0,0.0,0.0,0.0,0.0,0.0,0.0,0.0,0.0,0.0,0.0,0.0,0.0,0.0,0.0,0.0,0.0,0.0,0.0,0.0
2011-06-04,0.182232,0.0,0.0,0.0,0.0,0.0,0.0,0.0,0.0,0.0,0.0,0.0,0.0,0.0,0.0,0.0,0.0,0.0,0.0,0.0,0.0
2011-06-11,0.20284,0.0,0.0,0.0,0.0,0.0,0.0,0.0,0.0,0.0,0.0,0.0,0.0,0.0,0.0,0.0,0.0,0.0,0.0,0.0,0.0
2011-06-18,0.326087,0.0,0.0,0.0,0.0,0.0,0.0,0.0,0.0,0.0,0.0,0.0,0.0,0.0,0.0,0.0,0.0,0.0,0.0,0.0,0.0
2011-06-25,0.279799,0.0,0.0,0.0,0.0,0.0,0.0,0.0,0.0,0.0,0.0,0.0,0.0,0.0,0.0,0.0,0.0,0.0,0.0,0.0,0.0
2011-07-02,0.102934,5947.1304813053885,0.0,0.0,0.0,0.0,0.0,0.0,0.0,0.0,0.0,0.0,0.0,0.0,0.0,0.0,0.0,0.0,0.0,0.0,0.0
2011-07-09,0.170455,0.0,0.0,0.0,0.0,0.0,0.0,0.0,0.0,0.0,0.0,0.0,0.0,0.0,0.0,0.0,0.0,0.0,0.0,0.0,0.0
2011-07-16,0.251256,0.0,0.0,0.0,0.0,0.0,0.0,0.0,0.0,0.0,0.0,5479.83266812778,0.0,0.0,0.0,0.0,0.0,0.0,0.0,0.0,0.0
2011-07-23,0.188679,0.0,0.0,0.0,0.0,0.0,0.0,0.0,0.0,0.0,0.0,0.0,0.0,0.0,0.0,0.0,0.0,0.0,0.0,0.0,0.0
2011-07-30,0.121212,0.0,0.0,0.0,0.0,0.0,0.0,0.0,0.0,0.0,0.0,0.0,0.0,0.0,0.0,0.0,0.0,0.0,0.0,0.0,0.0
2011-08-06,0.095057,0.0,0.0,0.0,0.0,0.0,0.0,0.0,0.0,0.0,0.0,0.0,0.0,0.0,0.0,0.0,0.0,0.0,0.0,0.0,0.0
2011-08-13,0.121457,0.0,0.0,0.0,0.0,0.0,0.0,0.0,0.0,0.0,0.0,0.0,0.0,0.0,0.0,0.0,0.0,0.0,0.0,0.0,0.0
2011-08-20,0.230203,0.0,0.0,0.0,0.0,0.0,0.0,0.0,0.0,0.0,0.0,0.0,0.0,0.0,0.0,0.0,0.0,7054.500883268018,7054.500883268018,0.0,0.0
2011-08-27,0.154381,0.0,0.0,0.0,0.0,0.0,0.0,0.0,0.0,0.0,0.0,0.0,0.0,0.0,0.0,0.0,0.0,0.0,0.0,0.0,0.0
2011-09-03,0.263736,0.0,0.0,0.0,0.0,0.0,0.0,0.0,0.0,0.0,0.0,0.0,0.0,0.0,0.0,0.0,3805.848967734533,0.0,0.0,0.0,0.0
2011-09-10,0.420561,0.0,0.0,0.0,0.0,0.0,0.0,0.0,0.0,0.0,0.0,0.0,0.0,0.0,0.0,0.0,0.0,0.0,0.0,4260.177134288632,0.0
2011-09-17,0.386399,0.0,0.0,0.0,0.0,0.0,0.0,0.0,4652.403647393282,0.0,0.0,4809.720617674162,0.0,0.0,0.0,0.0,0.0,0.0,0.0,0.0,0.0
2011-09-24,0.713719,0.0,0.0,0.0,0.0,0.0,0.0,0.0,0.0,0.0,0.0,0.0,0.0,0.0,0.0,0.0,0.0,0.0,0.0,0.0,0.0
2011-10-01,0.439722,0.0,0.0,0.0,0.0,0.0,0.0,0.0,0.0,0.0,0.0,0.0,0.0,0.0,0.0,0.0,0.0,0.0,0.0,0.0,0.0
2011-10-08,0.445765,0.0,0.0,0.0,0.0,5990.825245914356,0.0,0.0,0.0,0.0,0.0,0.0,0.0,0.0,0.0,0.0,0.0,0.0,0.0,0.0,0.0
2011-10-15,0.435066,0.0,0.0,0.0,0.0,0.0,0.0,0.0,0.0,0.0,0.0,0.0,0.0,0.0,0.0,0.0,0.0,0.0,0.0,0.0,0.0
2011-10-22,0.774239,0.0,0.0,0.0,0.0,0.0,0.0,0.0,0.0,0.0,0.0,0.0,0.0,0.0,0.0,0.0,0.0,0.0,0.0,0.0,0.0
2011-10-29,0.767583,0.0,0.0,0.0,0.0,0.0,0.0,0.0,0.0,0.0,0.0,0.0,0.0,0.0,0.0,0.0,0.0,4716.704776046312,4716.704776046312,0.0,0.0
2011-11-05,0.799201,0.0,0.0,0.0,0.0,0.0,0.0,0.0,0.0,0.0,0.0,0.0,0.0,0.0,0.0,0.0,0.0,0.0,0.0,0.0,0.0
2011-11-12,0.715052,0.0,0.0,0.0,0.0,0.0,0.0,0.0,0.0,0.0,0.0,0.0,0.0,0.0,0.0,0.0,0.0,0.0,0.0,0.0,0.0
2011-11-19,0.649906,0.0,0.0,0.0,0.0,0.0,0.0,0.0,0.0,0.0,0.0,0.0,0.0,0.0,0.0,0.0,0.0,0.0,0.0,0.0,0.0
2011-11-26,0.605602,4625.386714872001,0.0,0.0,0.0,0.0,0.0,0.0,0.0,0.0,0.0,0.0,0.0,0.0,0.0,0.0,0.0,0.0,0.0,0.0,0.0
2011-12-03,0.631427,0.0,0.0,0.0,0.0,0.0,0.0,0.0,0.0,0.0,0.0,0.0,0.0,0.0,0.0,0.0,0.0,0.0,0.0,0.0,5677.896634973894
2011-12-10,0.544806,0.0,0.0,0.0,0.0,0.0,0.0,0.0,0.0,0.0,0.0,0.0,0.0,0.0,0.0,0.0,0.0,0.0,0.0,0.0,0.0
2011-12-17,0.415958,4646.47352527568,0.0,0.0,0.0,0.0,0.0,0.0,0.0,0.0,0.0,0.0,0.0,0.0,0.0,0.0,0.0,0.0,0.0,0.0,0.0
2011-12-24,0.449006,0.0,0.0,0.0,0.0,0.0,0.0,0.0,0.0,0.0,0.0,0.0,0.0,0.0,0.0,0.0,0.0,0.0,0.0,0.0,0.0
2011-12-31,0.558909,0.0,0.0,0.0,0.0,0.0,0.0,0.0,5905.086764948876,0.0,0.0,0.0,0.0,0.0,0.0,0.0,0.0,0.0,0.0,0.0,0.0
2012-01-07,0.723787,0.0,0.0,0.0,0.0,0.0,0.0,0.0,0.0,0.0,0.0,0.0,0.0,0.0,0.0,0.0,0.0,0.0,0.0,0.0,0.0
2012-01-14,0.582169,0.0,0.0,0.0,0.0,0.0,0.0,0.0,0.0,0.0,3458.988032982692,0.0,0.0,0.0,0.0,0.0,0.0,0.0,0.0,0.0,0.0
2012-01-21,0.763775,0.0,0.0,0.0,0.0,0.0,0.0,0.0,0.0,0.0,0.0,0.0,0.0,0.0,0.0,0.0,0.0,0.0,0.0,0.0,0.0
2012-01-28,0.814224,0.0,0.0,0.0,0.0,0.0,0.0,0.0,0.0,0.0,0.0,0.0,0.0,0.0,0.0,0.0,0.0,0.0,0.0,0.0,0.0
2012-02-04,1.16279,0.0,0.0,0.0,0.0,0.0,0.0,0.0,0.0,3177.7161596721617,0.0,0.0,0.0,3177.7161596721617,0.0,0.0,0.0,0.0,0.0,0.0,0.0
2012-02-11,0.836343,0.0,0.0,0.0,0.0,0.0,0.0,0.0,0.0,0.0,0.0,0.0,0.0,0.0,0.0,0.0,0.0,0.0,0.0,0.0,4541.567096113438
2012-02-18,1.08675,0.0,0.0,0.0,0.0,0.0,0.0,0.0,0.0,0.0,0.0,0.0,0.0,0.0,0.0,0.0,0.0,0.0,0.0,0.0,0.0
2012-02-25,1.44808,0.0,0.0,0.0,0.0,0.0,0.0,0.0,0.0,0.0,0.0,0.0,0.0,0.0,0.0,0.0,0.0,0.0,0.0,0.0,5107.733647770064
2012-03-03,1.66914,0.0,0.0,0.0,0.0,0.0,0.0,0.0,0.0,0.0,0.0,3739.4462609239326,3261.647136393856,0.0,0.0,0.0,0.0,0.0,0.0,0.0,3346.936750096336
2012-03-10,1.57437,0.0,0.0,0.0,0.0,0.0,0.0,0.0,0.0,0.0,0.0,0.0,0.0,0.0,0.0,0.0,0.0,0.0,0.0,0.0,0.0
2012-03-17,1.85497,0.0,0.0,0.0,0.0,0.0,0.0,0.0,0.0,0.0,0.0,0.0,0.0,0.0,0.0,0.0,0.0,0.0,0.0,0.0,0.0
2012-03-24,1.02019,0.0,5978.920955950272,0.0,0.0,0.0,0.0,0.0,0.0,0.0,0.0,0.0,0.0,0.0,0.0,0.0,0.0,0.0,0.0,0.0,0.0
2012-03-31,1.79785,0.0,0.0,0.0,0.0,0.0,0.0,0.0,0.0,0.0,0.0,0.0,0.0,0.0,0.0,0.0,0.0,0.0,0.0,0.0,3336.0839118595736
2012-04-07,1.57119,0.0,0.0,0.0,0.0,0.0,0.0,0.0,0.0,0.0,0.0,0.0,0.0,0.0,0.0,0.0,4173.530327564373,0.0,0.0,0.0,0.0
2012-04-14,0.875532,0.0,0.0,0.0,0.0,0.0,0.0,0.0,0.0,0.0,0.0,0.0,0.0,0.0,0.0,0.0,0.0,0.0,0.0,0.0,0.0
2012-04-21,0.723367,0.0,0.0,0.0,0.0,0.0,3597.224255841604,0.0,0.0,0.0,0.0,0.0,0.0,0.0,0.0,0.0,0.0,0.0,0.0,0.0,0.0
2012-04-28,1.05873,0.0,0.0,0.0,0.0,0.0,0.0,0.0,0.0,0.0,0.0,0.0,0.0,0.0,0.0,0.0,0.0,0.0,0.0,0.0,0.0
2012-05-05,0.532589,0.0,0.0,0.0,0.0,0.0,0.0,0.0,4642.467871354435,0.0,0.0,0.0,0.0,0.0,0.0,0.0,0.0,0.0,0.0,0.0,3439.303232257468
2012-05-12,0.36544,0.0,0.0,0.0,0.0,0.0,0.0,0.0,0.0,0.0,0.0,0.0,0.0,0.0,0.0,0.0,0.0,0.0,0.0,0.0,0.0
2012-05-19,0.27049,0.0,0.0,0.0,0.0,0.0,0.0,0.0,0.0,0.0,0.0,0.0,0.0,0.0,0.0,0.0,0.0,0.0,0.0,0.0,0.0
2012-05-26,0.431282,0.0,3997.450520816609,0.0,0.0,0.0,0.0,0.0,0.0,0.0,0.0,0.0,0.0,0.0,0.0,0.0,0.0,0.0,0.0,0.0,0.0
2012-06-02,0.37843,0.0,0.0,0.0,0.0,0.0,0.0,0.0,0.0,0.0,0.0,0.0,0.0,0.0,0.0,0.0,0.0,0.0,0.0,0.0,0.0
2012-06-09,0.404531,0.0,0.0,0.0,0.0,0.0,0.0,0.0,0.0,0.0,0.0,0.0,0.0,0.0,0.0,0.0,0.0,0.0,0.0,0.0,0.0
2012-06-16,0.112771,0.0,0.0,0.0,0.0,0.0,0.0,0.0,0.0,0.0,0.0,0.0,0.0,0.0,0.0,0.0,4453.205897646226,0.0,0.0,0.0,0.0
2012-06-23,0.128733,0.0,0.0,0.0,0.0,0.0,0.0,0.0,0.0,0.0,0.0,0.0,0.0,0.0,0.0,0.0,0.0,0.0,0.0,0.0,0.0
2012-06-30,0.0869313,0.0,0.0,0.0,0.0,0.0,0.0,0.0,0.0,0.0,0.0,0.0,0.0,0.0,0.0,0.0,0.0,0.0,0.0,0.0,0.0
2012-07-07,0.15873,0.0,0.0,0.0,0.0,0.0,0.0,0.0,0.0,3567.1962753868197,0.0,0.0,0.0,3567.19627538682,0.0,0.0,0.0,0.0,0.0,0.0,0.0
2012-07-14,0.0282087,0.0,0.0,0.0,0.0,0.0,0.0,0.0,0.0,0.0,0.0,0.0,0.0,0.0,0.0,0.0,0.0,0.0,0.0,0.0,0.0
2012-07-21,0.0365631,0.0,0.0,0.0,0.0,0.0,0.0,0.0,0.0,0.0,0.0,0.0,0.0,0.0,0.0,0.0,4024.006762857373,0.0,0.0,0.0,0.0
2012-07-28,0.0722022,0.0,0.0,0.0,0.0,0.0,0.0,0.0,0.0,0.0,0.0,0.0,0.0,0.0,0.0,0.0,0.0,0.0,0.0,0.0,0.0
2012-08-04,0.034002,0.0,0.0,6435.706378950011,6435.706378950012,0.0,0.0,0.0,0.0,0.0,0.0,0.0,0.0,0.0,0.0,0.0,0.0,0.0,0.0,0.0,0.0
2012-08-11,0.165837,0.0,0.0,0.0,0.0,0.0,0.0,0.0,0.0,0.0,4118.776531037895,0.0,0.0,0.0,0.0,0.0,0.0,6038.441226179614,6038.441226179614,4650.0620588239,0.0
2012-08-18,0.0962464,0.0,0.0,0.0,0.0,0.0,5854.475126149341,0.0,0.0,0.0,0.0,0.0,0.0,0.0,0.0,0.0,0.0,0.0,0.0,0.0,0.0
2012-08-25,0.0648298,0.0,0.0,0.0,0.0,0.0,0.0,0.0,0.0,0.0,0.0,5249.947842557952,0.0,0.0,0.0,0.0,0.0,0.0,0.0,0.0,0.0
2012-09-01,0.131363,0.0,0.0,0.0,0.0,0.0,0.0,0.0,0.0,0.0,0.0,0.0,0.0,0.0,0.0,0.0,0.0,0.0,0.0,0.0,4376.578164924092
2012-09-08,0.346021,5479.329029354852,0.0,0.0,0.0,0.0,0.0,0.0,0.0,0.0,0.0,0.0,0.0,0.0,0.0,0.0,0.0,0.0,0.0,0.0,0.0
2012-09-15,0.208478,0.0,0.0,0.0,0.0,0.0,0.0,0.0,0.0,0.0,0.0,0.0,0.0,0.0,0.0,0.0,0.0,0.0,0.0,0.0,0.0
2012-09-22,0.206469,0.0,0.0,0.0,0.0,0.0,0.0,0.0,0.0,0.0,0.0,0.0,0.0,0.0,0.0,0.0,0.0,0.0,0.0,0.0,4715.99274719563
2012-09-29,0.328827,0.0,0.0,0.0,0.0,0.0,0.0,0.0,0.0,0.0,0.0,0.0,0.0,0.0,0.0,0.0,3886.7428713674776,0.0,0.0,0.0,0.0
2012-10-06,0.561915,0.0,0.0,0.0,0.0,0.0,0.0,0.0,0.0,0.0,0.0,0.0,0.0,0.0,0.0,0.0,0.0,0.0,0.0,0.0,0.0
2012-10-13,0.800493,0.0,0.0,0.0,0.0,0.0,0.0,0.0,0.0,0.0,0.0,4627.612041656521,3151.4761041668544,0.0,0.0,0.0,0.0,0.0,0.0,0.0,0.0
2012-10-20,0.701344,0.0,0.0,0.0,0.0,0.0,0.0,0.0,0.0,0.0,0.0,0.0,0.0,0.0,0.0,0.0,0.0,0.0,0.0,0.0,0.0
2012-10-27,0.691338,0.0,0.0,0.0,0.0,0.0,0.0,0.0,0.0,0.0,0.0,0.0,0.0,0.0,0.0,0.0,0.0,0.0,0.0,0.0,0.0
2012-11-03,0.771417,0.0,0.0,0.0,0.0,0.0,0.0,0.0,0.0,0.0,0.0,0.0,0.0,0.0,0.0,0.0,0.0,0.0,0.0,0.0,0.0
2012-11-10,0.623747,0.0,0.0,0.0,0.0,0.0,0.0,0.0,0.0,0.0,0.0,0.0,0.0,0.0,0.0,0.0,0.0,0.0,0.0,0.0,3337.1066747931463
2012-11-17,0.409748,0.0,0.0,0.0,0.0,0.0,0.0,0.0,0.0,0.0,0.0,0.0,0.0,0.0,0.0,0.0,0.0,0.0,0.0,0.0,0.0
2012-11-24,0.895615,0.0,0.0,0.0,0.0,0.0,0.0,0.0,0.0,3462.475281544953,0.0,0.0,3429.577608215832,3462.4752815449524,0.0,4281.777294872333,0.0,0.0,0.0,0.0,0.0
2012-12-01,1.37893,0.0,0.0,0.0,0.0,0.0,0.0,0.0,0.0,0.0,0.0,0.0,0.0,0.0,0.0,0.0,0.0,0.0,0.0,0.0,0.0
2012-12-08,2.72908,0.0,0.0,0.0,0.0,0.0,2786.093964291342,0.0,0.0,0.0,0.0,2684.015797077096,0.0,0.0,0.0,0.0,0.0,0.0,0.0,0.0,0.0
2012-12-15,2.98924,0.0,0.0,0.0,0.0,0.0,0.0,0.0,0.0,0.0,0.0,0.0,0.0,0.0,0.0,0.0,0.0,0.0,0.0,0.0,0.0
2012-12-22,6.54849,0.0,0.0,0.0,0.0,0.0,0.0,0.0,0.0,0.0,0.0,0.0,0.0,0.0,0.0,0.0,3537.007452302208,0.0,0.0,0.0,3105.3435031937465
2012-12-29,7.16007,0.0,0.0,0.0,0.0,0.0,0.0,0.0,0.0,0.0,0.0,0.0,0.0,0.0,0.0,0.0,0.0,0.0,0.0,0.0,0.0
2013-01-05,4.55894,0.0,0.0,0.0,0.0,0.0,0.0,0.0,0.0,0.0,0.0,0.0,0.0,0.0,0.0,0.0,0.0,0.0,0.0,0.0,0.0
2013-01-12,7.20103,0.0,3204.389913557591,0.0,0.0,0.0,0.0,0.0,0.0,0.0,0.0,0.0,0.0,0.0,0.0,0.0,0.0,0.0,0.0,0.0,4325.520508346076
2013-01-19,4.97664,0.0,0.0,0.0,0.0,0.0,0.0,0.0,0.0,0.0,0.0,0.0,0.0,0.0,0.0,0.0,0.0,0.0,0.0,0.0,0.0
2013-01-26,5.56492,0.0,0.0,0.0,0.0,0.0,0.0,0.0,0.0,0.0,0.0,0.0,0.0,0.0,0.0,0.0,2743.26784653042,0.0,0.0,0.0,0.0
2013-02-02,3.85627,0.0,0.0,0.0,0.0,0.0,0.0,0.0,0.0,0.0,0.0,0.0,0.0,0.0,0.0,0.0,0.0,0.0,0.0,0.0,0.0
2013-02-09,2.94999,0.0,0.0,0.0,0.0,0.0,0.0,0.0,0.0,0.0,0.0,0.0,4256.722106014415,0.0,0.0,0.0,0.0,0.0,0.0,0.0,0.0
2013-02-16,2.87059,0.0,0.0,0.0,0.0,2861.730333747732,0.0,0.0,0.0,0.0,0.0,3171.91981099936,0.0,0.0,0.0,0.0,0.0,0.0,0.0,0.0,0.0
2013-02-23,2.2997,0.0,0.0,0.0,0.0,0.0,0.0,0.0,0.0,0.0,0.0,0.0,0.0,0.0,0.0,0.0,0.0,0.0,0.0,0.0,2702.8889768887343
2013-03-02,1.37017,0.0,0.0,0.0,0.0,0.0,0.0,0.0,0.0,0.0,0.0,0.0,0.0,0.0,0.0,0.0,0.0,0.0,0.0,0.0,0.0
2013-03-09,0.972898,0.0,0.0,0.0,0.0,0.0,0.0,2692.2947704952885,0.0,4956.546804332363,0.0,0.0,0.0,4956.546804332363,0.0,0.0,0.0,0.0,0.0,0.0,0.0
2013-03-16,0.677887,0.0,0.0,0.0,0.0,0.0,0.0,0.0,0.0,0.0,0.0,0.0,0.0,0.0,0.0,0.0,0.0,0.0,0.0,0.0,0.0
2013-03-23,0.719068,0.0,0.0,0.0,0.0,0.0,0.0,0.0,0.0,0.0,0.0,0.0,0.0,0.0,3707.6531455368217,0.0,0.0,0.0,0.0,0.0,0.0
2013-03-30,0.444664,0.0,0.0,0.0,0.0,0.0,0.0,0.0,0.0,0.0,0.0,0.0,0.0,0.0,0.0,0.0,0.0,0.0,0.0,0.0,0.0
2013-04-06,0.467654,0.0,0.0,0.0,0.0,0.0,0.0,0.0,0.0,0.0,0.0,0.0,0.0,0.0,0.0,0.0,0.0,0.0,0.0,0.0,0.0
2013-04-13,0.430571,0.0,0.0,0.0,0.0,0.0,0.0,0.0,0.0,0.0,0.0,0.0,0.0,0.0,0.0,0.0,0.0,0.0,0.0,0.0,0.0
2013-04-20,0.270736,0.0,0.0,0.0,0.0,0.0,0.0,0.0,0.0,0.0,0.0,0.0,0.0,0.0,0.0,0.0,0.0,0.0,0.0,0.0,0.0
2013-04-27,0.0568182,0.0,0.0,0.0,0.0,0.0,0.0,0.0,0.0,0.0,0.0,0.0,0.0,0.0,0.0,0.0,2627.7138736516667,0.0,0.0,0.0,0.0
2013-05-04,0.156904,0.0,0.0,0.0,0.0,0.0,0.0,0.0,0.0,0.0,0.0,0.0,0.0,0.0,0.0,0.0,0.0,0.0,0.0,0.0,0.0
2013-05-11,0.217037,0.0,0.0,0.0,0.0,0.0,0.0,3384.3594061146364,5015.939822508547,0.0,0.0,0.0,0.0,0.0,0.0,0.0,0.0,0.0,0.0,0.0,0.0
2013-05-18,0.0289184,0.0,0.0,0.0,0.0,0.0,0.0,0.0,0.0,0.0,0.0,0.0,0.0,0.0,0.0,0.0,0.0,0.0,0.0,0.0,0.0
2013-05-25,0.0659631,0.0,0.0,0.0,0.0,0.0,0.0,0.0,0.0,0.0,0.0,0.0,0.0,0.0,0.0,0.0,0.0,0.0,0.0,0.0,0.0
2013-06-01,0.281492,0.0,0.0,0.0,0.0,0.0,0.0,0.0,0.0,0.0,0.0,0.0,0.0,0.0,0.0,0.0,0.0,0.0,0.0,0.0,0.0
2013-06-08,0.0,0.0,0.0,0.0,0.0,0.0,0.0,0.0,0.0,0.0,0.0,0.0,0.0,0.0,0.0,0.0,0.0,0.0,0.0,0.0,0.0
2013-06-15,0.088968,0.0,0.0,0.0,0.0,0.0,0.0,0.0,0.0,0.0,0.0,0.0,0.0,0.0,0.0,0.0,0.0,0.0,0.0,0.0,0.0
2013-06-22,0.0319183,0.0,0.0,0.0,0.0,0.0,0.0,0.0,0.0,0.0,0.0,0.0,0.0,0.0,0.0,0.0,0.0,0.0,0.0,0.0,0.0
2013-06-29,0.0317965,0.0,0.0,0.0,0.0,0.0,0.0,0.0,0.0,0.0,0.0,0.0,0.0,0.0,0.0,0.0,0.0,0.0,0.0,0.0,0.0
2013-07-06,0.0381825,0.0,0.0,0.0,0.0,0.0,0.0,0.0,0.0,0.0,0.0,0.0,0.0,0.0,0.0,0.0,0.0,0.0,0.0,0.0,0.0
2013-07-13,0.0,0.0,0.0,0.0,0.0,0.0,0.0,2957.338502028696,0.0,0.0,0.0,0.0,0.0,0.0,4120.070906700594,0.0,4710.431625261021,0.0,0.0,0.0,0.0
2013-07-20,0.0839631,0.0,0.0,0.0,0.0,0.0,0.0,0.0,0.0,0.0,0.0,0.0,0.0,0.0,0.0,0.0,0.0,0.0,0.0,0.0,0.0
2013-07-27,0.0,0.0,0.0,0.0,0.0,0.0,3593.173249013356,0.0,0.0,0.0,0.0,0.0,0.0,0.0,0.0,0.0,0.0,0.0,0.0,0.0,0.0
2013-08-03,0.0819001,0.0,0.0,0.0,0.0,0.0,0.0,0.0,0.0,0.0,0.0,0.0,0.0,0.0,0.0,0.0,0.0,0.0,0.0,0.0,0.0
2013-08-10,0.299658,0.0,0.0,0.0,0.0,0.0,0.0,0.0,0.0,0.0,2794.133544620513,0.0,0.0,0.0,0.0,2873.2862210550165,0.0,0.0,0.0,0.0,0.0
2013-08-17,0.231214,0.0,0.0,0.0,0.0,0.0,0.0,0.0,0.0,0.0,0.0,0.0,0.0,0.0,0.0,0.0,0.0,0.0,0.0,0.0,0.0
2013-08-24,0.0,0.0,0.0,0.0,0.0,0.0,0.0,0.0,0.0,0.0,0.0,0.0,0.0,0.0,0.0,0.0,0.0,0.0,0.0,0.0,0.0
2013-08-31,0.0732601,0.0,0.0,0.0,0.0,0.0,0.0,0.0,0.0,0.0,0.0,0.0,0.0,0.0,0.0,0.0,0.0,0.0,0.0,0.0,0.0
2013-09-07,0.129814,0.0,0.0,0.0,0.0,0.0,0.0,0.0,0.0,0.0,0.0,0.0,0.0,0.0,0.0,0.0,0.0,0.0,0.0,0.0,2968.439645755306
2013-09-14,0.195771,0.0,0.0,0.0,0.0,0.0,0.0,0.0,0.0,0.0,0.0,0.0,0.0,0.0,0.0,0.0,2916.918790907002,0.0,0.0,0.0,0.0
2013-09-21,0.112066,0.0,0.0,0.0,0.0,0.0,0.0,0.0,0.0,0.0,0.0,0.0,0.0,0.0,0.0,0.0,0.0,0.0,0.0,0.0,3084.2685485328216
2013-09-28,0.205086,0.0,0.0,0.0,0.0,0.0,0.0,3340.8402114002797,0.0,0.0,0.0,0.0,0.0,0.0,0.0,0.0,0.0,0.0,0.0,0.0,0.0
2013-10-05,0.451778,0.0,0.0,0.0,0.0,0.0,0.0,2444.777136132173,0.0,0.0,0.0,0.0,0.0,0.0,0.0,0.0,0.0,0.0,0.0,0.0,0.0
2013-10-12,0.645919,0.0,0.0,0.0,0.0,0.0,0.0,0.0,0.0,0.0,0.0,0.0,0.0,0.0,0.0,0.0,0.0,0.0,0.0,0.0,2709.277405044276
2013-10-19,0.305052,0.0,0.0,0.0,0.0,0.0,0.0,0.0,0.0,0.0,0.0,0.0,0.0,0.0,0.0,0.0,0.0,0.0,0.0,0.0,0.0
2013-10-26,0.368,0.0,0.0,0.0,0.0,0.0,0.0,0.0,0.0,0.0,0.0,3694.163906856688,0.0,0.0,0.0,0.0,0.0,0.0,0.0,0.0,0.0
2013-11-02,0.576541,0.0,0.0,0.0,0.0,3775.822899911149,0.0,0.0,0.0,0.0,0.0,0.0,0.0,0.0,0.0,0.0,0.0,0.0,0.0,0.0,0.0
2013-11-09,0.576419,0.0,0.0,0.0,0.0,0.0,0.0,0.0,0.0,0.0,0.0,0.0,0.0,0.0,0.0,0.0,0.0,0.0,0.0,0.0,0.0
2013-11-16,0.373648,0.0,0.0,0.0,0.0,0.0,0.0,0.0,0.0,0.0,0.0,0.0,0.0,0.0,0.0,0.0,3088.5046070184235,0.0,0.0,0.0,0.0
2013-11-23,0.76438,0.0,0.0,0.0,0.0,0.0,0.0,0.0,0.0,0.0,0.0,0.0,0.0,0.0,0.0,0.0,0.0,0.0,0.0,0.0,0.0
2013-11-30,0.511447,0.0,0.0,0.0,0.0,0.0,0.0,0.0,0.0,0.0,0.0,0.0,0.0,0.0,0.0,0.0,0.0,0.0,0.0,0.0,0.0
2013-12-07,0.721955,0.0,0.0,0.0,0.0,0.0,0.0,0.0,0.0,0.0,0.0,0.0,0.0,0.0,0.0,0.0,0.0,0.0,0.0,0.0,0.0
2013-12-14,0.748734,0.0,0.0,0.0,0.0,0.0,0.0,0.0,0.0,0.0,0.0,0.0,0.0,0.0,0.0,0.0,2388.5567415452106,0.0,0.0,0.0,2440.994963848957
2013-12-21,1.08108,0.0,0.0,0.0,0.0,0.0,0.0,0.0,0.0,0.0,0.0,0.0,0.0,0.0,0.0,0.0,2414.905223753045,0.0,0.0,0.0,0.0
2013-12-28,1.88179,3590.9170045989986,0.0,0.0,0.0,0.0,0.0,0.0,0.0,0.0,0.0,0.0,0.0,0.0,0.0,0.0,0.0,0.0,0.0,0.0,0.0
2014-01-04,2.4724,0.0,2608.450349007673,0.0,0.0,0.0,0.0,0.0,0.0,0.0,0.0,0.0,0.0,0.0,0.0,0.0,0.0,0.0,0.0,0.0,0.0
2014-01-11,2.19116,5349.25441814422,0.0,0.0,0.0,0.0,2716.1707525377124,0.0,0.0,0.0,0.0,0.0,0.0,0.0,0.0,0.0,0.0,0.0,0.0,0.0,2190.7807578881047
2014-01-18,2.62159,3943.0680508046457,0.0,0.0,0.0,0.0,0.0,0.0,0.0,0.0,0.0,0.0,3567.061376425647,0.0,0.0,0.0,0.0,0.0,0.0,0.0,0.0
2014-01-25,2.36266,0.0,4254.388412425996,0.0,0.0,0.0,0.0,0.0,0.0,0.0,3404.5089971730627,0.0,0.0,0.0,0.0,0.0,0.0,0.0,0.0,0.0,0.0
2014-02-01,2.07193,2498.7267303256017,0.0,0.0,0.0,0.0,0.0,0.0,0.0,0.0,0.0,0.0,0.0,0.0,0.0,0.0,0.0,0.0,0.0,0.0,3522.618367137206
2014-02-08,1.52225,0.0,0.0,0.0,0.0,0.0,0.0,0.0,0.0,0.0,0.0,0.0,0.0,0.0,0.0,0.0,0.0,0.0,0.0,2383.586772983619,0.0
2014-02-15,1.4562,0.0,0.0,0.0,0.0,0.0,0.0,0.0,0.0,0.0,0.0,0.0,0.0,0.0,0.0,0.0,0.0,0.0,0.0,0.0,0.0
2014-02-22,1.47792,0.0,0.0,0.0,0.0,0.0,0.0,0.0,0.0,0.0,0.0,0.0,0.0,0.0,0.0,0.0,0.0,0.0,0.0,0.0,0.0
2014-03-01,1.01649,0.0,0.0,0.0,0.0,0.0,0.0,0.0,0.0,0.0,0.0,0.0,0.0,0.0,0.0,0.0,0.0,0.0,0.0,0.0,3448.000276917906
2014-03-08,0.978887,0.0,0.0,0.0,0.0,0.0,0.0,0.0,0.0,0.0,0.0,0.0,0.0,0.0,0.0,0.0,0.0,0.0,0.0,0.0,2516.585190747772
2014-03-15,0.601358,0.0,0.0,0.0,0.0,3150.0286105086434,0.0,0.0,0.0,0.0,0.0,0.0,0.0,0.0,0.0,0.0,2586.6349335649625,0.0,0.0,0.0,2853.596966500058
2014-03-22,0.319693,0.0,0.0,0.0,0.0,0.0,0.0,0.0,0.0,0.0,0.0,0.0,0.0,0.0,0.0,0.0,0.0,0.0,0.0,0.0,0.0
2014-03-29,0.1886,0.0,0.0,0.0,0.0,0.0,0.0,0.0,0.0,0.0,0.0,0.0,0.0,0.0,0.0,0.0,2617.32219372829,0.0,0.0,0.0,0.0
2014-04-05,0.191617,0.0,0.0,0.0,0.0,0.0,0.0,0.0,0.0,0.0,0.0,0.0,0.0,0.0,0.0,0.0,0.0,0.0,0.0,0.0,3223.940678572804
2014-04-12,0.15625,0.0,0.0,0.0,0.0,0.0,0.0,2581.291711452402,0.0,0.0,0.0,0.0,0.0,0.0,0.0,0.0,0.0,0.0,0.0,0.0,0.0
2014-04-19,0.197824,0.0,0.0,0.0,0.0,0.0,0.0,0.0,0.0,0.0,0.0,0.0,0.0,0.0,0.0,0.0,0.0,0.0,0.0,0.0,0.0
2014-04-26,0.277521,0.0,0.0,0.0,0.0,0.0,0.0,0.0,0.0,0.0,0.0,0.0,0.0,0.0,0.0,0.0,0.0,0.0,0.0,2237.816165254343,0.0
2014-05-03,0.160772,0.0,0.0,0.0,0.0,0.0,0.0,0.0,0.0,0.0,0.0,0.0,0.0,0.0,0.0,0.0,0.0,0.0,0.0,0.0,0.0
2014-05-10,0.101729,0.0,0.0,0.0,0.0,3086.8034813742443,0.0,0.0,0.0,0.0,0.0,0.0,0.0,0.0,0.0,0.0,0.0,0.0,0.0,0.0,0.0
2014-05-17,0.106213,0.0,0.0,0.0,0.0,0.0,0.0,0.0,0.0,0.0,0.0,0.0,0.0,0.0,0.0,0.0,0.0,0.0,0.0,0.0,2385.3881961380744
2014-05-24,0.304288,0.0,0.0,0.0,0.0,0.0,0.0,0.0,0.0,0.0,0.0,0.0,0.0,0.0,0.0,0.0,0.0,0.0,0.0,0.0,2649.6822037511456
2014-05-31,0.0592768,0.0,0.0,0.0,0.0,0.0,0.0,0.0,0.0,0.0,0.0,0.0,0.0,0.0,0.0,0.0,0.0,0.0,0.0,0.0,0.0
2014-06-07,0.11544,0.0,0.0,0.0,0.0,0.0,0.0,0.0,0.0,0.0,0.0,0.0,0.0,0.0,5560.009062648232,0.0,0.0,0.0,0.0,0.0,2858.9669497708187
2014-06-14,0.134553,0.0,0.0,0.0,0.0,0.0,0.0,0.0,0.0,0.0,0.0,0.0,0.0,0.0,0.0,0.0,0.0,0.0,0.0,0.0,0.0
2014-06-21,0.163345,0.0,2943.369267395754,0.0,0.0,0.0,0.0,3243.531114600428,0.0,0.0,0.0,0.0,0.0,0.0,0.0,0.0,4211.397559113697,0.0,0.0,0.0,0.0
2014-06-28,0.114384,0.0,0.0,0.0,0.0,0.0,0.0,0.0,0.0,0.0,0.0,0.0,0.0,0.0,0.0,0.0,0.0,0.0,0.0,0.0,0.0
2014-07-05,0.10453,0.0,0.0,0.0,0.0,0.0,0.0,0.0,0.0,0.0,0.0,0.0,0.0,0.0,0.0,0.0,0.0,0.0,0.0,0.0,0.0
2014-07-12,0.0586854,0.0,0.0,0.0,0.0,0.0,0.0,0.0,0.0,0.0,0.0,0.0,0.0,0.0,0.0,0.0,0.0,0.0,0.0,0.0,0.0
2014-07-19,0.074184,0.0,0.0,0.0,0.0,0.0,0.0,0.0,0.0,0.0,0.0,0.0,0.0,0.0,0.0,0.0,0.0,0.0,0.0,0.0,0.0
2014-07-26,0.0845785,4772.042927687757,0.0,0.0,0.0,0.0,0.0,0.0,0.0,0.0,0.0,0.0,0.0,0.0,0.0,0.0,0.0,0.0,0.0,0.0,0.0
2014-08-02,0.201613,0.0,0.0,0.0,0.0,0.0,0.0,0.0,0.0,0.0,0.0,0.0,4117.851639202687,0.0,0.0,0.0,0.0,0.0,0.0,0.0,0.0
2014-08-09,0.209754,0.0,0.0,0.0,0.0,0.0,0.0,0.0,0.0,0.0,0.0,0.0,0.0,0.0,0.0,0.0,0.0,0.0,0.0,0.0,0.0
2014-08-16,0.0446828,0.0,0.0,0.0,0.0,0.0,0.0,0.0,2823.8889694580675,3598.235533534076,0.0,0.0,0.0,3598.235533534076,0.0,0.0,0.0,0.0,0.0,0.0,0.0
2014-08-23,0.123839,0.0,0.0,0.0,0.0,0.0,0.0,0.0,0.0,0.0,0.0,0.0,0.0,0.0,0.0,0.0,0.0,0.0,0.0,0.0,0.0
2014-08-30,0.0288101,0.0,0.0,0.0,0.0,0.0,0.0,0.0,0.0,0.0,0.0,0.0,0.0,0.0,0.0,0.0,0.0,0.0,0.0,0.0,0.0
2014-09-06,0.367261,0.0,0.0,0.0,0.0,0.0,0.0,0.0,0.0,0.0,0.0,0.0,0.0,0.0,0.0,0.0,0.0,0.0,0.0,0.0,0.0
2014-09-13,0.565536,0.0,0.0,0.0,0.0,0.0,0.0,0.0,0.0,0.0,0.0,0.0,0.0,0.0,0.0,0.0,0.0,0.0,0.0,0.0,0.0
2014-09-20,0.609975,0.0,0.0,0.0,0.0,0.0,0.0,0.0,0.0,0.0,0.0,0.0,0.0,0.0,0.0,3520.0719103204037,0.0,0.0,0.0,0.0,0.0
2014-09-27,0.538793,0.0,0.0,0.0,0.0,0.0,0.0,0.0,0.0,0.0,0.0,0.0,0.0,0.0,0.0,2655.8880705287397,0.0,0.0,0.0,0.0,0.0
2014-10-04,0.519785,0.0,0.0,3130.422611463376,3130.422611463376,0.0,0.0,0.0,0.0,0.0,0.0,0.0,0.0,0.0,0.0,0.0,0.0,0.0,0.0,0.0,2770.969916407516
2014-10-11,0.470793,0.0,0.0,0.0,0.0,0.0,0.0,0.0,0.0,0.0,0.0,0.0,0.0,0.0,0.0,0.0,0.0,0.0,0.0,0.0,0.0
2014-10-18,0.512343,0.0,0.0,0.0,0.0,0.0,0.0,0.0,0.0,0.0,0.0,0.0,0.0,0.0,0.0,0.0,3085.398454081985,0.0,0.0,0.0,0.0
2014-10-25,0.84832,0.0,0.0,0.0,0.0,0.0,0.0,0.0,0.0,0.0,0.0,0.0,0.0,0.0,0.0,0.0,0.0,0.0,0.0,0.0,0.0
2014-11-01,0.43082,0.0,0.0,0.0,0.0,0.0,0.0,0.0,0.0,0.0,0.0,3355.747208758892,0.0,0.0,0.0,0.0,0.0,0.0,0.0,0.0,0.0
2014-11-08,0.605727,0.0,0.0,0.0,0.0,0.0,0.0,0.0,0.0,0.0,0.0,0.0,0.0,0.0,0.0,0.0,0.0,0.0,0.0,0.0,0.0
2014-11-15,0.721421,0.0,0.0,0.0,0.0,0.0,0.0,0.0,0.0,0.0,0.0,0.0,0.0,0.0,0.0,0.0,0.0,0.0,0.0,0.0,0.0
2014-11-22,0.677574,0.0,0.0,0.0,0.0,0.0,0.0,0.0,0.0,0.0,0.0,0.0,0.0,0.0,0.0,0.0,0.0,0.0,0.0,0.0,0.0
2014-11-29,1.23187,0.0,0.0,0.0,0.0,0.0,0.0,0.0,0.0,0.0,0.0,0.0,0.0,0.0,0.0,0.0,0.0,0.0,0.0,0.0,0.0
2014-12-06,1.33509,0.0,0.0,0.0,0.0,0.0,0.0,0.0,0.0,0.0,0.0,0.0,0.0,0.0,0.0,0.0,0.0,0.0,0.0,0.0,0.0
2014-12-13,1.64936,0.0,0.0,0.0,0.0,0.0,0.0,0.0,0.0,0.0,0.0,0.0,0.0,0.0,0.0,0.0,3103.160097350489,0.0,0.0,2286.3250474832607,0.0
2014-12-20,2.23061,2918.113325192764,0.0,0.0,0.0,0.0,0.0,0.0,0.0,0.0,0.0,0.0,0.0,0.0,0.0,0.0,0.0,0.0,0.0,0.0,0.0
2014-12-27,2.61481,0.0,0.0,0.0,0.0,0.0,0.0,5155.828493566024,0.0,0.0,0.0,0.0,0.0,0.0,0.0,0.0,0.0,0.0,0.0,0.0,0.0
2015-01-03,3.15126,0.0,0.0,0.0,0.0,0.0,0.0,0.0,0.0,0.0,0.0,0.0,0.0,0.0,0.0,0.0,0.0,0.0,0.0,0.0,3809.677635250908
2015-01-10,2.58503,2964.6488199321207,0.0,0.0,0.0,0.0,0.0,0.0,0.0,0.0,0.0,0.0,0.0,0.0,0.0,0.0,0.0,0.0,0.0,2580.533633412261,2970.2129299341645
2015-01-17,3.02352,0.0,0.0,2791.3840122227152,2791.3840122227143,0.0,0.0,0.0,0.0,0.0,0.0,3137.0305894881244,0.0,0.0,0.0,0.0,0.0,0.0,0.0,0.0,0.0
2015-01-24,3.46154,0.0,0.0,0.0,0.0,0.0,0.0,0.0,0.0,0.0,0.0,0.0,0.0,0.0,0.0,0.0,0.0,0.0,0.0,0.0,0.0
2015-01-31,3.4508,2508.916380846937,0.0,0.0,0.0,0.0,5910.388739848162,0.0,0.0,0.0,0.0,0.0,0.0,0.0,2618.010312707464,0.0,0.0,0.0,0.0,0.0,0.0
2015-02-07,3.39601,0.0,0.0,0.0,0.0,0.0,0.0,0.0,0.0,0.0,0.0,0.0,0.0,0.0,0.0,0.0,0.0,0.0,0.0,0.0,2120.132010898059
2015-02-14,2.54425,0.0,0.0,0.0,0.0,0.0,0.0,0.0,0.0,0.0,0.0,0.0,0.0,0.0,0.0,0.0,0.0,0.0,0.0,0.0,0.0
2015-02-21,1.79856,0.0,0.0,0.0,0.0,0.0,0.0,2436.8985667126444,0.0,0.0,0.0,0.0,0.0,0.0,0.0,0.0,0.0,0.0,0.0,0.0,0.0
2015-02-28,2.04493,0.0,0.0,0.0,0.0,0.0,0.0,0.0,0.0,0.0,0.0,2933.3789870093005,0.0,0.0,0.0,0.0,0.0,0.0,0.0,0.0,0.0
2015-03-07,2.07863,0.0,0.0,0.0,0.0,0.0,0.0,0.0,0.0,0.0,0.0,0.0,0.0,0.0,0.0,0.0,0.0,0.0,0.0,0.0,0.0
2015-03-14,1.51281,0.0,0.0,0.0,0.0,0.0,0.0,0.0,0.0,0.0,0.0,0.0,0.0,0.0,0.0,0.0,0.0,0.0,0.0,0.0,0.0
2015-03-21,1.68433,0.0,0.0,0.0,0.0,0.0,0.0,0.0,0.0,0.0,0.0,2782.3703916275585,0.0,0.0,0.0,0.0,2302.0007890121487,0.0,0.0,0.0,0.0
2015-03-28,1.06229,0.0,0.0,0.0,0.0,0.0,0.0,0.0,0.0,0.0,0.0,0.0,0.0,0.0,0.0,0.0,2552.0578566330114,0.0,0.0,0.0,0.0
2015-04-04,1.24876,0.0,0.0,0.0,0.0,0.0,0.0,0.0,0.0,0.0,2485.7912327156146,0.0,0.0,0.0,0.0,0.0,0.0,0.0,0.0,0.0,0.0
2015-04-11,1.14504,0.0,0.0,0.0,0.0,0.0,0.0,0.0,0.0,0.0,0.0,0.0,0.0,0.0,0.0,0.0,0.0,0.0,0.0,0.0,0.0
2015-04-18,1.1676,0.0,0.0,0.0,0.0,0.0,0.0,0.0,0.0,0.0,0.0,0.0,0.0,0.0,0.0,0.0,0.0,0.0,0.0,0.0,2187.588147445006
2015-04-25,0.542075,0.0,0.0,0.0,0.0,0.0,0.0,0.0,0.0,0.0,0.0,0.0,0.0,0.0,0.0,0.0,2646.165681899165,0.0,0.0,0.0,0.0
2015-05-02,0.441379,0.0,0.0,0.0,0.0,0.0,0.0,0.0,0.0,0.0,0.0,0.0,0.0,0.0,0.0,0.0,0.0,0.0,0.0,0.0,0.0
2015-05-09,0.666154,0.0,0.0,0.0,0.0,0.0,0.0,0.0,0.0,0.0,0.0,0.0,0.0,0.0,0.0,0.0,0.0,0.0,0.0,0.0,0.0
2015-05-16,0.765156,0.0,0.0,0.0,0.0,0.0,0.0,0.0,2513.440156981495,0.0,0.0,0.0,0.0,0.0,0.0,2577.6099055765617,2608.6769128066358,0.0,0.0,0.0,0.0
2015-05-23,0.289436,0.0,0.0,0.0,0.0,0.0,0.0,0.0,0.0,0.0,0.0,0.0,0.0,0.0,0.0,0.0,3355.3019698296453,0.0,0.0,0.0,0.0
2015-05-30,0.361119,0.0,0.0,0.0,0.0,0.0,0.0,0.0,0.0,0.0,0.0,0.0,0.0,0.0,0.0,0.0,0.0,0.0,0.0,0.0,0.0
2015-06-06,0.352113,0.0,0.0,0.0,0.0,0.0,0.0,0.0,0.0,0.0,0.0,0.0,0.0,0.0,0.0,0.0,0.0,0.0,0.0,0.0,0.0
2015-06-13,0.328623,0.0,0.0,0.0,0.0,0.0,0.0,0.0,0.0,0.0,0.0,0.0,0.0,0.0,0.0,0.0,0.0,0.0,0.0,0.0,0.0
2015-06-20,0.152486,0.0,0.0,0.0,0.0,0.0,0.0,0.0,0.0,0.0,0.0,0.0,0.0,0.0,0.0,0.0,0.0,0.0,0.0,0.0,0.0
2015-06-27,0.110254,0.0,0.0,0.0,0.0,0.0,0.0,0.0,0.0,0.0,0.0,0.0,0.0,0.0,0.0,0.0,0.0,0.0,0.0,0.0,0.0
2015-07-04,0.0424268,0.0,0.0,0.0,0.0,0.0,0.0,0.0,2867.830181034484,0.0,0.0,0.0,0.0,0.0,0.0,0.0,0.0,0.0,0.0,0.0,0.0
2015-07-11,0.0402253,0.0,0.0,0.0,0.0,0.0,0.0,0.0,0.0,0.0,0.0,0.0,0.0,0.0,0.0,0.0,0.0,0.0,0.0,0.0,0.0
2015-07-18,0.0733138,0.0,0.0,0.0,0.0,0.0,0.0,0.0,0.0,0.0,0.0,0.0,0.0,0.0,0.0,0.0,0.0,0.0,0.0,0.0,2731.0174462242194
2015-07-25,0.349786,0.0,0.0,0.0,0.0,0.0,0.0,0.0,0.0,0.0,0.0,0.0,0.0,0.0,0.0,0.0,0.0,0.0,0.0,0.0,0.0
2015-08-01,0.270688,0.0,0.0,0.0,0.0,0.0,0.0,0.0,0.0,0.0,0.0,0.0,0.0,0.0,0.0,0.0,0.0,0.0,0.0,0.0,0.0
2015-08-08,0.190549,0.0,0.0,0.0,0.0,0.0,0.0,0.0,0.0,0.0,0.0,0.0,0.0,0.0,0.0,0.0,0.0,0.0,0.0,0.0,0.0
2015-08-15,0.11583,0.0,0.0,0.0,0.0,0.0,0.0,0.0,0.0,0.0,0.0,0.0,0.0,0.0,0.0,0.0,0.0,0.0,0.0,0.0,0.0
2015-08-22,0.174581,0.0,0.0,0.0,0.0,0.0,0.0,0.0,0.0,0.0,0.0,0.0,0.0,0.0,0.0,0.0,0.0,0.0,0.0,0.0,0.0
2015-08-29,0.114025,0.0,0.0,0.0,0.0,0.0,0.0,0.0,0.0,0.0,0.0,0.0,0.0,0.0,0.0,0.0,0.0,0.0,0.0,0.0,0.0
2015-09-05,0.104858,0.0,0.0,0.0,0.0,0.0,0.0,0.0,0.0,0.0,0.0,0.0,0.0,0.0,0.0,0.0,0.0,0.0,0.0,0.0,0.0
2015-09-12,0.208333,0.0,2633.856274523057,0.0,0.0,0.0,0.0,0.0,0.0,0.0,0.0,0.0,0.0,0.0,0.0,0.0,0.0,0.0,0.0,0.0,0.0
2015-09-19,0.374532,0.0,0.0,0.0,0.0,0.0,0.0,0.0,0.0,0.0,0.0,0.0,0.0,0.0,0.0,0.0,0.0,0.0,0.0,0.0,0.0
2015-09-26,0.311526,0.0,0.0,0.0,0.0,0.0,0.0,0.0,0.0,0.0,0.0,0.0,0.0,0.0,0.0,0.0,0.0,0.0,0.0,0.0,0.0
2015-10-03,0.227964,0.0,0.0,0.0,0.0,0.0,0.0,0.0,0.0,0.0,0.0,0.0,0.0,0.0,0.0,0.0,0.0,0.0,0.0,0.0,0.0
2015-10-10,0.418318,0.0,0.0,0.0,0.0,0.0,0.0,0.0,0.0,0.0,0.0,0.0,0.0,0.0,0.0,0.0,2069.7209862195814,0.0,0.0,0.0,0.0
2015-10-17,0.416336,0.0,0.0,0.0,0.0,0.0,0.0,0.0,0.0,0.0,0.0,0.0,0.0,0.0,0.0,0.0,0.0,0.0,0.0,0.0,0.0
2015-10-24,0.541691,0.0,0.0,0.0,0.0,0.0,0.0,0.0,0.0,0.0,0.0,0.0,0.0,0.0,0.0,2177.933197541712,0.0,0.0,0.0,0.0,0.0
2015-10-31,0.540324,0.0,0.0,0.0,0.0,0.0,0.0,0.0,0.0,0.0,0.0,0.0,0.0,0.0,0.0,0.0,0.0,0.0,0.0,0.0,0.0
2015-11-07,0.666159,0.0,0.0,0.0,0.0,0.0,0.0,0.0,0.0,0.0,0.0,0.0,0.0,0.0,0.0,0.0,0.0,0.0,0.0,0.0,0.0
2015-11-14,0.801443,0.0,0.0,0.0,0.0,0.0,0.0,0.0,0.0,0.0,0.0,0.0,0.0,0.0,0.0,0.0,0.0,0.0,0.0,0.0,0.0
2015-11-21,0.429185,0.0,0.0,0.0,0.0,0.0,0.0,0.0,0.0,0.0,0.0,0.0,0.0,0.0,0.0,0.0,0.0,0.0,0.0,0.0,3010.873670236463
2015-11-28,0.708174,0.0,2543.971099010892,0.0,0.0,0.0,0.0,0.0,0.0,0.0,0.0,0.0,0.0,0.0,0.0,2189.7925692188296,0.0,0.0,0.0,0.0,0.0
2015-12-05,0.625809,0.0,0.0,0.0,0.0,0.0,0.0,3957.205114381327,0.0,0.0,0.0,0.0,0.0,0.0,0.0,0.0,0.0,0.0,0.0,0.0,0.0
2015-12-12,0.714905,0.0,0.0,0.0,0.0,0.0,0.0,0.0,0.0,0.0,0.0,0.0,0.0,0.0,0.0,0.0,3495.81853127978,0.0,0.0,0.0,0.0
2015-12-19,0.665281,0.0,0.0,0.0,0.0,0.0,0.0,0.0,0.0,0.0,0.0,0.0,0.0,0.0,0.0,0.0,0.0,0.0,0.0,0.0,0.0
2015-12-26,0.425791,0.0,0.0,0.0,0.0,0.0,0.0,0.0,0.0,0.0,0.0,0.0,0.0,0.0,0.0,0.0,0.0,0.0,0.0,0.0,0.0
2016-01-02,0.897868,0.0,0.0,0.0,0.0,0.0,0.0,2322.7303330938425,0.0,0.0,0.0,0.0,0.0,0.0,0.0,2664.556422961558,0.0,0.0,0.0,0.0,0.0
2016-01-09,0.805195,0.0,0.0,0.0,0.0,0.0,0.0,0.0,0.0,0.0,0.0,0.0,1941.7511183697384,0.0,0.0,0.0,0.0,0.0,0.0,0.0,0.0
2016-01-16,0.700389,0.0,0.0,0.0,0.0,0.0,0.0,0.0,0.0,0.0,0.0,0.0,0.0,0.0,0.0,0.0,0.0,0.0,0.0,0.0,1807.965147741632
2016-01-23,0.806452,0.0,0.0,0.0,0.0,0.0,0.0,0.0,0.0,0.0,0.0,0.0,0.0,0.0,0.0,0.0,0.0,0.0,0.0,0.0,2013.2622766423576
2016-01-30,0.703675,0.0,0.0,0.0,0.0,0.0,0.0,0.0,0.0,0.0,0.0,0.0,0.0,0.0,0.0,0.0,0.0,2115.6885799939982,2115.6885799939982,0.0,0.0
2016-02-06,1.11516,0.0,0.0,0.0,0.0,0.0,0.0,0.0,0.0,0.0,0.0,0.0,0.0,0.0,0.0,0.0,0.0,0.0,0.0,0.0,0.0
2016-02-13,1.60428,0.0,0.0,0.0,0.0,0.0,0.0,0.0,3287.4490862935145,0.0,0.0,0.0,0.0,0.0,0.0,0.0,0.0,0.0,0.0,0.0,2029.2033265133143
2016-02-20,1.67118,0.0,0.0,0.0,0.0,0.0,0.0,0.0,0.0,0.0,0.0,0.0,0.0,0.0,0.0,0.0,2013.084591049939,0.0,0.0,0.0,2555.041990953137
2016-02-27,1.66878,0.0,0.0,0.0,0.0,0.0,0.0,2108.811369558118,0.0,0.0,0.0,1963.9504438100475,0.0,0.0,0.0,0.0,0.0,0.0,0.0,0.0,2332.3595790095683
2016-03-05,1.96032,0.0,0.0,0.0,0.0,0.0,0.0,0.0,0.0,0.0,0.0,0.0,0.0,0.0,0.0,0.0,1867.184335281764,0.0,0.0,0.0,2480.2424374280163
2016-03-12,2.55706,0.0,0.0,0.0,0.0,0.0,2363.023000092182,1768.873523156176,0.0,0.0,0.0,0.0,0.0,0.0,0.0,0.0,0.0,0.0,0.0,0.0,0.0
2016-03-19,3.47663,0.0,0.0,0.0,0.0,0.0,0.0,0.0,0.0,0.0,0.0,0.0,0.0,0.0,0.0,0.0,0.0,0.0,0.0,0.0,0.0
2016-03-26,2.85855,0.0,0.0,0.0,0.0,0.0,0.0,0.0,0.0,0.0,0.0,0.0,0.0,0.0,0.0,0.0,2933.850700099569,0.0,0.0,0.0,2350.8611105956265
2016-04-02,2.21372,0.0,0.0,0.0,0.0,0.0,0.0,0.0,0.0,0.0,0.0,0.0,0.0,0.0,0.0,0.0,0.0,0.0,0.0,0.0,0.0
2016-04-09,1.75008,0.0,0.0,0.0,0.0,0.0,0.0,0.0,0.0,0.0,0.0,0.0,0.0,0.0,0.0,0.0,2218.4387583671846,0.0,0.0,0.0,0.0
2016-04-16,0.720254,2183.7534622062144,0.0,0.0,0.0,0.0,0.0,0.0,0.0,0.0,0.0,0.0,0.0,0.0,0.0,0.0,0.0,0.0,0.0,0.0,0.0
2016-04-23,0.773276,0.0,1939.8607351284727,0.0,0.0,0.0,1914.4659510965896,2093.955393816452,0.0,0.0,0.0,0.0,0.0,0.0,0.0,0.0,0.0,0.0,0.0,0.0,0.0
2016-04-30,0.892267,0.0,0.0,0.0,0.0,0.0,0.0,2550.222581207371,0.0,0.0,0.0,0.0,0.0,0.0,0.0,0.0,0.0,0.0,0.0,0.0,0.0
2016-05-07,0.873786,0.0,0.0,0.0,0.0,0.0,0.0,0.0,0.0,0.0,0.0,0.0,0.0,0.0,0.0,0.0,0.0,0.0,0.0,0.0,1946.3521374766187
2016-05-14,0.793651,0.0,0.0,0.0,0.0,0.0,0.0,0.0,0.0,0.0,0.0,0.0,0.0,0.0,0.0,0.0,0.0,0.0,0.0,0.0,0.0
2016-05-21,0.407709,0.0,0.0,0.0,0.0,0.0,0.0,0.0,0.0,0.0,0.0,0.0,0.0,0.0,0.0,0.0,0.0,0.0,0.0,0.0,0.0
2016-05-28,0.475494,0.0,0.0,0.0,0.0,0.0,0.0,0.0,0.0,0.0,0.0,0.0,0.0,0.0,0.0,0.0,0.0,0.0,0.0,0.0,0.0
2016-06-04,0.575986,0.0,0.0,0.0,0.0,0.0,0.0,0.0,0.0,2624.375286965444,0.0,0.0,0.0,2624.375286965444,0.0,0.0,0.0,0.0,0.0,2744.4431444781344,0.0
2016-06-11,0.212917,0.0,0.0,0.0,0.0,0.0,0.0,0.0,0.0,0.0,0.0,0.0,0.0,0.0,0.0,0.0,0.0,0.0,0.0,0.0,0.0
2016-06-18,0.190767,0.0,0.0,0.0,0.0,0.0,0.0,0.0,0.0,0.0,0.0,0.0,0.0,0.0,0.0,0.0,0.0,0.0,0.0,0.0,0.0
2016-06-25,0.17838,0.0,0.0,0.0,0.0,0.0,0.0,0.0,0.0,0.0,0.0,0.0,0.0,0.0,0.0,0.0,0.0,0.0,0.0,0.0,2721.056882022476
2016-07-02,0.317572,0.0,0.0,0.0,0.0,0.0,0.0,0.0,0.0,0.0,0.0,0.0,0.0,0.0,0.0,0.0,0.0,0.0,0.0,0.0,0.0
2016-07-09,0.253807,0.0,0.0,0.0,0.0,0.0,0.0,0.0,0.0,0.0,0.0,0.0,0.0,0.0,0.0,0.0,0.0,0.0,0.0,0.0,0.0
2016-07-16,0.140944,0.0,0.0,0.0,0.0,0.0,0.0,0.0,0.0,0.0,0.0,0.0,0.0,0.0,0.0,0.0,0.0,0.0,0.0,0.0,0.0
2016-07-23,0.0719683,0.0,0.0,0.0,0.0,0.0,0.0,0.0,0.0,0.0,0.0,0.0,0.0,0.0,0.0,0.0,0.0,0.0,0.0,0.0,0.0
2016-07-30,0.0700035,0.0,0.0,0.0,0.0,0.0,0.0,0.0,0.0,0.0,0.0,0.0,0.0,0.0,0.0,0.0,0.0,0.0,0.0,0.0,0.0
2016-08-06,0.0335909,2057.474533849079,0.0,0.0,0.0,0.0,0.0,0.0,0.0,0.0,0.0,0.0,0.0,0.0,0.0,0.0,0.0,0.0,0.0,0.0,0.0
2016-08-13,0.0940734,0.0,0.0,0.0,0.0,0.0,0.0,0.0,0.0,0.0,0.0,0.0,0.0,0.0,0.0,0.0,0.0,0.0,0.0,0.0,0.0
2016-08-20,0.253991,0.0,0.0,0.0,0.0,0.0,0.0,0.0,0.0,0.0,0.0,0.0,0.0,0.0,0.0,0.0,0.0,0.0,0.0,0.0,0.0
2016-08-27,0.17313,0.0,0.0,0.0,0.0,0.0,0.0,2026.7373262698704,0.0,0.0,0.0,0.0,0.0,0.0,0.0,0.0,0.0,0.0,0.0,0.0,0.0
2016-09-03,0.238095,0.0,0.0,0.0,0.0,0.0,0.0,0.0,0.0,0.0,0.0,0.0,0.0,0.0,0.0,0.0,0.0,0.0,0.0,0.0,3098.218519367548
2016-09-10,0.214961,0.0,0.0,0.0,0.0,0.0,0.0,0.0,0.0,0.0,0.0,0.0,0.0,0.0,0.0,0.0,0.0,0.0,0.0,0.0,0.0
2016-09-17,0.312207,0.0,0.0,0.0,0.0,0.0,0.0,0.0,0.0,0.0,0.0,0.0,0.0,0.0,0.0,0.0,2974.1820372963025,0.0,0.0,0.0,0.0
2016-09-24,0.169837,0.0,0.0,0.0,0.0,0.0,0.0,0.0,0.0,0.0,0.0,0.0,0.0,0.0,1686.450533513753,0.0,0.0,0.0,0.0,0.0,1911.2580355252303
2016-10-01,0.526805,0.0,0.0,0.0,0.0,0.0,0.0,1986.45862696711,0.0,0.0,0.0,0.0,0.0,0.0,0.0,0.0,0.0,0.0,0.0,0.0,2243.519998244644
2016-10-08,0.435256,1761.5976176651336,0.0,0.0,0.0,0.0,0.0,2486.070741476745,0.0,0.0,0.0,0.0,0.0,0.0,0.0,0.0,0.0,0.0,0.0,0.0,0.0
2016-10-15,0.645578,0.0,0.0,0.0,0.0,2754.8870548939103,0.0,0.0,0.0,0.0,0.0,0.0,0.0,0.0,0.0,0.0,0.0,0.0,0.0,0.0,0.0
2016-10-22,0.640615,0.0,0.0,0.0,0.0,0.0,0.0,0.0,0.0,0.0,0.0,0.0,0.0,0.0,0.0,0.0,0.0,2082.3555833237697,2082.3555833237697,0.0,0.0
2016-10-29,0.517598,0.0,0.0,0.0,0.0,0.0,0.0,0.0,0.0,0.0,0.0,0.0,0.0,0.0,0.0,0.0,0.0,0.0,0.0,0.0,0.0
2016-11-05,0.707395,0.0,0.0,0.0,0.0,0.0,0.0,0.0,0.0,0.0,0.0,0.0,0.0,0.0,0.0,0.0,0.0,0.0,0.0,0.0,0.0
2016-11-12,0.840729,1681.0312460133928,0.0,0.0,0.0,0.0,0.0,0.0,0.0,0.0,0.0,1869.1942296067407,0.0,0.0,0.0,0.0,0.0,0.0,0.0,0.0,0.0
2016-11-19,0.520587,0.0,0.0,1919.1696537964629,1919.1696537964629,0.0,0.0,0.0,0.0,0.0,0.0,0.0,0.0,0.0,0.0,0.0,1897.808258589019,0.0,0.0,0.0,0.0
2016-11-26,0.654002,0.0,1892.163888860601,0.0,0.0,0.0,0.0,0.0,0.0,0.0,0.0,0.0,0.0,0.0,0.0,0.0,0.0,0.0,0.0,0.0,0.0
2016-12-03,0.369565,0.0,0.0,0.0,0.0,0.0,0.0,0.0,0.0,0.0,0.0,0.0,1609.8785986146524,0.0,2089.542281891757,0.0,0.0,0.0,0.0,0.0,0.0
2016-12-10,0.762631,1629.328718356275,1725.097521713356,0.0,0.0,0.0,0.0,0.0,0.0,0.0,0.0,0.0,0.0,0.0,0.0,0.0,0.0,0.0,0.0,0.0,0.0
2016-12-17,1.34497,0.0,0.0,0.0,0.0,0.0,0.0,0.0,0.0,0.0,0.0,0.0,0.0,0.0,0.0,0.0,2049.7480295604178,0.0,0.0,0.0,1707.4309866308504
2016-12-24,1.69361,0.0,0.0,0.0,0.0,0.0,0.0,0.0,0.0,0.0,0.0,0.0,0.0,0.0,0.0,0.0,1941.308303448738,2312.29121895292,2312.29121895292,0.0,0.0
2016-12-31,1.28665,0.0,0.0,0.0,0.0,0.0,0.0,0.0,0.0,0.0,0.0,0.0,0.0,0.0,0.0,0.0,0.0,0.0,0.0,0.0,0.0
2017-01-07,1.7214,0.0,2710.9990682083626,0.0,0.0,0.0,0.0,0.0,0.0,0.0,0.0,0.0,0.0,0.0,0.0,0.0,0.0,0.0,0.0,0.0,1869.481518637497
2017-01-14,3.46399,1706.9527572456436,0.0,0.0,0.0,0.0,0.0,0.0,0.0,0.0,1646.379132091883,0.0,0.0,0.0,1590.1735765720364,0.0,0.0,0.0,0.0,0.0,2570.351695077829
2017-01-21,2.57927,0.0,0.0,0.0,0.0,0.0,0.0,0.0,0.0,0.0,0.0,3260.9878049043464,0.0,0.0,0.0,0.0,2230.835031379824,0.0,0.0,0.0,0.0
2017-01-28,3.04047,2231.1766964849858,0.0,0.0,0.0,0.0,0.0,2257.3544266970407,0.0,0.0,0.0,0.0,0.0,0.0,0.0,0.0,0.0,0.0,0.0,0.0,0.0
2017-02-04,4.33029,0.0,0.0,0.0,0.0,0.0,0.0,2656.452914531218,0.0,0.0,0.0,0.0,0.0,0.0,0.0,0.0,0.0,0.0,0.0,0.0,2260.494439802403
2017-02-11,3.76857,2913.9307115422484,0.0,0.0,0.0,0.0,1608.4862201525873,0.0,0.0,0.0,0.0,0.0,0.0,0.0,0.0,0.0,0.0,0.0,0.0,0.0,1775.9652058366069
2017-02-18,3.00981,1893.0186639339413,0.0,0.0,0.0,0.0,0.0,0.0,2306.7668485651466,0.0,0.0,2190.6220908815,1799.885244446829,0.0,0.0,0.0,0.0,0.0,0.0,0.0,2566.6959474821683
2017-02-25,2.07824,0.0,0.0,0.0,0.0,0.0,0.0,0.0,0.0,0.0,0.0,0.0,0.0,0.0,0.0,0.0,0.0,0.0,0.0,0.0,1567.1830173222568
2017-03-04,1.83625,0.0,0.0,0.0,0.0,0.0,0.0,0.0,0.0,0.0,0.0,1528.4017600475347,0.0,0.0,0.0,0.0,0.0,0.0,0.0,0.0,1735.9582198666965
2017-03-11,2.53111,0.0,0.0,0.0,0.0,0.0,0.0,0.0,0.0,0.0,0.0,0.0,0.0,0.0,1749.021849495309,0.0,0.0,0.0,0.0,0.0,2362.120742661551
2017-03-18,1.56028,0.0,1827.4226784052169,0.0,0.0,0.0,0.0,0.0,0.0,0.0,0.0,0.0,0.0,0.0,0.0,0.0,1692.9308753829257,0.0,0.0,0.0,2160.767077127924
2017-03-25,1.80465,0.0,0.0,0.0,0.0,0.0,0.0,0.0,0.0,0.0,0.0,0.0,0.0,0.0,0.0,0.0,0.0,0.0,0.0,0.0,0.0
2017-04-01,1.53689,2589.331831515731,0.0,0.0,0.0,0.0,0.0,0.0,0.0,0.0,0.0,0.0,0.0,0.0,0.0,0.0,1864.894056480776,0.0,0.0,0.0,0.0
2017-04-08,1.07162,0.0,0.0,0.0,0.0,0.0,0.0,0.0,0.0,0.0,0.0,0.0,0.0,0.0,0.0,0.0,0.0,0.0,0.0,0.0,0.0
2017-04-15,1.0547,0.0,0.0,0.0,0.0,0.0,0.0,0.0,0.0,0.0,0.0,0.0,0.0,0.0,0.0,0.0,0.0,0.0,0.0,0.0,0.0
2017-04-22,1.12705,0.0,0.0,0.0,0.0,0.0,0.0,1574.7236880586777,0.0,0.0,0.0,0.0,0.0,0.0,0.0,0.0,0.0,0.0,0.0,0.0,0.0
2017-04-29,0.809512,0.0,0.0,0.0,0.0,0.0,0.0,0.0,0.0,0.0,0.0,0.0,0.0,0.0,0.0,0.0,0.0,0.0,0.0,0.0,0.0
2017-05-06,1.20672,0.0,0.0,0.0,0.0,0.0,0.0,0.0,0.0,0.0,0.0,0.0,0.0,0.0,0.0,0.0,2147.8043471613832,0.0,0.0,0.0,1825.379163044936
2017-05-13,0.798258,0.0,0.0,0.0,0.0,0.0,0.0,0.0,0.0,0.0,0.0,0.0,0.0,0.0,0.0,0.0,0.0,0.0,0.0,0.0,0.0
2017-05-20,0.397035,0.0,0.0,0.0,0.0,0.0,0.0,0.0,0.0,0.0,0.0,0.0,0.0,0.0,0.0,0.0,0.0,0.0,0.0,0.0,3018.7483237726046
2017-05-27,0.735086,0.0,0.0,0.0,0.0,0.0,0.0,0.0,0.0,0.0,0.0,0.0,0.0,0.0,0.0,0.0,0.0,0.0,0.0,0.0,0.0
2017-06-03,0.705408,0.0,0.0,0.0,0.0,0.0,0.0,0.0,0.0,0.0,0.0,0.0,0.0,0.0,0.0,0.0,0.0,0.0,0.0,2891.6276587020666,0.0
2017-06-10,0.655431,0.0,0.0,0.0,0.0,0.0,0.0,0.0,0.0,0.0,0.0,0.0,0.0,0.0,0.0,0.0,0.0,0.0,0.0,0.0,0.0
2017-06-17,0.627746,0.0,0.0,0.0,0.0,1882.9044995346544,0.0,0.0,0.0,0.0,0.0,0.0,0.0,0.0,0.0,0.0,1978.7560740848344,0.0,0.0,0.0,0.0
2017-06-24,0.942507,0.0,0.0,0.0,0.0,1789.7837990375524,0.0,0.0,0.0,0.0,0.0,0.0,0.0,0.0,0.0,0.0,0.0,0.0,0.0,0.0,0.0
2017-07-01,0.351438,0.0,0.0,0.0,0.0,0.0,0.0,0.0,0.0,0.0,0.0,0.0,0.0,0.0,0.0,0.0,0.0,0.0,0.0,0.0,0.0
2017-07-08,0.140515,0.0,0.0,0.0,0.0,0.0,0.0,0.0,0.0,0.0,0.0,0.0,0.0,0.0,0.0,0.0,0.0,0.0,0.0,0.0,0.0
2017-07-15,0.398406,0.0,0.0,0.0,0.0,0.0,0.0,0.0,0.0,0.0,0.0,0.0,0.0,0.0,0.0,0.0,0.0,0.0,0.0,0.0,2101.07369979672
2017-07-22,0.217108,0.0,0.0,0.0,0.0,0.0,0.0,0.0,0.0,0.0,0.0,0.0,0.0,0.0,0.0,0.0,0.0,0.0,0.0,0.0,0.0
2017-07-29,0.0848536,0.0,0.0,0.0,0.0,0.0,0.0,0.0,0.0,0.0,0.0,0.0,0.0,0.0,0.0,0.0,0.0,0.0,0.0,0.0,0.0
2017-08-05,0.0414766,0.0,0.0,0.0,0.0,0.0,0.0,0.0,0.0,0.0,0.0,0.0,0.0,0.0,1681.4329857674968,0.0,0.0,0.0,0.0,0.0,0.0
2017-08-12,0.238176,0.0,0.0,0.0,0.0,0.0,0.0,0.0,0.0,0.0,0.0,0.0,0.0,0.0,0.0,0.0,0.0,0.0,0.0,0.0,0.0
2017-08-19,0.0738007,0.0,0.0,0.0,0.0,2904.556258598313,0.0,0.0,0.0,0.0,0.0,0.0,0.0,0.0,0.0,0.0,0.0,0.0,0.0,0.0,0.0
2017-08-26,0.267176,1767.713293400594,0.0,0.0,0.0,0.0,0.0,0.0,0.0,0.0,0.0,0.0,0.0,0.0,0.0,0.0,0.0,0.0,0.0,0.0,0.0
2017-09-02,0.419687,0.0,0.0,0.0,0.0,0.0,0.0,1688.678556342961,1806.7311142010697,0.0,0.0,0.0,0.0,0.0,0.0,0.0,0.0,0.0,0.0,0.0,0.0
2017-09-09,0.778547,0.0,0.0,0.0,0.0,0.0,0.0,0.0,0.0,0.0,0.0,0.0,0.0,0.0,0.0,0.0,0.0,1634.359598426559,1634.359598426559,0.0,0.0
2017-09-16,0.411985,0.0,0.0,0.0,0.0,0.0,0.0,0.0,0.0,0.0,0.0,0.0,0.0,0.0,0.0,0.0,0.0,0.0,0.0,0.0,1562.775628960786
2017-09-23,0.327988,0.0,0.0,0.0,0.0,0.0,0.0,0.0,0.0,0.0,0.0,0.0,0.0,0.0,0.0,0.0,0.0,0.0,0.0,0.0,0.0
2017-09-30,0.862689,1578.6603226925183,0.0,0.0,0.0,0.0,0.0,0.0,0.0,0.0,0.0,0.0,0.0,0.0,0.0,0.0,0.0,0.0,0.0,0.0,0.0
2017-10-07,1.15756,1680.8349796655757,0.0,0.0,0.0,0.0,0.0,0.0,0.0,0.0,0.0,0.0,0.0,0.0,0.0,0.0,1754.8027755727087,1925.551106674979,1925.5511066749789,0.0,0.0
2017-10-14,1.90188,0.0,0.0,0.0,0.0,0.0,0.0,0.0,0.0,0.0,0.0,0.0,0.0,0.0,0.0,0.0,0.0,0.0,0.0,0.0,0.0
2017-10-21,1.06975,0.0,2342.2489446111813,0.0,0.0,0.0,0.0,0.0,0.0,0.0,0.0,0.0,0.0,0.0,0.0,0.0,0.0,0.0,0.0,0.0,0.0
2017-10-28,2.00795,0.0,0.0,0.0,0.0,0.0,0.0,0.0,0.0,0.0,0.0,0.0,0.0,0.0,0.0,0.0,0.0,0.0,0.0,0.0,1734.3145147980238
2017-11-04,1.87668,0.0,0.0,0.0,0.0,0.0,0.0,0.0,0.0,0.0,0.0,0.0,0.0,0.0,0.0,0.0,0.0,0.0,0.0,0.0,0.0
2017-11-11,1.69779,0.0,0.0,0.0,0.0,0.0,1951.0702225545967,0.0,0.0,0.0,0.0,0.0,0.0,0.0,0.0,0.0,0.0,0.0,0.0,0.0,0.0
2017-11-18,0.981006,2309.906421207365,0.0,0.0,0.0,0.0,0.0,0.0,0.0,0.0,0.0,0.0,0.0,0.0,0.0,0.0,0.0,0.0,0.0,0.0,1746.272518265915
2017-11-25,1.1474,0.0,0.0,0.0,0.0,0.0,0.0,0.0,0.0,0.0,0.0,0.0,2826.5904585504395,0.0,0.0,0.0,0.0,0.0,0.0,0.0,0.0
2017-12-02,1.55429,0.0,0.0,0.0,0.0,0.0,0.0,0.0,0.0,0.0,0.0,0.0,0.0,0.0,0.0,0.0,0.0,0.0,0.0,0.0,0.0
2017-12-09,2.01948,0.0,2320.392154132613,0.0,0.0,0.0,0.0,0.0,0.0,0.0,0.0,0.0,0.0,0.0,0.0,0.0,0.0,0.0,0.0,0.0,2314.934156649651
2017-12-16,2.21333,0.0,0.0,0.0,0.0,0.0,0.0,0.0,0.0,0.0,0.0,0.0,0.0,0.0,0.0,0.0,0.0,0.0,0.0,0.0,0.0
2017-12-23,2.85018,0.0,0.0,0.0,0.0,0.0,0.0,0.0,0.0,0.0,0.0,0.0,0.0,0.0,0.0,0.0,0.0,0.0,0.0,0.0,1685.6737902968437
2017-12-30,4.94815,0.0,0.0,0.0,0.0,0.0,0.0,0.0,0.0,0.0,0.0,0.0,0.0,0.0,0.0,0.0,0.0,0.0,0.0,0.0,0.0
2018-01-06,6.62233,0.0,0.0,0.0,0.0,0.0,0.0,0.0,0.0,0.0,0.0,0.0,0.0,0.0,0.0,0.0,0.0,0.0,0.0,0.0,2432.6127995086285
2018-01-13,5.22088,2647.298024557132,2545.311575670779,0.0,0.0,0.0,0.0,0.0,1523.9003948068107,0.0,0.0,0.0,0.0,0.0,0.0,0.0,2411.7473683506278,0.0,0.0,0.0,2977.87426752685
2018-01-20,6.91589,3611.991800731149,3298.591540114514,0.0,0.0,0.0,0.0,0.0,0.0,0.0,0.0,0.0,0.0,0.0,0.0,0.0,0.0,0.0,0.0,0.0,0.0
2018-01-27,6.95444,3624.7874810396415,4483.362111633991,0.0,0.0,1519.982305255545,0.0,0.0,1811.621371402955,0.0,1781.77180992515,1867.87758294628,0.0,0.0,0.0,0.0,2030.9879819393184,0.0,0.0,0.0,2268.577040957577
2018-02-03,7.04195,3694.7922032851,2902.533725542382,0.0,0.0,0.0,0.0,0.0,0.0,0.0,0.0,0.0,0.0,0.0,0.0,0.0,1825.0247448971136,0.0,0.0,0.0,0.0
2018-02-10,7.18969,3523.703096219158,3344.065560829389,0.0,0.0,1971.8867761885751,1549.778258529676,0.0,0.0,0.0,0.0,0.0,1718.5444837446128,0.0,0.0,0.0,0.0,0.0,0.0,0.0,1423.507335733903
2018-02-17,7.06129,3262.950499076156,2501.604862953837,0.0,0.0,0.0,1566.03243240729,1796.1391117808205,0.0,0.0,0.0,0.0,0.0,0.0,1652.4422735370108,0.0,0.0,0.0,0.0,0.0,1939.7399924905424
2018-02-24,6.21257,4509.126882950225,1978.8726984076995,0.0,0.0,0.0,0.0,0.0,0.0,0.0,0.0,0.0,0.0,0.0,0.0,0.0,2752.766159223156,0.0,0.0,0.0,3109.889008770454
2018-03-03,4.8367,1480.1871986002484,2327.795061974222,0.0,0.0,0.0,1986.950267933069,0.0,0.0,0.0,1958.552196056021,0.0,0.0,0.0,0.0,0.0,1499.2216015330514,0.0,0.0,0.0,0.0
2018-03-10,4.96401,0.0,1817.17846647428,0.0,0.0,0.0,0.0,1416.6605981774333,0.0,0.0,0.0,0.0,0.0,0.0,0.0,0.0,0.0,0.0,0.0,0.0,2363.037937282498
2018-03-17,4.34989,0.0,0.0,0.0,0.0,0.0,0.0,2400.451443889975,0.0,0.0,0.0,0.0,0.0,0.0,0.0,0.0,2528.283398155767,0.0,0.0,0.0,0.0
2018-03-24,3.78378,0.0,0.0,0.0,0.0,0.0,0.0,2085.250948863211,0.0,0.0,0.0,0.0,0.0,0.0,0.0,0.0,1898.5333351573624,0.0,0.0,0.0,2347.206175668585
2018-03-31,2.65398,1594.82232194508,1899.4553651619756,0.0,0.0,1863.9033277991095,0.0,0.0,0.0,0.0,0.0,0.0,0.0,0.0,0.0,0.0,1790.7739171636915,0.0,0.0,1548.9694040352574,0.0
2018-04-07,1.84185,0.0,0.0,0.0,0.0,0.0,0.0,0.0,0.0,0.0,0.0,0.0,0.0,0.0,0.0,0.0,1838.378054090836,0.0,0.0,0.0,2528.2611716202823
2018-04-14,1.222,0.0,0.0,0.0,0.0,0.0,0.0,0.0,0.0,0.0,0.0,0.0,0.0,0.0,0.0,0.0,0.0,0.0,0.0,0.0,2339.471787404565
2018-04-21,1.26328,0.0,0.0,0.0,0.0,0.0,0.0,0.0,0.0,0.0,0.0,0.0,0.0,0.0,0.0,0.0,0.0,0.0,0.0,0.0,1689.3331521082123
2018-04-28,1.08453,0.0,0.0,0.0,0.0,0.0,0.0,1500.2723193855547,0.0,0.0,0.0,0.0,0.0,0.0,0.0,0.0,1541.845882210504,0.0,0.0,0.0,0.0
2018-05-05,0.600495,0.0,2333.0568104377485,0.0,0.0,0.0,0.0,0.0,0.0,0.0,0.0,0.0,0.0,0.0,0.0,0.0,0.0,0.0,0.0,0.0,0.0
2018-05-12,0.568586,0.0,0.0,0.0,0.0,0.0,0.0,0.0,0.0,0.0,0.0,0.0,0.0,0.0,0.0,0.0,0.0,0.0,0.0,0.0,0.0
2018-05-19,0.535783,0.0,0.0,0.0,0.0,0.0,0.0,0.0,0.0,0.0,0.0,0.0,0.0,0.0,0.0,0.0,0.0,0.0,0.0,0.0,4030.187533141181
2018-05-26,0.493131,0.0,0.0,0.0,0.0,0.0,0.0,0.0,0.0,0.0,0.0,0.0,0.0,0.0,0.0,0.0,0.0,0.0,0.0,0.0,0.0
2018-06-02,0.384468,0.0,0.0,0.0,0.0,0.0,0.0,0.0,0.0,0.0,0.0,0.0,0.0,0.0,0.0,0.0,0.0,0.0,0.0,0.0,0.0
2018-06-09,0.576271,0.0,0.0,0.0,0.0,0.0,0.0,0.0,0.0,0.0,0.0,0.0,0.0,0.0,0.0,0.0,0.0,0.0,0.0,0.0,0.0
2018-06-16,0.494896,0.0,0.0,1984.0646710649444,1984.0646710649444,0.0,0.0,0.0,0.0,0.0,0.0,0.0,0.0,0.0,0.0,0.0,1933.569401382565,0.0,0.0,0.0,0.0
2018-06-23,0.71966,0.0,0.0,0.0,0.0,0.0,0.0,0.0,0.0,0.0,0.0,0.0,0.0,0.0,0.0,0.0,0.0,0.0,0.0,0.0,0.0
2018-06-30,0.673293,0.0,0.0,0.0,0.0,0.0,0.0,0.0,0.0,0.0,0.0,0.0,0.0,0.0,0.0,0.0,1612.003725083022,0.0,0.0,0.0,0.0
2018-07-07,0.728332,0.0,0.0,0.0,0.0,0.0,0.0,0.0,0.0,0.0,0.0,0.0,0.0,0.0,0.0,0.0,0.0,0.0,0.0,0.0,1711.3856866710769
2018-07-14,0.893683,0.0,0.0,0.0,0.0,0.0,0.0,0.0,0.0,0.0,0.0,0.0,0.0,0.0,0.0,0.0,0.0,1482.869576450246,1482.869576450246,2108.737252053274,0.0
2018-07-21,0.397483,0.0,0.0,0.0,0.0,0.0,0.0,0.0,0.0,0.0,0.0,0.0,0.0,0.0,0.0,0.0,0.0,0.0,0.0,0.0,2754.0212871459585
2018-07-28,0.302216,0.0,0.0,0.0,0.0,0.0,0.0,0.0,0.0,0.0,0.0,0.0,0.0,0.0,0.0,0.0,0.0,0.0,0.0,0.0,0.0
2018-08-04,0.661521,0.0,0.0,0.0,0.0,0.0,0.0,0.0,0.0,0.0,0.0,0.0,0.0,0.0,0.0,0.0,2088.505901270189,0.0,0.0,0.0,2933.4279092980787
2018-08-11,0.555997,0.0,0.0,0.0,0.0,0.0,0.0,0.0,0.0,0.0,0.0,0.0,1666.6871213801348,0.0,0.0,0.0,1536.5036137688176,0.0,0.0,1523.572733304817,0.0
2018-08-18,0.544747,0.0,2330.330660812654,0.0,0.0,0.0,0.0,0.0,0.0,0.0,0.0,0.0,2986.442797692177,0.0,0.0,0.0,0.0,0.0,0.0,0.0,3263.14220011396
2018-08-25,0.651997,0.0,0.0,0.0,0.0,0.0,0.0,0.0,0.0,0.0,0.0,0.0,0.0,0.0,0.0,0.0,0.0,0.0,0.0,0.0,0.0
2018-09-01,0.373514,0.0,0.0,0.0,0.0,0.0,0.0,0.0,2226.327254856483,0.0,0.0,0.0,0.0,0.0,0.0,0.0,0.0,0.0,0.0,0.0,0.0
2018-09-08,0.665623,0.0,0.0,0.0,0.0,0.0,0.0,0.0,0.0,0.0,0.0,0.0,0.0,0.0,0.0,0.0,0.0,1908.848868618477,1908.848868618477,0.0,2245.613923060418
2018-09-15,0.541126,0.0,0.0,0.0,0.0,0.0,0.0,0.0,0.0,0.0,0.0,0.0,0.0,0.0,0.0,0.0,1993.9163799139656,0.0,0.0,0.0,0.0
2018-09-22,0.576161,0.0,0.0,0.0,0.0,0.0,0.0,0.0,0.0,0.0,0.0,0.0,0.0,0.0,0.0,0.0,2008.554422619556,0.0,0.0,0.0,0.0
2018-09-29,0.527879,0.0,0.0,0.0,0.0,0.0,0.0,0.0,0.0,0.0,0.0,0.0,0.0,0.0,0.0,0.0,2032.2291447818664,0.0,0.0,0.0,1867.4413552883984
2018-10-06,1.69995,2965.8464218385493,1839.3789302635437,0.0,0.0,0.0,0.0,0.0,0.0,0.0,0.0,0.0,0.0,0.0,0.0,1447.8462773607343,0.0,0.0,0.0,0.0,2136.941496240943
2018-10-13,1.60723,2027.4826252297023,0.0,0.0,0.0,0.0,0.0,0.0,2215.019385330333,0.0,0.0,0.0,0.0,0.0,0.0,0.0,0.0,0.0,0.0,0.0,0.0
2018-10-20,0.994789,0.0,0.0,0.0,0.0,0.0,0.0,0.0,0.0,0.0,0.0,0.0,0.0,0.0,0.0,0.0,0.0,0.0,0.0,0.0,0.0
2018-10-27,0.897708,0.0,0.0,0.0,0.0,0.0,0.0,0.0,0.0,0.0,0.0,0.0,0.0,0.0,0.0,1549.5985359233932,0.0,0.0,0.0,0.0,0.0
2018-11-03,0.858896,0.0,0.0,0.0,0.0,0.0,0.0,0.0,0.0,0.0,0.0,0.0,0.0,0.0,0.0,0.0,0.0,0.0,0.0,0.0,0.0
2018-11-10,0.970414,1764.703941999014,0.0,1645.7335570848832,1645.733557084883,0.0,0.0,0.0,0.0,0.0,0.0,0.0,0.0,0.0,0.0,0.0,0.0,0.0,0.0,0.0,1502.8992797507342
2018-11-17,0.768278,0.0,0.0,0.0,0.0,0.0,0.0,0.0,0.0,0.0,1640.3724035479868,0.0,0.0,0.0,0.0,0.0,1612.2744294504118,0.0,0.0,1926.3209360914032,0.0
2018-11-24,0.585652,0.0,0.0,0.0,0.0,0.0,0.0,0.0,0.0,0.0,0.0,0.0,0.0,0.0,0.0,0.0,0.0,0.0,0.0,0.0,2099.037457442885
2018-12-01,0.831817,0.0,0.0,0.0,0.0,0.0,0.0,0.0,0.0,2613.719742276375,0.0,0.0,0.0,2613.7197422763747,0.0,0.0,0.0,0.0,0.0,0.0,2194.4740743313782
2018-12-08,1.22087,0.0,0.0,0.0,0.0,0.0,0.0,0.0,0.0,0.0,0.0,0.0,0.0,0.0,2089.573472083237,0.0,0.0,0.0,0.0,0.0,0.0
2018-12-15,1.7146,1748.6519126082328,0.0,2763.587165169248,2763.587165169248,0.0,0.0,0.0,0.0,0.0,0.0,0.0,0.0,0.0,0.0,0.0,1865.7584158256825,0.0,0.0,0.0,3402.873255511396
2018-12-22,1.21425,0.0,1669.7697344649494,0.0,0.0,0.0,0.0,0.0,0.0,0.0,0.0,0.0,0.0,0.0,0.0,0.0,0.0,0.0,0.0,0.0,0.0
2018-12-29,2.74953,2469.73254324763,0.0,0.0,0.0,0.0,0.0,0.0,0.0,0.0,0.0,0.0,0.0,0.0,0.0,0.0,0.0,0.0,0.0,0.0,2820.05885646463
2019-01-05,2.16181,1843.506881962512,0.0,0.0,0.0,0.0,0.0,0.0,0.0,0.0,0.0,0.0,0.0,0.0,0.0,0.0,1574.4543175351569,0.0,0.0,0.0,0.0
2019-01-12,1.95251,0.0,0.0,0.0,0.0,0.0,0.0,1461.1821135652615,0.0,0.0,0.0,0.0,0.0,0.0,0.0,0.0,0.0,0.0,0.0,0.0,0.0
2019-01-19,2.6464,0.0,1515.3742947105543,0.0,0.0,0.0,0.0,2425.666244703956,0.0,0.0,0.0,0.0,0.0,0.0,0.0,0.0,1542.7805988714126,0.0,0.0,0.0,3662.1150329211832
2019-01-26,3.47029,0.0,0.0,0.0,0.0,0.0,0.0,1706.675059184814,0.0,0.0,2014.154494604932,1633.625773968883,0.0,0.0,0.0,0.0,1494.6621055776106,0.0,0.0,0.0,0.0
2019-02-02,3.82946,2114.3790220853325,1787.3152652739109,0.0,0.0,0.0,0.0,0.0,0.0,0.0,0.0,1949.6323743749424,0.0,0.0,0.0,0.0,2282.513074215131,0.0,0.0,0.0,2177.477312036352
2019-02-09,5.91826,2188.487625957692,0.0,0.0,0.0,1697.218265169578,0.0,1685.3974921643965,0.0,0.0,0.0,2815.251698396768,0.0,0.0,0.0,0.0,0.0,0.0,0.0,0.0,0.0
2019-02-16,6.01039,2282.175081892822,2980.101418100924,0.0,0.0,0.0,1879.0230695609416,0.0,0.0,0.0,0.0,2060.6492749709178,0.0,0.0,0.0,0.0,1640.122385283601,0.0,0.0,0.0,2032.570610509748
2019-02-23,5.12299,2669.335644716633,3069.324532305467,0.0,0.0,0.0,3619.35497508795,0.0,0.0,0.0,1815.72975248399,0.0,1818.531718596068,0.0,0.0,0.0,2538.733642932768,0.0,0.0,0.0,0.0
2019-03-02,5.46258,3223.4468948454487,0.0,0.0,0.0,0.0,2428.1368370218,0.0,0.0,0.0,2573.873873501151,1868.023462755652,0.0,0.0,1648.307206207358,0.0,0.0,0.0,0.0,0.0,1834.5199874843477
2019-03-09,6.00572,1664.5788433464909,0.0,0.0,0.0,0.0,0.0,0.0,0.0,0.0,1670.1838763224805,2241.203562778805,0.0,0.0,0.0,0.0,0.0,0.0,0.0,0.0,0.0
2019-03-16,3.68758,2109.552314235017,0.0,0.0,0.0,0.0,0.0,0.0,0.0,0.0,1765.6415789154055,0.0,0.0,0.0,0.0,0.0,0.0,0.0,0.0,0.0,0.0
2019-03-23,3.06301,1684.9115517838873,0.0,0.0,0.0,0.0,0.0,0.0,0.0,0.0,0.0,0.0,0.0,0.0,0.0,0.0,0.0,0.0,0.0,0.0,4001.824435929721
2019-03-30,1.875,0.0,0.0,0.0,0.0,0.0,0.0,0.0,0.0,0.0,0.0,0.0,0.0,0.0,0.0,2102.4826474113624,2354.030444773902,0.0,0.0,0.0,0.0
2019-04-06,1.77872,0.0,0.0,0.0,0.0,0.0,0.0,0.0,0.0,0.0,0.0,0.0,0.0,0.0,0.0,0.0,2133.9449549545698,0.0,0.0,0.0,2036.243755513467
2019-04-13,0.598614,0.0,0.0,0.0,0.0,0.0,0.0,1675.7907132524422,0.0,0.0,0.0,0.0,0.0,0.0,0.0,0.0,0.0,0.0,0.0,0.0,2150.0906389504858
2019-04-20,1.02335,0.0,0.0,0.0,0.0,0.0,0.0,0.0,0.0,0.0,0.0,0.0,0.0,0.0,0.0,0.0,3186.738574880283,0.0,0.0,0.0,0.0
2019-04-27,0.865513,0.0,0.0,0.0,0.0,0.0,0.0,0.0,0.0,0.0,0.0,0.0,0.0,0.0,2435.104198558488,0.0,1535.8615060746663,0.0,0.0,0.0,0.0
2019-05-04,0.584615,0.0,0.0,0.0,0.0,0.0,0.0,0.0,0.0,0.0,0.0,1725.127950151992,0.0,0.0,0.0,0.0,0.0,0.0,0.0,0.0,1731.8706840986474
2019-05-11,0.261584,0.0,0.0,0.0,0.0,1648.746556218913,0.0,2268.018550936429,0.0,0.0,0.0,0.0,0.0,0.0,0.0,0.0,0.0,0.0,0.0,0.0,2293.956200171737
2019-05-18,0.036523,0.0,0.0,0.0,0.0,0.0,0.0,2055.0877909266937,0.0,0.0,0.0,0.0,0.0,0.0,0.0,0.0,0.0,0.0,0.0,0.0,3479.579925490906
2019-05-25,0.123102,0.0,0.0,0.0,0.0,0.0,0.0,0.0,0.0,0.0,0.0,0.0,0.0,0.0,0.0,0.0,0.0,0.0,0.0,0.0,0.0
2019-06-01,0.144439,0.0,0.0,0.0,0.0,0.0,0.0,1633.5449998972229,0.0,0.0,0.0,0.0,0.0,0.0,0.0,0.0,0.0,0.0,0.0,0.0,1515.9196532492572
2019-06-08,0.0,0.0,0.0,0.0,0.0,0.0,0.0,0.0,0.0,0.0,0.0,0.0,0.0,0.0,0.0,0.0,0.0,0.0,0.0,0.0,1984.5462031414315
2019-06-15,0.0878735,0.0,0.0,0.0,0.0,0.0,0.0,0.0,0.0,0.0,0.0,0.0,0.0,0.0,0.0,0.0,0.0,0.0,0.0,0.0,0.0
2019-06-22,0.0935016,0.0,0.0,0.0,0.0,0.0,0.0,0.0,0.0,0.0,0.0,0.0,0.0,0.0,0.0,0.0,1947.041483956407,0.0,0.0,0.0,0.0
2019-06-29,0.0409836,0.0,0.0,0.0,0.0,0.0,0.0,0.0,0.0,0.0,0.0,0.0,0.0,0.0,0.0,0.0,1714.367535251021,0.0,0.0,0.0,1696.5431961284123
2019-07-06,0.206718,0.0,0.0,0.0,0.0,0.0,0.0,0.0,0.0,0.0,0.0,0.0,0.0,0.0,0.0,0.0,0.0,0.0,0.0,0.0,0.0
2019-07-13,0.118017,0.0,0.0,0.0,0.0,0.0,0.0,0.0,0.0,0.0,0.0,0.0,0.0,0.0,0.0,0.0,0.0,0.0,0.0,0.0,0.0
2019-07-20,0.0,0.0,0.0,0.0,0.0,0.0,0.0,0.0,0.0,0.0,0.0,0.0,0.0,0.0,0.0,0.0,0.0,0.0,0.0,0.0,0.0
2019-07-27,0.0412882,0.0,0.0,0.0,0.0,0.0,0.0,0.0,0.0,0.0,0.0,0.0,0.0,0.0,0.0,0.0,0.0,0.0,0.0,0.0,1745.5874594291124
2019-08-03,0.0,0.0,0.0,0.0,0.0,0.0,0.0,0.0,0.0,0.0,0.0,0.0,0.0,0.0,0.0,0.0,2046.115892375619,0.0,0.0,0.0,0.0
2019-08-10,0.073692,0.0,0.0,0.0,0.0,0.0,0.0,0.0,0.0,0.0,0.0,0.0,0.0,0.0,0.0,0.0,0.0,0.0,0.0,0.0,2378.4153811281035
2019-08-17,0.174703,0.0,0.0,0.0,0.0,0.0,0.0,0.0,0.0,0.0,0.0,0.0,0.0,0.0,0.0,0.0,2160.790934223181,0.0,0.0,0.0,0.0
2019-08-24,0.073692,0.0,0.0,0.0,0.0,0.0,0.0,0.0,0.0,0.0,0.0,0.0,0.0,0.0,1734.2837560743071,0.0,0.0,0.0,0.0,0.0,0.0
2019-08-31,0.150376,0.0,0.0,0.0,0.0,0.0,0.0,0.0,0.0,0.0,0.0,0.0,0.0,0.0,0.0,0.0,0.0,0.0,0.0,0.0,0.0
2019-09-07,0.0883783,0.0,0.0,0.0,0.0,0.0,0.0,0.0,0.0,0.0,0.0,0.0,0.0,0.0,2803.433984629654,0.0,1691.8509173774794,0.0,0.0,0.0,2826.5873286936826
2019-09-14,0.195618,0.0,0.0,1566.983493608632,1566.9834936086322,0.0,0.0,1489.5266778493813,0.0,0.0,0.0,0.0,0.0,0.0,0.0,0.0,0.0,1555.5746598847152,1555.5746598847154,0.0,1503.5117022180134
2019-09-21,0.166459,0.0,0.0,0.0,0.0,0.0,0.0,2918.5860885391826,0.0,1640.0553779781874,0.0,0.0,1759.3342143995872,1640.0553779781874,0.0,1665.1056707466134,1770.2021983990328,0.0,0.0,0.0,1502.9468836587027
2019-09-28,0.393185,0.0,0.0,0.0,0.0,0.0,0.0,0.0,0.0,0.0,0.0,0.0,0.0,0.0,0.0,0.0,0.0,0.0,0.0,0.0,2643.521685311921
2019-10-05,1.1875,0.0,0.0,0.0,0.0,0.0,0.0,0.0,0.0,0.0,0.0,0.0,0.0,0.0,0.0,0.0,0.0,0.0,0.0,0.0,0.0
2019-10-12,0.878697,1708.7870110039994,0.0,2416.674097246459,2416.6740972464595,0.0,0.0,0.0,0.0,0.0,0.0,0.0,0.0,0.0,0.0,0.0,0.0,0.0,0.0,0.0,1670.8192793373853
2019-10-19,1.02179,2051.383031197919,0.0,0.0,0.0,0.0,0.0,0.0,0.0,0.0,0.0,0.0,0.0,0.0,0.0,0.0,1436.307316160418,0.0,0.0,0.0,2847.894553455912
2019-10-26,1.00751,0.0,0.0,0.0,0.0,0.0,0.0,1823.8795180073705,0.0,0.0,0.0,1851.0581877343536,0.0,0.0,0.0,1752.8973582170368,0.0,0.0,0.0,0.0,0.0
2019-11-02,1.15546,0.0,0.0,0.0,0.0,0.0,0.0,0.0,0.0,0.0,0.0,0.0,0.0,0.0,0.0,0.0,1378.2023602376644,0.0,0.0,0.0,1571.40880465878
2019-11-09,1.0495,0.0,0.0,0.0,0.0,0.0,0.0,0.0,0.0,0.0,0.0,0.0,0.0,0.0,0.0,0.0,2127.493414140593,0.0,0.0,0.0,1879.047603519541
2019-11-16,1.14674,0.0,0.0,0.0,0.0,0.0,0.0,0.0,0.0,0.0,0.0,0.0,0.0,0.0,0.0,1820.775070930564,2158.2530511201285,0.0,0.0,0.0,0.0
2019-11-23,1.18539,0.0,0.0,0.0,0.0,0.0,0.0,0.0,0.0,0.0,0.0,0.0,0.0,0.0,0.0,1415.631461254544,1524.1207552919032,0.0,0.0,0.0,0.0
2019-11-30,0.951132,0.0,0.0,0.0,0.0,0.0,0.0,0.0,0.0,0.0,0.0,0.0,0.0,0.0,0.0,0.0,0.0,0.0,0.0,0.0,0.0
2019-12-07,1.45289,0.0,0.0,0.0,0.0,0.0,0.0,1770.6354745795393,0.0,0.0,0.0,0.0,0.0,0.0,0.0,0.0,0.0,0.0,0.0,0.0,0.0
2019-12-14,2.01407,1864.105387246128,0.0,0.0,0.0,0.0,0.0,0.0,0.0,0.0,0.0,0.0,0.0,0.0,0.0,0.0,0.0,0.0,0.0,0.0,2024.0443706305025
2019-12-21,2.28828,0.0,0.0,0.0,0.0,0.0,0.0,0.0,0.0,0.0,0.0,0.0,0.0,0.0,0.0,0.0,0.0,0.0,0.0,0.0,0.0
2019-12-28,5.25247,0.0,1650.1284877941916,0.0,0.0,0.0,0.0,0.0,0.0,0.0,0.0,0.0,0.0,0.0,0.0,0.0,1994.394767212756,0.0,0.0,0.0,0.0
2020-01-04,3.64212,1551.9547049921653,0.0,0.0,0.0,0.0,0.0,0.0,0.0,0.0,0.0,0.0,0.0,0.0,0.0,0.0,0.0,0.0,0.0,0.0,0.0
2020-01-11,4.03179,1923.540727796316,0.0,0.0,0.0,0.0,0.0,0.0,0.0,0.0,0.0,0.0,0.0,0.0,0.0,1839.427267467043,2639.0830977040096,0.0,0.0,0.0,0.0
2020-01-18,5.00798,1689.4422155231705,1516.4536998803226,0.0,0.0,0.0,1588.593584856945,0.0,0.0,0.0,0.0,0.0,0.0,0.0,0.0,0.0,2925.0642694028925,0.0,0.0,0.0,3145.1480355704325
2020-01-25,6.13367,3029.1437544972814,3304.638827235173,0.0,0.0,0.0,0.0,0.0,0.0,0.0,1383.5800203287574,0.0,0.0,0.0,0.0,0.0,2016.0654158713237,0.0,0.0,0.0,2297.484547688048
2020-02-01,6.70286,3645.383707929828,1728.5862301781842,0.0,0.0,0.0,0.0,0.0,0.0,0.0,0.0,2966.254421158425,0.0,0.0,0.0,2368.4684213614964,3137.620534432497,0.0,0.0,0.0,1528.306272517907
2020-02-08,5.95056,2904.003598122724,0.0,0.0,0.0,0.0,0.0,1508.136873823164,0.0,0.0,0.0,0.0,0.0,0.0,0.0,0.0,1320.6867654120592,0.0,0.0,0.0,2681.4185505198493
2020-02-15,5.04111,3149.489653229911,0.0,0.0,0.0,0.0,0.0,0.0,0.0,0.0,0.0,0.0,0.0,0.0,1703.6091959692585,0.0,2008.6514840828268,0.0,0.0,0.0,1370.4645031158052
2020-02-22,4.47298,1848.1561527348265,0.0,0.0,0.0,0.0,2175.042498590881,2983.600552726193,0.0,0.0,2372.534413112631,0.0,0.0,0.0,0.0,0.0,1864.30317124762,0.0,0.0,0.0,2709.897589770017
2020-02-29,4.00174,4346.463665591491,1415.6415544047484,0.0,0.0,0.0,0.0,0.0,0.0,0.0,0.0,1562.1893404089285,0.0,0.0,0.0,0.0,3313.571864583858,0.0,0.0,0.0,1997.104259457713
2020-03-07,2.46396,6680.061630497632,3294.1959159230046,0.0,0.0,0.0,0.0,0.0,0.0,0.0,0.0,0.0,0.0,0.0,0.0,1911.88962401792,3003.1764632310947,0.0,0.0,0.0,1338.5357057564468
2020-03-14,3.25803,11630.051819738235,2522.2212906708087,0.0,0.0,0.0,0.0,0.0,0.0,0.0,0.0,1430.8914837974569,1423.6744198752913,0.0,0.0,0.0,3408.428652418801,0.0,0.0,0.0,1564.6053765846495
2020-03-21,4.86851,8482.392474680972,2631.875034883025,0.0,0.0,0.0,0.0,1692.235557787968,0.0,0.0,0.0,0.0,0.0,0.0,0.0,1358.3458528468336,4579.846033727509,0.0,0.0,0.0,2551.198070136688
2020-03-28,3.4965,6977.964115031342,0.0,1206.715137190171,1206.715137190171,0.0,1245.96637246221,0.0,0.0,0.0,0.0,0.0,0.0,0.0,0.0,1284.4608595196898,3777.5219325177377,0.0,0.0,0.0,2493.324782531809
2020-04-04,2.49781,5345.232444580227,0.0,0.0,0.0,0.0,0.0,1291.5056883680936,0.0,0.0,0.0,0.0,0.0,0.0,0.0,1773.5631977869068,3256.019601103762,0.0,0.0,0.0,0.0
2020-04-11,1.61751,2295.493136972424,0.0,0.0,0.0,0.0,0.0,1127.4215379050702,1317.3669721544409,0.0,0.0,0.0,0.0,0.0,0.0,0.0,1338.2200749643846,0.0,0.0,0.0,1161.8440465825888
2020-04-18,1.00671,2849.5543145978704,0.0,0.0,0.0,0.0,0.0,0.0,0.0,0.0,0.0,0.0,0.0,0.0,0.0,1275.9892964453657,1156.4342545459508,0.0,0.0,0.0,2014.4849600881537
2020-04-25,1.65996,2614.6725374907887,0.0,0.0,0.0,0.0,0.0,0.0,0.0,0.0,0.0,0.0,0.0,0.0,0.0,0.0,2504.9928515786023,0.0,0.0,0.0,0.0
2020-05-02,0.825243,3421.5083629918586,0.0,0.0,0.0,0.0,0.0,0.0,0.0,0.0,0.0,0.0,0.0,0.0,0.0,0.0,0.0,1136.9722127480838,1136.9722127480838,0.0,0.0
2020-05-09,0.869565,2726.280227343699,0.0,0.0,0.0,0.0,0.0,0.0,0.0,0.0,0.0,0.0,0.0,0.0,0.0,0.0,0.0,0.0,0.0,0.0,0.0
2020-05-16,1.05441,1578.904505285261,0.0,0.0,0.0,0.0,0.0,0.0,0.0,0.0,0.0,0.0,0.0,0.0,0.0,0.0,1303.5633372392165,0.0,0.0,0.0,0.0
2020-05-23,0.448248,1568.169120277174,0.0,0.0,0.0,0.0,0.0,0.0,0.0,0.0,0.0,0.0,0.0,0.0,0.0,0.0,0.0,0.0,0.0,0.0,0.0
2020-05-30,0.327715,2334.369468192657,0.0,0.0,0.0,0.0,0.0,0.0,0.0,0.0,2045.29935565121,0.0,0.0,0.0,0.0,0.0,0.0,0.0,0.0,0.0,0.0
2020-06-06,0.314713,0.0,0.0,0.0,0.0,0.0,0.0,0.0,0.0,0.0,0.0,0.0,0.0,0.0,0.0,0.0,0.0,0.0,0.0,0.0,1564.6537767578372
2020-06-13,0.582121,0.0,0.0,0.0,0.0,0.0,0.0,0.0,0.0,0.0,0.0,0.0,0.0,0.0,0.0,0.0,0.0,0.0,0.0,0.0,0.0
2020-06-20,0.518711,0.0,0.0,0.0,0.0,0.0,0.0,0.0,0.0,0.0,0.0,0.0,0.0,0.0,0.0,0.0,0.0,0.0,0.0,0.0,0.0
2020-06-27,0.357143,0.0,0.0,0.0,0.0,0.0,0.0,1441.561246101748,0.0,0.0,0.0,1268.4145282630564,0.0,0.0,0.0,0.0,0.0,0.0,0.0,0.0,0.0
