,a influenza,bronchitis,contagious flu,fever flu,flu a,flu cold,flu contagious,flu fever,flu how long,flu symptoms,how long does flu last,how long flu,influenza a,influenza symptoms,pneumonia,rsv,stomach flu,symptoms of flu,the flu,the flu symptoms
2010-08 to 2013-08,1.0,1.0,1.0,1.0,1.0,1.0,1.0,1.0,1.0,0.6471195467068669,0.07409198863849037,1.0,1.0,1.0,1.0,1.0,0.4205563584578936,1.0,1.0,1.0
2011-08 to 2014-08,0.9798666483945705,1.0,1.0,1.0,1.0,1.0,1.0,1.0,1.0,1.0,1.0,1.0,0.9798666534687633,1.0,1.0,0.12312890920322286,1.0,1.0,1.0,1.0
2012-08 to 2015-08,1.0,1.0,1.0,1.0,1.0,1.0,1.0,1.0,1.0,0.7430980014944104,1.0,1.0,1.0,1.0,1.0,1.0,1.0,1.0,1.0,1.0
2013-08 to 2016-08,1.0,1.0,0.21620803124392035,1.0,1.0,1.0,0.21620803120525053,1.0,0.7794497198877852,1.0,0.05989876991914362,0.7794497213728501,1.0,1.0,1.0,1.0,1.0,1.0,0.42373589800122097,1.0
2014-08 to 2017-08,1.0,1.0,1.0,1.0,1.0,1.0,1.0,1.0,1.0,1.0,1.0,1.0,1.0,1.0,1.0,0.5386629467243816,0.6540980105925137,0.24097295990088294,1.0,1.0
2015-08 to 2018-08,1.0,1.0,1.0,1.0,1.0,1.0,1.0,1.0,1.0,0.07302388901873749,1.0,1.0,1.0,1.0,1.0,0.2816327602263557,1.0,0.9102935639348237,0.06122523396772154,0.17346204146885172
2016-08 to 2019-08,0.3196702465920271,0.12601983663050254,1.0,1.0,1.0,0.6540179138894563,1.0,1.0,0.11904702622162222,0.1985152902662489,0.5244847371467317,0.119047026986353,0.319670245327914,1.0,1.0,0.016985783857028623,0.282252971577765,0.02280089530581224,0.03156407872850571,1.0
2017-08 to 2020-08,0.11359950842230022,1.0,1.0,0.2643548776822235,1.0,1.0,1.0,0.26435487768231974,1.0,0.006550730737300356,1.0,1.0,0.11359950827173101,0.0398554583609308,1.0,1.0,0.033051839497454674,1.0,0.5699452923061245,1.0
Proportion_Significant,0.300 (6/20),,,,,,,,,,,,,,,,,,,
