,bronchitis,contagious flu,fever flu,flu a,flu contagious,flu how long,flu symptoms,flu type a,how long contagious,how long flu,pneumonia,rsv,sinus,stomach flu,strep,strep throat,symptoms of flu,the flu,the flu symptoms,type a flu
2010-08 to 2013-08,0.12102369462346593,0.21084198334370413,0.3060881342692526,0.3060881342692526,0.12102369462346593,0.29831429555699956,0.12102369462346593,0.33296782426011123,0.3060881342692526,0.29831429555699956,0.21084198334370413,0.13092733604663226,0.3060881342692526,0.21084198334370413,0.5931210044244927,0.21084198334370413,0.21084198334370413,0.21084198334370413,0.13092733604663226,0.33296782426011123
2011-08 to 2014-08,0.07547929599683827,0.1878860232763797,0.01260889042165128,0.07547929599683827,0.22932429604572865,0.07547929599683827,0.07547929599683827,0.030083169837589636,0.2695139268774923,0.030083169837589636,0.09547974773431174,0.11452012429277934,0.6878505709174931,0.1878860232763797,0.16794448589933111,0.07547929599683827,0.07547929599683827,0.07547929599683827,0.09547974773431174,0.030083169837589636
2012-08 to 2015-08,0.30615938771325973,0.30615938771325973,0.13899274261065803,0.30615938771325973,0.2852210121222144,0.3794874694039143,0.13899274261065803,0.11631465475290617,0.2852210121222144,0.2996192312597228,0.30615938771325973,0.2852210121222144,0.2852210121222144,0.30615938771325973,0.30615938771325973,0.2852210121222144,0.2996192312597228,0.2996192312597228,0.2852210121222144,0.11631465475290617
2013-08 to 2016-08,0.10117637338843763,0.024925568617393794,0.024925568617393794,0.24771691831396556,0.047442855822363975,0.04561704958531427,0.047442855822363975,0.04561704958531427,0.2847305100056348,0.28044980915464307,0.07368247873520137,0.4430241077088999,0.07814381278216155,0.2847305100056348,0.28044980915464307,0.2847305100056348,0.047442855822363975,0.024925568617393794,0.2847305100056348,0.04561704958531427
2014-08 to 2017-08,0.1105551221849887,0.35100531001032065,0.05768120656944744,0.1893535363536047,0.09903633843962203,0.006864068408442262,0.09903633843962203,0.09903633843962203,0.10781539425985331,0.09903633843962203,0.05768120656944744,0.09903633843962203,0.09903633843962203,0.10781539425985331,0.09903633843962203,0.3087177476232168,0.23518720038128887,0.05768120656944744,0.1105551221849887,0.09903633843962203
2015-08 to 2018-08,0.27681076057264725,0.27681076057264725,0.04858446020914472,0.014712990491510857,0.01737978041989816,0.027762429172459073,0.27681076057264725,0.010249629878530947,0.27681076057264725,0.04858446020914472,0.04858446020914472,0.05133198817148301,0.08793625399920166,0.23177912107302856,0.10993983609101918,0.08793625399920166,0.27681076057264725,0.04858446020914472,0.04858446020914472,0.010249629878530947
2016-08 to 2019-08,0.10457874898253494,0.18262458411739493,0.04462552081390257,0.009686811372706867,0.009686811372706867,0.019086835014939973,0.18262458411739493,0.09891949187969198,0.2274916800850136,0.019086835014939973,0.03720716921554737,0.09891949187969198,0.1285972494055978,0.009686811372706867,0.2274916800850136,0.1285972494055978,0.1285972494055978,0.11856086003656968,0.1285972494055978,0.09891949187969198
2017-08 to 2020-08,0.35404628431036395,0.35404628431036395,0.35404628431036395,0.35404628431036395,0.35404628431036395,0.35404628431036395,0.4875956665598777,0.35404628431036395,0.35404628431036395,0.4875956665598777,0.35404628431036395,0.35404628431036395,0.35404628431036395,0.5871337360321047,0.5925699992255196,0.4875956665598777,0.35404628431036395,0.4875956665598777,0.35404628431036395,0.35404628431036395
Proportion_Significant,0.19375,,,,,,,,,,,,,,,,,,,
