,b flu,bronchitis,contagious flu,fever flu,flu cold,flu contagious,flu how long,flu incubation,flu incubation period,flu symptoms,flu type,flu type a,how long contagious,how long does flu last,how long does the flu last,how long flu,how long is flu contagious,is flu contagious,the flu,the flu symptoms
2010-08 to 2013-08,1.0,1.0,1.0,1.0,1.0,1.0,1.0,1.0,1.0,1.0,1.0,0.8083617483370975,1.0,0.7103107088803444,1.0,1.0,0.24752437614759137,1.0,0.9197053305359537,1.0
2011-08 to 2014-08,1.0,1.0,1.0,1.0,1.0,1.0,1.0,0.8750947441573741,0.34890216152071096,1.0,1.0,0.37708419906351903,1.0,1.0,0.10857041973824402,1.0,1.0,1.0,1.0,1.0
2012-08 to 2015-08,0.2034135552417332,1.0,1.0,0.7694492474789948,0.0862472988635351,1.0,1.0,0.853430276635304,0.3893301998898755,0.3437914804116169,0.613278704284187,1.0,1.0,0.5074214487764166,0.8523173410510022,1.0,0.101522133211126,1.0,0.10520581444079094,0.8959391554691143
2013-08 to 2016-08,1.0,0.14391060596251196,0.6749340791409787,1.0,1.0,0.6749340791407361,1.0,0.42275196588343195,0.4463163613174973,1.0,1.0,0.006442379113620265,0.9247581683725035,0.3680041015990392,0.07044244796099111,1.0,0.08601078463654332,1.0,1.0,1.0
2014-08 to 2017-08,1.0,1.0,1.0,1.0,0.11389156459134789,1.0,0.49578271514449546,1.0,0.09258550702954836,1.0,1.0,1.0,1.0,1.0,1.0,1.0,0.28812157918425185,1.0,1.0,1.0
2015-08 to 2018-08,1.0,1.0,1.0,1.0,0.5652390807276778,1.0,1.0,1.0,1.0,1.0,0.7410833972655079,1.0,1.0,0.5027255831861734,1.0,1.0,1.0,1.0,1.0,0.08222045813682312
2016-08 to 2019-08,1.0,1.0,1.0,1.0,1.0,1.0,0.6003994797191342,1.0,1.0,1.0,1.0,0.4155411503027148,1.0,1.0,1.0,1.0,1.0,1.0,1.0,1.0
2017-08 to 2020-08,1.0,1.0,0.9141579085990306,1.0,0.21070888975766555,0.9141579086245101,1.0,1.0,0.22503991327666273,1.0,1.0,1.0,1.0,1.0,1.0,1.0,1.0,1.0,1.0,1.0
Proportion_Significant,0.050 (1/20),,,,,,,,,,,,,,,,,,,
