,a influenza,bronchitis,contagious flu,fever flu,flu a,flu cold,flu contagious,flu fever,flu how long,flu symptoms,how long flu,influenza a,influenza symptoms,is flu contagious,rsv,stomach flu,strep,symptoms of flu,the flu,the flu symptoms
2010-08 to 2013-08,0.07305393766571563,0.09095315590041232,0.1148026833748718,0.10487390266493722,0.24364584472065143,0.09127643359383232,0.06839688397190534,0.10487390266493722,0.2683281938108222,0.00272582158248455,0.24364584472065143,0.24364584472065143,0.09095315590041232,0.07305393766571563,0.10487390266493722,0.2683281938108222,0.015990590772115128,0.07305393766571563,0.2683281938108222,0.0035777317424412355
2011-08 to 2014-08,0.39722413795401434,0.39722413795401434,0.39722413795401434,0.39722413795401434,0.607007780171479,0.39722413795401434,0.39722413795401434,0.39722413795401434,0.39722413795401434,0.4478538252019858,0.39722413795401434,0.39722413795401434,0.39722413795401434,0.39722413795401434,0.39722413795401434,0.495317824987974,0.39722413795401434,0.39722413795401434,0.39722413795401434,0.39973925282400985
2012-08 to 2015-08,0.11620869450687514,0.2665173029107694,0.2607315695363829,0.2715478158383002,0.2665173029107694,0.1990110816349357,0.1990110816349357,0.2715478158383002,0.33902397941536194,0.1990110816349357,0.6234339810597636,0.2715478158383002,0.2665173029107694,0.1990110816349357,0.2607315695363829,0.1990110816349357,0.4956513791978406,0.61640544063851,0.1990110816349357,0.2040510782954029
2013-08 to 2016-08,0.059690258553589066,0.10244772806270258,0.37920891071435786,0.05508619008171307,0.07552036921010018,0.2147857053796744,0.1787313535087375,0.05508619008171307,0.37920891071435786,0.11075965441376917,0.07552036921010018,0.4422872851114391,0.13610791383206053,0.05508619008171307,0.07056210599444954,0.07552036921010018,0.07552036921010018,0.2174022029185885,0.16543348982540182,0.07552036921010018
2014-08 to 2017-08,0.09635859430870293,0.10635409167105053,0.28408216471510317,0.07238428187355612,0.07238428187355612,0.19548262529370733,0.24947651420219966,0.07238428187355612,0.28408216471510317,0.19548262529370733,0.37042378728904846,0.09635859430870293,0.14169278915082278,0.07238428187355612,0.07238428187355612,0.47431090831984446,0.07238428187355612,0.08841487923130528,0.0823890905273599,0.28408216471510317
2015-08 to 2018-08,0.15811431530862363,0.12561736212911415,0.41249534838549273,0.41249534838549273,0.07979952141575002,0.07979952141575002,0.41249534838549273,0.41249534838549273,0.12779315331847213,0.15811431530862363,0.12779315331847213,0.15811431530862363,0.12561736212911415,0.41249534838549273,0.12340370213000365,0.12340370213000365,0.18719511323704982,0.491012628421333,0.24218998973753728,0.41249534838549273
2016-08 to 2019-08,0.5221658127088185,0.16888476745980047,0.2209644953335993,0.2917012905494712,0.16888476745980047,0.16888476745980047,0.16888476745980047,0.2917012905494712,0.2917012905494712,0.21130227152563544,0.3481446740974834,0.2917012905494712,0.16888476745980047,0.16888476745980047,0.16888476745980047,0.16888476745980047,0.16888476745980047,0.3008708701268082,0.16888476745980047,0.21130227152563544
2017-08 to 2020-08,0.2699663958232886,0.21630486429271778,0.18215846098227975,0.20999442118053982,0.17703483624856947,0.21630486429271778,0.09102074302869144,0.20999442118053982,0.21630486429271778,0.18215846098227975,0.2884249251840492,0.2550830958420829,0.04274616376288125,0.19624140812899177,0.20458533314219432,0.08126477914451517,0.20999442118053982,0.3025365433312265,0.12910769251714263,0.12910769251714263
Proportion_Significant,0.200 (4/20),,,,,,,,,,,,,,,,,,,
