,b flu,bronchitis,cold,contagious flu,fever flu,flu a,flu cold,flu contagious,flu fever,flu how long,flu symptoms,flu type,how long flu,pneumonia,rsv,symptoms of flu,symptoms of the flu,the flu,the flu symptoms,type a flu
2010-08 to 2013-08,0.5619073182731679,0.04567691624319657,0.19170720898045235,0.016393374756108584,0.09321140138270359,0.14407093148180442,0.22817675471135831,0.01639337474801128,0.23804753737890452,0.009783716687975305,0.08888962204266222,0.07918165862612969,0.0003870387984184,0.2958489303668744,0.04623658496513085,0.0183130188714673,0.05082086128062489,0.049157371705281706,0.24006944800184196,0.06592568241547571
2011-08 to 2014-08,0.02996170476527156,0.08661207553138182,0.09274305156136331,0.04522266999786143,0.23118071053978095,0.1978275244052808,0.3364230570218849,0.04522264134724802,0.033999886215467075,0.019183213446485218,0.007370072513495436,0.11148834309973366,0.19990678169750412,0.2528093196403135,0.25037863645513214,0.15160993869520017,0.2598041213342824,0.027114292717101664,0.06418959477376651,0.14627214155901344
2012-08 to 2015-08,0.24503105592264904,0.5026305008234864,0.11563975984530664,0.028217351982975522,0.1516760573984481,0.17940542557580194,0.017728910468172147,0.028217352786041858,0.08185543668718355,0.01361195652018143,0.029071907906835254,0.04636974735388154,0.18515915111804226,0.26715523355116805,0.017620460710458186,0.03513438833411009,0.08409940810160293,0.15245562743504615,0.11130660849812965,0.1049572467487633
2013-08 to 2016-08,0.028643893888157083,0.07767993003374406,0.004838927986341132,0.05620160676153711,0.007677189045284601,0.15436524289775785,0.03942536298542984,0.056201606790294775,0.0001944147162164337,0.2520582313903235,0.0004927322508372527,0.1763864027446474,0.011535712280079295,0.13363668799088635,0.17489418122533107,0.0015517718442712499,0.002255007891322502,0.05943448788406642,0.00038978570647239124,0.0006802421435980314
2014-08 to 2017-08,0.00013854136164706673,0.32147580817189997,0.06201834672822864,0.1271817112058744,0.19735589613527996,0.11769322917731036,0.09358457136342585,0.12718171351893587,0.0006847618941054807,0.07470138958759032,0.04235005887862721,0.005049717873550191,0.303800799329096,0.0005332753768775715,0.20803434295312334,0.09439890364783607,0.020821387186326708,0.20522787143081386,0.2041658112092058,0.1984479301333714
2015-08 to 2018-08,0.014002480615973624,0.10638780656925967,0.01884553632830449,0.24859436060056964,0.019844919312952042,0.07315734597645838,0.06603172114007315,0.24859436063772347,0.0036481310225588395,0.1329628652285606,0.29975473425598886,0.6176114484554382,0.045782427646569424,0.00044742305034749117,0.13232986026005739,0.2541749108198862,0.06820986917580381,0.013287306938064791,0.1558126592514624,0.025226651665545108
2016-08 to 2019-08,0.05540279468381905,0.27951782359044497,0.052478290457105885,0.3342527414586651,0.13646397256748236,0.09415954330209211,0.01926415496866631,0.3342527413747718,0.1308410655027284,0.09612396300142782,0.49214593684149643,0.15686997137910094,0.16873222488293013,0.0005515649633435096,0.012061239852957394,0.05934760599239305,0.0899943598944609,0.07999437878217248,0.053502849964713224,0.04444839268560831
2017-08 to 2020-08,0.2618538213618675,0.16667522411180968,0.10964487073195131,0.2772322195271786,0.372928479756066,0.5478572419568322,0.32837574073007936,0.27723221952772326,0.25017978147022774,0.194341349667666,0.013911935647729613,0.1747150129437722,0.12847279426067185,0.45232292678025443,0.35359966168852397,0.09946586257437612,0.15337806381188704,0.03362650898900927,0.4015446242626166,0.2883668892323771
Proportion_Significant,0.3375,,,,,,,,,,,,,,,,,,,
